#
# There is insufficient memory for the Java Runtime Environment to continue.
# Native memory allocation (mmap) failed to map 2097152 bytes. Error detail: G1 virtual space
# Possible reasons:
#   The system is out of physical RAM or swap space
#   This process is running with CompressedOops enabled, and the Java Heap may be blocking the growth of the native heap
# Possible solutions:
#   Reduce memory load on the system
#   Increase physical memory or swap space
#   Check if swap backing store is full
#   Decrease Java heap size (-Xmx/-Xms)
#   Decrease number of Java threads
#   Decrease Java thread stack sizes (-Xss)
#   Set larger code cache with -XX:ReservedCodeCacheSize=
#   JVM is running with Zero Based Compressed Oops mode in which the Java heap is
#     placed in the first 32GB address space. The Java Heap base address is the
#     maximum limit for the native heap growth. Please use -XX:HeapBaseMinAddress
#     to set the Java Heap base and to place the Java Heap above 32GB virtual address.
# This output file may be truncated or incomplete.
#
#  Out of Memory Error (os_windows.cpp:3714), pid=2276, tid=6344
#
# JRE version: OpenJDK Runtime Environment Temurin-21.0.11+10 (21.0.11+10) (build 21.0.11+10-LTS)
# Java VM: OpenJDK 64-Bit Server VM Temurin-21.0.11+10 (21.0.11+10-LTS, mixed mode, sharing, tiered, compressed oops, compressed class ptrs, g1 gc, windows-amd64)
# No core dump will be written. Minidumps are not enabled by default on client versions of Windows
#

---------------  S U M M A R Y ------------

Command Line: --add-opens=java.base/java.lang=ALL-UNNAMED --add-opens=java.base/java.lang.invoke=ALL-UNNAMED --add-opens=java.base/java.util=ALL-UNNAMED --add-opens=java.prefs/java.util.prefs=ALL-UNNAMED --add-exports=jdk.compiler/com.sun.tools.javac.api=ALL-UNNAMED --add-exports=jdk.compiler/com.sun.tools.javac.util=ALL-UNNAMED --add-opens=java.base/java.util=ALL-UNNAMED --add-opens=java.prefs/java.util.prefs=ALL-UNNAMED --add-opens=java.base/java.nio.charset=ALL-UNNAMED --add-opens=java.base/java.net=ALL-UNNAMED --add-opens=java.base/java.util.concurrent.atomic=ALL-UNNAMED --add-opens=java.xml/javax.xml.namespace=ALL-UNNAMED -XX:MaxMetaspaceSize=512m -Xmx4096m -Dfile.encoding=UTF-8 -Duser.country=IN -Duser.language=en -Duser.variant -javaagent:C:\Users\Vauras\.gradle\wrapper\dists\gradle-8.13-bin\5xuhj0ry160q40clulazy9h7d\gradle-8.13\lib\agents\gradle-instrumentation-agent-8.13.jar org.gradle.launcher.daemon.bootstrap.GradleDaemon 8.13

Host: AMD Ryzen 5 7520U with Radeon Graphics         , 8 cores, 7G,  Windows 11 , 64 bit Build 26100 (10.0.26100.8521)
Time: Mon Jul  6 14:02:40 2026 India Standard Time elapsed time: 24.943309 seconds (0d 0h 0m 24s)

---------------  T H R E A D  ---------------

Current thread (0x0000021930b95d60):  WorkerThread "GC Thread#3"    [id=6344, stack(0x000000953fc00000,0x000000953fd00000) (1024K)]

Stack: [0x000000953fc00000,0x000000953fd00000]
Native frames: (J=compiled Java code, j=interpreted, Vv=VM code, C=native code)
V  [jvm.dll+0x6d7e19]
V  [jvm.dll+0x8b5096]
V  [jvm.dll+0x8b764e]
V  [jvm.dll+0x8b7d33]
V  [jvm.dll+0x284596]
V  [jvm.dll+0x6d4735]
V  [jvm.dll+0x6c845a]
V  [jvm.dll+0x35ef08]
V  [jvm.dll+0x366b46]
V  [jvm.dll+0x3b792f]
V  [jvm.dll+0x3b7fc4]
V  [jvm.dll+0x3b808f]
V  [jvm.dll+0x33469c]
V  [jvm.dll+0x3343f5]
V  [jvm.dll+0x323106]
V  [jvm.dll+0x323f1a]
V  [jvm.dll+0x324385]
V  [jvm.dll+0x323d7d]
V  [jvm.dll+0x360d46]
V  [jvm.dll+0x3610ba]
V  [jvm.dll+0x3621a3]
V  [jvm.dll+0x35e91e]
V  [jvm.dll+0x36f6fe]
V  [jvm.dll+0x6c35f7]
V  [jvm.dll+0x6c4130]
V  [jvm.dll+0x31d756]
V  [jvm.dll+0x3f7221]
V  [jvm.dll+0x85fe56]
V  [jvm.dll+0x869c86]
V  [jvm.dll+0x36fd98]
V  [jvm.dll+0x36fc2a]
V  [jvm.dll+0x377424]
V  [jvm.dll+0x37759b]
V  [jvm.dll+0x8e30b1]
V  [jvm.dll+0x85fb0d]
V  [jvm.dll+0x6d664d]
C  [ucrtbase.dll+0x2cd30]
C  [KERNEL32.DLL+0x2e957]
C  [ntdll.dll+0x87c1c]

JavaThread 0x0000021931ab5840 (nid = 16660) was being processed
Java frames: (J=compiled Java code, j=interpreted, Vv=VM code)
v  ~RuntimeStub::_new_array_nozero_Java 0x00000219076436a9
J 2444 c2 java.lang.AbstractStringBuilder.append(C)Ljava/lang/AbstractStringBuilder; java.base@21.0.11 (77 bytes) @ 0x0000021907beaf18 [0x0000021907beaa80+0x0000000000000498]
J 7330 c1 jdk.jfr.internal.util.Tokenizer.next()Ljava/lang/String; jdk.jfr@21.0.11 (175 bytes) @ 0x0000021900c8475c [0x0000021900c83d60+0x00000000000009fc]
j  jdk.jfr.internal.query.ViewFile.parse(Ljava/lang/String;)Ljava/util/List;+68 jdk.jfr@21.0.11
j  jdk.jfr.internal.query.ViewFile.<init>(Ljava/lang/String;)V+7 jdk.jfr@21.0.11
j  jdk.jfr.internal.query.ViewFile.getDefault()Ljdk/jfr/internal/query/ViewFile;+32 jdk.jfr@21.0.11
j  jdk.jfr.internal.query.ViewPrinter.getViewList(Ljava/lang/String;)Ljava/util/List;+8 jdk.jfr@21.0.11
j  jdk.jfr.internal.query.ViewPrinter.getAvailableViews()Ljava/util/List;+114 jdk.jfr@21.0.11
j  jdk.jfr.internal.dcmd.DCmdView.printHelp()[Ljava/lang/String;+37 jdk.jfr@21.0.11
v  ~StubRoutines::call_stub 0x000002190753100d
j  com.sun.management.internal.DiagnosticCommandImpl.executeDiagnosticCommand(Ljava/lang/String;)Ljava/lang/String;+0 jdk.management@21.0.11
j  com.sun.management.internal.DiagnosticCommandImpl.commandDescriptor(Lcom/sun/management/internal/DiagnosticCommandImpl$Wrapper;)Ljavax/management/Descriptor;+153 jdk.management@21.0.11
j  com.sun.management.internal.DiagnosticCommandImpl.getMBeanInfo()Ljavax/management/MBeanInfo;+181 jdk.management@21.0.11
j  com.sun.jmx.interceptor.DefaultMBeanServerInterceptor.getNewMBeanClassName(Ljava/lang/Object;)Ljava/lang/String;+13 java.management@21.0.11
j  com.sun.jmx.interceptor.DefaultMBeanServerInterceptor.registerMBean(Ljava/lang/Object;Ljavax/management/ObjectName;)Ljavax/management/ObjectInstance;+10 java.management@21.0.11
j  com.sun.jmx.mbeanserver.JmxMBeanServer.registerMBean(Ljava/lang/Object;Ljavax/management/ObjectName;)Ljavax/management/ObjectInstance;+10 java.management@21.0.11
j  java.lang.management.ManagementFactory.lambda$addMXBean$7(Ljava/lang/Object;Ljavax/management/MBeanServer;Ljavax/management/ObjectName;)Ljava/lang/Void;+60 java.management@21.0.11
j  java.lang.management.ManagementFactory$$Lambda+0x000002191275afa0.run()Ljava/lang/Object;+12 java.management@21.0.11
J 709 c1 java.security.AccessController.executePrivileged(Ljava/security/PrivilegedExceptionAction;Ljava/security/AccessControlContext;Ljava/lang/Class;)Ljava/lang/Object; java.base@21.0.11 (65 bytes) @ 0x000002190011fd44 [0x000002190011fbe0+0x0000000000000164]
j  java.security.AccessController.doPrivileged(Ljava/security/PrivilegedExceptionAction;)Ljava/lang/Object;+9 java.base@21.0.11
j  java.lang.management.ManagementFactory.addMXBean(Ljavax/management/MBeanServer;Ljava/lang/String;Ljava/lang/Object;)V+13 java.management@21.0.11
j  java.lang.management.ManagementFactory.lambda$getPlatformMBeanServer$1(Ljava/util/Map$Entry;)V+18 java.management@21.0.11
j  java.lang.management.ManagementFactory$$Lambda+0x000002191275a818.accept(Ljava/lang/Object;)V+4 java.management@21.0.11
J 3608 c1 java.util.stream.ForEachOps$ForEachOp$OfRef.accept(Ljava/lang/Object;)V java.base@21.0.11 (11 bytes) @ 0x000002190072e0d4 [0x000002190072dfc0+0x0000000000000114]
j  java.util.Collections$2.tryAdvance(Ljava/util/function/Consumer;)Z+29 java.base@21.0.11
j  java.util.Collections$2.forEachRemaining(Ljava/util/function/Consumer;)V+2 java.base@21.0.11
J 4489 c1 java.util.stream.ReferencePipeline$Head.forEach(Ljava/util/function/Consumer;)V java.base@21.0.11 (26 bytes) @ 0x000002190038b3dc [0x000002190038afc0+0x000000000000041c]
J 4472 c1 java.util.stream.ReferencePipeline$7$1.accept(Ljava/lang/Object;)V java.base@21.0.11 (127 bytes) @ 0x00000219003d3e0c [0x00000219003d3c60+0x00000000000001ac]
J 4105 c2 java.util.stream.ReferencePipeline$2$1.accept(Ljava/lang/Object;)V java.base@21.0.11 (27 bytes) @ 0x0000021907cf592c [0x0000021907cf58a0+0x000000000000008c]
j  java.util.HashMap$ValueSpliterator.forEachRemaining(Ljava/util/function/Consumer;)V+145 java.base@21.0.11
J 5025 c2 java.util.stream.AbstractPipeline.wrapAndCopyInto(Ljava/util/stream/Sink;Ljava/util/Spliterator;)Ljava/util/stream/Sink; java.base@21.0.11 (18 bytes) @ 0x0000021907d6dff8 [0x0000021907d6dea0+0x0000000000000158]
J 6839 c1 java.util.stream.ForEachOps$ForEachOp$OfRef.evaluateSequential(Ljava/util/stream/PipelineHelper;Ljava/util/Spliterator;)Ljava/lang/Object; java.base@21.0.11 (7 bytes) @ 0x00000219000622b4 [0x0000021900062160+0x0000000000000154]
J 5898 c2 java.util.stream.AbstractPipeline.evaluate(Ljava/util/stream/TerminalOp;)Ljava/lang/Object; java.base@21.0.11 (94 bytes) @ 0x0000021907dfa1c8 [0x0000021907dfa0c0+0x0000000000000108]
J 6549 c1 java.util.stream.ReferencePipeline.forEach(Ljava/util/function/Consumer;)V java.base@21.0.11 (11 bytes) @ 0x0000021900b6ac5c [0x0000021900b6aa00+0x000000000000025c]
j  java.lang.management.ManagementFactory.getPlatformMBeanServer()Ljavax/management/MBeanServer;+68 java.management@21.0.11
j  org.jetbrains.kotlin.gradle.plugin.statistics.KotlinBuildStatsServicesRegistry.registerServices(Lorg/gradle/api/Project;)V+6
j  org.jetbrains.kotlin.gradle.plugin.statistics.KotlinBuildStatsBeanService$Companion$initStatsService$1.invoke()Lkotlin/Unit;+100
j  org.jetbrains.kotlin.gradle.plugin.statistics.KotlinBuildStatsBeanService$Companion$initStatsService$1.invoke()Ljava/lang/Object;+1
j  org.jetbrains.kotlin.gradle.utils.ReportUtilsKt.runMetricMethodSafely(Lorg/gradle/api/logging/Logger;Ljava/lang/String;Lkotlin/jvm/functions/Function0;)Ljava/lang/Object;+50
j  org.jetbrains.kotlin.gradle.plugin.statistics.KotlinBuildStatsBeanService$Companion.initStatsService$kotlin_gradle_plugin_common(Lorg/gradle/api/Project;)V+47
j  org.jetbrains.kotlin.gradle.plugin.statistics.BuildFusService$Companion.registerIfAbsentImpl(Lorg/gradle/api/Project;Ljava/lang/String;)Lorg/gradle/api/provider/Provider;+77
j  org.jetbrains.kotlin.gradle.plugin.statistics.BuildFusService$Companion.registerIfAbsent(Lorg/gradle/api/Project;Ljava/lang/String;)Lorg/gradle/api/provider/Provider;+15
j  org.jetbrains.kotlin.gradle.plugin.DefaultKotlinBasePlugin.apply(Lorg/gradle/api/Project;)V+32
j  org.jetbrains.kotlin.gradle.plugin.KotlinBasePluginWrapper.apply(Lorg/gradle/api/Project;)V+8
j  org.jetbrains.kotlin.gradle.plugin.KotlinPluginWrapper.apply(Lorg/gradle/api/Project;)V+12
j  org.jetbrains.kotlin.gradle.plugin.KotlinPluginWrapper.apply(Ljava/lang/Object;)V+5
j  org.gradle.api.internal.plugins.ImperativeOnlyPluginTarget.applyImperative(Ljava/lang/String;Lorg/gradle/api/Plugin;)V+13
j  org.gradle.api.internal.plugins.RuleBasedPluginTarget.applyImperative(Ljava/lang/String;Lorg/gradle/api/Plugin;)V+6
j  org.gradle.api.internal.plugins.DefaultPluginManager.addPlugin(Ljava/lang/Runnable;Lorg/gradle/api/internal/plugins/PluginImplementation;Ljava/lang/String;Ljava/lang/Class;)V+54
j  org.gradle.api.internal.plugins.DefaultPluginManager.access$100(Lorg/gradle/api/internal/plugins/DefaultPluginManager;Ljava/lang/Runnable;Lorg/gradle/api/internal/plugins/PluginImplementation;Ljava/lang/String;Ljava/lang/Class;)V+6
j  org.gradle.api.internal.plugins.DefaultPluginManager$AddPluginBuildOperation.run(Lorg/gradle/internal/operations/BuildOperationContext;)V+20
j  org.gradle.internal.operations.DefaultBuildOperationRunner$1.execute(Lorg/gradle/internal/operations/RunnableBuildOperation;Lorg/gradle/internal/operations/BuildOperationContext;)V+2
j  org.gradle.internal.operations.DefaultBuildOperationRunner$1.execute(Lorg/gradle/internal/operations/BuildOperation;Lorg/gradle/internal/operations/BuildOperationContext;)V+6
J 7146 c1 org.gradle.internal.operations.DefaultBuildOperationRunner$2.execute(Lorg/gradle/internal/operations/BuildOperationDescriptor;Lorg/gradle/internal/operations/BuildOperationState;Lorg/gradle/internal/operations/BuildOperationState;Lorg/gradle/internal/operations/DefaultBuildOperationRunner$ReadableBuildOperationContext;Lorg/gradle/internal/operations/DefaultBuildOperationRunner$BuildOperationExecutionListener;)Lorg/gradle/internal/operations/BuildOperation; (110 bytes) @ 0x0000021900c2dccc [0x0000021900c2dac0+0x000000000000020c]
J 7149 c1 org.gradle.internal.operations.DefaultBuildOperationRunner$2.execute(Lorg/gradle/internal/operations/BuildOperationDescriptor;Lorg/gradle/internal/operations/BuildOperationState;Lorg/gradle/internal/operations/BuildOperationState;Lorg/gradle/internal/operations/DefaultBuildOperationRunner$ReadableBuildOperationContext;Lorg/gradle/internal/operations/DefaultBuildOperationRunner$BuildOperationExecutionListener;)Ljava/lang/Object; (12 bytes) @ 0x0000021900c3013c [0x0000021900c300c0+0x000000000000007c]
J 6820 c1 org.gradle.internal.operations.DefaultBuildOperationRunner.execute(Lorg/gradle/internal/operations/BuildOperationDescriptor$Builder;Lorg/gradle/internal/operations/BuildOperationState;Lorg/gradle/internal/operations/DefaultBuildOperationRunner$BuildOperationExecution;)Ljava/lang/Object; (147 bytes) @ 0x000002190019c5c4 [0x000002190019ba80+0x0000000000000b44]
J 6636 c1 org.gradle.internal.operations.DefaultBuildOperationRunner.execute(Lorg/gradle/internal/operations/BuildOperation;Lorg/gradle/internal/operations/BuildOperationWorker;Lorg/gradle/internal/operations/BuildOperationState;)V (23 bytes) @ 0x0000021900261224 [0x0000021900260f60+0x00000000000002c4]
j  org.gradle.internal.operations.DefaultBuildOperationRunner.run(Lorg/gradle/internal/operations/RunnableBuildOperation;)V+9
j  org.gradle.api.internal.plugins.DefaultPluginManager.lambda$doApply$0(Ljava/lang/Runnable;Lorg/gradle/api/internal/plugins/PluginImplementation;Ljava/lang/String;Ljava/lang/Class;Lorg/gradle/internal/code/UserCodeApplicationId;)V+20
j  org.gradle.api.internal.plugins.DefaultPluginManager$$Lambda+0x00000219127be428.execute(Ljava/lang/Object;)V+24
j  org.gradle.internal.code.DefaultUserCodeApplicationContext.apply(Lorg/gradle/internal/code/UserCodeSource;Lorg/gradle/api/Action;)V+37
j  org.gradle.api.internal.plugins.DefaultPluginManager.doApply(Lorg/gradle/api/internal/plugins/PluginImplementation;)V+144
j  org.gradle.api.internal.plugins.DefaultPluginManager.apply(Lorg/gradle/api/internal/plugins/PluginImplementation;)V+2
j  org.gradle.plugin.use.resolve.internal.ClassPathPluginResolution.applyTo(Lorg/gradle/api/internal/plugins/PluginManagerInternal;)V+5
j  org.gradle.plugin.use.internal.DefaultPluginRequestApplicator$ApplyAction.apply(Lorg/gradle/api/internal/plugins/PluginManagerInternal;)V+21
j  org.gradle.plugin.use.internal.DefaultPluginRequestApplicator.lambda$applyPlugins$1(Lorg/gradle/api/internal/plugins/PluginManagerInternal;Lorg/gradle/plugin/use/internal/DefaultPluginRequestApplicator$ApplyAction;)V+2
j  org.gradle.plugin.use.internal.DefaultPluginRequestApplicator$$Lambda+0x00000219127b5638.accept(Ljava/lang/Object;)V+8
j  java.util.ArrayList.forEach(Ljava/util/function/Consumer;)V+46 java.base@21.0.11
j  org.gradle.plugin.use.internal.DefaultPluginRequestApplicator.applyPlugins(Lorg/gradle/plugin/management/internal/PluginRequests;Lorg/gradle/api/internal/initialization/ScriptHandlerInternal;Lorg/gradle/api/internal/plugins/PluginManagerInternal;Lorg/gradle/api/internal/initialization/ClassLoaderScope;)V+375
j  org.gradle.kotlin.dsl.provider.PluginRequestsHandler.handle(Lorg/gradle/plugin/management/internal/PluginRequests;Lorg/gradle/api/internal/initialization/ScriptHandlerInternal;Lorg/gradle/api/internal/plugins/PluginAwareInternal;Lorg/gradle/api/internal/initialization/ClassLoaderScope;)V+65
j  org.gradle.kotlin.dsl.provider.StandardKotlinScriptEvaluator$InterpreterHost.applyPluginsTo(Lorg/gradle/kotlin/dsl/support/KotlinScriptHost;Lorg/gradle/plugin/management/internal/PluginRequests;)V+53
j  org.gradle.kotlin.dsl.execution.Interpreter$ProgramHost.applyPluginsTo(Lorg/gradle/kotlin/dsl/support/KotlinScriptHost;Lorg/gradle/plugin/management/internal/PluginRequests;)V+21
j  Program.execute(Lorg/gradle/kotlin/dsl/execution/ExecutableProgram$Host;Lorg/gradle/kotlin/dsl/support/KotlinScriptHost;)V+38
j  org.gradle.kotlin.dsl.execution.Interpreter$ProgramHost.eval(Lorg/gradle/kotlin/dsl/execution/CompiledScript;Lorg/gradle/kotlin/dsl/support/KotlinScriptHost;)V+88
j  org.gradle.kotlin.dsl.execution.Interpreter.eval(Ljava/lang/Object;Lorg/gradle/groovy/scripts/ScriptSource;Lorg/gradle/internal/hash/HashCode;Lorg/gradle/api/initialization/dsl/ScriptHandler;Lorg/gradle/api/internal/initialization/ClassLoaderScope;Lorg/gradle/api/internal/initialization/ClassLoaderScope;ZLjava/util/EnumSet;)V+213
j  org.gradle.kotlin.dsl.provider.StandardKotlinScriptEvaluator.evaluate(Ljava/lang/Object;Lorg/gradle/groovy/scripts/ScriptSource;Lorg/gradle/api/initialization/dsl/ScriptHandler;Lorg/gradle/api/internal/initialization/ClassLoaderScope;Lorg/gradle/api/internal/initialization/ClassLoaderScope;ZLjava/util/EnumSet;)V+163
j  org.gradle.kotlin.dsl.provider.KotlinScriptPluginFactory$create$1.invoke(Ljava/lang/Object;)V+72
j  org.gradle.kotlin.dsl.provider.KotlinScriptPluginFactory$create$1.invoke(Ljava/lang/Object;)Ljava/lang/Object;+2
j  org.gradle.kotlin.dsl.provider.KotlinScriptPlugin.apply(Ljava/lang/Object;)V+22
j  org.gradle.configuration.BuildOperationScriptPlugin$1.run(Lorg/gradle/internal/operations/BuildOperationContext;)V+11
j  org.gradle.internal.operations.DefaultBuildOperationRunner$1.execute(Lorg/gradle/internal/operations/RunnableBuildOperation;Lorg/gradle/internal/operations/BuildOperationContext;)V+2
j  org.gradle.internal.operations.DefaultBuildOperationRunner$1.execute(Lorg/gradle/internal/operations/BuildOperation;Lorg/gradle/internal/operations/BuildOperationContext;)V+6
J 7146 c1 org.gradle.internal.operations.DefaultBuildOperationRunner$2.execute(Lorg/gradle/internal/operations/BuildOperationDescriptor;Lorg/gradle/internal/operations/BuildOperationState;Lorg/gradle/internal/operations/BuildOperationState;Lorg/gradle/internal/operations/DefaultBuildOperationRunner$ReadableBuildOperationContext;Lorg/gradle/internal/operations/DefaultBuildOperationRunner$BuildOperationExecutionListener;)Lorg/gradle/internal/operations/BuildOperation; (110 bytes) @ 0x0000021900c2dccc [0x0000021900c2dac0+0x000000000000020c]
j  org.gradle.internal.operations.DefaultBuildOperationRunner$2.execute(Lorg/gradle/internal/operations/BuildOperationDescriptor;Lorg/gradle/internal/operations/BuildOperationState;Lorg/gradle/internal/operations/BuildOperationState;Lorg/gradle/internal/operations/DefaultBuildOperationRunner$ReadableBuildOperationContext;Lorg/gradle/internal/operations/DefaultBuildOperationRunner$BuildOperationExecutionListener;)Ljava/lang/Object;+8
J 6820 c1 org.gradle.internal.operations.DefaultBuildOperationRunner.execute(Lorg/gradle/internal/operations/BuildOperationDescriptor$Builder;Lorg/gradle/internal/operations/BuildOperationState;Lorg/gradle/internal/operations/DefaultBuildOperationRunner$BuildOperationExecution;)Ljava/lang/Object; (147 bytes) @ 0x000002190019c5c4 [0x000002190019ba80+0x0000000000000b44]
J 6636 c1 org.gradle.internal.operations.DefaultBuildOperationRunner.execute(Lorg/gradle/internal/operations/BuildOperation;Lorg/gradle/internal/operations/BuildOperationWorker;Lorg/gradle/internal/operations/BuildOperationState;)V (23 bytes) @ 0x0000021900261224 [0x0000021900260f60+0x00000000000002c4]
j  org.gradle.internal.operations.DefaultBuildOperationRunner.run(Lorg/gradle/internal/operations/RunnableBuildOperation;)V+9
j  org.gradle.configuration.BuildOperationScriptPlugin.lambda$apply$0(Ljava/lang/Object;Lorg/gradle/internal/code/UserCodeApplicationId;)V+14
j  org.gradle.configuration.BuildOperationScriptPlugin$$Lambda+0x00000219124151b8.execute(Ljava/lang/Object;)V+12
j  org.gradle.internal.code.DefaultUserCodeApplicationContext.apply(Lorg/gradle/internal/code/UserCodeSource;Lorg/gradle/api/Action;)V+37
j  org.gradle.configuration.BuildOperationScriptPlugin.apply(Ljava/lang/Object;)V+71
j  org.gradle.configuration.project.BuildScriptProcessor$$Lambda+0x00000219128fe170.accept(Ljava/lang/Object;)V+8
j  org.gradle.api.internal.project.DefaultProjectStateRegistry$ProjectStateImpl.lambda$applyToMutableState$1(Ljava/util/function/Consumer;Lorg/gradle/api/internal/project/ProjectInternal;)Ljava/lang/Object;+2
j  org.gradle.api.internal.project.DefaultProjectStateRegistry$ProjectStateImpl$$Lambda+0x00000219128af8c8.apply(Ljava/lang/Object;)Ljava/lang/Object;+8
j  org.gradle.api.internal.project.DefaultProjectStateRegistry$ProjectStateImpl.fromMutableState(Ljava/util/function/Function;)Ljava/lang/Object;+97
j  org.gradle.api.internal.project.DefaultProjectStateRegistry$ProjectStateImpl.applyToMutableState(Ljava/util/function/Consumer;)V+7
j  org.gradle.configuration.project.BuildScriptProcessor.execute(Lorg/gradle/api/internal/project/ProjectInternal;)V+88
j  org.gradle.configuration.project.BuildScriptProcessor.execute(Ljava/lang/Object;)V+5
j  org.gradle.configuration.project.ConfigureActionsProjectEvaluator.evaluate(Lorg/gradle/api/internal/project/ProjectInternal;Lorg/gradle/api/internal/project/ProjectStateInternal;)V+33
j  org.gradle.configuration.project.LifecycleProjectEvaluator$EvaluateProject.lambda$run$0(Lorg/gradle/internal/operations/BuildOperationContext;Lorg/gradle/api/internal/project/ProjectInternal;)V+67
j  org.gradle.configuration.project.LifecycleProjectEvaluator$EvaluateProject$$Lambda+0x00000219128b2b58.accept(Ljava/lang/Object;)V+12
j  org.gradle.api.internal.project.DefaultProjectStateRegistry$ProjectStateImpl.lambda$applyToMutableState$1(Ljava/util/function/Consumer;Lorg/gradle/api/internal/project/ProjectInternal;)Ljava/lang/Object;+2
j  org.gradle.api.internal.project.DefaultProjectStateRegistry$ProjectStateImpl$$Lambda+0x00000219128af8c8.apply(Ljava/lang/Object;)Ljava/lang/Object;+8
j  org.gradle.api.internal.project.DefaultProjectStateRegistry$ProjectStateImpl.lambda$fromMutableState$2(Ljava/util/function/Function;)Ljava/lang/Object;+5
j  org.gradle.api.internal.project.DefaultProjectStateRegistry$ProjectStateImpl$$Lambda+0x00000219128afb10.create()Ljava/lang/Object;+8
j  org.gradle.internal.work.DefaultWorkerLeaseService.withReplacedLocks(Ljava/util/Collection;Lorg/gradle/internal/resources/ResourceLock;Lorg/gradle/internal/Factory;)Ljava/lang/Object;+40
j  org.gradle.api.internal.project.DefaultProjectStateRegistry$ProjectStateImpl.fromMutableState(Ljava/util/function/Function;)Ljava/lang/Object;+133
j  org.gradle.api.internal.project.DefaultProjectStateRegistry$ProjectStateImpl.applyToMutableState(Ljava/util/function/Consumer;)V+7
j  org.gradle.configuration.project.LifecycleProjectEvaluator$EvaluateProject.run(Lorg/gradle/internal/operations/BuildOperationContext;)V+16
j  org.gradle.internal.operations.DefaultBuildOperationRunner$1.execute(Lorg/gradle/internal/operations/RunnableBuildOperation;Lorg/gradle/internal/operations/BuildOperationContext;)V+2
j  org.gradle.internal.operations.DefaultBuildOperationRunner$1.execute(Lorg/gradle/internal/operations/BuildOperation;Lorg/gradle/internal/operations/BuildOperationContext;)V+6
j  org.gradle.internal.operations.DefaultBuildOperationRunner$2.execute(Lorg/gradle/internal/operations/BuildOperationDescriptor;Lorg/gradle/internal/operations/BuildOperationState;Lorg/gradle/internal/operations/BuildOperationState;Lorg/gradle/internal/operations/DefaultBuildOperationRunner$ReadableBuildOperationContext;Lorg/gradle/internal/operations/DefaultBuildOperationRunner$BuildOperationExecutionListener;)Lorg/gradle/internal/operations/BuildOperation;+22
j  org.gradle.internal.operations.DefaultBuildOperationRunner$2.execute(Lorg/gradle/internal/operations/BuildOperationDescriptor;Lorg/gradle/internal/operations/BuildOperationState;Lorg/gradle/internal/operations/BuildOperationState;Lorg/gradle/internal/operations/DefaultBuildOperationRunner$ReadableBuildOperationContext;Lorg/gradle/internal/operations/DefaultBuildOperationRunner$BuildOperationExecutionListener;)Ljava/lang/Object;+8
J 6820 c1 org.gradle.internal.operations.DefaultBuildOperationRunner.execute(Lorg/gradle/internal/operations/BuildOperationDescriptor$Builder;Lorg/gradle/internal/operations/BuildOperationState;Lorg/gradle/internal/operations/DefaultBuildOperationRunner$BuildOperationExecution;)Ljava/lang/Object; (147 bytes) @ 0x000002190019c5c4 [0x000002190019ba80+0x0000000000000b44]
J 6636 c1 org.gradle.internal.operations.DefaultBuildOperationRunner.execute(Lorg/gradle/internal/operations/BuildOperation;Lorg/gradle/internal/operations/BuildOperationWorker;Lorg/gradle/internal/operations/BuildOperationState;)V (23 bytes) @ 0x0000021900261224 [0x0000021900260f60+0x00000000000002c4]
j  org.gradle.internal.operations.DefaultBuildOperationRunner.run(Lorg/gradle/internal/operations/RunnableBuildOperation;)V+9
j  org.gradle.configuration.project.LifecycleProjectEvaluator.evaluate(Lorg/gradle/api/internal/project/ProjectInternal;Lorg/gradle/api/internal/project/ProjectStateInternal;)V+42
j  org.gradle.api.internal.project.DefaultProject.evaluateUnchecked()Lorg/gradle/api/internal/project/ProjectInternal;+20
j  org.gradle.api.internal.project.ProjectLifecycleController.lambda$ensureSelfConfigured$2()V+4
j  org.gradle.api.internal.project.ProjectLifecycleController$$Lambda+0x00000219128b10c8.run()V+4
j  org.gradle.internal.model.StateTransitionController.lambda$doTransition$14(Ljava/lang/Runnable;)Lorg/gradle/internal/build/ExecutionResult;+1
j  org.gradle.internal.model.StateTransitionController$$Lambda+0x00000219123e8ea0.get()Ljava/lang/Object;+4
j  org.gradle.internal.model.StateTransitionController.doTransition(Lorg/gradle/internal/model/StateTransitionController$State;Lorg/gradle/internal/model/StateTransitionController$State;Ljava/util/function/Supplier;)Lorg/gradle/internal/build/ExecutionResult;+24
j  org.gradle.internal.model.StateTransitionController.doTransition(Lorg/gradle/internal/model/StateTransitionController$State;Lorg/gradle/internal/model/StateTransitionController$State;Ljava/lang/Runnable;)V+9
j  org.gradle.internal.model.StateTransitionController.lambda$maybeTransitionIfNotCurrentlyTransitioning$10(Lorg/gradle/internal/model/StateTransitionController$State;Lorg/gradle/internal/model/StateTransitionController$State;Ljava/lang/Runnable;)V+16
j  org.gradle.internal.model.StateTransitionController$$Lambda+0x00000219128b12f0.run()V+16
j  org.gradle.internal.work.DefaultSynchronizer.withLock(Ljava/lang/Runnable;)V+6
j  org.gradle.internal.model.StateTransitionController.maybeTransitionIfNotCurrentlyTransitioning(Lorg/gradle/internal/model/StateTransitionController$State;Lorg/gradle/internal/model/StateTransitionController$State;Ljava/lang/Runnable;)V+13
j  org.gradle.api.internal.project.ProjectLifecycleController.ensureSelfConfigured()V+16
j  org.gradle.api.internal.project.DefaultProjectStateRegistry$ProjectStateImpl.ensureConfigured()V+19
j  org.gradle.execution.TaskPathProjectEvaluator.configure(Lorg/gradle/api/internal/project/ProjectInternal;)V+6
j  org.gradle.execution.TaskPathProjectEvaluator.configureHierarchy(Lorg/gradle/api/internal/project/ProjectInternal;)V+41
j  org.gradle.configuration.DefaultProjectsPreparer.prepareProjects(Lorg/gradle/api/internal/GradleInternal;)V+52
j  org.gradle.configuration.BuildTreePreparingProjectsPreparer.prepareProjects(Lorg/gradle/api/internal/GradleInternal;)V+114
j  org.gradle.configuration.BuildOperationFiringProjectsPreparer$ConfigureBuild.run(Lorg/gradle/internal/operations/BuildOperationContext;)V+11
j  org.gradle.internal.operations.DefaultBuildOperationRunner$1.execute(Lorg/gradle/internal/operations/RunnableBuildOperation;Lorg/gradle/internal/operations/BuildOperationContext;)V+2
j  org.gradle.internal.operations.DefaultBuildOperationRunner$1.execute(Lorg/gradle/internal/operations/BuildOperation;Lorg/gradle/internal/operations/BuildOperationContext;)V+6
j  org.gradle.internal.operations.DefaultBuildOperationRunner$2.execute(Lorg/gradle/internal/operations/BuildOperationDescriptor;Lorg/gradle/internal/operations/BuildOperationState;Lorg/gradle/internal/operations/BuildOperationState;Lorg/gradle/internal/operations/DefaultBuildOperationRunner$ReadableBuildOperationContext;Lorg/gradle/internal/operations/DefaultBuildOperationRunner$BuildOperationExecutionListener;)Lorg/gradle/internal/operations/BuildOperation;+22
j  org.gradle.internal.operations.DefaultBuildOperationRunner$2.execute(Lorg/gradle/internal/operations/BuildOperationDescriptor;Lorg/gradle/internal/operations/BuildOperationState;Lorg/gradle/internal/operations/BuildOperationState;Lorg/gradle/internal/operations/DefaultBuildOperationRunner$ReadableBuildOperationContext;Lorg/gradle/internal/operations/DefaultBuildOperationRunner$BuildOperationExecutionListener;)Ljava/lang/Object;+8
j  org.gradle.internal.operations.DefaultBuildOperationRunner.execute(Lorg/gradle/internal/operations/BuildOperationDescriptor$Builder;Lorg/gradle/internal/operations/BuildOperationState;Lorg/gradle/internal/operations/DefaultBuildOperationRunner$BuildOperationExecution;)Ljava/lang/Object;+141
j  org.gradle.internal.operations.DefaultBuildOperationRunner.execute(Lorg/gradle/internal/operations/BuildOperation;Lorg/gradle/internal/operations/BuildOperationWorker;Lorg/gradle/internal/operations/BuildOperationState;)V+18
j  org.gradle.internal.operations.DefaultBuildOperationRunner.run(Lorg/gradle/internal/operations/RunnableBuildOperation;)V+9
j  org.gradle.configuration.BuildOperationFiringProjectsPreparer.prepareProjects(Lorg/gradle/api/internal/GradleInternal;)V+13
j  org.gradle.initialization.VintageBuildModelController.lambda$prepareProjects$2()V+8
j  org.gradle.initialization.VintageBuildModelController$$Lambda+0x0000021912842ad8.run()V+4
j  org.gradle.internal.model.StateTransitionController.lambda$doTransition$14(Ljava/lang/Runnable;)Lorg/gradle/internal/build/ExecutionResult;+1
j  org.gradle.internal.model.StateTransitionController$$Lambda+0x00000219123e8ea0.get()Ljava/lang/Object;+4
j  org.gradle.internal.model.StateTransitionController.doTransition(Lorg/gradle/internal/model/StateTransitionController$State;Lorg/gradle/internal/model/StateTransitionController$State;Ljava/util/function/Supplier;)Lorg/gradle/internal/build/ExecutionResult;+24
j  org.gradle.internal.model.StateTransitionController.doTransition(Lorg/gradle/internal/model/StateTransitionController$State;Lorg/gradle/internal/model/StateTransitionController$State;Ljava/lang/Runnable;)V+9
j  org.gradle.internal.model.StateTransitionController.lambda$transitionIfNotPreviously$11(Lorg/gradle/internal/model/StateTransitionController$State;Lorg/gradle/internal/model/StateTransitionController$State;Ljava/lang/Runnable;)V+16
j  org.gradle.internal.model.StateTransitionController$$Lambda+0x00000219123e92f0.run()V+16
j  org.gradle.internal.work.DefaultSynchronizer.withLock(Ljava/lang/Runnable;)V+6
j  org.gradle.internal.model.StateTransitionController.transitionIfNotPreviously(Lorg/gradle/internal/model/StateTransitionController$State;Lorg/gradle/internal/model/StateTransitionController$State;Ljava/lang/Runnable;)V+13
j  org.gradle.initialization.VintageBuildModelController.prepareProjects()V+16
j  org.gradle.initialization.VintageBuildModelController.getConfiguredModel()Lorg/gradle/api/internal/GradleInternal;+5
j  org.gradle.internal.build.DefaultBuildLifecycleController$$Lambda+0x00000219128428b0.get()Ljava/lang/Object;+4
j  org.gradle.internal.model.StateTransitionController.lambda$notInState$3(Lorg/gradle/internal/model/StateTransitionController$State;Ljava/util/function/Supplier;)Ljava/lang/Object;+11
j  org.gradle.internal.model.StateTransitionController$$Lambda+0x00000219126404e8.create()Ljava/lang/Object;+12
j  org.gradle.internal.work.DefaultSynchronizer.withLock(Lorg/gradle/internal/Factory;)Ljava/lang/Object;+6
j  org.gradle.internal.model.StateTransitionController.notInState(Lorg/gradle/internal/model/StateTransitionController$State;Ljava/util/function/Supplier;)Ljava/lang/Object;+12
j  org.gradle.internal.build.DefaultBuildLifecycleController.configureProjects()V+21
j  org.gradle.internal.build.AbstractBuildState.ensureProjectsConfigured()V+4
j  org.gradle.internal.buildtree.BuildInclusionCoordinator$$Lambda+0x0000021912842000.run()V+4
j  org.gradle.internal.buildtree.BuildInclusionCoordinator$BuildSynchronizer.lambda$withLock$0(Ljava/lang/Runnable;)V+14
j  org.gradle.internal.buildtree.BuildInclusionCoordinator$BuildSynchronizer$$Lambda+0x0000021912842688.run()V+8
j  org.gradle.internal.work.DefaultSynchronizer.withLock(Ljava/lang/Runnable;)V+6
j  org.gradle.internal.buildtree.BuildInclusionCoordinator$BuildSynchronizer.withLock(Ljava/lang/Runnable;)V+11
j  org.gradle.internal.buildtree.BuildInclusionCoordinator.withLockForBuild(Lorg/gradle/internal/build/BuildState;Ljava/lang/Runnable;)V+20
j  org.gradle.internal.buildtree.BuildInclusionCoordinator.prepareForPluginResolution(Lorg/gradle/internal/build/IncludedBuildState;)V+13
j  org.gradle.internal.composite.DefaultBuildIncluder.prepareForPluginResolution(Lorg/gradle/internal/build/IncludedBuildState;)V+5
j  org.gradle.composite.internal.plugins.CompositeBuildPluginResolverContributor$CompositeBuildPluginResolver.resolveFromIncludedPluginBuilds(Lorg/gradle/plugin/use/PluginId;)Lorg/gradle/plugin/use/resolve/internal/PluginResolution;+39
j  org.gradle.composite.internal.plugins.CompositeBuildPluginResolverContributor$CompositeBuildPluginResolver.doResolve(Lorg/gradle/plugin/use/PluginId;)Lorg/gradle/composite/internal/plugins/CompositeBuildPluginResolverContributor$PluginResult;+2
j  org.gradle.composite.internal.plugins.CompositeBuildPluginResolverContributor$CompositeBuildPluginResolver$$Lambda+0x000002191263d418.apply(Ljava/lang/Object;)Ljava/lang/Object;+8
J 869 c1 java.util.concurrent.ConcurrentHashMap.computeIfAbsent(Ljava/lang/Object;Ljava/util/function/Function;)Ljava/lang/Object; java.base@21.0.11 (576 bytes) @ 0x0000021900187534 [0x0000021900186f60+0x00000000000005d4]
j  org.gradle.composite.internal.plugins.CompositeBuildPluginResolverContributor$CompositeBuildPluginResolver.resolve(Lorg/gradle/plugin/management/internal/PluginRequestInternal;)Lorg/gradle/plugin/use/resolve/internal/PluginResolutionResult;+16
j  org.gradle.plugin.use.resolve.internal.CompositePluginResolver.resolve(Lorg/gradle/plugin/management/internal/PluginRequestInternal;)Lorg/gradle/plugin/use/resolve/internal/PluginResolutionResult;+37
j  org.gradle.plugin.use.resolve.internal.AlreadyOnClasspathPluginResolver.resolve(Lorg/gradle/plugin/management/internal/PluginRequestInternal;)Lorg/gradle/plugin/use/resolve/internal/PluginResolutionResult;+28
j  org.gradle.plugin.use.internal.DefaultPluginRequestApplicator.resolvePluginRequest(Lorg/gradle/plugin/use/resolve/internal/PluginResolver;Lorg/gradle/plugin/management/internal/PluginRequestInternal;)Lorg/gradle/plugin/use/resolve/internal/PluginResolution;+2
j  org.gradle.plugin.use.internal.DefaultPluginRequestApplicator.applyPlugins(Lorg/gradle/plugin/management/internal/PluginRequests;Lorg/gradle/api/internal/initialization/ScriptHandlerInternal;Lorg/gradle/api/internal/plugins/PluginManagerInternal;Lorg/gradle/api/internal/initialization/ClassLoaderScope;)V+136
j  org.gradle.configuration.DefaultScriptPluginFactory$ScriptPluginImpl.apply(Ljava/lang/Object;)V+174
j  org.gradle.configuration.BuildOperationScriptPlugin$1.run(Lorg/gradle/internal/operations/BuildOperationContext;)V+11
j  org.gradle.internal.operations.DefaultBuildOperationRunner$1.execute(Lorg/gradle/internal/operations/RunnableBuildOperation;Lorg/gradle/internal/operations/BuildOperationContext;)V+2
j  org.gradle.internal.operations.DefaultBuildOperationRunner$1.execute(Lorg/gradle/internal/operations/BuildOperation;Lorg/gradle/internal/operations/BuildOperationContext;)V+6
j  org.gradle.internal.operations.DefaultBuildOperationRunner$2.execute(Lorg/gradle/internal/operations/BuildOperationDescriptor;Lorg/gradle/internal/operations/BuildOperationState;Lorg/gradle/internal/operations/BuildOperationState;Lorg/gradle/internal/operations/DefaultBuildOperationRunner$ReadableBuildOperationContext;Lorg/gradle/internal/operations/DefaultBuildOperationRunner$BuildOperationExecutionListener;)Lorg/gradle/internal/operations/BuildOperation;+22
j  org.gradle.internal.operations.DefaultBuildOperationRunner$2.execute(Lorg/gradle/internal/operations/BuildOperationDescriptor;Lorg/gradle/internal/operations/BuildOperationState;Lorg/gradle/internal/operations/BuildOperationState;Lorg/gradle/internal/operations/DefaultBuildOperationRunner$ReadableBuildOperationContext;Lorg/gradle/internal/operations/DefaultBuildOperationRunner$BuildOperationExecutionListener;)Ljava/lang/Object;+8
j  org.gradle.internal.operations.DefaultBuildOperationRunner.execute(Lorg/gradle/internal/operations/BuildOperationDescriptor$Builder;Lorg/gradle/internal/operations/BuildOperationState;Lorg/gradle/internal/operations/DefaultBuildOperationRunner$BuildOperationExecution;)Ljava/lang/Object;+141
j  org.gradle.internal.operations.DefaultBuildOperationRunner.execute(Lorg/gradle/internal/operations/BuildOperation;Lorg/gradle/internal/operations/BuildOperationWorker;Lorg/gradle/internal/operations/BuildOperationState;)V+18
j  org.gradle.internal.operations.DefaultBuildOperationRunner.run(Lorg/gradle/internal/operations/RunnableBuildOperation;)V+9
j  org.gradle.configuration.BuildOperationScriptPlugin.lambda$apply$0(Ljava/lang/Object;Lorg/gradle/internal/code/UserCodeApplicationId;)V+14
j  org.gradle.configuration.BuildOperationScriptPlugin$$Lambda+0x00000219124151b8.execute(Ljava/lang/Object;)V+12
j  org.gradle.internal.code.DefaultUserCodeApplicationContext.apply(Lorg/gradle/internal/code/UserCodeSource;Lorg/gradle/api/Action;)V+37
j  org.gradle.configuration.BuildOperationScriptPlugin.apply(Ljava/lang/Object;)V+71
j  org.gradle.initialization.ScriptEvaluatingSettingsProcessor.applySettingsScript(Lorg/gradle/groovy/scripts/TextResourceScriptSource;Lorg/gradle/api/internal/SettingsInternal;)V+32
j  org.gradle.initialization.ScriptEvaluatingSettingsProcessor.process(Lorg/gradle/api/internal/GradleInternal;Lorg/gradle/initialization/SettingsLocation;Lorg/gradle/api/internal/initialization/ClassLoaderScope;Lorg/gradle/StartParameter;)Lorg/gradle/initialization/SettingsState;+90
j  org.gradle.initialization.SettingsEvaluatedCallbackFiringSettingsProcessor.process(Lorg/gradle/api/internal/GradleInternal;Lorg/gradle/initialization/SettingsLocation;Lorg/gradle/api/internal/initialization/ClassLoaderScope;Lorg/gradle/StartParameter;)Lorg/gradle/initialization/SettingsState;+9
j  org.gradle.initialization.RootBuildCacheControllerSettingsProcessor.process(Lorg/gradle/api/internal/GradleInternal;Lorg/gradle/initialization/SettingsLocation;Lorg/gradle/api/internal/initialization/ClassLoaderScope;Lorg/gradle/StartParameter;)Lorg/gradle/initialization/SettingsState;+9
j  org.gradle.initialization.BuildOperationSettingsProcessor$2.call(Lorg/gradle/internal/operations/BuildOperationContext;)Lorg/gradle/initialization/SettingsState;+23
j  org.gradle.initialization.BuildOperationSettingsProcessor$2.call(Lorg/gradle/internal/operations/BuildOperationContext;)Ljava/lang/Object;+2
j  org.gradle.internal.operations.DefaultBuildOperationRunner$CallableBuildOperationWorker.execute(Lorg/gradle/internal/operations/CallableBuildOperation;Lorg/gradle/internal/operations/BuildOperationContext;)V+3
j  org.gradle.internal.operations.DefaultBuildOperationRunner$CallableBuildOperationWorker.execute(Lorg/gradle/internal/operations/BuildOperation;Lorg/gradle/internal/operations/BuildOperationContext;)V+6
j  org.gradle.internal.operations.DefaultBuildOperationRunner$2.execute(Lorg/gradle/internal/operations/BuildOperationDescriptor;Lorg/gradle/internal/operations/BuildOperationState;Lorg/gradle/internal/operations/BuildOperationState;Lorg/gradle/internal/operations/DefaultBuildOperationRunner$ReadableBuildOperationContext;Lorg/gradle/internal/operations/DefaultBuildOperationRunner$BuildOperationExecutionListener;)Lorg/gradle/internal/operations/BuildOperation;+22
j  org.gradle.internal.operations.DefaultBuildOperationRunner$2.execute(Lorg/gradle/internal/operations/BuildOperationDescriptor;Lorg/gradle/internal/operations/BuildOperationState;Lorg/gradle/internal/operations/BuildOperationState;Lorg/gradle/internal/operations/DefaultBuildOperationRunner$ReadableBuildOperationContext;Lorg/gradle/internal/operations/DefaultBuildOperationRunner$BuildOperationExecutionListener;)Ljava/lang/Object;+8
j  org.gradle.internal.operations.DefaultBuildOperationRunner.execute(Lorg/gradle/internal/operations/BuildOperationDescriptor$Builder;Lorg/gradle/internal/operations/BuildOperationState;Lorg/gradle/internal/operations/DefaultBuildOperationRunner$BuildOperationExecution;)Ljava/lang/Object;+141
j  org.gradle.internal.operations.DefaultBuildOperationRunner.execute(Lorg/gradle/internal/operations/BuildOperation;Lorg/gradle/internal/operations/BuildOperationWorker;Lorg/gradle/internal/operations/BuildOperationState;)V+18
j  org.gradle.internal.operations.DefaultBuildOperationRunner.call(Lorg/gradle/internal/operations/CallableBuildOperation;)Ljava/lang/Object;+16
j  org.gradle.initialization.BuildOperationSettingsProcessor.process(Lorg/gradle/api/internal/GradleInternal;Lorg/gradle/initialization/SettingsLocation;Lorg/gradle/api/internal/initialization/ClassLoaderScope;Lorg/gradle/StartParameter;)Lorg/gradle/initialization/SettingsState;+17
j  org.gradle.initialization.DefaultSettingsLoader.findSettingsAndLoadIfAppropriate(Lorg/gradle/api/internal/GradleInternal;Lorg/gradle/StartParameter;Lorg/gradle/initialization/SettingsLocation;Lorg/gradle/api/internal/initialization/ClassLoaderScope;)Lorg/gradle/initialization/SettingsState;+9
j  org.gradle.initialization.DefaultSettingsLoader.findAndLoadSettings(Lorg/gradle/api/internal/GradleInternal;)Lorg/gradle/initialization/SettingsState;+103
j  org.gradle.initialization.SettingsAttachingSettingsLoader.findAndLoadSettings(Lorg/gradle/api/internal/GradleInternal;)Lorg/gradle/initialization/SettingsState;+5
j  org.gradle.internal.composite.CommandLineIncludedBuildSettingsLoader.findAndLoadSettings(Lorg/gradle/api/internal/GradleInternal;)Lorg/gradle/initialization/SettingsState;+5
j  org.gradle.internal.composite.ChildBuildRegisteringSettingsLoader.findAndLoadSettings(Lorg/gradle/api/internal/GradleInternal;)Lorg/gradle/initialization/SettingsState;+5
j  org.gradle.internal.composite.CompositeBuildSettingsLoader.findAndLoadSettings(Lorg/gradle/api/internal/GradleInternal;)Lorg/gradle/initialization/SettingsState;+5
j  org.gradle.initialization.InitScriptHandlingSettingsLoader.findAndLoadSettings(Lorg/gradle/api/internal/GradleInternal;)Lorg/gradle/initialization/SettingsState;+13
j  org.gradle.api.internal.initialization.CacheConfigurationsHandlingSettingsLoader.findAndLoadSettings(Lorg/gradle/api/internal/GradleInternal;)Lorg/gradle/initialization/SettingsState;+15
j  org.gradle.initialization.GradlePropertiesHandlingSettingsLoader.findAndLoadSettings(Lorg/gradle/api/internal/GradleInternal;)Lorg/gradle/initialization/SettingsState;+40
j  org.gradle.initialization.DefaultSettingsPreparer.prepareSettings(Lorg/gradle/api/internal/GradleInternal;)V+33
j  org.gradle.initialization.BuildOperationFiringSettingsPreparer$LoadBuild.doLoadBuild()V+11
j  org.gradle.initialization.BuildOperationFiringSettingsPreparer$LoadBuild.run(Lorg/gradle/internal/operations/BuildOperationContext;)V+1
j  org.gradle.internal.operations.DefaultBuildOperationRunner$1.execute(Lorg/gradle/internal/operations/RunnableBuildOperation;Lorg/gradle/internal/operations/BuildOperationContext;)V+2
j  org.gradle.internal.operations.DefaultBuildOperationRunner$1.execute(Lorg/gradle/internal/operations/BuildOperation;Lorg/gradle/internal/operations/BuildOperationContext;)V+6
j  org.gradle.internal.operations.DefaultBuildOperationRunner$2.execute(Lorg/gradle/internal/operations/BuildOperationDescriptor;Lorg/gradle/internal/operations/BuildOperationState;Lorg/gradle/internal/operations/BuildOperationState;Lorg/gradle/internal/operations/DefaultBuildOperationRunner$ReadableBuildOperationContext;Lorg/gradle/internal/operations/DefaultBuildOperationRunner$BuildOperationExecutionListener;)Lorg/gradle/internal/operations/BuildOperation;+22
j  org.gradle.internal.operations.DefaultBuildOperationRunner$2.execute(Lorg/gradle/internal/operations/BuildOperationDescriptor;Lorg/gradle/internal/operations/BuildOperationState;Lorg/gradle/internal/operations/BuildOperationState;Lorg/gradle/internal/operations/DefaultBuildOperationRunner$ReadableBuildOperationContext;Lorg/gradle/internal/operations/DefaultBuildOperationRunner$BuildOperationExecutionListener;)Ljava/lang/Object;+8
j  org.gradle.internal.operations.DefaultBuildOperationRunner.execute(Lorg/gradle/internal/operations/BuildOperationDescriptor$Builder;Lorg/gradle/internal/operations/BuildOperationState;Lorg/gradle/internal/operations/DefaultBuildOperationRunner$BuildOperationExecution;)Ljava/lang/Object;+141
j  org.gradle.internal.operations.DefaultBuildOperationRunner.execute(Lorg/gradle/internal/operations/BuildOperation;Lorg/gradle/internal/operations/BuildOperationWorker;Lorg/gradle/internal/operations/BuildOperationState;)V+18
j  org.gradle.internal.operations.DefaultBuildOperationRunner.run(Lorg/gradle/internal/operations/RunnableBuildOperation;)V+9
j  org.gradle.initialization.BuildOperationFiringSettingsPreparer.prepareSettings(Lorg/gradle/api/internal/GradleInternal;)V+31
j  org.gradle.initialization.VintageBuildModelController.lambda$prepareSettings$1()V+8
j  org.gradle.initialization.VintageBuildModelController$$Lambda+0x00000219123e90c8.run()V+4
j  org.gradle.internal.model.StateTransitionController.lambda$doTransition$14(Ljava/lang/Runnable;)Lorg/gradle/internal/build/ExecutionResult;+1
j  org.gradle.internal.model.StateTransitionController$$Lambda+0x00000219123e8ea0.get()Ljava/lang/Object;+4
j  org.gradle.internal.model.StateTransitionController.doTransition(Lorg/gradle/internal/model/StateTransitionController$State;Lorg/gradle/internal/model/StateTransitionController$State;Ljava/util/function/Supplier;)Lorg/gradle/internal/build/ExecutionResult;+24
j  org.gradle.internal.model.StateTransitionController.doTransition(Lorg/gradle/internal/model/StateTransitionController$State;Lorg/gradle/internal/model/StateTransitionController$State;Ljava/lang/Runnable;)V+9
j  org.gradle.internal.model.StateTransitionController.lambda$transitionIfNotPreviously$11(Lorg/gradle/internal/model/StateTransitionController$State;Lorg/gradle/internal/model/StateTransitionController$State;Ljava/lang/Runnable;)V+16
j  org.gradle.internal.model.StateTransitionController$$Lambda+0x00000219123e92f0.run()V+16
j  org.gradle.internal.work.DefaultSynchronizer.withLock(Ljava/lang/Runnable;)V+6
j  org.gradle.internal.model.StateTransitionController.transitionIfNotPreviously(Lorg/gradle/internal/model/StateTransitionController$State;Lorg/gradle/internal/model/StateTransitionController$State;Ljava/lang/Runnable;)V+13
j  org.gradle.initialization.VintageBuildModelController.prepareSettings()V+16
j  org.gradle.initialization.VintageBuildModelController.prepareToScheduleTasks()V+1
j  org.gradle.internal.build.DefaultBuildLifecycleController.lambda$prepareToScheduleTasks$6()V+9
j  org.gradle.internal.build.DefaultBuildLifecycleController$$Lambda+0x00000219123e8a50.run()V+4
j  org.gradle.internal.model.StateTransitionController.lambda$doTransition$14(Ljava/lang/Runnable;)Lorg/gradle/internal/build/ExecutionResult;+1
j  org.gradle.internal.model.StateTransitionController$$Lambda+0x00000219123e8ea0.get()Ljava/lang/Object;+4
j  org.gradle.internal.model.StateTransitionController.doTransition(Lorg/gradle/internal/model/StateTransitionController$State;Lorg/gradle/internal/model/StateTransitionController$State;Ljava/util/function/Supplier;)Lorg/gradle/internal/build/ExecutionResult;+24
j  org.gradle.internal.model.StateTransitionController.doTransition(Lorg/gradle/internal/model/StateTransitionController$State;Lorg/gradle/internal/model/StateTransitionController$State;Ljava/lang/Runnable;)V+9
j  org.gradle.internal.model.StateTransitionController.lambda$maybeTransition$9(Lorg/gradle/internal/model/StateTransitionController$State;Lorg/gradle/internal/model/StateTransitionController$State;Ljava/lang/Runnable;)V+16
j  org.gradle.internal.model.StateTransitionController$$Lambda+0x00000219123e8c78.run()V+16
j  org.gradle.internal.work.DefaultSynchronizer.withLock(Ljava/lang/Runnable;)V+6
j  org.gradle.internal.model.StateTransitionController.maybeTransition(Lorg/gradle/internal/model/StateTransitionController$State;Lorg/gradle/internal/model/StateTransitionController$State;Ljava/lang/Runnable;)V+13
j  org.gradle.internal.build.DefaultBuildLifecycleController.prepareToScheduleTasks()V+16
j  org.gradle.internal.buildtree.DefaultBuildTreeWorkPreparer.scheduleRequestedTasks(Lorg/gradle/internal/buildtree/BuildTreeWorkGraph;Lorg/gradle/execution/EntryTaskSelector;)Lorg/gradle/internal/buildtree/BuildTreeWorkGraph$FinalizedGraph;+4
j  org.gradle.internal.cc.impl.VintageBuildTreeWorkController$scheduleAndRunRequestedTasks$1.apply(Lorg/gradle/internal/buildtree/BuildTreeWorkGraph;)Lorg/gradle/internal/build/ExecutionResult;+18
j  org.gradle.internal.cc.impl.VintageBuildTreeWorkController$scheduleAndRunRequestedTasks$1.apply(Ljava/lang/Object;)Ljava/lang/Object;+5
j  org.gradle.composite.internal.DefaultIncludedBuildTaskGraph.withNewWorkGraph(Ljava/util/function/Function;)Ljava/lang/Object;+30
j  org.gradle.internal.cc.impl.VintageBuildTreeWorkController.scheduleAndRunRequestedTasks(Lorg/gradle/execution/EntryTaskSelector;)Lorg/gradle/internal/build/ExecutionResult;+16
j  org.gradle.internal.buildtree.DefaultBuildTreeLifecycleController.lambda$scheduleAndRunTasks$1(Lorg/gradle/execution/EntryTaskSelector;)Lorg/gradle/internal/build/ExecutionResult;+5
j  org.gradle.internal.buildtree.DefaultBuildTreeLifecycleController$$Lambda+0x00000219123e4c50.get()Ljava/lang/Object;+8
j  org.gradle.internal.buildtree.DefaultBuildTreeLifecycleController.lambda$runBuild$4(Ljava/util/function/Supplier;)Ljava/lang/Object;+1
j  org.gradle.internal.buildtree.DefaultBuildTreeLifecycleController$$Lambda+0x00000219123e4400.get()Ljava/lang/Object;+8
j  org.gradle.internal.model.StateTransitionController.lambda$transition$6(Ljava/util/function/Supplier;)Lorg/gradle/internal/build/ExecutionResult;+1
j  org.gradle.internal.model.StateTransitionController$$Lambda+0x00000219123e8228.get()Ljava/lang/Object;+4
j  org.gradle.internal.model.StateTransitionController.doTransition(Lorg/gradle/internal/model/StateTransitionController$State;Lorg/gradle/internal/model/StateTransitionController$State;Ljava/util/function/Supplier;)Lorg/gradle/internal/build/ExecutionResult;+24
j  org.gradle.internal.model.StateTransitionController.lambda$transition$7(Lorg/gradle/internal/model/StateTransitionController$State;Lorg/gradle/internal/model/StateTransitionController$State;Ljava/util/function/Supplier;)Ljava/lang/Object;+9
j  org.gradle.internal.model.StateTransitionController$$Lambda+0x00000219123e8000.create()Ljava/lang/Object;+16
j  org.gradle.internal.work.DefaultSynchronizer.withLock(Lorg/gradle/internal/Factory;)Ljava/lang/Object;+6
j  org.gradle.internal.model.StateTransitionController.transition(Lorg/gradle/internal/model/StateTransitionController$State;Lorg/gradle/internal/model/StateTransitionController$State;Ljava/util/function/Supplier;)Ljava/lang/Object;+13
j  org.gradle.internal.buildtree.DefaultBuildTreeLifecycleController.runBuild(Ljava/util/function/Supplier;)Ljava/lang/Object;+17
j  org.gradle.internal.buildtree.DefaultBuildTreeLifecycleController.scheduleAndRunTasks(Lorg/gradle/execution/EntryTaskSelector;)V+8
j  org.gradle.internal.buildtree.DefaultBuildTreeLifecycleController.scheduleAndRunTasks()V+2
j  org.gradle.tooling.internal.provider.runner.BuildModelActionRunner.run(Lorg/gradle/internal/invocation/BuildAction;Lorg/gradle/internal/buildtree/BuildTreeLifecycleController;)Lorg/gradle/internal/buildtree/BuildActionRunner$Result;+65
j  org.gradle.launcher.exec.ChainingBuildActionRunner.run(Lorg/gradle/internal/invocation/BuildAction;Lorg/gradle/internal/buildtree/BuildTreeLifecycleController;)Lorg/gradle/internal/buildtree/BuildActionRunner$Result;+34
j  org.gradle.internal.buildtree.ProblemReportingBuildActionRunner.run(Lorg/gradle/internal/invocation/BuildAction;Lorg/gradle/internal/buildtree/BuildTreeLifecycleController;)Lorg/gradle/internal/buildtree/BuildActionRunner$Result;+12
j  org.gradle.launcher.exec.BuildOutcomeReportingBuildActionRunner.run(Lorg/gradle/internal/invocation/BuildAction;Lorg/gradle/internal/buildtree/BuildTreeLifecycleController;)Lorg/gradle/internal/buildtree/BuildActionRunner$Result;+69
j  org.gradle.tooling.internal.provider.FileSystemWatchingBuildActionRunner.run(Lorg/gradle/internal/invocation/BuildAction;Lorg/gradle/internal/buildtree/BuildTreeLifecycleController;)Lorg/gradle/internal/buildtree/BuildActionRunner$Result;+317
j  org.gradle.launcher.exec.BuildCompletionNotifyingBuildActionRunner.run(Lorg/gradle/internal/invocation/BuildAction;Lorg/gradle/internal/buildtree/BuildTreeLifecycleController;)Lorg/gradle/internal/buildtree/BuildActionRunner$Result;+6
j  org.gradle.launcher.exec.RootBuildLifecycleBuildActionExecutor.lambda$execute$0(Lorg/gradle/internal/invocation/BuildAction;Lorg/gradle/internal/buildtree/BuildTreeLifecycleController;)Lorg/gradle/internal/buildtree/BuildActionRunner$Result;+6
j  org.gradle.launcher.exec.RootBuildLifecycleBuildActionExecutor$$Lambda+0x00000219123d4208.apply(Ljava/lang/Object;)Ljava/lang/Object;+12
j  org.gradle.composite.internal.DefaultRootBuildState.run(Ljava/util/function/Function;)Ljava/lang/Object;+87
j  org.gradle.launcher.exec.RootBuildLifecycleBuildActionExecutor.execute(Lorg/gradle/internal/invocation/BuildAction;Lorg/gradle/internal/buildtree/BuildTreeContext;)Lorg/gradle/internal/buildtree/BuildActionRunner$Result;+75
j  org.gradle.internal.buildtree.InitDeprecationLoggingActionExecutor.execute(Lorg/gradle/internal/invocation/BuildAction;Lorg/gradle/internal/buildtree/BuildTreeContext;)Lorg/gradle/internal/buildtree/BuildActionRunner$Result;+83
j  org.gradle.internal.buildtree.InitProblems.execute(Lorg/gradle/internal/invocation/BuildAction;Lorg/gradle/internal/buildtree/BuildTreeContext;)Lorg/gradle/internal/buildtree/BuildActionRunner$Result;+13
j  org.gradle.internal.buildtree.DefaultBuildTreeContext.execute(Lorg/gradle/internal/invocation/BuildAction;)Lorg/gradle/internal/buildtree/BuildActionRunner$Result;+64
j  org.gradle.launcher.exec.BuildTreeLifecycleBuildActionExecutor.lambda$execute$0(Lorg/gradle/internal/invocation/BuildAction;Lorg/gradle/internal/buildtree/BuildTreeContext;)Lorg/gradle/internal/buildtree/BuildActionRunner$Result;+2
j  org.gradle.launcher.exec.BuildTreeLifecycleBuildActionExecutor$$Lambda+0x00000219122b7040.apply(Ljava/lang/Object;)Ljava/lang/Object;+8
j  org.gradle.internal.buildtree.BuildTreeState.run(Ljava/util/function/Function;)Ljava/lang/Object;+47
j  org.gradle.launcher.exec.BuildTreeLifecycleBuildActionExecutor.execute(Lorg/gradle/internal/invocation/BuildAction;Lorg/gradle/internal/session/BuildSessionContext;)Lorg/gradle/internal/buildtree/BuildActionRunner$Result;+74
j  org.gradle.launcher.exec.RunAsBuildOperationBuildActionExecutor$2.call(Lorg/gradle/internal/operations/BuildOperationContext;)Lorg/gradle/internal/buildtree/BuildActionRunner$Result;+25
j  org.gradle.launcher.exec.RunAsBuildOperationBuildActionExecutor$2.call(Lorg/gradle/internal/operations/BuildOperationContext;)Ljava/lang/Object;+2
j  org.gradle.internal.operations.DefaultBuildOperationRunner$CallableBuildOperationWorker.execute(Lorg/gradle/internal/operations/CallableBuildOperation;Lorg/gradle/internal/operations/BuildOperationContext;)V+3
j  org.gradle.internal.operations.DefaultBuildOperationRunner$CallableBuildOperationWorker.execute(Lorg/gradle/internal/operations/BuildOperation;Lorg/gradle/internal/operations/BuildOperationContext;)V+6
j  org.gradle.internal.operations.DefaultBuildOperationRunner$2.execute(Lorg/gradle/internal/operations/BuildOperationDescriptor;Lorg/gradle/internal/operations/BuildOperationState;Lorg/gradle/internal/operations/BuildOperationState;Lorg/gradle/internal/operations/DefaultBuildOperationRunner$ReadableBuildOperationContext;Lorg/gradle/internal/operations/DefaultBuildOperationRunner$BuildOperationExecutionListener;)Lorg/gradle/internal/operations/BuildOperation;+22
j  org.gradle.internal.operations.DefaultBuildOperationRunner$2.execute(Lorg/gradle/internal/operations/BuildOperationDescriptor;Lorg/gradle/internal/operations/BuildOperationState;Lorg/gradle/internal/operations/BuildOperationState;Lorg/gradle/internal/operations/DefaultBuildOperationRunner$ReadableBuildOperationContext;Lorg/gradle/internal/operations/DefaultBuildOperationRunner$BuildOperationExecutionListener;)Ljava/lang/Object;+8
j  org.gradle.internal.operations.DefaultBuildOperationRunner.execute(Lorg/gradle/internal/operations/BuildOperationDescriptor$Builder;Lorg/gradle/internal/operations/BuildOperationState;Lorg/gradle/internal/operations/DefaultBuildOperationRunner$BuildOperationExecution;)Ljava/lang/Object;+141
j  org.gradle.internal.operations.DefaultBuildOperationRunner.execute(Lorg/gradle/internal/operations/BuildOperation;Lorg/gradle/internal/operations/BuildOperationWorker;Lorg/gradle/internal/operations/BuildOperationState;)V+18
j  org.gradle.internal.operations.DefaultBuildOperationRunner.call(Lorg/gradle/internal/operations/CallableBuildOperation;)Ljava/lang/Object;+16
j  org.gradle.launcher.exec.RunAsBuildOperationBuildActionExecutor.execute(Lorg/gradle/internal/invocation/BuildAction;Lorg/gradle/internal/session/BuildSessionContext;)Lorg/gradle/internal/buildtree/BuildActionRunner$Result;+23
j  org.gradle.launcher.exec.RunAsWorkerThreadBuildActionExecutor.lambda$execute$0(Lorg/gradle/internal/invocation/BuildAction;Lorg/gradle/internal/session/BuildSessionContext;)Lorg/gradle/internal/buildtree/BuildActionRunner$Result;+6
j  org.gradle.launcher.exec.RunAsWorkerThreadBuildActionExecutor$$Lambda+0x000002191227f088.create()Ljava/lang/Object;+12
j  org.gradle.internal.work.DefaultWorkerLeaseService.withLocks(Ljava/util/Collection;Lorg/gradle/internal/Factory;)Ljava/lang/Object;+28
j  org.gradle.internal.work.DefaultWorkerLeaseService.runAsWorkerThread(Lorg/gradle/internal/Factory;)Ljava/lang/Object;+33
j  org.gradle.launcher.exec.RunAsWorkerThreadBuildActionExecutor.execute(Lorg/gradle/internal/invocation/BuildAction;Lorg/gradle/internal/session/BuildSessionContext;)Lorg/gradle/internal/buildtree/BuildActionRunner$Result;+12
j  org.gradle.tooling.internal.provider.continuous.ContinuousBuildActionExecutor.execute(Lorg/gradle/internal/invocation/BuildAction;Lorg/gradle/internal/session/BuildSessionContext;)Lorg/gradle/internal/buildtree/BuildActionRunner$Result;+58
j  org.gradle.tooling.internal.provider.SubscribableBuildActionExecutor.execute(Lorg/gradle/internal/invocation/BuildAction;Lorg/gradle/internal/session/BuildSessionContext;)Lorg/gradle/internal/buildtree/BuildActionRunner$Result;+30
j  org.gradle.internal.session.DefaultBuildSessionContext.execute(Lorg/gradle/internal/invocation/BuildAction;)Lorg/gradle/internal/buildtree/BuildActionRunner$Result;+64
j  org.gradle.internal.buildprocess.execution.BuildSessionLifecycleBuildActionExecutor$ActionImpl.apply(Lorg/gradle/internal/session/BuildSessionContext;)Lorg/gradle/launcher/exec/BuildActionResult;+6
j  org.gradle.internal.buildprocess.execution.BuildSessionLifecycleBuildActionExecutor$ActionImpl.apply(Ljava/lang/Object;)Ljava/lang/Object;+5
j  org.gradle.internal.session.BuildSessionState.run(Ljava/util/function/Function;)Ljava/lang/Object;+5
j  org.gradle.internal.buildprocess.execution.BuildSessionLifecycleBuildActionExecutor.execute(Lorg/gradle/internal/invocation/BuildAction;Lorg/gradle/launcher/exec/BuildActionParameters;Lorg/gradle/initialization/BuildRequestContext;)Lorg/gradle/launcher/exec/BuildActionResult;+95
j  org.gradle.internal.buildprocess.execution.BuildSessionLifecycleBuildActionExecutor.execute(Lorg/gradle/internal/invocation/BuildAction;Ljava/lang/Object;Ljava/lang/Object;)Lorg/gradle/launcher/exec/BuildActionResult;+10
j  org.gradle.internal.buildprocess.execution.StartParamsValidatingActionExecutor.execute(Lorg/gradle/internal/invocation/BuildAction;Lorg/gradle/launcher/exec/BuildActionParameters;Lorg/gradle/initialization/BuildRequestContext;)Lorg/gradle/launcher/exec/BuildActionResult;+203
j  org.gradle.internal.buildprocess.execution.StartParamsValidatingActionExecutor.execute(Lorg/gradle/internal/invocation/BuildAction;Ljava/lang/Object;Ljava/lang/Object;)Lorg/gradle/launcher/exec/BuildActionResult;+10
j  org.gradle.internal.buildprocess.execution.SessionFailureReportingActionExecutor.execute(Lorg/gradle/internal/invocation/BuildAction;Lorg/gradle/launcher/exec/BuildActionParameters;Lorg/gradle/initialization/BuildRequestContext;)Lorg/gradle/launcher/exec/BuildActionResult;+7
j  org.gradle.internal.buildprocess.execution.SessionFailureReportingActionExecutor.execute(Lorg/gradle/internal/invocation/BuildAction;Ljava/lang/Object;Ljava/lang/Object;)Lorg/gradle/launcher/exec/BuildActionResult;+10
j  org.gradle.internal.buildprocess.execution.SetupLoggingActionExecutor.execute(Lorg/gradle/internal/invocation/BuildAction;Lorg/gradle/launcher/exec/BuildActionParameters;Lorg/gradle/initialization/BuildRequestContext;)Lorg/gradle/launcher/exec/BuildActionResult;+50
j  org.gradle.internal.buildprocess.execution.SetupLoggingActionExecutor.execute(Lorg/gradle/internal/invocation/BuildAction;Ljava/lang/Object;Ljava/lang/Object;)Lorg/gradle/launcher/exec/BuildActionResult;+10
j  org.gradle.launcher.daemon.server.exec.ExecuteBuild.doBuild(Lorg/gradle/launcher/daemon/server/api/DaemonCommandExecution;Lorg/gradle/launcher/daemon/protocol/Build;)V+147
j  org.gradle.launcher.daemon.server.exec.BuildCommandOnly.execute(Lorg/gradle/launcher/daemon/server/api/DaemonCommandExecution;)V+49
j  org.gradle.launcher.daemon.server.api.DaemonCommandExecution.proceed()Z+23
j  org.gradle.launcher.daemon.server.exec.WatchForDisconnection.execute(Lorg/gradle/launcher/daemon/server/api/DaemonCommandExecution;)V+19
j  org.gradle.launcher.daemon.server.api.DaemonCommandExecution.proceed()Z+23
j  org.gradle.launcher.daemon.server.exec.ResetDeprecationLogger.execute(Lorg/gradle/launcher/daemon/server/api/DaemonCommandExecution;)V+7
j  org.gradle.launcher.daemon.server.api.DaemonCommandExecution.proceed()Z+23
j  org.gradle.launcher.daemon.server.exec.RequestStopIfSingleUsedDaemon.execute(Lorg/gradle/launcher/daemon/server/api/DaemonCommandExecution;)V+33
j  org.gradle.launcher.daemon.server.api.DaemonCommandExecution.proceed()Z+23
j  org.gradle.launcher.daemon.server.exec.ForwardClientInput.lambda$execute$0(Lorg/gradle/launcher/daemon/server/api/DaemonCommandExecution;Lorg/gradle/internal/daemon/clientinput/StdinHandler;)Ljava/lang/Object;+11
j  org.gradle.launcher.daemon.server.exec.ForwardClientInput$$Lambda+0x0000021912194db0.apply(Ljava/lang/Object;)Ljava/lang/Object;+8
j  org.gradle.internal.daemon.clientinput.ClientInputForwarder.forwardInput(Ljava/util/function/Function;)Ljava/lang/Object;+46
j  org.gradle.launcher.daemon.server.exec.ForwardClientInput.execute(Lorg/gradle/launcher/daemon/server/api/DaemonCommandExecution;)V+10
j  org.gradle.launcher.daemon.server.api.DaemonCommandExecution.proceed()Z+23
j  org.gradle.launcher.daemon.server.exec.LogAndCheckHealth.execute(Lorg/gradle/launcher/daemon/server/api/DaemonCommandExecution;)V+51
j  org.gradle.launcher.daemon.server.api.DaemonCommandExecution.proceed()Z+23
j  org.gradle.launcher.daemon.server.exec.LogToClient.doBuild(Lorg/gradle/launcher/daemon/server/api/DaemonCommandExecution;Lorg/gradle/launcher/daemon/protocol/Build;)V+87
j  org.gradle.launcher.daemon.server.exec.BuildCommandOnly.execute(Lorg/gradle/launcher/daemon/server/api/DaemonCommandExecution;)V+49
j  org.gradle.launcher.daemon.server.api.DaemonCommandExecution.proceed()Z+23
j  org.gradle.launcher.daemon.server.exec.EstablishBuildEnvironment.doBuild(Lorg/gradle/launcher/daemon/server/api/DaemonCommandExecution;Lorg/gradle/launcher/daemon/protocol/Build;)V+356
j  org.gradle.launcher.daemon.server.exec.BuildCommandOnly.execute(Lorg/gradle/launcher/daemon/server/api/DaemonCommandExecution;)V+49
j  org.gradle.launcher.daemon.server.api.DaemonCommandExecution.proceed()Z+23
j  org.gradle.launcher.daemon.server.exec.StartBuildOrRespondWithBusy$1.run()V+44
j  org.gradle.launcher.daemon.server.DaemonStateCoordinator.lambda$runCommand$0(Ljava/lang/Runnable;)V+1
j  org.gradle.launcher.daemon.server.DaemonStateCoordinator$$Lambda+0x000002191218f5d0.run()V+8
j  org.gradle.internal.concurrent.ExecutorPolicy$CatchAndRecordFailures.onExecute(Ljava/lang/Runnable;)V+1
j  org.gradle.internal.concurrent.AbstractManagedExecutor$1.run()V+25
j  java.util.concurrent.ThreadPoolExecutor.runWorker(Ljava/util/concurrent/ThreadPoolExecutor$Worker;)V+92 java.base@21.0.11
j  java.util.concurrent.ThreadPoolExecutor$Worker.run()V+5 java.base@21.0.11
j  java.lang.Thread.runWith(Ljava/lang/Object;Ljava/lang/Runnable;)V+5 java.base@21.0.11
j  java.lang.Thread.run()V+19 java.base@21.0.11
v  ~StubRoutines::call_stub 0x000002190753100d

---------------  P R O C E S S  ---------------

Threads class SMR info:
_java_thread_list=0x0000021930305b70, length=64, elements={
0x0000021976e90750, 0x000002197fdca190, 0x000002197fdcd1b0, 0x000002197fdd3720,
0x000002197fdd61d0, 0x000002197fdd92d0, 0x000002197fddd8c0, 0x000002197fddece0,
0x000002197fddfe10, 0x0000021930166e60, 0x00000219301c9240, 0x0000021931889380,
0x0000021931967900, 0x000002193187c6f0, 0x0000021931a342c0, 0x0000021931873350,
0x0000021931ab3770, 0x0000021931ab5840, 0x0000021931ab5ed0, 0x0000021931ab2a50,
0x0000021931ab30e0, 0x0000021931ab3e00, 0x0000021931ab4490, 0x0000021931ab4b20,
0x0000021933edc020, 0x0000021933edd3d0, 0x0000021933ede0f0, 0x0000021933edc6b0,
0x0000021933edb300, 0x0000021933edda60, 0x0000021933edac70, 0x0000021933edb990,
0x00000219339050f0, 0x0000021933903020, 0x0000021933901c70, 0x00000219339036b0,
0x0000021933909290, 0x0000021933906b30, 0x0000021933908c00, 0x00000219339064a0,
0x00000219339071c0, 0x0000021933907850, 0x0000021933e56760, 0x0000021933e560d0,
0x0000021933e57480, 0x0000021933e57b10, 0x0000021933e553b0, 0x0000021933e56df0,
0x0000021933e581a0, 0x0000021933e55a40, 0x00000219344da420, 0x00000219344dd8a0,
0x00000219344daab0, 0x00000219344db7d0, 0x00000219344dbe60, 0x00000219344dc4f0,
0x00000219344ddf30, 0x00000219344dd210, 0x00000219344de5c0, 0x00000219344dcb80,
0x00000219344db140, 0x00000219344e13b0, 0x00000219344e0690, 0x0000021936e51270
}

Java Threads: ( => current thread )
  0x0000021976e90750 JavaThread "main"                              [_thread_blocked, id=7936, stack(0x000000953e800000,0x000000953e900000) (1024K)]
  0x000002197fdca190 JavaThread "Reference Handler"          daemon [_thread_blocked, id=9672, stack(0x000000953f000000,0x000000953f100000) (1024K)]
  0x000002197fdcd1b0 JavaThread "Finalizer"                  daemon [_thread_blocked, id=9720, stack(0x000000953f100000,0x000000953f200000) (1024K)]
  0x000002197fdd3720 JavaThread "Signal Dispatcher"          daemon [_thread_blocked, id=14548, stack(0x000000953f200000,0x000000953f300000) (1024K)]
  0x000002197fdd61d0 JavaThread "Attach Listener"            daemon [_thread_blocked, id=21340, stack(0x000000953f300000,0x000000953f400000) (1024K)]
  0x000002197fdd92d0 JavaThread "Service Thread"             daemon [_thread_blocked, id=7748, stack(0x000000953f400000,0x000000953f500000) (1024K)]
  0x000002197fddd8c0 JavaThread "Monitor Deflation Thread"   daemon [_thread_blocked, id=3044, stack(0x000000953f500000,0x000000953f600000) (1024K)]
  0x000002197fddece0 JavaThread "C2 CompilerThread0"         daemon [_thread_blocked, id=18716, stack(0x000000953f600000,0x000000953f700000) (1024K)]
  0x000002197fddfe10 JavaThread "C1 CompilerThread0"         daemon [_thread_blocked, id=6112, stack(0x000000953f700000,0x000000953f800000) (1024K)]
  0x0000021930166e60 JavaThread "Common-Cleaner"             daemon [_thread_blocked, id=19072, stack(0x000000953f800000,0x000000953f900000) (1024K)]
  0x00000219301c9240 JavaThread "Notification Thread"        daemon [_thread_blocked, id=12524, stack(0x000000953f900000,0x000000953fa00000) (1024K)]
  0x0000021931889380 JavaThread "Daemon health stats"               [_thread_blocked, id=15444, stack(0x000000953fe00000,0x000000953ff00000) (1024K)]
  0x0000021931967900 JavaThread "Incoming local TCP Connector on port 59697"        [_thread_in_native, id=16736, stack(0x0000009540200000,0x0000009540300000) (1024K)]
  0x000002193187c6f0 JavaThread "Daemon periodic checks"            [_thread_blocked, id=15976, stack(0x0000009540300000,0x0000009540400000) (1024K)]
  0x0000021931a342c0 JavaThread "Daemon"                            [_thread_blocked, id=16448, stack(0x0000009540400000,0x0000009540500000) (1024K)]
  0x0000021931873350 JavaThread "Handler for socket connection from /127.0.0.1:59697 to /127.0.0.1:59698"        [_thread_in_native, id=20756, stack(0x0000009540500000,0x0000009540600000) (1024K)]
  0x0000021931ab3770 JavaThread "Cancel handler"                    [_thread_blocked, id=4012, stack(0x0000009540600000,0x0000009540700000) (1024K)]
  0x0000021931ab5840 JavaThread "Daemon worker"                     [_thread_blocked, id=16660, stack(0x0000009540700000,0x0000009540800000) (1024K)]
  0x0000021931ab5ed0 JavaThread "Asynchronous log dispatcher for DefaultDaemonConnection: socket connection from /127.0.0.1:59697 to /127.0.0.1:59698"        [_thread_blocked, id=15428, stack(0x0000009540800000,0x0000009540900000) (1024K)]
  0x0000021931ab2a50 JavaThread "Stdin handler"                     [_thread_blocked, id=17920, stack(0x0000009540900000,0x0000009540a00000) (1024K)]
  0x0000021931ab30e0 JavaThread "Daemon client event forwarder"        [_thread_blocked, id=17172, stack(0x0000009540a00000,0x0000009540b00000) (1024K)]
  0x0000021931ab3e00 JavaThread "Cache worker for journal cache (C:\Users\Vauras\.gradle\caches\journal-1)"        [_thread_blocked, id=11604, stack(0x0000009540b00000,0x0000009540c00000) (1024K)]
  0x0000021931ab4490 JavaThread "File lock request listener"        [_thread_in_native, id=4044, stack(0x0000009540c00000,0x0000009540d00000) (1024K)]
  0x0000021931ab4b20 JavaThread "Cache worker for file hash cache (C:\Users\Vauras\.gradle\caches\8.13\fileHashes)"        [_thread_blocked, id=9840, stack(0x0000009540d00000,0x0000009540e00000) (1024K)]
  0x0000021933edc020 JavaThread "Cache worker for file hash cache (D:\salarybooks_mobileapp\Salarybooks-App\android\.gradle\8.13\fileHashes)"        [_thread_blocked, id=16880, stack(0x0000009540f00000,0x0000009541000000) (1024K)]
  0x0000021933edd3d0 JavaThread "Cache worker for Build Output Cleanup Cache (D:\salarybooks_mobileapp\Salarybooks-App\android\.gradle\buildOutputCleanup)"        [_thread_blocked, id=15684, stack(0x0000009541000000,0x0000009541100000) (1024K)]
  0x0000021933ede0f0 JavaThread "File watcher server"        daemon [_thread_in_native, id=21700, stack(0x0000009541100000,0x0000009541200000) (1024K)]
  0x0000021933edc6b0 JavaThread "File watcher consumer"      daemon [_thread_blocked, id=5252, stack(0x0000009541200000,0x0000009541300000) (1024K)]
  0x0000021933edb300 JavaThread "jar transforms"                    [_thread_blocked, id=16592, stack(0x0000009541300000,0x0000009541400000) (1024K)]
  0x0000021933edda60 JavaThread "jar transforms Thread 2"           [_thread_blocked, id=13164, stack(0x0000009541400000,0x0000009541500000) (1024K)]
  0x0000021933edac70 JavaThread "Cache worker for checksums cache (D:\salarybooks_mobileapp\Salarybooks-App\android\.gradle\8.13\checksums)"        [_thread_blocked, id=17824, stack(0x0000009541500000,0x0000009541600000) (1024K)]
  0x0000021933edb990 JavaThread "Cache worker for file content cache (C:\Users\Vauras\.gradle\caches\8.13\fileContent)"        [_thread_blocked, id=14564, stack(0x0000009541600000,0x0000009541700000) (1024K)]
  0x00000219339050f0 JavaThread "jar transforms Thread 3"           [_thread_blocked, id=4224, stack(0x0000009541700000,0x0000009541800000) (1024K)]
  0x0000021933903020 JavaThread "Cache worker for cache directory md-supplier (C:\Users\Vauras\.gradle\caches\8.13\md-supplier)"        [_thread_blocked, id=4668, stack(0x0000009541800000,0x0000009541900000) (1024K)]
  0x0000021933901c70 JavaThread "Cache worker for cache directory md-rule (C:\Users\Vauras\.gradle\caches\8.13\md-rule)"        [_thread_blocked, id=12976, stack(0x0000009541900000,0x0000009541a00000) (1024K)]
  0x00000219339036b0 JavaThread "Cache worker for Build Output Cleanup Cache (D:\salarybooks_mobileapp\Salarybooks-App\node_modules\@react-native\gradle-plugin\.gradle\buildOutputCleanup)"        [_thread_blocked, id=21852, stack(0x0000009541a00000,0x0000009541b00000) (1024K)]
  0x0000021933909290 JavaThread "Unconstrained build operations"        [_thread_blocked, id=21988, stack(0x0000009541b00000,0x0000009541c00000) (1024K)]
  0x0000021933906b30 JavaThread "Unconstrained build operations Thread 2"        [_thread_blocked, id=18116, stack(0x0000009541c00000,0x0000009541d00000) (1024K)]
  0x0000021933908c00 JavaThread "Unconstrained build operations Thread 3"        [_thread_blocked, id=18408, stack(0x0000009541d00000,0x0000009541e00000) (1024K)]
  0x00000219339064a0 JavaThread "Unconstrained build operations Thread 4"        [_thread_blocked, id=8892, stack(0x0000009541e00000,0x0000009541f00000) (1024K)]
  0x00000219339071c0 JavaThread "Unconstrained build operations Thread 5"        [_thread_blocked, id=16472, stack(0x0000009541f00000,0x0000009542000000) (1024K)]
  0x0000021933907850 JavaThread "Unconstrained build operations Thread 6"        [_thread_blocked, id=20692, stack(0x0000009542000000,0x0000009542100000) (1024K)]
  0x0000021933e56760 JavaThread "Unconstrained build operations Thread 7"        [_thread_blocked, id=9028, stack(0x0000009542300000,0x0000009542400000) (1024K)]
  0x0000021933e560d0 JavaThread "Unconstrained build operations Thread 8"        [_thread_blocked, id=6820, stack(0x0000009542400000,0x0000009542500000) (1024K)]
  0x0000021933e57480 JavaThread "Unconstrained build operations Thread 9"        [_thread_blocked, id=8308, stack(0x0000009542500000,0x0000009542600000) (1024K)]
  0x0000021933e57b10 JavaThread "Unconstrained build operations Thread 10"        [_thread_blocked, id=15612, stack(0x0000009542600000,0x0000009542700000) (1024K)]
  0x0000021933e553b0 JavaThread "Unconstrained build operations Thread 11"        [_thread_blocked, id=7824, stack(0x0000009542700000,0x0000009542800000) (1024K)]
  0x0000021933e56df0 JavaThread "Unconstrained build operations Thread 12"        [_thread_blocked, id=19212, stack(0x0000009542800000,0x0000009542900000) (1024K)]
  0x0000021933e581a0 JavaThread "Unconstrained build operations Thread 13"        [_thread_blocked, id=16648, stack(0x0000009542900000,0x0000009542a00000) (1024K)]
  0x0000021933e55a40 JavaThread "Unconstrained build operations Thread 14"        [_thread_blocked, id=17876, stack(0x0000009542a00000,0x0000009542b00000) (1024K)]
  0x00000219344da420 JavaThread "Unconstrained build operations Thread 15"        [_thread_blocked, id=21032, stack(0x0000009542b00000,0x0000009542c00000) (1024K)]
  0x00000219344dd8a0 JavaThread "Unconstrained build operations Thread 16"        [_thread_blocked, id=4236, stack(0x0000009542c00000,0x0000009542d00000) (1024K)]
  0x00000219344daab0 JavaThread "Unconstrained build operations Thread 17"        [_thread_blocked, id=14892, stack(0x0000009542d00000,0x0000009542e00000) (1024K)]
  0x00000219344db7d0 JavaThread "Unconstrained build operations Thread 18"        [_thread_blocked, id=17728, stack(0x0000009542e00000,0x0000009542f00000) (1024K)]
  0x00000219344dbe60 JavaThread "Unconstrained build operations Thread 19"        [_thread_blocked, id=17516, stack(0x0000009542f00000,0x0000009543000000) (1024K)]
  0x00000219344dc4f0 JavaThread "Unconstrained build operations Thread 20"        [_thread_blocked, id=15908, stack(0x0000009543000000,0x0000009543100000) (1024K)]
  0x00000219344ddf30 JavaThread "Unconstrained build operations Thread 21"        [_thread_blocked, id=7180, stack(0x0000009543100000,0x0000009543200000) (1024K)]
  0x00000219344dd210 JavaThread "Unconstrained build operations Thread 22"        [_thread_blocked, id=10648, stack(0x0000009543200000,0x0000009543300000) (1024K)]
  0x00000219344de5c0 JavaThread "Unconstrained build operations Thread 23"        [_thread_blocked, id=20376, stack(0x0000009543300000,0x0000009543400000) (1024K)]
  0x00000219344dcb80 JavaThread "Unconstrained build operations Thread 24"        [_thread_blocked, id=22276, stack(0x0000009543400000,0x0000009543500000) (1024K)]
  0x00000219344db140 JavaThread "Unconstrained build operations Thread 25"        [_thread_blocked, id=21956, stack(0x0000009543500000,0x0000009543600000) (1024K)]
  0x00000219344e13b0 JavaThread "Unconstrained build operations Thread 26"        [_thread_blocked, id=12992, stack(0x0000009543600000,0x0000009543700000) (1024K)]
  0x00000219344e0690 JavaThread "Unconstrained build operations Thread 27"        [_thread_blocked, id=22112, stack(0x0000009543700000,0x0000009543800000) (1024K)]
  0x0000021936e51270 JavaThread "C2 CompilerThread1"         daemon [_thread_blocked, id=21780, stack(0x0000009542100000,0x0000009542200000) (1024K)]
Total: 64

Other Threads:
  0x000002197fdb1540 VMThread "VM Thread"                           [id=18904, stack(0x000000953ef00000,0x000000953f000000) (1024K)]
  0x000002197fd988a0 WatcherThread "VM Periodic Task Thread"        [id=11336, stack(0x000000953ee00000,0x000000953ef00000) (1024K)]
  0x0000021976efa560 WorkerThread "GC Thread#0"                     [id=1368, stack(0x000000953e900000,0x000000953ea00000) (1024K)]
  0x0000021930300100 WorkerThread "GC Thread#1"                     [id=16048, stack(0x000000953fa00000,0x000000953fb00000) (1024K)]
  0x0000021930304aa0 WorkerThread "GC Thread#2"                     [id=16044, stack(0x000000953fb00000,0x000000953fc00000) (1024K)]
=>0x0000021930b95d60 WorkerThread "GC Thread#3"                     [id=6344, stack(0x000000953fc00000,0x000000953fd00000) (1024K)]
  0x0000021930fc3ef0 WorkerThread "GC Thread#4"                     [id=21524, stack(0x000000953fd00000,0x000000953fe00000) (1024K)]
  0x0000021931971b80 WorkerThread "GC Thread#5"                     [id=15756, stack(0x000000953ff00000,0x0000009540000000) (1024K)]
  0x0000021931882bb0 WorkerThread "GC Thread#6"                     [id=15752, stack(0x0000009540000000,0x0000009540100000) (1024K)]
  0x0000021931882f60 WorkerThread "GC Thread#7"                     [id=17088, stack(0x0000009540100000,0x0000009540200000) (1024K)]
  0x0000021976f0c2e0 ConcurrentGCThread "G1 Main Marker"            [id=9968, stack(0x000000953ea00000,0x000000953eb00000) (1024K)]
  0x0000021976f0d4a0 WorkerThread "G1 Conc#0"                       [id=16096, stack(0x000000953eb00000,0x000000953ec00000) (1024K)]
  0x0000021933ef29e0 WorkerThread "G1 Conc#1"                       [id=15872, stack(0x0000009540e00000,0x0000009540f00000) (1024K)]
  0x000002197fc69510 ConcurrentGCThread "G1 Refine#0"               [id=21652, stack(0x000000953ec00000,0x000000953ed00000) (1024K)]
  0x000002197fc69fa0 ConcurrentGCThread "G1 Service"                [id=12884, stack(0x000000953ed00000,0x000000953ee00000) (1024K)]
Total: 15

Threads with active compile tasks:
C2 CompilerThread0  24982 7335  s    4       java.io.ByteArrayOutputStream::write (43 bytes)
C2 CompilerThread1  24982 7338       4       jdk.jfr.internal.util.Tokenizer::isSeparator (39 bytes)
Total: 2

VM state: at safepoint (normal execution)

VM Mutex/Monitor currently owned by a thread:  ([mutex/lock_event])
[0x00007ff9bb39cff0] FreeList_lock - owner thread: 0x0000021930b95d60
[0x00007ff9bb39f570] Threads_lock - owner thread: 0x000002197fdb1540
[0x00007ff9bb39f670] Heap_lock - owner thread: 0x0000021931ab5840

Heap address: 0x0000000700000000, size: 4096 MB, Compressed Oops mode: Zero based, Oop shift amount: 3

CDS archive(s) mapped at: [0x0000021911000000-0x0000021911ba0000-0x0000021911ba0000), size 12189696, SharedBaseAddress: 0x0000021911000000, ArchiveRelocationMode: 1.
Compressed class space mapped at: 0x0000021912000000-0x000002192c000000, reserved size: 436207616
Narrow klass base: 0x0000021911000000, Narrow klass shift: 0, Narrow klass range: 0x100000000

GC Precious Log:
 CardTable entry size: 512
 Card Set container configuration: InlinePtr #cards 4 size 8 Array Of Cards #cards 16 size 48 Howl #buckets 8 coarsen threshold 3686 Howl Bitmap #cards 512 size 80 coarsen threshold 460 Card regions per heap region 1 cards per card region 4096
 CPUs: 8 total, 8 available
 Memory: 7418M
 Large Page Support: Disabled
 NUMA Support: Disabled
 Compressed Oops: Enabled (Zero based)
 Heap Region Size: 2M
 Heap Min Capacity: 8M
 Heap Initial Capacity: 116M
 Heap Max Capacity: 4G
 Pre-touch: Disabled
 Parallel Workers: 8
 Concurrent Workers: 2
 Concurrent Refinement Workers: 8
 Periodic GC: Disabled

Heap:
 garbage-first heap   total 96256K, used 87084K [0x0000000700000000, 0x0000000800000000)
  region size 2048K, 14 young (28672K), 1 survivors (2048K)
 Metaspace       used 60060K, committed 61952K, reserved 491520K
  class space    used 8689K, committed 9600K, reserved 425984K

Heap Regions: E=young(eden), S=young(survivor), O=old, HS=humongous(starts), HC=humongous(continues), CS=collection set, F=free, TAMS=top-at-mark-start, PB=parsable bottom
|   0|0x0000000700000000, 0x0000000700200000, 0x0000000700200000|100%|HS|  |TAMS 0x0000000700000000| PB 0x0000000700000000| Complete 
|   1|0x0000000700200000, 0x0000000700400000, 0x0000000700400000|100%|HC|  |TAMS 0x0000000700200000| PB 0x0000000700200000| Complete 
|   2|0x0000000700400000, 0x0000000700600000, 0x0000000700600000|100%| O|  |TAMS 0x0000000700400000| PB 0x0000000700400000| Untracked 
|   3|0x0000000700600000, 0x0000000700800000, 0x0000000700800000|100%| O|  |TAMS 0x0000000700600000| PB 0x0000000700600000| Untracked 
|   4|0x0000000700800000, 0x0000000700a00000, 0x0000000700a00000|100%| O|  |TAMS 0x0000000700800000| PB 0x0000000700800000| Untracked 
|   5|0x0000000700a00000, 0x0000000700c00000, 0x0000000700c00000|100%| O|  |TAMS 0x0000000700a00000| PB 0x0000000700a00000| Untracked 
|   6|0x0000000700c00000, 0x0000000700e00000, 0x0000000700e00000|100%| O|  |TAMS 0x0000000700c00000| PB 0x0000000700c00000| Untracked 
|   7|0x0000000700e00000, 0x0000000701000000, 0x0000000701000000|100%| O|  |TAMS 0x0000000700e00000| PB 0x0000000700e00000| Untracked 
|   8|0x0000000701000000, 0x0000000701200000, 0x0000000701200000|100%| O|  |TAMS 0x0000000701000000| PB 0x0000000701000000| Untracked 
|   9|0x0000000701200000, 0x0000000701400000, 0x0000000701400000|100%| O|  |TAMS 0x0000000701200000| PB 0x0000000701200000| Untracked 
|  10|0x0000000701400000, 0x0000000701600000, 0x0000000701600000|100%| O|  |TAMS 0x0000000701400000| PB 0x0000000701400000| Untracked 
|  11|0x0000000701600000, 0x0000000701800000, 0x0000000701800000|100%| O|  |TAMS 0x0000000701600000| PB 0x0000000701600000| Untracked 
|  12|0x0000000701800000, 0x0000000701a00000, 0x0000000701a00000|100%| O|CS|TAMS 0x0000000701800000| PB 0x0000000701800000| Complete 
|  13|0x0000000701a00000, 0x0000000701c00000, 0x0000000701c00000|100%| O|  |TAMS 0x0000000701a00000| PB 0x0000000701a00000| Untracked 
|  14|0x0000000701c00000, 0x0000000701e00000, 0x0000000701e00000|100%| O|  |TAMS 0x0000000701c00000| PB 0x0000000701c00000| Untracked 
|  15|0x0000000701e00000, 0x0000000702000000, 0x0000000702000000|100%| O|  |TAMS 0x0000000701e00000| PB 0x0000000701e00000| Untracked 
|  16|0x0000000702000000, 0x0000000702200000, 0x0000000702200000|100%| O|  |TAMS 0x0000000702000000| PB 0x0000000702000000| Untracked 
|  17|0x0000000702200000, 0x0000000702400000, 0x0000000702400000|100%| O|  |TAMS 0x0000000702200000| PB 0x0000000702200000| Untracked 
|  18|0x0000000702400000, 0x0000000702600000, 0x0000000702600000|100%| O|  |TAMS 0x0000000702400000| PB 0x0000000702400000| Untracked 
|  19|0x0000000702600000, 0x0000000702800000, 0x0000000702800000|100%| O|  |TAMS 0x0000000702600000| PB 0x0000000702600000| Untracked 
|  20|0x0000000702800000, 0x0000000702a00000, 0x0000000702a00000|100%| O|  |TAMS 0x0000000702800000| PB 0x0000000702800000| Untracked 
|  21|0x0000000702a00000, 0x0000000702c00000, 0x0000000702c00000|100%|HS|  |TAMS 0x0000000702a00000| PB 0x0000000702a00000| Complete 
|  22|0x0000000702c00000, 0x0000000702e00000, 0x0000000702e00000|100%| O|  |TAMS 0x0000000702c00000| PB 0x0000000702c00000| Untracked 
|  23|0x0000000702e00000, 0x0000000703000000, 0x0000000703000000|100%|HS|  |TAMS 0x0000000702e00000| PB 0x0000000702e00000| Complete 
|  24|0x0000000703000000, 0x0000000703200000, 0x0000000703200000|100%| O|  |TAMS 0x0000000703000000| PB 0x0000000703000000| Untracked 
|  25|0x0000000703200000, 0x0000000703400000, 0x0000000703400000|100%| E|CS|TAMS 0x0000000703200000| PB 0x0000000703200000| Complete 
|  26|0x0000000703400000, 0x0000000703600000, 0x0000000703600000|100%| O|  |TAMS 0x0000000703400000| PB 0x0000000703400000| Untracked 
|  27|0x0000000703600000, 0x0000000703800000, 0x0000000703800000|100%|HS|  |TAMS 0x0000000703600000| PB 0x0000000703600000| Complete 
|  28|0x0000000703800000, 0x0000000703a00000, 0x0000000703a00000|100%|HC|  |TAMS 0x0000000703800000| PB 0x0000000703800000| Complete 
|  29|0x0000000703a00000, 0x0000000703c00000, 0x0000000703c00000|100%| O|  |TAMS 0x0000000703a00000| PB 0x0000000703a00000| Untracked 
|  30|0x0000000703c00000, 0x0000000703e00000, 0x0000000703e00000|100%| S|  |TAMS 0x0000000703c00000| PB 0x0000000703c00000| Complete 
|  31|0x0000000703e00000, 0x0000000704000000, 0x0000000704000000|100%| E|CS|TAMS 0x0000000703e00000| PB 0x0000000703e00000| Complete 
|  32|0x0000000704000000, 0x0000000704200000, 0x0000000704200000|100%| E|CS|TAMS 0x0000000704000000| PB 0x0000000704000000| Complete 
|  33|0x0000000704200000, 0x0000000704400000, 0x0000000704400000|100%| E|CS|TAMS 0x0000000704200000| PB 0x0000000704200000| Complete 
|  34|0x0000000704400000, 0x0000000704600000, 0x0000000704600000|100%| E|CS|TAMS 0x0000000704400000| PB 0x0000000704400000| Complete 
|  35|0x0000000704600000, 0x0000000704800000, 0x0000000704800000|100%| E|CS|TAMS 0x0000000704600000| PB 0x0000000704600000| Complete 
|  36|0x0000000704800000, 0x0000000704a00000, 0x0000000704a00000|100%| E|CS|TAMS 0x0000000704800000| PB 0x0000000704800000| Complete 
|  37|0x0000000704a00000, 0x0000000704c00000, 0x0000000704c00000|100%| E|CS|TAMS 0x0000000704a00000| PB 0x0000000704a00000| Complete 
|  38|0x0000000704c00000, 0x0000000704e00000, 0x0000000704e00000|100%| E|CS|TAMS 0x0000000704c00000| PB 0x0000000704c00000| Complete 
|  39|0x0000000704e00000, 0x0000000705000000, 0x0000000705000000|100%| E|CS|TAMS 0x0000000704e00000| PB 0x0000000704e00000| Complete 
|  40|0x0000000705000000, 0x0000000705124e80, 0x0000000705200000| 57%| E|CS|TAMS 0x0000000705000000| PB 0x0000000705000000| Complete 
|  42|0x0000000705400000, 0x0000000705600000, 0x0000000705600000|100%| E|CS|TAMS 0x0000000705400000| PB 0x0000000705400000| Complete 
|  43|0x0000000705600000, 0x0000000705800000, 0x0000000705800000|100%| E|CS|TAMS 0x0000000705600000| PB 0x0000000705600000| Complete 
|  44|0x0000000705800000, 0x0000000705a00000, 0x0000000705a00000|100%| E|CS|TAMS 0x0000000705800000| PB 0x0000000705800000| Complete 
|  45|0x0000000705a00000, 0x0000000705c00000, 0x0000000705c00000|100%| E|CS|TAMS 0x0000000705a00000| PB 0x0000000705a00000| Complete 
|  57|0x0000000707200000, 0x0000000707400000, 0x0000000707400000|100%| E|CS|TAMS 0x0000000707200000| PB 0x0000000707200000| Complete 
|2047|0x00000007ffe00000, 0x0000000800000000, 0x0000000800000000|100%| O|  |TAMS 0x00000007ffe00000| PB 0x00000007ffe00000| Untracked 

Card table byte_map: [0x000002197abc0000,0x000002197b3c0000] _byte_map_base: 0x00000219773c0000

Marking Bits: (CMBitMap*) 0x0000021976efab80
 Bits: [0x000002197b3c0000, 0x000002197f3c0000)

Polling page: 0x0000021974ed0000

Metaspace:

Usage:
  Non-class:     50.17 MB used.
      Class:      8.49 MB used.
       Both:     58.65 MB used.

Virtual space:
  Non-class space:       64.00 MB reserved,      51.12 MB ( 80%) committed,  1 nodes.
      Class space:      416.00 MB reserved,       9.38 MB (  2%) committed,  1 nodes.
             Both:      480.00 MB reserved,      60.50 MB ( 13%) committed. 

Chunk freelists:
   Non-Class:  12.15 MB
       Class:  6.60 MB
        Both:  18.75 MB

MaxMetaspaceSize: 512.00 MB
CompressedClassSpaceSize: 416.00 MB
Initial GC threshold: 21.00 MB
Current GC threshold: 95.94 MB
CDS: on
 - commit_granule_bytes: 65536.
 - commit_granule_words: 8192.
 - virtual_space_node_default_size: 8388608.
 - enlarge_chunks_in_place: 1.
 - use_allocation_guard: 0.


Internal statistics:

num_allocs_failed_limit: 6.
num_arena_births: 3328.
num_arena_deaths: 0.
num_vsnodes_births: 2.
num_vsnodes_deaths: 0.
num_space_committed: 968.
num_space_uncommitted: 0.
num_chunks_returned_to_freelist: 6.
num_chunks_taken_from_freelist: 6163.
num_chunk_merges: 6.
num_chunk_splits: 4007.
num_chunks_enlarged: 2472.
num_inconsistent_stats: 0.

CodeHeap 'non-profiled nmethods': size=120000Kb used=3817Kb max_used=3817Kb free=116182Kb
 bounds [0x0000021907ad0000, 0x0000021907e90000, 0x000002190f000000]
CodeHeap 'profiled nmethods': size=120000Kb used=12830Kb max_used=12830Kb free=107169Kb
 bounds [0x0000021900000000, 0x0000021900c90000, 0x0000021907530000]
CodeHeap 'non-nmethods': size=5760Kb used=2645Kb max_used=2686Kb free=3114Kb
 bounds [0x0000021907530000, 0x00000219077e0000, 0x0000021907ad0000]
CodeCache: size=245760Kb, used=19292Kb, max_used=19333Kb, free=226465Kb
 total_blobs=7575, nmethods=6664, adapters=815, full_count=0
Compilation: enabled, stopped_count=0, restarted_count=0

Compilation events (20 events):
Event: 22.928 Thread 0x0000021936e51270 7336       4       java.lang.Character::isWhitespace (5 bytes)
Event: 22.929 Thread 0x000002197fddfe10 nmethod 7330 0x0000021900c83990 code [0x0000021900c83d60, 0x0000021900c85560]
Event: 22.929 Thread 0x000002197fddfe10 7332       3       jdk.jfr.internal.util.Tokenizer::findNext (69 bytes)
Event: 22.930 Thread 0x0000021936e51270 nmethod 7336 0x0000021907e89190 code [0x0000021907e89320, 0x0000021907e89438]
Event: 22.930 Thread 0x0000021936e51270 7337       4       java.lang.CharacterDataLatin1::isWhitespace (23 bytes)
Event: 22.930 Thread 0x000002197fddfe10 nmethod 7332 0x0000021900c85d90 code [0x0000021900c86040, 0x0000021900c86c78]
Event: 22.930 Thread 0x000002197fddfe10 7331       1       jdk.jfr.internal.query.ViewFile$ViewConfiguration::properties (5 bytes)
Event: 22.930 Thread 0x000002197fddfe10 nmethod 7331 0x0000021907e89590 code [0x0000021907e89720, 0x0000021907e897f0]
Event: 22.930 Thread 0x000002197fddfe10 7329       3       java.lang.String::lastIndexOf (104 bytes)
Event: 22.930 Thread 0x0000021936e51270 nmethod 7337 0x0000021907e89890 code [0x0000021907e89a20, 0x0000021907e89af0]
Event: 22.931 Thread 0x000002197fddfe10 nmethod 7329 0x0000021900c87190 code [0x0000021900c873c0, 0x0000021900c878f0]
Event: 22.931 Thread 0x000002197fddfe10 7340       3       jdk.jfr.internal.util.Tokenizer::expect (40 bytes)
Event: 22.931 Thread 0x0000021936e51270 7338       4       jdk.jfr.internal.util.Tokenizer::isSeparator (39 bytes)
Event: 22.931 Thread 0x000002197fddfe10 nmethod 7340 0x0000021900c87b10 code [0x0000021900c87d40, 0x0000021900c88380]
Event: 22.931 Thread 0x000002197fddfe10 7333       1       java.nio.MappedByteBuffer::fileDescriptor (5 bytes)
Event: 22.931 Thread 0x000002197fddfe10 nmethod 7333 0x0000021907e89b90 code [0x0000021907e89d20, 0x0000021907e89df0]
Event: 22.931 Thread 0x000002197fddfe10 7334       1       java.nio.MappedByteBuffer::isSync (5 bytes)
Event: 22.931 Thread 0x000002197fddfe10 nmethod 7334 0x0000021907e89e90 code [0x0000021907e8a020, 0x0000021907e8a0f0]
Event: 22.931 Thread 0x000002197fddfe10 7341       1       jdk.jfr.internal.query.ViewFile$ViewConfiguration::category (5 bytes)
Event: 22.931 Thread 0x000002197fddfe10 nmethod 7341 0x0000021907e8a190 code [0x0000021907e8a320, 0x0000021907e8a3f0]

GC Heap History (20 events):
Event: 10.210 GC heap after
{Heap after GC invocations=7 (full 0):
 garbage-first heap   total 90112K, used 27959K [0x0000000700000000, 0x0000000800000000)
  region size 2048K, 3 young (6144K), 3 survivors (6144K)
 Metaspace       used 27095K, committed 28096K, reserved 491520K
  class space    used 4123K, committed 4608K, reserved 425984K
}
Event: 11.493 GC heap before
{Heap before GC invocations=7 (full 0):
 garbage-first heap   total 90112K, used 68919K [0x0000000700000000, 0x0000000800000000)
  region size 2048K, 24 young (49152K), 3 survivors (6144K)
 Metaspace       used 32425K, committed 33408K, reserved 491520K
  class space    used 4688K, committed 5184K, reserved 425984K
}
Event: 11.502 GC heap after
{Heap after GC invocations=8 (full 0):
 garbage-first heap   total 90112K, used 31987K [0x0000000700000000, 0x0000000800000000)
  region size 2048K, 3 young (6144K), 3 survivors (6144K)
 Metaspace       used 32425K, committed 33408K, reserved 491520K
  class space    used 4688K, committed 5184K, reserved 425984K
}
Event: 12.113 GC heap before
{Heap before GC invocations=8 (full 0):
 garbage-first heap   total 90112K, used 52467K [0x0000000700000000, 0x0000000800000000)
  region size 2048K, 13 young (26624K), 3 survivors (6144K)
 Metaspace       used 34946K, committed 35968K, reserved 491520K
  class space    used 4977K, committed 5504K, reserved 425984K
}
Event: 12.119 GC heap after
{Heap after GC invocations=9 (full 0):
 garbage-first heap   total 90112K, used 34126K [0x0000000700000000, 0x0000000800000000)
  region size 2048K, 1 young (2048K), 1 survivors (2048K)
 Metaspace       used 34946K, committed 35968K, reserved 491520K
  class space    used 4977K, committed 5504K, reserved 425984K
}
Event: 15.567 GC heap before
{Heap before GC invocations=10 (full 0):
 garbage-first heap   total 90112K, used 75086K [0x0000000700000000, 0x0000000800000000)
  region size 2048K, 21 young (43008K), 1 survivors (2048K)
 Metaspace       used 39346K, committed 40768K, reserved 491520K
  class space    used 5702K, committed 6400K, reserved 425984K
}
Event: 15.572 GC heap after
{Heap after GC invocations=11 (full 0):
 garbage-first heap   total 90112K, used 36963K [0x0000000700000000, 0x0000000800000000)
  region size 2048K, 3 young (6144K), 3 survivors (6144K)
 Metaspace       used 39346K, committed 40768K, reserved 491520K
  class space    used 5702K, committed 6400K, reserved 425984K
}
Event: 16.265 GC heap before
{Heap before GC invocations=11 (full 0):
 garbage-first heap   total 90112K, used 73827K [0x0000000700000000, 0x0000000800000000)
  region size 2048K, 22 young (45056K), 3 survivors (6144K)
 Metaspace       used 41584K, committed 43072K, reserved 491520K
  class space    used 5924K, committed 6656K, reserved 425984K
}
Event: 16.272 GC heap after
{Heap after GC invocations=12 (full 0):
 garbage-first heap   total 90112K, used 37596K [0x0000000700000000, 0x0000000800000000)
  region size 2048K, 3 young (6144K), 3 survivors (6144K)
 Metaspace       used 41584K, committed 43072K, reserved 491520K
  class space    used 5924K, committed 6656K, reserved 425984K
}
Event: 17.545 GC heap before
{Heap before GC invocations=12 (full 0):
 garbage-first heap   total 90112K, used 76508K [0x0000000700000000, 0x0000000800000000)
  region size 2048K, 22 young (45056K), 3 survivors (6144K)
 Metaspace       used 45780K, committed 47424K, reserved 491520K
  class space    used 6591K, committed 7424K, reserved 425984K
}
Event: 17.550 GC heap after
{Heap after GC invocations=13 (full 0):
 garbage-first heap   total 90112K, used 39536K [0x0000000700000000, 0x0000000800000000)
  region size 2048K, 2 young (4096K), 2 survivors (4096K)
 Metaspace       used 45780K, committed 47424K, reserved 491520K
  class space    used 6591K, committed 7424K, reserved 425984K
}
Event: 19.125 GC heap before
{Heap before GC invocations=13 (full 0):
 garbage-first heap   total 90112K, used 78448K [0x0000000700000000, 0x0000000800000000)
  region size 2048K, 21 young (43008K), 2 survivors (4096K)
 Metaspace       used 50069K, committed 51776K, reserved 491520K
  class space    used 7257K, committed 8064K, reserved 425984K
}
Event: 19.132 GC heap after
{Heap after GC invocations=14 (full 0):
 garbage-first heap   total 90112K, used 42526K [0x0000000700000000, 0x0000000800000000)
  region size 2048K, 3 young (6144K), 3 survivors (6144K)
 Metaspace       used 50069K, committed 51776K, reserved 491520K
  class space    used 7257K, committed 8064K, reserved 425984K
}
Event: 20.346 GC heap before
{Heap before GC invocations=14 (full 0):
 garbage-first heap   total 90112K, used 77342K [0x0000000700000000, 0x0000000800000000)
  region size 2048K, 21 young (43008K), 3 survivors (6144K)
 Metaspace       used 54404K, committed 56192K, reserved 491520K
  class space    used 7899K, committed 8768K, reserved 425984K
}
Event: 20.352 GC heap after
{Heap after GC invocations=15 (full 0):
 garbage-first heap   total 90112K, used 45672K [0x0000000700000000, 0x0000000800000000)
  region size 2048K, 3 young (6144K), 3 survivors (6144K)
 Metaspace       used 54404K, committed 56192K, reserved 491520K
  class space    used 7899K, committed 8768K, reserved 425984K
}
Event: 21.529 GC heap before
{Heap before GC invocations=15 (full 0):
 garbage-first heap   total 90112K, used 80488K [0x0000000700000000, 0x0000000800000000)
  region size 2048K, 20 young (40960K), 3 survivors (6144K)
 Metaspace       used 57065K, committed 58880K, reserved 491520K
  class space    used 8306K, committed 9216K, reserved 425984K
}
Event: 21.536 GC heap after
{Heap after GC invocations=16 (full 0):
 garbage-first heap   total 90112K, used 48261K [0x0000000700000000, 0x0000000800000000)
  region size 2048K, 3 young (6144K), 3 survivors (6144K)
 Metaspace       used 57065K, committed 58880K, reserved 491520K
  class space    used 8306K, committed 9216K, reserved 425984K
}
Event: 22.200 GC heap before
{Heap before GC invocations=17 (full 0):
 garbage-first heap   total 90112K, used 85125K [0x0000000700000000, 0x0000000800000000)
  region size 2048K, 18 young (36864K), 3 survivors (6144K)
 Metaspace       used 57917K, committed 59776K, reserved 491520K
  class space    used 8410K, committed 9344K, reserved 425984K
}
Event: 22.209 GC heap after
{Heap after GC invocations=18 (full 0):
 garbage-first heap   total 96256K, used 58412K [0x0000000700000000, 0x0000000800000000)
  region size 2048K, 3 young (6144K), 3 survivors (6144K)
 Metaspace       used 57917K, committed 59776K, reserved 491520K
  class space    used 8410K, committed 9344K, reserved 425984K
}
Event: 22.932 GC heap before
{Heap before GC invocations=18 (full 0):
 garbage-first heap   total 96256K, used 87084K [0x0000000700000000, 0x0000000800000000)
  region size 2048K, 16 young (32768K), 3 survivors (6144K)
 Metaspace       used 60060K, committed 61952K, reserved 491520K
  class space    used 8689K, committed 9600K, reserved 425984K
}

Dll operation events (14 events):
Event: 0.014 Loaded shared library C:\Users\Vauras\.vscode\extensions\redhat.java-1.55.0-win32-x64\jre\21.0.11-win32-x86_64\bin\java.dll
Event: 0.109 Loaded shared library C:\Users\Vauras\.vscode\extensions\redhat.java-1.55.0-win32-x64\jre\21.0.11-win32-x86_64\bin\zip.dll
Event: 0.137 Loaded shared library C:\Users\Vauras\.vscode\extensions\redhat.java-1.55.0-win32-x64\jre\21.0.11-win32-x86_64\bin\instrument.dll
Event: 0.144 Loaded shared library C:\Users\Vauras\.vscode\extensions\redhat.java-1.55.0-win32-x64\jre\21.0.11-win32-x86_64\bin\net.dll
Event: 0.147 Loaded shared library C:\Users\Vauras\.vscode\extensions\redhat.java-1.55.0-win32-x64\jre\21.0.11-win32-x86_64\bin\nio.dll
Event: 0.151 Loaded shared library C:\Users\Vauras\.vscode\extensions\redhat.java-1.55.0-win32-x64\jre\21.0.11-win32-x86_64\bin\zip.dll
Event: 0.590 Loaded shared library C:\Users\Vauras\.vscode\extensions\redhat.java-1.55.0-win32-x64\jre\21.0.11-win32-x86_64\bin\jimage.dll
Event: 0.911 Loaded shared library C:\Users\Vauras\.vscode\extensions\redhat.java-1.55.0-win32-x64\jre\21.0.11-win32-x86_64\bin\verify.dll
Event: 1.082 Loaded shared library C:\Users\Vauras\.gradle\native\1def1411415f61bf3af743bc5b6707747c0891f09f0c88961ee8f79bc544acac\windows-amd64\native-platform.dll
Event: 1.111 Loaded shared library C:\Users\Vauras\.gradle\native\0.2.7\x86_64-windows-gnu\gradle-fileevents.dll
Event: 3.168 Loaded shared library C:\Users\Vauras\.vscode\extensions\redhat.java-1.55.0-win32-x64\jre\21.0.11-win32-x86_64\bin\management.dll
Event: 3.175 Loaded shared library C:\Users\Vauras\.vscode\extensions\redhat.java-1.55.0-win32-x64\jre\21.0.11-win32-x86_64\bin\management_ext.dll
Event: 3.550 Loaded shared library C:\Users\Vauras\.vscode\extensions\redhat.java-1.55.0-win32-x64\jre\21.0.11-win32-x86_64\bin\extnet.dll
Event: 4.017 Loaded shared library C:\Users\Vauras\.vscode\extensions\redhat.java-1.55.0-win32-x64\jre\21.0.11-win32-x86_64\bin\sunmscapi.dll

Deoptimization events (20 events):
Event: 22.537 Thread 0x0000021931ab5840 Uncommon trap: trap_request=0xffffff45 fr.pc=0x0000021907b0219c relative=0x000000000000061c
Event: 22.537 Thread 0x0000021931ab5840 Uncommon trap: reason=unstable_if action=reinterpret pc=0x0000021907b0219c method=java.lang.Integer.stringSize(I)I @ 19 c2
Event: 22.537 Thread 0x0000021931ab5840 DEOPT PACKING pc=0x0000021907b0219c sp=0x00000095407f6090
Event: 22.537 Thread 0x0000021931ab5840 DEOPT UNPACKING pc=0x0000021907584422 sp=0x00000095407f5fc8 mode 2
Event: 22.592 Thread 0x0000021931ab5840 Uncommon trap: trap_request=0xffffff45 fr.pc=0x0000021907b62bc0 relative=0x00000000000000a0
Event: 22.592 Thread 0x0000021931ab5840 Uncommon trap: reason=unstable_if action=reinterpret pc=0x0000021907b62bc0 method=java.lang.Integer.stringSize(I)I @ 19 c2
Event: 22.592 Thread 0x0000021931ab5840 DEOPT PACKING pc=0x0000021907b62bc0 sp=0x00000095407f5ec0
Event: 22.592 Thread 0x0000021931ab5840 DEOPT UNPACKING pc=0x0000021907584422 sp=0x00000095407f5e40 mode 2
Event: 22.857 Thread 0x0000021931ab5840 Uncommon trap: trap_request=0xffffff76 fr.pc=0x0000021907df1c8c relative=0x000000000000014c
Event: 22.857 Thread 0x0000021931ab5840 Uncommon trap: reason=predicate action=maybe_recompile pc=0x0000021907df1c8c method=java.util.Arrays.binarySearch0([Ljava/lang/Object;IILjava/lang/Object;Ljava/util/Comparator;)I @ 25 c2
Event: 22.857 Thread 0x0000021931ab5840 DEOPT PACKING pc=0x0000021907df1c8c sp=0x00000095407f4d80
Event: 22.857 Thread 0x0000021931ab5840 DEOPT UNPACKING pc=0x0000021907584422 sp=0x00000095407f4ce8 mode 2
Event: 22.923 Thread 0x0000021931ab5840 Uncommon trap: trap_request=0xffffff45 fr.pc=0x0000021907ba61e8 relative=0x00000000000000c8
Event: 22.923 Thread 0x0000021931ab5840 Uncommon trap: reason=unstable_if action=reinterpret pc=0x0000021907ba61e8 method=java.lang.CharacterDataLatin1.isWhitespace(I)Z @ 14 c2
Event: 22.923 Thread 0x0000021931ab5840 DEOPT PACKING pc=0x0000021907ba61e8 sp=0x00000095407f4450
Event: 22.923 Thread 0x0000021931ab5840 DEOPT UNPACKING pc=0x0000021907584422 sp=0x00000095407f4318 mode 2
Event: 22.924 Thread 0x0000021931ab5840 Uncommon trap: trap_request=0xffffff45 fr.pc=0x0000021907b4c2bc relative=0x000000000000009c
Event: 22.924 Thread 0x0000021931ab5840 Uncommon trap: reason=unstable_if action=reinterpret pc=0x0000021907b4c2bc method=java.lang.CharacterDataLatin1.isWhitespace(I)Z @ 14 c2
Event: 22.924 Thread 0x0000021931ab5840 DEOPT PACKING pc=0x0000021907b4c2bc sp=0x00000095407f4410
Event: 22.924 Thread 0x0000021931ab5840 DEOPT UNPACKING pc=0x0000021907584422 sp=0x00000095407f4380 mode 2

Classes loaded (20 events):
Event: 22.918 Loading class java/lang/StringLatin1$LinesSpliterator
Event: 22.918 Loading class java/lang/StringLatin1$LinesSpliterator done
Event: 22.918 Loading class java/util/ImmutableCollections$Access
Event: 22.918 Loading class java/util/ImmutableCollections$Access done
Event: 22.918 Loading class java/util/ImmutableCollections$Access$1
Event: 22.919 Loading class jdk/internal/access/JavaUtilCollectionAccess
Event: 22.919 Loading class jdk/internal/access/JavaUtilCollectionAccess done
Event: 22.919 Loading class java/util/ImmutableCollections$Access$1 done
Event: 22.920 Loading class jdk/jfr/internal/query/ViewPrinter
Event: 22.921 Loading class jdk/jfr/internal/query/ViewPrinter done
Event: 22.921 Loading class jdk/jfr/internal/util/Columnizer
Event: 22.921 Loading class jdk/jfr/internal/util/Columnizer done
Event: 22.921 Loading class jdk/jfr/internal/query/ViewFile
Event: 22.922 Loading class jdk/jfr/internal/query/ViewFile done
Event: 22.923 Loading class jdk/jfr/internal/util/Tokenizer
Event: 22.923 Loading class jdk/jfr/internal/util/Tokenizer done
Event: 22.924 Loading class jdk/jfr/internal/query/ViewFile$ViewConfiguration
Event: 22.924 Loading class jdk/jfr/internal/query/ViewFile$ViewConfiguration done
Event: 22.927 Loading class jdk/jfr/internal/util/Columnizer$Column
Event: 22.927 Loading class jdk/jfr/internal/util/Columnizer$Column done

Classes unloaded (0 events):
No events

Classes redefined (0 events):
No events

Internal exceptions (20 events):
Event: 22.232 Thread 0x0000021931ab5840 Exception <a 'java/lang/ClassNotFoundException'{0x0000000705aa0e80}: org/gradle/api/internal/DefaultNamedDomainObjectCollectionCustomizer> (0x0000000705aa0e80) 
thrown [s\src\hotspot\share\classfile\systemDictionary.cpp, line 313]
Event: 22.238 Thread 0x0000021931ab5840 Exception <a 'java/lang/ClassNotFoundException'{0x0000000705af2e38}: org/gradle/api/internal/DefaultNamedDomainObjectSetCustomizer> (0x0000000705af2e38) 
thrown [s\src\hotspot\share\classfile\systemDictionary.cpp, line 313]
Event: 22.244 Thread 0x0000021931ab5840 Exception <a 'java/lang/ClassNotFoundException'{0x0000000705b79f80}: org/gradle/api/internal/tasks/DefaultTaskCollectionCustomizer> (0x0000000705b79f80) 
thrown [s\src\hotspot\share\classfile\systemDictionary.cpp, line 313]
Event: 22.253 Thread 0x0000021931ab5840 Exception <a 'java/lang/ClassNotFoundException'{0x0000000705829110}: org/gradle/api/internal/tasks/DefaultTaskContainerCustomizer> (0x0000000705829110) 
thrown [s\src\hotspot\share\classfile\systemDictionary.cpp, line 313]
Event: 22.269 Thread 0x0000021931ab5840 Exception <a 'java/lang/ClassNotFoundException'{0x0000000705600430}: org/gradle/api/internal/tasks/DefaultTaskContainer_DecoratedCustomizer> (0x0000000705600430) 
thrown [s\src\hotspot\share\classfile\systemDictionary.cpp, line 313]
Event: 22.648 Thread 0x0000021931ab5840 Exception <a 'java/lang/NoSuchMethodError'{0x00000007047deb90}: static Lorg/jetbrains/kotlin/gradle/plugin/internal/DefaultConfigurationTimePropertiesAccessorVariantFactory;.<clinit>()V> (0x00000007047deb90) 
thrown [s\src\hotspot\share\prims\jni.cpp, line 1111]
Event: 22.650 Thread 0x0000021931ab5840 Exception <a 'java/lang/NoSuchMethodError'{0x0000000704402d80}: static Lorg/jetbrains/kotlin/gradle/plugin/internal/DefaultProjectIsolationStartParameterAccessor$Factory;.<clinit>()V> (0x0000000704402d80) 
thrown [s\src\hotspot\share\prims\jni.cpp, line 1111]
Event: 22.653 Thread 0x0000021931ab5840 Exception <a 'java/lang/NoSuchMethodError'{0x0000000704427a38}: static Lorg/jetbrains/kotlin/gradle/plugin/internal/DefaultSourceSetCompatibilityHelperVariantFactory;.<clinit>()V> (0x0000000704427a38) 
thrown [s\src\hotspot\share\prims\jni.cpp, line 1111]
Event: 22.656 Thread 0x0000021931ab5840 Exception <a 'java/lang/NoSuchMethodError'{0x000000070445a358}: static Lorg/jetbrains/kotlin/gradle/plugin/internal/DefaultArtifactTypeAttributeAccessorVariantFactory;.<clinit>()V> (0x000000070445a358) 
thrown [s\src\hotspot\share\prims\jni.cpp, line 1111]
Event: 22.660 Thread 0x0000021931ab5840 Exception <a 'java/lang/NoSuchMethodError'{0x000000070448ce80}: static Lorg/jetbrains/kotlin/gradle/plugin/internal/DefaultCompatibilityConventionRegistrar$Factory;.<clinit>()V> (0x000000070448ce80) 
thrown [s\src\hotspot\share\prims\jni.cpp, line 1111]
Event: 22.662 Thread 0x0000021931ab5840 Exception <a 'java/lang/NoSuchMethodError'{0x00000007044b18a0}: static Lorg/jetbrains/kotlin/gradle/plugin/internal/DefaultJavaSourceSetsAccessorVariantFactory;.<clinit>()V> (0x00000007044b18a0) 
thrown [s\src\hotspot\share\prims\jni.cpp, line 1111]
Event: 22.664 Thread 0x0000021931ab5840 Exception <a 'java/lang/NoSuchMethodError'{0x00000007044d59a8}: static Lorg/jetbrains/kotlin/gradle/plugin/internal/DefaultIdeaSyncDetectorVariantFactory;.<clinit>()V> (0x00000007044d59a8) 
thrown [s\src\hotspot\share\prims\jni.cpp, line 1111]
Event: 22.667 Thread 0x0000021931ab5840 Exception <a 'java/lang/NoSuchMethodError'{0x00000007044fb780}: static Lorg/jetbrains/kotlin/gradle/plugin/internal/DefaultKotlinTestReportCompatibilityHelperVariantFactory;.<clinit>()V> (0x00000007044fb780) 
thrown [s\src\hotspot\share\prims\jni.cpp, line 1111]
Event: 22.670 Thread 0x0000021931ab5840 Exception <a 'java/lang/NoSuchMethodError'{0x0000000704520860}: static Lorg/jetbrains/kotlin/gradle/plugin/internal/DefaultMppTestReportHelperVariantFactory;.<clinit>()V> (0x0000000704520860) 
thrown [s\src\hotspot\share\prims\jni.cpp, line 1111]
Event: 22.672 Thread 0x0000021931ab5840 Exception <a 'java/lang/NoSuchMethodError'{0x00000007045448b8}: static Lorg/jetbrains/kotlin/gradle/plugin/internal/DefaultConfigurationCacheStartParameterAccessorVariantFactory;.<clinit>()V> (0x00000007045448b8) 
thrown [s\src\hotspot\share\prims\jni.cpp, line 1111]
Event: 22.674 Thread 0x0000021931ab5840 Exception <a 'java/lang/NoSuchMethodError'{0x000000070456a030}: static Lorg/jetbrains/kotlin/gradle/plugin/internal/MavenPluginConfigurator$DefaultMavenPluginConfiguratorVariantFactory;.<clinit>()V> (0x000000070456a030) 
thrown [s\src\hotspot\share\prims\jni.cpp, line 1111]
Event: 22.677 Thread 0x0000021931ab5840 Exception <a 'java/lang/NoSuchMethodError'{0x000000070458e178}: static Lorg/jetbrains/kotlin/gradle/targets/js/nodejs/DefaultUnameExecutorVariantFactory;.<clinit>()V> (0x000000070458e178) 
thrown [s\src\hotspot\share\prims\jni.cpp, line 1111]
Event: 22.679 Thread 0x0000021931ab5840 Exception <a 'java/lang/NoSuchMethodError'{0x00000007045b2d20}: static Lorg/jetbrains/kotlin/gradle/plugin/internal/DefaultBasePluginConfigurationVariantFactory;.<clinit>()V> (0x00000007045b2d20) 
thrown [s\src\hotspot\share\prims\jni.cpp, line 1111]
Event: 22.683 Thread 0x0000021931ab5840 Exception <a 'java/lang/NoSuchMethodError'{0x00000007045d7f00}: static Lorg/jetbrains/kotlin/gradle/plugin/internal/DefaultAttributeConfigurationHelperVariantFactory;.<clinit>()V> (0x00000007045d7f00) 
thrown [s\src\hotspot\share\prims\jni.cpp, line 1111]
Event: 22.841 Thread 0x0000021931ab5840 Exception <a 'java/lang/IncompatibleClassChangeError'{0x0000000703e18e08}: Found class java.lang.Object, but interface was expected> (0x0000000703e18e08) 
thrown [s\src\hotspot\share\interpreter\linkResolver.cpp, line 840]

ZGC Phase Switch (0 events):
No events

VM Operations (20 events):
Event: 20.140 Executing safepoint VM operation: Cleanup done
Event: 20.142 Executing non-safepoint VM operation: HandshakeAllThreads (Deoptimize)
Event: 20.142 Executing non-safepoint VM operation: HandshakeAllThreads (Deoptimize) done
Event: 20.346 Executing safepoint VM operation: G1CollectForAllocation (G1 Evacuation Pause)
Event: 20.352 Executing safepoint VM operation: G1CollectForAllocation (G1 Evacuation Pause) done
Event: 21.282 Executing safepoint VM operation: ICBufferFull
Event: 21.282 Executing safepoint VM operation: ICBufferFull done
Event: 21.529 Executing safepoint VM operation: G1CollectForAllocation (G1 Evacuation Pause)
Event: 21.536 Executing safepoint VM operation: G1CollectForAllocation (G1 Evacuation Pause) done
Event: 21.583 Executing safepoint VM operation: G1PauseRemark
Event: 21.590 Executing safepoint VM operation: G1PauseRemark done
Event: 21.604 Executing safepoint VM operation: G1PauseCleanup
Event: 21.605 Executing safepoint VM operation: G1PauseCleanup done
Event: 22.046 Executing safepoint VM operation: ICBufferFull
Event: 22.047 Executing safepoint VM operation: ICBufferFull done
Event: 22.200 Executing safepoint VM operation: G1CollectForAllocation (G1 Evacuation Pause)
Event: 22.209 Executing safepoint VM operation: G1CollectForAllocation (G1 Evacuation Pause) done
Event: 22.530 Executing non-safepoint VM operation: HandshakeAllThreads (Deoptimize)
Event: 22.530 Executing non-safepoint VM operation: HandshakeAllThreads (Deoptimize) done
Event: 22.931 Executing safepoint VM operation: G1CollectForAllocation (G1 Evacuation Pause)

Memory protections (0 events):
No events

Nmethod flushes (20 events):
Event: 21.588 Thread 0x000002197fdb1540 flushing  nmethod 0x0000021900235210
Event: 21.588 Thread 0x000002197fdb1540 flushing  nmethod 0x0000021900236c90
Event: 21.588 Thread 0x000002197fdb1540 flushing  nmethod 0x00000219002f0510
Event: 21.588 Thread 0x000002197fdb1540 flushing  nmethod 0x00000219003a6610
Event: 21.588 Thread 0x000002197fdb1540 flushing  nmethod 0x00000219003a7910
Event: 21.588 Thread 0x000002197fdb1540 flushing  nmethod 0x00000219004a1f10
Event: 21.588 Thread 0x000002197fdb1540 flushing  nmethod 0x0000021900588b10
Event: 21.588 Thread 0x000002197fdb1540 flushing  nmethod 0x00000219006fd090
Event: 21.588 Thread 0x000002197fdb1540 flushing  nmethod 0x00000219006ff590
Event: 21.588 Thread 0x000002197fdb1540 flushing  nmethod 0x0000021900787f90
Event: 21.588 Thread 0x000002197fdb1540 flushing  nmethod 0x0000021900788690
Event: 21.588 Thread 0x000002197fdb1540 flushing  nmethod 0x0000021900788b10
Event: 21.588 Thread 0x000002197fdb1540 flushing  nmethod 0x000002190078a410
Event: 21.588 Thread 0x000002197fdb1540 flushing  nmethod 0x000002190078f810
Event: 21.588 Thread 0x000002197fdb1540 flushing  nmethod 0x00000219007d7c10
Event: 21.588 Thread 0x000002197fdb1540 flushing  nmethod 0x00000219007d8690
Event: 21.588 Thread 0x000002197fdb1540 flushing  nmethod 0x00000219007d8e10
Event: 21.588 Thread 0x000002197fdb1540 flushing  nmethod 0x00000219007d9390
Event: 21.588 Thread 0x000002197fdb1540 flushing  nmethod 0x00000219007dbc10
Event: 21.588 Thread 0x000002197fdb1540 flushing  nmethod 0x00000219007def90

Events (20 events):
Event: 21.406 Thread 0x0000021931ab5840 Thread added: 0x00000219344da420
Event: 21.409 Thread 0x0000021931ab5840 Thread added: 0x00000219344dd8a0
Event: 21.413 Thread 0x0000021931ab5840 Thread added: 0x00000219344daab0
Event: 21.418 Thread 0x0000021931ab5840 Thread added: 0x00000219344db7d0
Event: 21.422 Thread 0x0000021931ab5840 Thread added: 0x00000219344dbe60
Event: 21.427 Thread 0x0000021931ab5840 Thread added: 0x00000219344dc4f0
Event: 21.523 Thread 0x0000021931ab5840 Thread added: 0x00000219344ddf30
Event: 21.524 Thread 0x0000021931ab5840 Thread added: 0x00000219344dd210
Event: 21.527 Thread 0x0000021931ab5840 Thread added: 0x00000219344de5c0
Event: 21.528 Thread 0x0000021931ab5840 Thread added: 0x00000219344dcb80
Event: 21.538 Thread 0x0000021931ab5840 Thread added: 0x00000219344db140
Event: 21.543 Thread 0x0000021931ab5840 Thread added: 0x00000219344e13b0
Event: 21.556 Thread 0x0000021931ab5840 Thread added: 0x00000219344e0690
Event: 21.985 Thread 0x0000021934a68bc0 Thread exited: 0x0000021934a68bc0
Event: 21.985 Thread 0x0000021933afd380 Thread exited: 0x0000021933afd380
Event: 22.176 Thread 0x000002197fddfe10 Thread added: 0x000002193346f5e0
Event: 22.265 Thread 0x000002197fddfe10 Thread added: 0x0000021936e072e0
Event: 22.595 Thread 0x0000021936e072e0 Thread exited: 0x0000021936e072e0
Event: 22.602 Thread 0x000002193346f5e0 Thread exited: 0x000002193346f5e0
Event: 22.676 Thread 0x000002197fddfe10 Thread added: 0x0000021936e51270


Dynamic libraries:
0x00007ff779490000 - 0x00007ff77949e000 	C:\Users\Vauras\.vscode\extensions\redhat.java-1.55.0-win32-x64\jre\21.0.11-win32-x86_64\bin\java.exe
0x00007ffa3f7a0000 - 0x00007ffa3fa06000 	C:\Windows\SYSTEM32\ntdll.dll
0x00007ffa3e360000 - 0x00007ffa3e429000 	C:\Windows\System32\KERNEL32.DLL
0x00007ffa3cdb0000 - 0x00007ffa3d1aa000 	C:\Windows\System32\KERNELBASE.dll
0x00007ffa3cae0000 - 0x00007ffa3cc2c000 	C:\Windows\System32\ucrtbase.dll
0x00007ffa21c50000 - 0x00007ffa21c6e000 	C:\Users\Vauras\.vscode\extensions\redhat.java-1.55.0-win32-x64\jre\21.0.11-win32-x86_64\bin\VCRUNTIME140.dll
0x00007ffa21c30000 - 0x00007ffa21c48000 	C:\Users\Vauras\.vscode\extensions\redhat.java-1.55.0-win32-x64\jre\21.0.11-win32-x86_64\bin\jli.dll
0x00007ffa3f430000 - 0x00007ffa3f5f7000 	C:\Windows\System32\USER32.dll
0x00007ffa1ed30000 - 0x00007ffa1efc2000 	C:\Windows\WinSxS\amd64_microsoft.windows.common-controls_6595b64144ccf1df_6.0.26100.8521_none_3e08b75ce33403b3\COMCTL32.dll
0x00007ffa3e9d0000 - 0x00007ffa3ea79000 	C:\Windows\System32\msvcrt.dll
0x00007ffa3cc30000 - 0x00007ffa3cc57000 	C:\Windows\System32\win32u.dll
0x00007ffa3f400000 - 0x00007ffa3f42b000 	C:\Windows\System32\GDI32.dll
0x00007ffa3d260000 - 0x00007ffa3d38b000 	C:\Windows\System32\gdi32full.dll
0x00007ffa3ca30000 - 0x00007ffa3cad3000 	C:\Windows\System32\msvcp_win.dll
0x00007ffa3e5d0000 - 0x00007ffa3e602000 	C:\Windows\System32\IMM32.DLL
0x00007ffa2f5f0000 - 0x00007ffa2f5fc000 	C:\Users\Vauras\.vscode\extensions\redhat.java-1.55.0-win32-x64\jre\21.0.11-win32-x86_64\bin\vcruntime140_1.dll
0x00007ff9e7f00000 - 0x00007ff9e7f8d000 	C:\Users\Vauras\.vscode\extensions\redhat.java-1.55.0-win32-x64\jre\21.0.11-win32-x86_64\bin\msvcp140.dll
0x00007ff9ba6e0000 - 0x00007ff9bb482000 	C:\Users\Vauras\.vscode\extensions\redhat.java-1.55.0-win32-x64\jre\21.0.11-win32-x86_64\bin\server\jvm.dll
0x00007ffa3e7a0000 - 0x00007ffa3e856000 	C:\Windows\System32\ADVAPI32.dll
0x00007ffa3eda0000 - 0x00007ffa3ee4a000 	C:\Windows\System32\sechost.dll
0x00007ffa3f2e0000 - 0x00007ffa3f3f8000 	C:\Windows\System32\RPCRT4.dll
0x00007ffa3e860000 - 0x00007ffa3e8e0000 	C:\Windows\System32\WS2_32.dll
0x00007ffa2e7b0000 - 0x00007ffa2e7bb000 	C:\Windows\SYSTEM32\VERSION.dll
0x00007ffa32ee0000 - 0x00007ffa32f16000 	C:\Windows\SYSTEM32\WINMM.dll
0x00007ffa3c7e0000 - 0x00007ffa3c83e000 	C:\Windows\SYSTEM32\POWRPROF.dll
0x00007ffa3c7c0000 - 0x00007ffa3c7d4000 	C:\Windows\SYSTEM32\UMPDC.dll
0x00007ffa3b780000 - 0x00007ffa3b79b000 	C:\Windows\SYSTEM32\kernel.appcore.dll
0x00007ffa219b0000 - 0x00007ffa219ba000 	C:\Users\Vauras\.vscode\extensions\redhat.java-1.55.0-win32-x64\jre\21.0.11-win32-x86_64\bin\jimage.dll
0x00007ffa2b9d0000 - 0x00007ffa2bc12000 	C:\Windows\SYSTEM32\DBGHELP.DLL
0x00007ffa3dcc0000 - 0x00007ffa3e043000 	C:\Windows\System32\combase.dll
0x00007ffa3e8f0000 - 0x00007ffa3e9c9000 	C:\Windows\System32\OLEAUT32.dll
0x00007ffa29d70000 - 0x00007ffa29dab000 	C:\Windows\SYSTEM32\dbgcore.DLL
0x00007ffa3d1b0000 - 0x00007ffa3d258000 	C:\Windows\System32\bcryptPrimitives.dll
0x00007ffa219e0000 - 0x00007ffa219ef000 	C:\Users\Vauras\.vscode\extensions\redhat.java-1.55.0-win32-x64\jre\21.0.11-win32-x86_64\bin\instrument.dll
0x00007ffa21c10000 - 0x00007ffa21c30000 	C:\Users\Vauras\.vscode\extensions\redhat.java-1.55.0-win32-x64\jre\21.0.11-win32-x86_64\bin\java.dll
0x00007ffa3d510000 - 0x00007ffa3dc94000 	C:\Windows\System32\SHELL32.dll
0x00007ffa3a570000 - 0x00007ffa3adf0000 	C:\Windows\SYSTEM32\windows.storage.dll
0x00007ffa3e430000 - 0x00007ffa3e526000 	C:\Windows\System32\SHCORE.dll
0x00007ffa3e530000 - 0x00007ffa3e597000 	C:\Windows\System32\shlwapi.dll
0x00007ffa3c950000 - 0x00007ffa3c979000 	C:\Windows\SYSTEM32\profapi.dll
0x00007ff9e7ee0000 - 0x00007ff9e7ef8000 	C:\Users\Vauras\.vscode\extensions\redhat.java-1.55.0-win32-x64\jre\21.0.11-win32-x86_64\bin\zip.dll
0x00007ffa219c0000 - 0x00007ffa219d0000 	C:\Users\Vauras\.vscode\extensions\redhat.java-1.55.0-win32-x64\jre\21.0.11-win32-x86_64\bin\net.dll
0x00007ffa32b70000 - 0x00007ffa32c99000 	C:\Windows\SYSTEM32\WINHTTP.dll
0x00007ffa3bcd0000 - 0x00007ffa3bd3c000 	C:\Windows\system32\mswsock.dll
0x00007ff9e7ec0000 - 0x00007ff9e7ed6000 	C:\Users\Vauras\.vscode\extensions\redhat.java-1.55.0-win32-x64\jre\21.0.11-win32-x86_64\bin\nio.dll
0x00007ffa29190000 - 0x00007ffa291a0000 	C:\Users\Vauras\.vscode\extensions\redhat.java-1.55.0-win32-x64\jre\21.0.11-win32-x86_64\bin\verify.dll
0x00007ff9dfcf0000 - 0x00007ff9dfd17000 	C:\Users\Vauras\.gradle\native\1def1411415f61bf3af743bc5b6707747c0891f09f0c88961ee8f79bc544acac\windows-amd64\native-platform.dll
0x00007ffa10ce0000 - 0x00007ffa10d58000 	C:\Users\Vauras\.gradle\native\0.2.7\x86_64-windows-gnu\gradle-fileevents.dll
0x00007ff9e2130000 - 0x00007ff9e213a000 	C:\Users\Vauras\.vscode\extensions\redhat.java-1.55.0-win32-x64\jre\21.0.11-win32-x86_64\bin\management.dll
0x00007ff9dfce0000 - 0x00007ff9dfcec000 	C:\Users\Vauras\.vscode\extensions\redhat.java-1.55.0-win32-x64\jre\21.0.11-win32-x86_64\bin\management_ext.dll
0x00007ffa3e230000 - 0x00007ffa3e238000 	C:\Windows\System32\PSAPI.DLL
0x00007ffa3b0c0000 - 0x00007ffa3b0f3000 	C:\Windows\SYSTEM32\IPHLPAPI.DLL
0x00007ffa3dca0000 - 0x00007ffa3dcaa000 	C:\Windows\System32\NSI.dll
0x00007ff9e4e70000 - 0x00007ff9e4e79000 	C:\Users\Vauras\.vscode\extensions\redhat.java-1.55.0-win32-x64\jre\21.0.11-win32-x86_64\bin\extnet.dll
0x00007ffa3c0d0000 - 0x00007ffa3c0eb000 	C:\Windows\SYSTEM32\CRYPTSP.dll
0x00007ffa3b6e0000 - 0x00007ffa3b719000 	C:\Windows\system32\rsaenh.dll
0x00007ffa3bd80000 - 0x00007ffa3bdb3000 	C:\Windows\SYSTEM32\USERENV.dll
0x00007ffa3c920000 - 0x00007ffa3c94a000 	C:\Windows\SYSTEM32\bcrypt.dll
0x00007ffa3bf30000 - 0x00007ffa3bf3c000 	C:\Windows\SYSTEM32\CRYPTBASE.dll
0x00007ff9e4e80000 - 0x00007ff9e4e8e000 	C:\Users\Vauras\.vscode\extensions\redhat.java-1.55.0-win32-x64\jre\21.0.11-win32-x86_64\bin\sunmscapi.dll
0x00007ffa3d390000 - 0x00007ffa3d508000 	C:\Windows\System32\CRYPT32.dll
0x00007ffa3c230000 - 0x00007ffa3c260000 	C:\Windows\SYSTEM32\ncrypt.dll
0x00007ffa3c1e0000 - 0x00007ffa3c21f000 	C:\Windows\SYSTEM32\NTASN1.dll
0x00007ffa1b6b0000 - 0x00007ffa1b6b8000 	C:\Windows\system32\wshunix.dll

JVMTI agents:
C:\Users\Vauras\.gradle\wrapper\dists\gradle-8.13-bin\5xuhj0ry160q40clulazy9h7d\gradle-8.13\lib\agents\gradle-instrumentation-agent-8.13.jar path:C:\Users\Vauras\.vscode\extensions\redhat.java-1.55.0-win32-x64\jre\21.0.11-win32-x86_64\bin\instrument.dll, loaded, initialized, instrumentlib options:none

dbghelp: loaded successfully - version: 4.0.5 - missing functions: none
symbol engine: initialized successfully - sym options: 0x614 - pdb path: .;C:\Users\Vauras\.vscode\extensions\redhat.java-1.55.0-win32-x64\jre\21.0.11-win32-x86_64\bin;C:\Windows\SYSTEM32;C:\Windows\WinSxS\amd64_microsoft.windows.common-controls_6595b64144ccf1df_6.0.26100.8521_none_3e08b75ce33403b3;C:\Users\Vauras\.vscode\extensions\redhat.java-1.55.0-win32-x64\jre\21.0.11-win32-x86_64\bin\server;C:\Users\Vauras\.gradle\native\1def1411415f61bf3af743bc5b6707747c0891f09f0c88961ee8f79bc544acac\windows-amd64;C:\Users\Vauras\.gradle\native\0.2.7\x86_64-windows-gnu

VM Arguments:
jvm_args: --add-opens=java.base/java.lang=ALL-UNNAMED --add-opens=java.base/java.lang.invoke=ALL-UNNAMED --add-opens=java.base/java.util=ALL-UNNAMED --add-opens=java.prefs/java.util.prefs=ALL-UNNAMED --add-exports=jdk.compiler/com.sun.tools.javac.api=ALL-UNNAMED --add-exports=jdk.compiler/com.sun.tools.javac.util=ALL-UNNAMED --add-opens=java.base/java.util=ALL-UNNAMED --add-opens=java.prefs/java.util.prefs=ALL-UNNAMED --add-opens=java.base/java.nio.charset=ALL-UNNAMED --add-opens=java.base/java.net=ALL-UNNAMED --add-opens=java.base/java.util.concurrent.atomic=ALL-UNNAMED --add-opens=java.xml/javax.xml.namespace=ALL-UNNAMED -XX:MaxMetaspaceSize=512m -Xmx4096m -Dfile.encoding=UTF-8 -Duser.country=IN -Duser.language=en -Duser.variant -javaagent:C:\Users\Vauras\.gradle\wrapper\dists\gradle-8.13-bin\5xuhj0ry160q40clulazy9h7d\gradle-8.13\lib\agents\gradle-instrumentation-agent-8.13.jar 
java_command: org.gradle.launcher.daemon.bootstrap.GradleDaemon 8.13
java_class_path (initial): C:\Users\Vauras\.gradle\wrapper\dists\gradle-8.13-bin\5xuhj0ry160q40clulazy9h7d\gradle-8.13\lib\gradle-daemon-main-8.13.jar
Launcher Type: SUN_STANDARD

[Global flags]
     intx CICompilerCount                          = 4                                         {product} {ergonomic}
   size_t CompressedClassSpaceSize                 = 436207616                                 {product} {ergonomic}
     uint ConcGCThreads                            = 2                                         {product} {ergonomic}
     uint G1ConcRefinementThreads                  = 8                                         {product} {ergonomic}
   size_t G1HeapRegionSize                         = 2097152                                   {product} {ergonomic}
    uintx GCDrainStackTargetSize                   = 64                                        {product} {ergonomic}
   size_t InitialHeapSize                          = 121634816                                 {product} {ergonomic}
   size_t MarkStackSize                            = 4194304                                   {product} {ergonomic}
   size_t MaxHeapSize                              = 4294967296                                {product} {command line}
   size_t MaxMetaspaceSize                         = 536870912                                 {product} {command line}
   size_t MaxNewSize                               = 2575302656                                {product} {ergonomic}
   size_t MinHeapDeltaBytes                        = 2097152                                   {product} {ergonomic}
   size_t MinHeapSize                              = 8388608                                   {product} {ergonomic}
    uintx NonNMethodCodeHeapSize                   = 5839372                                {pd product} {ergonomic}
    uintx NonProfiledCodeHeapSize                  = 122909434                              {pd product} {ergonomic}
    uintx ProfiledCodeHeapSize                     = 122909434                              {pd product} {ergonomic}
    uintx ReservedCodeCacheSize                    = 251658240                              {pd product} {ergonomic}
     bool SegmentedCodeCache                       = true                                      {product} {ergonomic}
   size_t SoftMaxHeapSize                          = 4294967296                             {manageable} {ergonomic}
     bool UseCompressedOops                        = true                           {product lp64_product} {ergonomic}
     bool UseG1GC                                  = true                                      {product} {ergonomic}
     bool UseLargePagesIndividualAllocation        = false                                  {pd product} {ergonomic}

Logging:
Log output configuration:
 #0: stdout all=warning uptime,level,tags foldmultilines=false
 #1: stderr all=off uptime,level,tags foldmultilines=false

Release file:
JAVA_VERSION="21.0.11" 
MODULES="java.base java.compiler java.datatransfer java.xml java.prefs java.desktop java.instrument java.logging java.management java.security.sasl java.naming java.rmi java.management.rmi java.net.http java.scripting java.security.jgss java.transaction.xa java.sql java.sql.rowset java.xml.crypto java.se java.smartcardio jdk.accessibility jdk.internal.jvmstat jdk.attach jdk.charsets jdk.internal.opt jdk.zipfs jdk.compiler jdk.crypto.ec jdk.crypto.cryptoki jdk.crypto.mscapi jdk.dynalink jdk.internal.ed jdk.editpad jdk.hotspot.agent jdk.httpserver jdk.internal.le jdk.internal.vm.ci jdk.internal.vm.compiler jdk.internal.vm.compiler.management jdk.jartool jdk.javadoc jdk.jcmd jdk.management jdk.management.agent jdk.jconsole jdk.jdeps jdk.jdwp.agent jdk.jdi jdk.jfr jdk.jshell jdk.jsobject jdk.jstatd jdk.localedata jdk.management.jfr jdk.naming.dns jdk.naming.rmi jdk.net jdk.nio.mapmode jdk.random jdk.sctp jdk.security.auth jdk.security.jgss jdk.unsupported jdk.unsupported.desktop jdk.xml.dom" 

Environment Variables:
JAVA_HOME=C:\Program Files\OpenLogic\jdk-17.0.14.7-hotspot
PATH=C:\Program Files\OpenLogic\jdk-17.0.14.7-hotspot\bin;C:\Windows\system32;C:\Windows;C:\Windows\System32\Wbem;C:\Windows\System32\WindowsPowerShell\v1.0\;C:\Windows\System32\OpenSSH\;C:\Users\Vauras\AppData\Local\Android\Sdk;C:\Users\Vauras\AppData\Local\Android\Sdk\platform-tools;C:\node-v14.20.0-win-x86\node_modules\npm\bin;C:\Users\Vauras\AppData\Roaming\nvm;C:\Program Files\nodejs;C:\Program Files\nodejs\;C:\Program Files\MongoDB\Server\8.0\bin;C:\mongodb-database-tools-windows-x86_64-100.12.0\bin;C:\Program Files\Git\cmd;C:\Users\Vauras\AppData\Roaming\nvm\v18.20.8;;C:\Program Files\Docker\Docker\resources\bin;C:\Users\Vauras\AppData\Local\Programs\Python\Python311\Scripts\;C:\Users\Vauras\AppData\Local\Programs\Python\Python311\;C:\Users\Vauras\AppData\Local\Microsoft\WindowsApps;C:\Program Files\OpenLogic\jdk-17.0.14.7-hotspot\bin;C:\Users\Vauras\AppData\Local\Android\Sdk\platform-tools;C:\Users\Vauras\AppData\Local\Android\Sdk;C:\Users\Vauras\AppData\Local\Android\Sdk\emulator;C:\Users\Vauras\AppData\Local\Android\Sdk\build-tools;C:\Users\Vauras\AppData\Roaming\nvm;C:\Program Files\nodejs;C:\Users\Vauras\AppData\Roaming\npm;C:\Program Files\nodejs;C:\Program Files\MongoDB\Server\8.0\bin;C:\mongodb-database-tools-windows-x86_64-100.12.0\bin;C:\Users\Vauras\AppData\Local\Programs\Microsoft VS Code\bin;C:\Users\Vauras\AppData\Roaming\nvm\v18.20.8;C:\Users\Vauras\AppData\Local\Programs\cursor\resources\app\bin
USERNAME=Vauras
OS=Windows_NT
PROCESSOR_IDENTIFIER=AMD64 Family 23 Model 160 Stepping 0, AuthenticAMD
TMP=C:\Users\Vauras\AppData\Local\Temp
TEMP=C:\Users\Vauras\AppData\Local\Temp




Periodic native trim disabled

---------------  S Y S T E M  ---------------

OS:
 Windows 11 , 64 bit Build 26100 (10.0.26100.8521)
OS uptime: 0 days 2:16 hours
Hyper-V role detected

CPU: total 8 (initial active 8) (8 cores per cpu, 2 threads per core) family 23 model 160 stepping 0 microcode 0x8a0000b, cx8, cmov, fxsr, ht, mmx, 3dnowpref, sse, sse2, sse3, ssse3, sse4a, sse4.1, sse4.2, popcnt, lzcnt, tsc, tscinvbit, avx, avx2, aes, clmul, bmi1, bmi2, adx, sha, fma, vzeroupper, clflush, clflushopt, hv, rdtscp, rdpid, f16c
Processor Information for the first 8 processors :
  Max Mhz: 2801, Current Mhz: 2801, Mhz Limit: 2801

Memory: 4k page, system-wide physical 7418M (873M free)
TotalPageFile size 29946M (AvailPageFile size 5M)
current process WorkingSet (physical memory assigned to process): 270M, peak: 270M
current process commit charge ("private bytes"): 350M, peak: 352M

vm_info: OpenJDK 64-Bit Server VM (21.0.11+10-LTS) for windows-amd64 JRE (21.0.11+10-LTS), built on 2026-04-21T00:00:00Z by "admin" with MS VC++ 17.12 (VS2022)

END.
