#
# There is insufficient memory for the Java Runtime Environment to continue.
# Native memory allocation (malloc) failed to allocate 1060976 bytes. Error detail: Chunk::new
# Possible reasons:
#   The system is out of physical RAM or swap space
#   This process is running with CompressedOops enabled, and the Java Heap may be blocking the growth of the native heap
# Possible solutions:
#   Reduce memory load on the system
#   Increase physical memory or swap space
#   Check if swap backing store is full
#   Decrease Java heap size (-Xmx/-Xms)
#   Decrease number of Java threads
#   Decrease Java thread stack sizes (-Xss)
#   Set larger code cache with -XX:ReservedCodeCacheSize=
#   JVM is running with Zero Based Compressed Oops mode in which the Java heap is
#     placed in the first 32GB address space. The Java Heap base address is the
#     maximum limit for the native heap growth. Please use -XX:HeapBaseMinAddress
#     to set the Java Heap base and to place the Java Heap above 32GB virtual address.
# This output file may be truncated or incomplete.
#
#  Out of Memory Error (arena.cpp:191), pid=14540, tid=22428
#
# JRE version: OpenJDK Runtime Environment OpenLogic-OpenJDK (17.0.14+7) (build 17.0.14+7-adhoc..jdk17u)
# Java VM: OpenJDK 64-Bit Server VM OpenLogic-OpenJDK (17.0.14+7-adhoc..jdk17u, mixed mode, sharing, tiered, compressed oops, compressed class ptrs, g1 gc, windows-amd64)
# No core dump will be written. Minidumps are not enabled by default on client versions of Windows
#

---------------  S U M M A R Y ------------

Command Line: --add-opens=java.base/java.lang=ALL-UNNAMED --add-opens=java.base/java.lang.invoke=ALL-UNNAMED --add-opens=java.base/java.util=ALL-UNNAMED --add-opens=java.prefs/java.util.prefs=ALL-UNNAMED --add-exports=jdk.compiler/com.sun.tools.javac.api=ALL-UNNAMED --add-exports=jdk.compiler/com.sun.tools.javac.util=ALL-UNNAMED --add-opens=java.base/java.util=ALL-UNNAMED --add-opens=java.prefs/java.util.prefs=ALL-UNNAMED --add-opens=java.base/java.nio.charset=ALL-UNNAMED --add-opens=java.base/java.net=ALL-UNNAMED --add-opens=java.base/java.util.concurrent.atomic=ALL-UNNAMED --add-opens=java.xml/javax.xml.namespace=ALL-UNNAMED -XX:MaxMetaspaceSize=512m -Xmx4096m -Dfile.encoding=windows-1252 -Duser.country=IN -Duser.language=en -Duser.variant -javaagent:C:\Users\Vauras\.gradle\wrapper\dists\gradle-8.13-bin\5xuhj0ry160q40clulazy9h7d\gradle-8.13\lib\agents\gradle-instrumentation-agent-8.13.jar org.gradle.launcher.daemon.bootstrap.GradleDaemon 8.13

Host: AMD Ryzen 5 7520U with Radeon Graphics         , 8 cores, 7G,  Windows 11 , 64 bit Build 26100 (10.0.26100.8521)
Time: Tue Jul  7 16:47:36 2026 India Standard Time elapsed time: 166.015325 seconds (0d 0h 2m 46s)

---------------  T H R E A D  ---------------

Current thread (0x0000023d59376160):  JavaThread "C2 CompilerThread0" daemon [_thread_in_native, id=22428, stack(0x000000ae5fe00000,0x000000ae5ff00000)]


Current CompileTask:
C2: 166015 22854       4       com.android.utils.XmlUtils::append (597 bytes)

Stack: [0x000000ae5fe00000,0x000000ae5ff00000]
Native frames: (J=compiled Java code, j=interpreted, Vv=VM code, C=native code)
V  [jvm.dll+0x681069]
V  [jvm.dll+0x838cca]
V  [jvm.dll+0x83a78e]
V  [jvm.dll+0x83adf3]
V  [jvm.dll+0x24826f]
V  [jvm.dll+0xac9f4]
V  [jvm.dll+0xad03c]
V  [jvm.dll+0x2af8ef]
V  [jvm.dll+0x5874f7]
V  [jvm.dll+0x2230d2]
V  [jvm.dll+0x2234cf]
V  [jvm.dll+0x21c5e0]
V  [jvm.dll+0x219ae1]
V  [jvm.dll+0x1a599d]
V  [jvm.dll+0x22994d]
V  [jvm.dll+0x227adc]
V  [jvm.dll+0x7edb77]
V  [jvm.dll+0x7e7f6c]
V  [jvm.dll+0x67ff37]
C  [ucrtbase.dll+0x2cd30]
C  [KERNEL32.DLL+0x2e957]
C  [ntdll.dll+0x87c1c]


---------------  P R O C E S S  ---------------

Threads class SMR info:
_java_thread_list=0x0000023d09062c50, length=156, elements={
0x0000023d34f458c0, 0x0000023d59355800, 0x0000023d593562d0, 0x0000023d59371290,
0x0000023d59371b60, 0x0000023d59372430, 0x0000023d593754b0, 0x0000023d59376160,
0x0000023d5937e7e0, 0x0000023d59501030, 0x0000023d5958ab40, 0x0000023d5962cce0,
0x0000023d7a691010, 0x0000023d593a9930, 0x0000023d7a5ac570, 0x0000023d5989ec00,
0x0000023d596d8fe0, 0x0000023d597be440, 0x0000023d597bc5e0, 0x0000023d597bcaf0,
0x0000023d597bb1a0, 0x0000023d597bc0d0, 0x0000023d597bbbc0, 0x0000023d597bdf30,
0x0000023d597be950, 0x0000023d597bb6b0, 0x0000023d597bd000, 0x0000023d597bd510,
0x0000023d597a0410, 0x0000023d597a1d60, 0x0000023d597a2c90, 0x0000023d597a2270,
0x0000023d597a36b0, 0x0000023d5979ff00, 0x0000023d597a0e30, 0x0000023d597a1340,
0x0000023d597a1850, 0x0000023d7be026f0, 0x0000023d7be02c00, 0x0000023d7be017c0,
0x0000023d7be03620, 0x0000023d7be01cd0, 0x0000023d7be03b30, 0x0000023d7be03110,
0x0000023d7be00890, 0x0000023d7be04550, 0x0000023d7be00da0, 0x0000023d7be04a60,
0x0000023d7be012b0, 0x0000023d7be05480, 0x0000023d7be04f70, 0x0000023d7be05990,
0x0000023d7be021e0, 0x0000023d7be06dd0, 0x0000023d7be05ea0, 0x0000023d7be063b0,
0x0000023d7be072e0, 0x0000023d7be077f0, 0x0000023d7be07d00, 0x0000023d7be068c0,
0x0000023d7be08210, 0x0000023d7ab443e0, 0x0000023d7ab42580, 0x0000023d7ab45310,
0x0000023d7ab434b0, 0x0000023d7ab439c0, 0x0000023d7ab448f0, 0x0000023d7ab42a90,
0x0000023d7ab45d30, 0x0000023d7ab46240, 0x0000023d7ab46750, 0x0000023d7ab47170,
0x0000023d7ab47680, 0x0000023d7ab480a0, 0x0000023d7ab48fd0, 0x0000023d7ab485b0,
0x0000023d7ab48ac0, 0x0000023d7ab499f0, 0x0000023d7cc327a0, 0x0000023d7cc32cb0,
0x0000023d7cc331c0, 0x0000023d7cc2ff20, 0x0000023d7cc32290, 0x0000023d7cc30940,
0x0000023d7cc31870, 0x0000023d7cc30e50, 0x0000023d7cc2fa10, 0x0000023d7cc336d0,
0x0000023d7cc33be0, 0x0000023d7cc30430, 0x0000023d7cc340f0, 0x0000023d7cc34b10,
0x0000023d7cc34600, 0x0000023d7cc31360, 0x0000023d7cc35020, 0x0000023d7cc35530,
0x0000023d7cc31d80, 0x0000023d7cc35a40, 0x0000023d7cc35f50, 0x0000023d7cc36460,
0x0000023d7cc36970, 0x0000023d7cc36e80, 0x0000023d7cc37390, 0x0000023d7d204060,
0x0000023d7d2012d0, 0x0000023d7d2017e0, 0x0000023d7d204570, 0x0000023d7d203130,
0x0000023d7d203b50, 0x0000023d7d201cf0, 0x0000023d7d202c20, 0x0000023d7d200dc0,
0x0000023d7d2059b0, 0x0000023d7d203640, 0x0000023d7d204a80, 0x0000023d7d204f90,
0x0000023d7d2054a0, 0x0000023d7d202200, 0x0000023d7d205ec0, 0x0000023d7d202710,
0x0000023d7d2063d0, 0x0000023d7d208740, 0x0000023d7d2068e0, 0x0000023d7d206df0,
0x0000023d7d207300, 0x0000023d7d207810, 0x0000023d7d208230, 0x0000023d7d207d20,
0x0000023d7b38d6f0, 0x0000023d7b38e620, 0x0000023d7b38f550, 0x0000023d7b38f040,
0x0000023d7b38e110, 0x0000023d7b38fa60, 0x0000023d7b390480, 0x0000023d7b38ccd0,
0x0000023d7b390990, 0x0000023d7b394140, 0x0000023d7b391dd0, 0x0000023d7b3922e0,
0x0000023d7b3927f0, 0x0000023d7f3ff280, 0x0000023d7f3fcf10, 0x0000023d7f3fc4f0,
0x0000023d7f402520, 0x0000023d7b392d00, 0x0000023d7b393210, 0x0000023d7be04040,
0x0000023d7f401b00, 0x0000023d08c1bb80, 0x0000023d08c1b160, 0x0000023d08c1b670,
0x0000023d08c1c5a0, 0x0000023d08c1cfc0, 0x0000023d08c1d4d0, 0x0000023d7e3f2800
}

Java Threads: ( => current thread )
  0x0000023d34f458c0 JavaThread "main" [_thread_blocked, id=15920, stack(0x000000ae5f100000,0x000000ae5f200000)]
  0x0000023d59355800 JavaThread "Reference Handler" daemon [_thread_blocked, id=19208, stack(0x000000ae5f800000,0x000000ae5f900000)]
  0x0000023d593562d0 JavaThread "Finalizer" daemon [_thread_blocked, id=392, stack(0x000000ae5f900000,0x000000ae5fa00000)]
  0x0000023d59371290 JavaThread "Signal Dispatcher" daemon [_thread_blocked, id=12876, stack(0x000000ae5fa00000,0x000000ae5fb00000)]
  0x0000023d59371b60 JavaThread "Attach Listener" daemon [_thread_blocked, id=21336, stack(0x000000ae5fb00000,0x000000ae5fc00000)]
  0x0000023d59372430 JavaThread "Service Thread" daemon [_thread_blocked, id=19664, stack(0x000000ae5fc00000,0x000000ae5fd00000)]
  0x0000023d593754b0 JavaThread "Monitor Deflation Thread" daemon [_thread_blocked, id=21204, stack(0x000000ae5fd00000,0x000000ae5fe00000)]
=>0x0000023d59376160 JavaThread "C2 CompilerThread0" daemon [_thread_in_native, id=22428, stack(0x000000ae5fe00000,0x000000ae5ff00000)]
  0x0000023d5937e7e0 JavaThread "C1 CompilerThread0" daemon [_thread_blocked, id=18156, stack(0x000000ae5ff00000,0x000000ae60000000)]
  0x0000023d59501030 JavaThread "Sweeper thread" daemon [_thread_blocked, id=11884, stack(0x000000ae60000000,0x000000ae60100000)]
  0x0000023d5958ab40 JavaThread "Common-Cleaner" daemon [_thread_blocked, id=18592, stack(0x000000ae60100000,0x000000ae60200000)]
  0x0000023d5962cce0 JavaThread "Notification Thread" daemon [_thread_blocked, id=1348, stack(0x000000ae60300000,0x000000ae60400000)]
  0x0000023d7a691010 JavaThread "Daemon health stats" [_thread_blocked, id=11720, stack(0x000000ae60800000,0x000000ae60900000)]
  0x0000023d593a9930 JavaThread "Incoming local TCP Connector on port 50407" [_thread_in_native, id=23932, stack(0x000000ae60900000,0x000000ae60a00000)]
  0x0000023d7a5ac570 JavaThread "Daemon periodic checks" [_thread_blocked, id=14072, stack(0x000000ae60a00000,0x000000ae60b00000)]
  0x0000023d5989ec00 JavaThread "Daemon" [_thread_blocked, id=16868, stack(0x000000ae60b00000,0x000000ae60c00000)]
  0x0000023d596d8fe0 JavaThread "Handler for socket connection from /127.0.0.1:50407 to /127.0.0.1:50408" [_thread_in_native, id=13404, stack(0x000000ae60c00000,0x000000ae60d00000)]
  0x0000023d597be440 JavaThread "Cancel handler" [_thread_blocked, id=16592, stack(0x000000ae60d00000,0x000000ae60e00000)]
  0x0000023d597bc5e0 JavaThread "Daemon worker" [_thread_blocked, id=11228, stack(0x000000ae60e00000,0x000000ae60f00000)]
  0x0000023d597bcaf0 JavaThread "Asynchronous log dispatcher for DefaultDaemonConnection: socket connection from /127.0.0.1:50407 to /127.0.0.1:50408" [_thread_blocked, id=16056, stack(0x000000ae60f00000,0x000000ae61000000)]
  0x0000023d597bb1a0 JavaThread "Stdin handler" [_thread_blocked, id=10260, stack(0x000000ae61000000,0x000000ae61100000)]
  0x0000023d597bc0d0 JavaThread "Daemon client event forwarder" [_thread_blocked, id=19384, stack(0x000000ae61100000,0x000000ae61200000)]
  0x0000023d597bbbc0 JavaThread "Cache worker for journal cache (C:\Users\Vauras\.gradle\caches\journal-1)" [_thread_blocked, id=16712, stack(0x000000ae61200000,0x000000ae61300000)]
  0x0000023d597bdf30 JavaThread "File lock request listener" [_thread_in_native, id=12824, stack(0x000000ae61300000,0x000000ae61400000)]
  0x0000023d597be950 JavaThread "Cache worker for file hash cache (C:\Users\Vauras\.gradle\caches\8.13\fileHashes)" [_thread_blocked, id=16740, stack(0x000000ae61400000,0x000000ae61500000)]
  0x0000023d597bb6b0 JavaThread "File lock release action executor" [_thread_blocked, id=12076, stack(0x000000ae61500000,0x000000ae61600000)]
  0x0000023d597bd000 JavaThread "Cache worker for file hash cache (D:\salarybooks_mobileapp\Salarybooks-App\android\.gradle\8.13\fileHashes)" [_thread_blocked, id=3420, stack(0x000000ae61900000,0x000000ae61a00000)]
  0x0000023d597bd510 JavaThread "Cache worker for Build Output Cleanup Cache (D:\salarybooks_mobileapp\Salarybooks-App\android\.gradle\buildOutputCleanup)" [_thread_blocked, id=22132, stack(0x000000ae61a00000,0x000000ae61b00000)]
  0x0000023d597a0410 JavaThread "File watcher server" daemon [_thread_in_native, id=16892, stack(0x000000ae61c00000,0x000000ae61d00000)]
  0x0000023d597a1d60 JavaThread "File watcher consumer" daemon [_thread_blocked, id=18928, stack(0x000000ae61d00000,0x000000ae61e00000)]
  0x0000023d597a2c90 JavaThread "jar transforms" [_thread_blocked, id=19144, stack(0x000000ae61e00000,0x000000ae61f00000)]
  0x0000023d597a2270 JavaThread "Cache worker for checksums cache (D:\salarybooks_mobileapp\Salarybooks-App\android\.gradle\8.13\checksums)" [_thread_blocked, id=2404, stack(0x000000ae61f00000,0x000000ae62000000)]
  0x0000023d597a36b0 JavaThread "Cache worker for file content cache (C:\Users\Vauras\.gradle\caches\8.13\fileContent)" [_thread_blocked, id=14392, stack(0x000000ae62000000,0x000000ae62100000)]
  0x0000023d5979ff00 JavaThread "Cache worker for cache directory md-supplier (C:\Users\Vauras\.gradle\caches\8.13\md-supplier)" [_thread_blocked, id=22256, stack(0x000000ae62100000,0x000000ae62200000)]
  0x0000023d597a0e30 JavaThread "Cache worker for cache directory md-rule (C:\Users\Vauras\.gradle\caches\8.13\md-rule)" [_thread_blocked, id=17088, stack(0x000000ae62200000,0x000000ae62300000)]
  0x0000023d597a1340 JavaThread "Cache worker for Build Output Cleanup Cache (D:\salarybooks_mobileapp\Salarybooks-App\node_modules\@react-native\gradle-plugin\.gradle\buildOutputCleanup)" [_thread_blocked, id=16972, stack(0x000000ae62300000,0x000000ae62400000)]
  0x0000023d597a1850 JavaThread "Unconstrained build operations" [_thread_blocked, id=3768, stack(0x000000ae62400000,0x000000ae62500000)]
  0x0000023d7be026f0 JavaThread "Unconstrained build operations Thread 2" [_thread_blocked, id=24528, stack(0x000000ae62500000,0x000000ae62600000)]
  0x0000023d7be02c00 JavaThread "Unconstrained build operations Thread 3" [_thread_blocked, id=15760, stack(0x000000ae62600000,0x000000ae62700000)]
  0x0000023d7be017c0 JavaThread "Unconstrained build operations Thread 4" [_thread_blocked, id=9144, stack(0x000000ae62700000,0x000000ae62800000)]
  0x0000023d7be03620 JavaThread "Unconstrained build operations Thread 5" [_thread_blocked, id=8180, stack(0x000000ae62800000,0x000000ae62900000)]
  0x0000023d7be01cd0 JavaThread "Unconstrained build operations Thread 6" [_thread_blocked, id=2496, stack(0x000000ae62900000,0x000000ae62a00000)]
  0x0000023d7be03b30 JavaThread "Unconstrained build operations Thread 7" [_thread_blocked, id=16948, stack(0x000000ae62a00000,0x000000ae62b00000)]
  0x0000023d7be03110 JavaThread "Unconstrained build operations Thread 8" [_thread_blocked, id=9444, stack(0x000000ae62b00000,0x000000ae62c00000)]
  0x0000023d7be00890 JavaThread "Unconstrained build operations Thread 9" [_thread_blocked, id=19396, stack(0x000000ae62c00000,0x000000ae62d00000)]
  0x0000023d7be04550 JavaThread "Unconstrained build operations Thread 10" [_thread_blocked, id=18148, stack(0x000000ae62d00000,0x000000ae62e00000)]
  0x0000023d7be00da0 JavaThread "Unconstrained build operations Thread 11" [_thread_blocked, id=24392, stack(0x000000ae62e00000,0x000000ae62f00000)]
  0x0000023d7be04a60 JavaThread "Unconstrained build operations Thread 12" [_thread_blocked, id=12148, stack(0x000000ae62f00000,0x000000ae63000000)]
  0x0000023d7be012b0 JavaThread "Unconstrained build operations Thread 13" [_thread_blocked, id=21256, stack(0x000000ae63000000,0x000000ae63100000)]
  0x0000023d7be05480 JavaThread "Unconstrained build operations Thread 14" [_thread_blocked, id=14820, stack(0x000000ae63100000,0x000000ae63200000)]
  0x0000023d7be04f70 JavaThread "Unconstrained build operations Thread 15" [_thread_blocked, id=21392, stack(0x000000ae63200000,0x000000ae63300000)]
  0x0000023d7be05990 JavaThread "Unconstrained build operations Thread 16" [_thread_blocked, id=18128, stack(0x000000ae63300000,0x000000ae63400000)]
  0x0000023d7be021e0 JavaThread "Unconstrained build operations Thread 17" [_thread_blocked, id=4464, stack(0x000000ae63400000,0x000000ae63500000)]
  0x0000023d7be06dd0 JavaThread "Unconstrained build operations Thread 18" [_thread_blocked, id=10092, stack(0x000000ae63500000,0x000000ae63600000)]
  0x0000023d7be05ea0 JavaThread "Unconstrained build operations Thread 19" [_thread_blocked, id=11328, stack(0x000000ae63600000,0x000000ae63700000)]
  0x0000023d7be063b0 JavaThread "Unconstrained build operations Thread 20" [_thread_blocked, id=21700, stack(0x000000ae63700000,0x000000ae63800000)]
  0x0000023d7be072e0 JavaThread "Unconstrained build operations Thread 21" [_thread_blocked, id=21812, stack(0x000000ae63800000,0x000000ae63900000)]
  0x0000023d7be077f0 JavaThread "Unconstrained build operations Thread 22" [_thread_blocked, id=17152, stack(0x000000ae63900000,0x000000ae63a00000)]
  0x0000023d7be07d00 JavaThread "Unconstrained build operations Thread 23" [_thread_blocked, id=24764, stack(0x000000ae63a00000,0x000000ae63b00000)]
  0x0000023d7be068c0 JavaThread "Unconstrained build operations Thread 24" [_thread_blocked, id=8204, stack(0x000000ae63b00000,0x000000ae63c00000)]
  0x0000023d7be08210 JavaThread "Unconstrained build operations Thread 25" [_thread_blocked, id=18792, stack(0x000000ae63c00000,0x000000ae63d00000)]
  0x0000023d7ab443e0 JavaThread "Unconstrained build operations Thread 26" [_thread_blocked, id=1044, stack(0x000000ae63d00000,0x000000ae63e00000)]
  0x0000023d7ab42580 JavaThread "Unconstrained build operations Thread 27" [_thread_blocked, id=8888, stack(0x000000ae63e00000,0x000000ae63f00000)]
  0x0000023d7ab45310 JavaThread "build event listener" [_thread_blocked, id=9836, stack(0x000000ae5ef00000,0x000000ae5f000000)]
  0x0000023d7ab434b0 JavaThread "Memory manager" [_thread_blocked, id=5044, stack(0x000000ae63f00000,0x000000ae64000000)]
  0x0000023d7ab439c0 JavaThread "ForkJoinPool.commonPool-worker-1" daemon [_thread_blocked, id=9324, stack(0x000000ae64200000,0x000000ae64300000)]
  0x0000023d7ab448f0 JavaThread "ForkJoinPool.commonPool-worker-2" daemon [_thread_blocked, id=8508, stack(0x000000ae64300000,0x000000ae64400000)]
  0x0000023d7ab42a90 JavaThread "ForkJoinPool.commonPool-worker-4" daemon [_thread_blocked, id=10824, stack(0x000000ae64500000,0x000000ae64600000)]
  0x0000023d7ab45d30 JavaThread "ForkJoinPool.commonPool-worker-5" daemon [_thread_blocked, id=6892, stack(0x000000ae64600000,0x000000ae64700000)]
  0x0000023d7ab46240 JavaThread "ForkJoinPool.commonPool-worker-6" daemon [_thread_blocked, id=25128, stack(0x000000ae64700000,0x000000ae64800000)]
  0x0000023d7ab46750 JavaThread "ForkJoinPool.commonPool-worker-7" daemon [_thread_blocked, id=22808, stack(0x000000ae64800000,0x000000ae64900000)]
  0x0000023d7ab47170 JavaThread "Execution worker" [_thread_blocked, id=10140, stack(0x000000ae64d00000,0x000000ae64e00000)]
  0x0000023d7ab47680 JavaThread "Execution worker Thread 2" [_thread_blocked, id=3836, stack(0x000000ae64e00000,0x000000ae64f00000)]
  0x0000023d7ab480a0 JavaThread "Execution worker Thread 3" [_thread_blocked, id=24692, stack(0x000000ae64f00000,0x000000ae65000000)]
  0x0000023d7ab48fd0 JavaThread "Execution worker Thread 4" [_thread_in_Java, id=9468, stack(0x000000ae65000000,0x000000ae65100000)]
  0x0000023d7ab485b0 JavaThread "Execution worker Thread 5" [_thread_blocked, id=20396, stack(0x000000ae65100000,0x000000ae65200000)]
  0x0000023d7ab48ac0 JavaThread "Execution worker Thread 6" [_thread_blocked, id=15348, stack(0x000000ae65200000,0x000000ae65300000)]
  0x0000023d7ab499f0 JavaThread "Execution worker Thread 7" [_thread_blocked, id=23888, stack(0x000000ae65300000,0x000000ae65400000)]
  0x0000023d7cc327a0 JavaThread "Cache worker for execution history cache (D:\salarybooks_mobileapp\Salarybooks-App\node_modules\@react-native\gradle-plugin\.gradle\8.13\executionHistory)" [_thread_blocked, id=17184, stack(0x000000ae65400000,0x000000ae65500000)]
  0x0000023d7cc32cb0 JavaThread "Unconstrained build operations Thread 28" [_thread_blocked, id=3980, stack(0x000000ae65500000,0x000000ae65600000)]
  0x0000023d7cc331c0 JavaThread "Unconstrained build operations Thread 29" [_thread_blocked, id=23192, stack(0x000000ae65600000,0x000000ae65700000)]
  0x0000023d7cc2ff20 JavaThread "Unconstrained build operations Thread 30" [_thread_blocked, id=18424, stack(0x000000ae65700000,0x000000ae65800000)]
  0x0000023d7cc32290 JavaThread "Unconstrained build operations Thread 31" [_thread_blocked, id=14744, stack(0x000000ae65800000,0x000000ae65900000)]
  0x0000023d7cc30940 JavaThread "Unconstrained build operations Thread 32" [_thread_blocked, id=12208, stack(0x000000ae65900000,0x000000ae65a00000)]
  0x0000023d7cc31870 JavaThread "Unconstrained build operations Thread 33" [_thread_blocked, id=20068, stack(0x000000ae65a00000,0x000000ae65b00000)]
  0x0000023d7cc30e50 JavaThread "Unconstrained build operations Thread 34" [_thread_blocked, id=12552, stack(0x000000ae65b00000,0x000000ae65c00000)]
  0x0000023d7cc2fa10 JavaThread "Unconstrained build operations Thread 35" [_thread_blocked, id=18316, stack(0x000000ae65c00000,0x000000ae65d00000)]
  0x0000023d7cc336d0 JavaThread "Unconstrained build operations Thread 36" [_thread_blocked, id=19612, stack(0x000000ae65d00000,0x000000ae65e00000)]
  0x0000023d7cc33be0 JavaThread "Unconstrained build operations Thread 37" [_thread_blocked, id=20916, stack(0x000000ae65e00000,0x000000ae65f00000)]
  0x0000023d7cc30430 JavaThread "Unconstrained build operations Thread 38" [_thread_blocked, id=21428, stack(0x000000ae65f00000,0x000000ae66000000)]
  0x0000023d7cc340f0 JavaThread "Unconstrained build operations Thread 39" [_thread_blocked, id=9336, stack(0x000000ae66000000,0x000000ae66100000)]
  0x0000023d7cc34b10 JavaThread "Unconstrained build operations Thread 40" [_thread_blocked, id=7696, stack(0x000000ae66100000,0x000000ae66200000)]
  0x0000023d7cc34600 JavaThread "Unconstrained build operations Thread 41" [_thread_blocked, id=4992, stack(0x000000ae66200000,0x000000ae66300000)]
  0x0000023d7cc31360 JavaThread "Unconstrained build operations Thread 42" [_thread_blocked, id=7212, stack(0x000000ae66300000,0x000000ae66400000)]
  0x0000023d7cc35020 JavaThread "Unconstrained build operations Thread 43" [_thread_blocked, id=19720, stack(0x000000ae66400000,0x000000ae66500000)]
  0x0000023d7cc35530 JavaThread "Unconstrained build operations Thread 44" [_thread_blocked, id=24348, stack(0x000000ae66500000,0x000000ae66600000)]
  0x0000023d7cc31d80 JavaThread "Unconstrained build operations Thread 45" [_thread_blocked, id=19292, stack(0x000000ae66600000,0x000000ae66700000)]
  0x0000023d7cc35a40 JavaThread "Unconstrained build operations Thread 46" [_thread_blocked, id=20820, stack(0x000000ae66700000,0x000000ae66800000)]
  0x0000023d7cc35f50 JavaThread "Unconstrained build operations Thread 47" [_thread_blocked, id=14212, stack(0x000000ae66800000,0x000000ae66900000)]
  0x0000023d7cc36460 JavaThread "Unconstrained build operations Thread 48" [_thread_blocked, id=20992, stack(0x000000ae66900000,0x000000ae66a00000)]
  0x0000023d7cc36970 JavaThread "Unconstrained build operations Thread 49" [_thread_blocked, id=8468, stack(0x000000ae66a00000,0x000000ae66b00000)]
  0x0000023d7cc36e80 JavaThread "Unconstrained build operations Thread 50" [_thread_blocked, id=20520, stack(0x000000ae66b00000,0x000000ae66c00000)]
  0x0000023d7cc37390 JavaThread "Unconstrained build operations Thread 51" [_thread_blocked, id=11132, stack(0x000000ae66c00000,0x000000ae66d00000)]
  0x0000023d7d204060 JavaThread "Unconstrained build operations Thread 52" [_thread_blocked, id=17916, stack(0x000000ae66d00000,0x000000ae66e00000)]
  0x0000023d7d2012d0 JavaThread "Unconstrained build operations Thread 53" [_thread_blocked, id=24344, stack(0x000000ae66e00000,0x000000ae66f00000)]
  0x0000023d7d2017e0 JavaThread "Unconstrained build operations Thread 54" [_thread_blocked, id=16024, stack(0x000000ae66f00000,0x000000ae67000000)]
  0x0000023d7d204570 JavaThread "Unconstrained build operations Thread 55" [_thread_blocked, id=24964, stack(0x000000ae67000000,0x000000ae67100000)]
  0x0000023d7d203130 JavaThread "Unconstrained build operations Thread 56" [_thread_blocked, id=19100, stack(0x000000ae67100000,0x000000ae67200000)]
  0x0000023d7d203b50 JavaThread "Unconstrained build operations Thread 57" [_thread_blocked, id=13056, stack(0x000000ae67200000,0x000000ae67300000)]
  0x0000023d7d201cf0 JavaThread "Unconstrained build operations Thread 58" [_thread_blocked, id=17476, stack(0x000000ae67300000,0x000000ae67400000)]
  0x0000023d7d202c20 JavaThread "Unconstrained build operations Thread 59" [_thread_blocked, id=19192, stack(0x000000ae67400000,0x000000ae67500000)]
  0x0000023d7d200dc0 JavaThread "Unconstrained build operations Thread 60" [_thread_blocked, id=9108, stack(0x000000ae67500000,0x000000ae67600000)]
  0x0000023d7d2059b0 JavaThread "Unconstrained build operations Thread 61" [_thread_blocked, id=24504, stack(0x000000ae67600000,0x000000ae67700000)]
  0x0000023d7d203640 JavaThread "Unconstrained build operations Thread 62" [_thread_blocked, id=10416, stack(0x000000ae67700000,0x000000ae67800000)]
  0x0000023d7d204a80 JavaThread "Unconstrained build operations Thread 63" [_thread_blocked, id=23612, stack(0x000000ae67800000,0x000000ae67900000)]
  0x0000023d7d204f90 JavaThread "Unconstrained build operations Thread 64" [_thread_blocked, id=16560, stack(0x000000ae67900000,0x000000ae67a00000)]
  0x0000023d7d2054a0 JavaThread "Unconstrained build operations Thread 65" [_thread_blocked, id=6136, stack(0x000000ae67a00000,0x000000ae67b00000)]
  0x0000023d7d202200 JavaThread "Unconstrained build operations Thread 66" [_thread_blocked, id=11592, stack(0x000000ae67b00000,0x000000ae67c00000)]
  0x0000023d7d205ec0 JavaThread "Unconstrained build operations Thread 67" [_thread_blocked, id=13428, stack(0x000000ae67c00000,0x000000ae67d00000)]
  0x0000023d7d202710 JavaThread "Unconstrained build operations Thread 68" [_thread_blocked, id=19976, stack(0x000000ae67d00000,0x000000ae67e00000)]
  0x0000023d7d2063d0 JavaThread "Unconstrained build operations Thread 69" [_thread_blocked, id=21956, stack(0x000000ae67e00000,0x000000ae67f00000)]
  0x0000023d7d208740 JavaThread "Unconstrained build operations Thread 70" [_thread_blocked, id=22480, stack(0x000000ae67f00000,0x000000ae68000000)]
  0x0000023d7d2068e0 JavaThread "Unconstrained build operations Thread 71" [_thread_blocked, id=20704, stack(0x000000ae68000000,0x000000ae68100000)]
  0x0000023d7d206df0 JavaThread "Unconstrained build operations Thread 72" [_thread_blocked, id=22816, stack(0x000000ae68100000,0x000000ae68200000)]
  0x0000023d7d207300 JavaThread "Unconstrained build operations Thread 73" [_thread_blocked, id=16340, stack(0x000000ae68200000,0x000000ae68300000)]
  0x0000023d7d207810 JavaThread "Unconstrained build operations Thread 74" [_thread_blocked, id=25200, stack(0x000000ae68300000,0x000000ae68400000)]
  0x0000023d7d208230 JavaThread "Unconstrained build operations Thread 75" [_thread_blocked, id=24956, stack(0x000000ae68400000,0x000000ae68500000)]
  0x0000023d7d207d20 JavaThread "Unconstrained build operations Thread 76" [_thread_blocked, id=16020, stack(0x000000ae68500000,0x000000ae68600000)]
  0x0000023d7b38d6f0 JavaThread "Unconstrained build operations Thread 77" [_thread_blocked, id=20340, stack(0x000000ae68600000,0x000000ae68700000)]
  0x0000023d7b38e620 JavaThread "jar transforms Thread 2" [_thread_blocked, id=18124, stack(0x000000ae68700000,0x000000ae68800000)]
  0x0000023d7b38f550 JavaThread "jar transforms Thread 3" [_thread_blocked, id=12640, stack(0x000000ae68800000,0x000000ae68900000)]
  0x0000023d7b38f040 JavaThread "Unconstrained build operations Thread 78" [_thread_blocked, id=7492, stack(0x000000ae68a00000,0x000000ae68b00000)]
  0x0000023d7b38e110 JavaThread "Unconstrained build operations Thread 79" [_thread_blocked, id=17228, stack(0x000000ae68b00000,0x000000ae68c00000)]
  0x0000023d7b38fa60 JavaThread "Unconstrained build operations Thread 80" [_thread_blocked, id=7848, stack(0x000000ae68c00000,0x000000ae68d00000)]
  0x0000023d7b390480 JavaThread "jar transforms Thread 4" [_thread_blocked, id=16228, stack(0x000000ae68d00000,0x000000ae68e00000)]
  0x0000023d7b38ccd0 JavaThread "jar transforms Thread 5" [_thread_blocked, id=19620, stack(0x000000ae68900000,0x000000ae68a00000)]
  0x0000023d7b390990 JavaThread "jar transforms Thread 6" [_thread_blocked, id=25080, stack(0x000000ae68e00000,0x000000ae68f00000)]
  0x0000023d7b394140 JavaThread "Problems report writer" [_thread_blocked, id=11100, stack(0x000000ae5ee00000,0x000000ae5ef00000)]
  0x0000023d7b391dd0 JavaThread "build event listener" [_thread_blocked, id=11200, stack(0x000000ae5f000000,0x000000ae5f100000)]
  0x0000023d7b3922e0 JavaThread "jar transforms Thread 7" [_thread_blocked, id=6472, stack(0x000000ae68f00000,0x000000ae69000000)]
  0x0000023d7b3927f0 JavaThread "jar transforms Thread 8" [_thread_blocked, id=7796, stack(0x000000ae69000000,0x000000ae69100000)]
  0x0000023d7f3ff280 JavaThread "Exec process" [_thread_blocked, id=21396, stack(0x000000ae69200000,0x000000ae69300000)]
  0x0000023d7f3fcf10 JavaThread "Exec process Thread 2" [_thread_blocked, id=18364, stack(0x000000ae69300000,0x000000ae69400000)]
  0x0000023d7f3fc4f0 JavaThread "Exec process Thread 3" [_thread_blocked, id=11400, stack(0x000000ae69400000,0x000000ae69500000)]
  0x0000023d7f402520 JavaThread "ForkJoinPool.commonPool-worker-8" daemon [_thread_blocked, id=12524, stack(0x000000ae64400000,0x000000ae64500000)]
  0x0000023d7b392d00 JavaThread "included builds Thread 2" [_thread_blocked, id=10048, stack(0x000000ae69100000,0x000000ae69200000)]
  0x0000023d7b393210 JavaThread "Cache worker for execution history cache (D:\salarybooks_mobileapp\Salarybooks-App\android\.gradle\8.13\executionHistory)" [_thread_blocked, id=616, stack(0x000000ae69500000,0x000000ae69600000)]
  0x0000023d7be04040 JavaThread "WorkerExecutor Queue" [_thread_blocked, id=9312, stack(0x000000ae64a00000,0x000000ae64b00000)]
  0x0000023d7f401b00 JavaThread "WorkerExecutor Queue Thread 2" [_thread_blocked, id=2764, stack(0x000000ae69600000,0x000000ae69700000)]
  0x0000023d08c1bb80 JavaThread "WorkerExecutor Queue Thread 3" [_thread_blocked, id=16608, stack(0x000000ae69700000,0x000000ae69800000)]
  0x0000023d08c1b160 JavaThread "WorkerExecutor Queue Thread 4" [_thread_blocked, id=19868, stack(0x000000ae69800000,0x000000ae69900000)]
  0x0000023d08c1b670 JavaThread "WorkerExecutor Queue Thread 5" [_thread_blocked, id=18304, stack(0x000000ae69900000,0x000000ae69a00000)]
  0x0000023d08c1c5a0 JavaThread "WorkerExecutor Queue Thread 6" [_thread_blocked, id=16308, stack(0x000000ae69a00000,0x000000ae69b00000)]
  0x0000023d08c1cfc0 JavaThread "WorkerExecutor Queue Thread 7" [_thread_blocked, id=13452, stack(0x000000ae69b00000,0x000000ae69c00000)]
  0x0000023d08c1d4d0 JavaThread "WorkerExecutor Queue Thread 8" [_thread_blocked, id=11004, stack(0x000000ae69c00000,0x000000ae69d00000)]
  0x0000023d7e3f2800 JavaThread "C2 CompilerThread1" daemon [_thread_in_native, id=13276, stack(0x000000ae64900000,0x000000ae64a00000)]

Other Threads:
  0x0000023d59349060 VMThread "VM Thread" [stack: 0x000000ae5f700000,0x000000ae5f800000] [id=2908]
  0x0000023d5967ecc0 WatcherThread [stack: 0x000000ae60400000,0x000000ae60500000] [id=15880]
  0x0000023d32d4e810 GCTaskThread "GC Thread#0" [stack: 0x000000ae5f200000,0x000000ae5f300000] [id=18900]
  0x0000023d5977a670 GCTaskThread "GC Thread#1" [stack: 0x000000ae60500000,0x000000ae60600000] [id=18804]
  0x0000023d598c41c0 GCTaskThread "GC Thread#2" [stack: 0x000000ae60600000,0x000000ae60700000] [id=17320]
  0x0000023d598c4480 GCTaskThread "GC Thread#3" [stack: 0x000000ae60700000,0x000000ae60800000] [id=544]
  0x0000023d79dbfce0 GCTaskThread "GC Thread#4" [stack: 0x000000ae60200000,0x000000ae60300000] [id=19656]
  0x0000023d7aa43c40 GCTaskThread "GC Thread#5" [stack: 0x000000ae61600000,0x000000ae61700000] [id=24512]
  0x0000023d7b79ecc0 GCTaskThread "GC Thread#6" [stack: 0x000000ae61700000,0x000000ae61800000] [id=12856]
  0x0000023d7ab5f0e0 GCTaskThread "GC Thread#7" [stack: 0x000000ae61800000,0x000000ae61900000] [id=14632]
  0x0000023d34fbfd10 ConcurrentGCThread "G1 Main Marker" [stack: 0x000000ae5f300000,0x000000ae5f400000] [id=10764]
  0x0000023d34fc1310 ConcurrentGCThread "G1 Conc#0" [stack: 0x000000ae5f400000,0x000000ae5f500000] [id=16004]
  0x0000023d7aacb040 ConcurrentGCThread "G1 Conc#1" [stack: 0x000000ae61b00000,0x000000ae61c00000] [id=24068]
  0x0000023d34fee8a0 ConcurrentGCThread "G1 Refine#0" [stack: 0x000000ae5f500000,0x000000ae5f600000] [id=9768]
  0x0000023d075d1280 ConcurrentGCThread "G1 Refine#1" [stack: 0x000000ae64b00000,0x000000ae64c00000] [id=1192]
  0x0000023d075d35c0 ConcurrentGCThread "G1 Refine#2" [stack: 0x000000ae64c00000,0x000000ae64d00000] [id=3180]
  0x0000023d591fe3a0 ConcurrentGCThread "G1 Service" [stack: 0x000000ae5f600000,0x000000ae5f700000] [id=20948]

Threads with active compile tasks:
C2 CompilerThread0   166086 22854       4       com.android.utils.XmlUtils::append (597 bytes)
C2 CompilerThread1   166086 22871       4       com.sun.org.apache.xerces.internal.dom.ElementImpl::normalize (169 bytes)

VM state: not at safepoint (normal execution)

VM Mutex/Monitor currently owned by a thread: None

Heap address: 0x0000000700000000, size: 4096 MB, Compressed Oops mode: Zero based, Oop shift amount: 3

CDS archive(s) mapped at: [0x0000023d5a000000-0x0000023d5abc0000-0x0000023d5abc0000), size 12320768, SharedBaseAddress: 0x0000023d5a000000, ArchiveRelocationMode: 1.
Compressed class space mapped at: 0x0000023d5b000000-0x0000023d75000000, reserved size: 436207616
Narrow klass base: 0x0000023d5a000000, Narrow klass shift: 0, Narrow klass range: 0x100000000

GC Precious Log:
 CPUs: 8 total, 8 available
 Memory: 7418M
 Large Page Support: Disabled
 NUMA Support: Disabled
 Compressed Oops: Enabled (Zero based)
 Heap Region Size: 2M
 Heap Min Capacity: 8M
 Heap Initial Capacity: 116M
 Heap Max Capacity: 4G
 Pre-touch: Disabled
 Parallel Workers: 8
 Concurrent Workers: 2
 Concurrent Refinement Workers: 8
 Periodic GC: Disabled

Heap:
 garbage-first heap   total 618496K, used 443739K [0x0000000700000000, 0x0000000800000000)
  region size 2048K, 30 young (61440K), 10 survivors (20480K)
 Metaspace       used 129326K, committed 131456K, reserved 557056K
  class space    used 17607K, committed 18560K, reserved 425984K

Heap Regions: E=young(eden), S=young(survivor), O=old, HS=humongous(starts), HC=humongous(continues), CS=collection set, F=free, OA=open archive, CA=closed archive, TAMS=top-at-mark-start (previous, next)
|   0|0x0000000700000000, 0x0000000700200000, 0x0000000700200000|100%|HS|  |TAMS 0x0000000700200000, 0x0000000700000000| Complete 
|   1|0x0000000700200000, 0x0000000700400000, 0x0000000700400000|100%|HC|  |TAMS 0x0000000700400000, 0x0000000700200000| Complete 
|   2|0x0000000700400000, 0x0000000700600000, 0x0000000700600000|100%| O|  |TAMS 0x0000000700600000, 0x0000000700400000| Untracked 
|   3|0x0000000700600000, 0x0000000700800000, 0x0000000700800000|100%| O|  |TAMS 0x0000000700800000, 0x0000000700600000| Untracked 
|   4|0x0000000700800000, 0x0000000700a00000, 0x0000000700a00000|100%| O|  |TAMS 0x0000000700a00000, 0x0000000700800000| Untracked 
|   5|0x0000000700a00000, 0x0000000700c00000, 0x0000000700c00000|100%| O|  |TAMS 0x0000000700c00000, 0x0000000700a00000| Untracked 
|   6|0x0000000700c00000, 0x0000000700e00000, 0x0000000700e00000|100%|HS|  |TAMS 0x0000000700e00000, 0x0000000700c00000| Complete 
|   7|0x0000000700e00000, 0x0000000701000000, 0x0000000701000000|100%| O|  |TAMS 0x0000000701000000, 0x0000000700e00000| Untracked 
|   8|0x0000000701000000, 0x0000000701200000, 0x0000000701200000|100%| O|  |TAMS 0x0000000701200000, 0x0000000701000000| Untracked 
|   9|0x0000000701200000, 0x0000000701400000, 0x0000000701400000|100%| O|  |TAMS 0x0000000701400000, 0x0000000701200000| Untracked 
|  10|0x0000000701400000, 0x0000000701600000, 0x0000000701600000|100%| O|  |TAMS 0x0000000701600000, 0x0000000701400000| Untracked 
|  11|0x0000000701600000, 0x0000000701800000, 0x0000000701800000|100%| O|  |TAMS 0x0000000701800000, 0x0000000701600000| Untracked 
|  12|0x0000000701800000, 0x0000000701a00000, 0x0000000701a00000|100%| O|  |TAMS 0x0000000701a00000, 0x0000000701800000| Untracked 
|  13|0x0000000701a00000, 0x0000000701c00000, 0x0000000701c00000|100%| O|  |TAMS 0x0000000701c00000, 0x0000000701a00000| Untracked 
|  14|0x0000000701c00000, 0x0000000701e00000, 0x0000000701e00000|100%| O|  |TAMS 0x0000000701e00000, 0x0000000701c00000| Untracked 
|  15|0x0000000701e00000, 0x0000000702000000, 0x0000000702000000|100%| O|  |TAMS 0x0000000702000000, 0x0000000701e00000| Untracked 
|  16|0x0000000702000000, 0x0000000702200000, 0x0000000702200000|100%| O|  |TAMS 0x0000000702200000, 0x0000000702000000| Untracked 
|  17|0x0000000702200000, 0x0000000702400000, 0x0000000702400000|100%| O|  |TAMS 0x0000000702400000, 0x0000000702200000| Untracked 
|  18|0x0000000702400000, 0x0000000702600000, 0x0000000702600000|100%|HS|  |TAMS 0x0000000702600000, 0x0000000702400000| Complete 
|  19|0x0000000702600000, 0x0000000702800000, 0x0000000702800000|100%|HC|  |TAMS 0x0000000702800000, 0x0000000702600000| Complete 
|  20|0x0000000702800000, 0x0000000702a00000, 0x0000000702a00000|100%|HS|  |TAMS 0x0000000702a00000, 0x0000000702800000| Complete 
|  21|0x0000000702a00000, 0x0000000702c00000, 0x0000000702c00000|100%| O|  |TAMS 0x0000000702c00000, 0x0000000702a00000| Untracked 
|  22|0x0000000702c00000, 0x0000000702e00000, 0x0000000702e00000|100%| O|  |TAMS 0x0000000702e00000, 0x0000000702c00000| Untracked 
|  23|0x0000000702e00000, 0x0000000703000000, 0x0000000703000000|100%| O|  |TAMS 0x0000000703000000, 0x0000000702e00000| Untracked 
|  24|0x0000000703000000, 0x0000000703200000, 0x0000000703200000|100%| O|  |TAMS 0x0000000703200000, 0x0000000703000000| Untracked 
|  25|0x0000000703200000, 0x0000000703400000, 0x0000000703400000|100%| O|  |TAMS 0x0000000703400000, 0x0000000703200000| Untracked 
|  26|0x0000000703400000, 0x0000000703600000, 0x0000000703600000|100%| O|  |TAMS 0x0000000703600000, 0x0000000703400000| Untracked 
|  27|0x0000000703600000, 0x0000000703800000, 0x0000000703800000|100%|HS|  |TAMS 0x0000000703800000, 0x0000000703600000| Complete 
|  28|0x0000000703800000, 0x0000000703a00000, 0x0000000703a00000|100%|HC|  |TAMS 0x0000000703a00000, 0x0000000703800000| Complete 
|  29|0x0000000703a00000, 0x0000000703c00000, 0x0000000703c00000|100%| O|  |TAMS 0x0000000703c00000, 0x0000000703a00000| Untracked 
|  30|0x0000000703c00000, 0x0000000703e00000, 0x0000000703e00000|100%| O|  |TAMS 0x0000000703e00000, 0x0000000703c00000| Untracked 
|  31|0x0000000703e00000, 0x0000000704000000, 0x0000000704000000|100%| O|  |TAMS 0x0000000704000000, 0x0000000703e00000| Untracked 
|  32|0x0000000704000000, 0x0000000704200000, 0x0000000704200000|100%| O|  |TAMS 0x0000000704200000, 0x0000000704000000| Untracked 
|  33|0x0000000704200000, 0x0000000704400000, 0x0000000704400000|100%| O|  |TAMS 0x0000000704400000, 0x0000000704200000| Untracked 
|  34|0x0000000704400000, 0x0000000704600000, 0x0000000704600000|100%| O|  |TAMS 0x0000000704600000, 0x0000000704400000| Untracked 
|  35|0x0000000704600000, 0x0000000704800000, 0x0000000704800000|100%| O|  |TAMS 0x0000000704800000, 0x0000000704600000| Untracked 
|  36|0x0000000704800000, 0x0000000704a00000, 0x0000000704a00000|100%| O|  |TAMS 0x0000000704a00000, 0x0000000704800000| Untracked 
|  37|0x0000000704a00000, 0x0000000704c00000, 0x0000000704c00000|100%| O|  |TAMS 0x0000000704c00000, 0x0000000704a00000| Untracked 
|  38|0x0000000704c00000, 0x0000000704e00000, 0x0000000704e00000|100%| O|  |TAMS 0x0000000704e00000, 0x0000000704c00000| Untracked 
|  39|0x0000000704e00000, 0x0000000705000000, 0x0000000705000000|100%| O|  |TAMS 0x0000000705000000, 0x0000000704e00000| Untracked 
|  40|0x0000000705000000, 0x0000000705200000, 0x0000000705200000|100%| O|  |TAMS 0x0000000705200000, 0x0000000705000000| Untracked 
|  41|0x0000000705200000, 0x0000000705400000, 0x0000000705400000|100%| O|  |TAMS 0x0000000705400000, 0x0000000705200000| Untracked 
|  42|0x0000000705400000, 0x0000000705600000, 0x0000000705600000|100%| O|  |TAMS 0x0000000705600000, 0x0000000705400000| Untracked 
|  43|0x0000000705600000, 0x0000000705800000, 0x0000000705800000|100%| O|  |TAMS 0x0000000705800000, 0x0000000705600000| Untracked 
|  44|0x0000000705800000, 0x0000000705a00000, 0x0000000705a00000|100%| O|  |TAMS 0x0000000705a00000, 0x0000000705800000| Untracked 
|  45|0x0000000705a00000, 0x0000000705c00000, 0x0000000705c00000|100%| O|  |TAMS 0x0000000705c00000, 0x0000000705a00000| Untracked 
|  46|0x0000000705c00000, 0x0000000705e00000, 0x0000000705e00000|100%| O|  |TAMS 0x0000000705e00000, 0x0000000705c00000| Untracked 
|  47|0x0000000705e00000, 0x0000000706000000, 0x0000000706000000|100%| O|  |TAMS 0x0000000706000000, 0x0000000705e00000| Untracked 
|  48|0x0000000706000000, 0x0000000706200000, 0x0000000706200000|100%| O|  |TAMS 0x0000000706200000, 0x0000000706000000| Untracked 
|  49|0x0000000706200000, 0x0000000706400000, 0x0000000706400000|100%| O|  |TAMS 0x0000000706400000, 0x0000000706200000| Untracked 
|  50|0x0000000706400000, 0x0000000706600000, 0x0000000706600000|100%|HS|  |TAMS 0x0000000706600000, 0x0000000706400000| Complete 
|  51|0x0000000706600000, 0x0000000706800000, 0x0000000706800000|100%| O|  |TAMS 0x0000000706800000, 0x0000000706600000| Untracked 
|  52|0x0000000706800000, 0x0000000706a00000, 0x0000000706a00000|100%| O|  |TAMS 0x0000000706a00000, 0x0000000706800000| Untracked 
|  53|0x0000000706a00000, 0x0000000706c00000, 0x0000000706c00000|100%| O|  |TAMS 0x0000000706c00000, 0x0000000706a00000| Untracked 
|  54|0x0000000706c00000, 0x0000000706e00000, 0x0000000706e00000|100%| O|  |TAMS 0x0000000706e00000, 0x0000000706c00000| Untracked 
|  55|0x0000000706e00000, 0x0000000707000000, 0x0000000707000000|100%| O|  |TAMS 0x0000000707000000, 0x0000000706e00000| Untracked 
|  56|0x0000000707000000, 0x0000000707200000, 0x0000000707200000|100%| O|  |TAMS 0x0000000707200000, 0x0000000707000000| Untracked 
|  57|0x0000000707200000, 0x0000000707400000, 0x0000000707400000|100%| O|  |TAMS 0x0000000707400000, 0x0000000707200000| Untracked 
|  58|0x0000000707400000, 0x0000000707600000, 0x0000000707600000|100%| O|  |TAMS 0x0000000707600000, 0x0000000707400000| Untracked 
|  59|0x0000000707600000, 0x0000000707800000, 0x0000000707800000|100%| O|  |TAMS 0x0000000707800000, 0x0000000707600000| Untracked 
|  60|0x0000000707800000, 0x0000000707a00000, 0x0000000707a00000|100%| O|  |TAMS 0x0000000707a00000, 0x0000000707800000| Untracked 
|  61|0x0000000707a00000, 0x0000000707c00000, 0x0000000707c00000|100%| O|  |TAMS 0x0000000707c00000, 0x0000000707a00000| Untracked 
|  62|0x0000000707c00000, 0x0000000707e00000, 0x0000000707e00000|100%| O|  |TAMS 0x0000000707c00000, 0x0000000707c00000| Untracked 
|  63|0x0000000707e00000, 0x0000000708000000, 0x0000000708000000|100%| O|  |TAMS 0x0000000708000000, 0x0000000707e00000| Untracked 
|  64|0x0000000708000000, 0x0000000708200000, 0x0000000708200000|100%| O|  |TAMS 0x0000000708200000, 0x0000000708000000| Untracked 
|  65|0x0000000708200000, 0x0000000708400000, 0x0000000708400000|100%| O|  |TAMS 0x0000000708400000, 0x0000000708200000| Untracked 
|  66|0x0000000708400000, 0x0000000708600000, 0x0000000708600000|100%| O|  |TAMS 0x0000000708600000, 0x0000000708400000| Untracked 
|  67|0x0000000708600000, 0x0000000708800000, 0x0000000708800000|100%| O|  |TAMS 0x0000000708600000, 0x0000000708600000| Untracked 
|  68|0x0000000708800000, 0x0000000708a00000, 0x0000000708a00000|100%|HS|  |TAMS 0x0000000708a00000, 0x0000000708800000| Complete 
|  69|0x0000000708a00000, 0x0000000708c00000, 0x0000000708c00000|100%|HC|  |TAMS 0x0000000708c00000, 0x0000000708a00000| Complete 
|  70|0x0000000708c00000, 0x0000000708e00000, 0x0000000708e00000|100%|HS|  |TAMS 0x0000000708e00000, 0x0000000708c00000| Complete 
|  71|0x0000000708e00000, 0x0000000709000000, 0x0000000709000000|100%| O|  |TAMS 0x0000000709000000, 0x0000000708e00000| Untracked 
|  72|0x0000000709000000, 0x0000000709200000, 0x0000000709200000|100%| O|  |TAMS 0x0000000709000000, 0x0000000709000000| Untracked 
|  73|0x0000000709200000, 0x0000000709400000, 0x0000000709400000|100%| O|  |TAMS 0x0000000709400000, 0x0000000709200000| Untracked 
|  74|0x0000000709400000, 0x0000000709600000, 0x0000000709600000|100%| O|  |TAMS 0x0000000709600000, 0x0000000709400000| Untracked 
|  75|0x0000000709600000, 0x0000000709800000, 0x0000000709800000|100%| O|  |TAMS 0x0000000709800000, 0x0000000709600000| Untracked 
|  76|0x0000000709800000, 0x0000000709a00000, 0x0000000709a00000|100%| O|  |TAMS 0x0000000709a00000, 0x0000000709800000| Untracked 
|  77|0x0000000709a00000, 0x0000000709c00000, 0x0000000709c00000|100%| O|  |TAMS 0x0000000709c00000, 0x0000000709a00000| Untracked 
|  78|0x0000000709c00000, 0x0000000709e00000, 0x0000000709e00000|100%| O|  |TAMS 0x0000000709c00000, 0x0000000709c00000| Untracked 
|  79|0x0000000709e00000, 0x000000070a000000, 0x000000070a000000|100%| O|  |TAMS 0x000000070a000000, 0x0000000709e00000| Untracked 
|  80|0x000000070a000000, 0x000000070a200000, 0x000000070a200000|100%| O|  |TAMS 0x000000070a200000, 0x000000070a000000| Untracked 
|  81|0x000000070a200000, 0x000000070a400000, 0x000000070a400000|100%| O|  |TAMS 0x000000070a400000, 0x000000070a200000| Untracked 
|  82|0x000000070a400000, 0x000000070a600000, 0x000000070a600000|100%| O|  |TAMS 0x000000070a600000, 0x000000070a400000| Untracked 
|  83|0x000000070a600000, 0x000000070a800000, 0x000000070a800000|100%|HS|  |TAMS 0x000000070a800000, 0x000000070a600000| Complete 
|  84|0x000000070a800000, 0x000000070aa00000, 0x000000070aa00000|100%| O|  |TAMS 0x000000070aa00000, 0x000000070a800000| Untracked 
|  85|0x000000070aa00000, 0x000000070ac00000, 0x000000070ac00000|100%| O|  |TAMS 0x000000070ac00000, 0x000000070aa00000| Untracked 
|  86|0x000000070ac00000, 0x000000070ae00000, 0x000000070ae00000|100%| O|  |TAMS 0x000000070ac00000, 0x000000070ac00000| Untracked 
|  87|0x000000070ae00000, 0x000000070b000000, 0x000000070b000000|100%| O|  |TAMS 0x000000070b000000, 0x000000070ae00000| Untracked 
|  88|0x000000070b000000, 0x000000070b200000, 0x000000070b200000|100%| O|  |TAMS 0x000000070b200000, 0x000000070b000000| Untracked 
|  89|0x000000070b200000, 0x000000070b400000, 0x000000070b400000|100%| O|  |TAMS 0x000000070b400000, 0x000000070b200000| Untracked 
|  90|0x000000070b400000, 0x000000070b600000, 0x000000070b600000|100%| O|  |TAMS 0x000000070b600000, 0x000000070b400000| Untracked 
|  91|0x000000070b600000, 0x000000070b800000, 0x000000070b800000|100%| O|  |TAMS 0x000000070b800000, 0x000000070b600000| Untracked 
|  92|0x000000070b800000, 0x000000070ba00000, 0x000000070ba00000|100%| O|  |TAMS 0x000000070ba00000, 0x000000070b800000| Untracked 
|  93|0x000000070ba00000, 0x000000070bc00000, 0x000000070bc00000|100%| O|  |TAMS 0x000000070ba00000, 0x000000070ba00000| Untracked 
|  94|0x000000070bc00000, 0x000000070be00000, 0x000000070be00000|100%| O|  |TAMS 0x000000070be00000, 0x000000070bc00000| Untracked 
|  95|0x000000070be00000, 0x000000070c000000, 0x000000070c000000|100%| O|  |TAMS 0x000000070c000000, 0x000000070be00000| Untracked 
|  96|0x000000070c000000, 0x000000070c200000, 0x000000070c200000|100%| O|  |TAMS 0x000000070c200000, 0x000000070c000000| Untracked 
|  97|0x000000070c200000, 0x000000070c400000, 0x000000070c400000|100%| O|  |TAMS 0x000000070c200000, 0x000000070c200000| Untracked 
|  98|0x000000070c400000, 0x000000070c600000, 0x000000070c600000|100%| O|  |TAMS 0x000000070c400000, 0x000000070c400000| Untracked 
|  99|0x000000070c600000, 0x000000070c800000, 0x000000070c800000|100%| O|  |TAMS 0x000000070c800000, 0x000000070c600000| Untracked 
| 100|0x000000070c800000, 0x000000070ca00000, 0x000000070ca00000|100%| O|  |TAMS 0x000000070ca00000, 0x000000070c800000| Untracked 
| 101|0x000000070ca00000, 0x000000070cc00000, 0x000000070cc00000|100%| O|  |TAMS 0x000000070ca00000, 0x000000070ca00000| Untracked 
| 102|0x000000070cc00000, 0x000000070ce00000, 0x000000070ce00000|100%| O|  |TAMS 0x000000070cc00000, 0x000000070cc00000| Untracked 
| 103|0x000000070ce00000, 0x000000070d000000, 0x000000070d000000|100%| O|  |TAMS 0x000000070d000000, 0x000000070ce00000| Untracked 
| 104|0x000000070d000000, 0x000000070d200000, 0x000000070d200000|100%| O|  |TAMS 0x000000070d200000, 0x000000070d000000| Untracked 
| 105|0x000000070d200000, 0x000000070d400000, 0x000000070d400000|100%| O|  |TAMS 0x000000070d400000, 0x000000070d200000| Untracked 
| 106|0x000000070d400000, 0x000000070d600000, 0x000000070d600000|100%| O|  |TAMS 0x000000070d600000, 0x000000070d400000| Untracked 
| 107|0x000000070d600000, 0x000000070d800000, 0x000000070d800000|100%| O|  |TAMS 0x000000070d800000, 0x000000070d600000| Untracked 
| 108|0x000000070d800000, 0x000000070da00000, 0x000000070da00000|100%| O|  |TAMS 0x000000070da00000, 0x000000070d800000| Untracked 
| 109|0x000000070da00000, 0x000000070dc00000, 0x000000070dc00000|100%| O|  |TAMS 0x000000070dc00000, 0x000000070da00000| Untracked 
| 110|0x000000070dc00000, 0x000000070de00000, 0x000000070de00000|100%| O|  |TAMS 0x000000070de00000, 0x000000070dc00000| Untracked 
| 111|0x000000070de00000, 0x000000070e000000, 0x000000070e000000|100%| O|  |TAMS 0x000000070de00000, 0x000000070de00000| Untracked 
| 112|0x000000070e000000, 0x000000070e200000, 0x000000070e200000|100%| O|  |TAMS 0x000000070e200000, 0x000000070e000000| Untracked 
| 113|0x000000070e200000, 0x000000070e400000, 0x000000070e400000|100%| O|  |TAMS 0x000000070e200000, 0x000000070e200000| Untracked 
| 114|0x000000070e400000, 0x000000070e600000, 0x000000070e600000|100%| O|  |TAMS 0x000000070e600000, 0x000000070e400000| Untracked 
| 115|0x000000070e600000, 0x000000070e800000, 0x000000070e800000|100%| O|  |TAMS 0x000000070e800000, 0x000000070e600000| Untracked 
| 116|0x000000070e800000, 0x000000070ea00000, 0x000000070ea00000|100%| O|  |TAMS 0x000000070ea00000, 0x000000070e800000| Untracked 
| 117|0x000000070ea00000, 0x000000070ec00000, 0x000000070ec00000|100%| O|  |TAMS 0x000000070ec00000, 0x000000070ea00000| Untracked 
| 118|0x000000070ec00000, 0x000000070ee00000, 0x000000070ee00000|100%| O|  |TAMS 0x000000070ee00000, 0x000000070ec00000| Untracked 
| 119|0x000000070ee00000, 0x000000070f000000, 0x000000070f000000|100%| O|  |TAMS 0x000000070f000000, 0x000000070ee00000| Untracked 
| 120|0x000000070f000000, 0x000000070f200000, 0x000000070f200000|100%| O|  |TAMS 0x000000070f200000, 0x000000070f000000| Untracked 
| 121|0x000000070f200000, 0x000000070f400000, 0x000000070f400000|100%| O|  |TAMS 0x000000070f400000, 0x000000070f200000| Untracked 
| 122|0x000000070f400000, 0x000000070f600000, 0x000000070f600000|100%| O|  |TAMS 0x000000070f600000, 0x000000070f400000| Untracked 
| 123|0x000000070f600000, 0x000000070f800000, 0x000000070f800000|100%| O|  |TAMS 0x000000070f800000, 0x000000070f600000| Untracked 
| 124|0x000000070f800000, 0x000000070fa00000, 0x000000070fa00000|100%| O|  |TAMS 0x000000070fa00000, 0x000000070f800000| Untracked 
| 125|0x000000070fa00000, 0x000000070fc00000, 0x000000070fc00000|100%| O|  |TAMS 0x000000070fc00000, 0x000000070fa00000| Untracked 
| 126|0x000000070fc00000, 0x000000070fe00000, 0x000000070fe00000|100%| O|  |TAMS 0x000000070fe00000, 0x000000070fc00000| Untracked 
| 127|0x000000070fe00000, 0x0000000710000000, 0x0000000710000000|100%| O|  |TAMS 0x0000000710000000, 0x000000070fe00000| Untracked 
| 128|0x0000000710000000, 0x0000000710200000, 0x0000000710200000|100%| O|  |TAMS 0x0000000710200000, 0x0000000710000000| Untracked 
| 129|0x0000000710200000, 0x0000000710400000, 0x0000000710400000|100%| O|  |TAMS 0x0000000710400000, 0x0000000710200000| Untracked 
| 130|0x0000000710400000, 0x0000000710600000, 0x0000000710600000|100%| O|  |TAMS 0x0000000710600000, 0x0000000710400000| Untracked 
| 131|0x0000000710600000, 0x0000000710800000, 0x0000000710800000|100%| O|  |TAMS 0x0000000710800000, 0x0000000710600000| Untracked 
| 132|0x0000000710800000, 0x0000000710a00000, 0x0000000710a00000|100%| O|  |TAMS 0x0000000710a00000, 0x0000000710800000| Untracked 
| 133|0x0000000710a00000, 0x0000000710c00000, 0x0000000710c00000|100%| O|  |TAMS 0x0000000710c00000, 0x0000000710a00000| Untracked 
| 134|0x0000000710c00000, 0x0000000710e00000, 0x0000000710e00000|100%| O|  |TAMS 0x0000000710e00000, 0x0000000710c00000| Untracked 
| 135|0x0000000710e00000, 0x0000000711000000, 0x0000000711000000|100%| O|  |TAMS 0x0000000711000000, 0x0000000710e00000| Untracked 
| 136|0x0000000711000000, 0x0000000711200000, 0x0000000711200000|100%| O|  |TAMS 0x0000000711200000, 0x0000000711000000| Untracked 
| 137|0x0000000711200000, 0x0000000711400000, 0x0000000711400000|100%| O|  |TAMS 0x0000000711400000, 0x0000000711200000| Untracked 
| 138|0x0000000711400000, 0x0000000711600000, 0x0000000711600000|100%| O|  |TAMS 0x0000000711600000, 0x0000000711400000| Untracked 
| 139|0x0000000711600000, 0x0000000711800000, 0x0000000711800000|100%| O|  |TAMS 0x0000000711800000, 0x0000000711600000| Untracked 
| 140|0x0000000711800000, 0x0000000711a00000, 0x0000000711a00000|100%| O|  |TAMS 0x0000000711a00000, 0x0000000711800000| Untracked 
| 141|0x0000000711a00000, 0x0000000711c00000, 0x0000000711c00000|100%| O|  |TAMS 0x0000000711c00000, 0x0000000711a00000| Untracked 
| 142|0x0000000711c00000, 0x0000000711e00000, 0x0000000711e00000|100%| O|  |TAMS 0x0000000711e00000, 0x0000000711c00000| Untracked 
| 143|0x0000000711e00000, 0x0000000712000000, 0x0000000712000000|100%| O|  |TAMS 0x0000000712000000, 0x0000000711e00000| Untracked 
| 144|0x0000000712000000, 0x0000000712200000, 0x0000000712200000|100%| O|  |TAMS 0x0000000712200000, 0x0000000712000000| Untracked 
| 145|0x0000000712200000, 0x0000000712400000, 0x0000000712400000|100%| O|  |TAMS 0x0000000712400000, 0x0000000712200000| Untracked 
| 146|0x0000000712400000, 0x0000000712600000, 0x0000000712600000|100%| O|  |TAMS 0x0000000712600000, 0x0000000712400000| Untracked 
| 147|0x0000000712600000, 0x0000000712800000, 0x0000000712800000|100%| O|  |TAMS 0x0000000712800000, 0x0000000712600000| Untracked 
| 148|0x0000000712800000, 0x0000000712a00000, 0x0000000712a00000|100%| O|  |TAMS 0x0000000712a00000, 0x0000000712800000| Untracked 
| 149|0x0000000712a00000, 0x0000000712c00000, 0x0000000712c00000|100%| O|  |TAMS 0x0000000712c00000, 0x0000000712a00000| Untracked 
| 150|0x0000000712c00000, 0x0000000712e00000, 0x0000000712e00000|100%| O|  |TAMS 0x0000000712cfb000, 0x0000000712c00000| Untracked 
| 151|0x0000000712e00000, 0x0000000713000000, 0x0000000713000000|100%| O|  |TAMS 0x0000000712e00000, 0x0000000712e00000| Untracked 
| 152|0x0000000713000000, 0x0000000713200000, 0x0000000713200000|100%| O|  |TAMS 0x0000000713000000, 0x0000000713000000| Untracked 
| 153|0x0000000713200000, 0x0000000713400000, 0x0000000713400000|100%| O|  |TAMS 0x0000000713200000, 0x0000000713200000| Untracked 
| 154|0x0000000713400000, 0x0000000713600000, 0x0000000713600000|100%| O|  |TAMS 0x0000000713400000, 0x0000000713400000| Untracked 
| 155|0x0000000713600000, 0x0000000713800000, 0x0000000713800000|100%| O|  |TAMS 0x0000000713600000, 0x0000000713600000| Untracked 
| 156|0x0000000713800000, 0x0000000713a00000, 0x0000000713a00000|100%| O|  |TAMS 0x0000000713800000, 0x0000000713800000| Untracked 
| 157|0x0000000713a00000, 0x0000000713c00000, 0x0000000713c00000|100%| O|  |TAMS 0x0000000713a00000, 0x0000000713a00000| Untracked 
| 158|0x0000000713c00000, 0x0000000713e00000, 0x0000000713e00000|100%| O|  |TAMS 0x0000000713c00000, 0x0000000713c00000| Untracked 
| 159|0x0000000713e00000, 0x0000000714000000, 0x0000000714000000|100%| O|  |TAMS 0x0000000713e00000, 0x0000000713e00000| Untracked 
| 160|0x0000000714000000, 0x0000000714200000, 0x0000000714200000|100%| O|  |TAMS 0x0000000714000000, 0x0000000714000000| Untracked 
| 161|0x0000000714200000, 0x0000000714400000, 0x0000000714400000|100%| O|  |TAMS 0x0000000714200000, 0x0000000714200000| Untracked 
| 162|0x0000000714400000, 0x0000000714600000, 0x0000000714600000|100%| O|  |TAMS 0x0000000714400000, 0x0000000714400000| Untracked 
| 163|0x0000000714600000, 0x0000000714800000, 0x0000000714800000|100%| O|  |TAMS 0x0000000714600000, 0x0000000714600000| Untracked 
| 164|0x0000000714800000, 0x0000000714a00000, 0x0000000714a00000|100%| O|  |TAMS 0x0000000714800000, 0x0000000714800000| Untracked 
| 165|0x0000000714a00000, 0x0000000714c00000, 0x0000000714c00000|100%| O|  |TAMS 0x0000000714a00000, 0x0000000714a00000| Untracked 
| 166|0x0000000714c00000, 0x0000000714e00000, 0x0000000714e00000|100%| O|  |TAMS 0x0000000714c00000, 0x0000000714c00000| Untracked 
| 167|0x0000000714e00000, 0x0000000715000000, 0x0000000715000000|100%| O|  |TAMS 0x0000000714e00000, 0x0000000714e00000| Untracked 
| 168|0x0000000715000000, 0x0000000715200000, 0x0000000715200000|100%| O|  |TAMS 0x0000000715000000, 0x0000000715000000| Untracked 
| 169|0x0000000715200000, 0x0000000715400000, 0x0000000715400000|100%| O|  |TAMS 0x0000000715200000, 0x0000000715200000| Untracked 
| 170|0x0000000715400000, 0x0000000715600000, 0x0000000715600000|100%| O|  |TAMS 0x0000000715400000, 0x0000000715400000| Untracked 
| 171|0x0000000715600000, 0x0000000715800000, 0x0000000715800000|100%| O|  |TAMS 0x0000000715600000, 0x0000000715600000| Untracked 
| 172|0x0000000715800000, 0x0000000715a00000, 0x0000000715a00000|100%| O|  |TAMS 0x0000000715800000, 0x0000000715800000| Untracked 
| 173|0x0000000715a00000, 0x0000000715c00000, 0x0000000715c00000|100%| O|  |TAMS 0x0000000715a00000, 0x0000000715a00000| Untracked 
| 174|0x0000000715c00000, 0x0000000715e00000, 0x0000000715e00000|100%| O|  |TAMS 0x0000000715c00000, 0x0000000715c00000| Untracked 
| 175|0x0000000715e00000, 0x0000000716000000, 0x0000000716000000|100%| O|  |TAMS 0x0000000715e00000, 0x0000000715e00000| Untracked 
| 176|0x0000000716000000, 0x0000000716200000, 0x0000000716200000|100%| O|  |TAMS 0x0000000716000000, 0x0000000716000000| Untracked 
| 177|0x0000000716200000, 0x0000000716400000, 0x0000000716400000|100%| O|  |TAMS 0x0000000716200000, 0x0000000716200000| Untracked 
| 178|0x0000000716400000, 0x0000000716600000, 0x0000000716600000|100%| O|  |TAMS 0x0000000716400000, 0x0000000716400000| Untracked 
| 179|0x0000000716600000, 0x0000000716800000, 0x0000000716800000|100%|HS|  |TAMS 0x0000000716600000, 0x0000000716600000| Complete 
| 180|0x0000000716800000, 0x0000000716a00000, 0x0000000716a00000|100%|HS|  |TAMS 0x0000000716800000, 0x0000000716800000| Complete 
| 181|0x0000000716a00000, 0x0000000716c00000, 0x0000000716c00000|100%|HS|  |TAMS 0x0000000716a00000, 0x0000000716a00000| Complete 
| 182|0x0000000716c00000, 0x0000000716e00000, 0x0000000716e00000|100%| O|  |TAMS 0x0000000716c00000, 0x0000000716c00000| Untracked 
| 183|0x0000000716e00000, 0x0000000717000000, 0x0000000717000000|100%| O|  |TAMS 0x0000000716e00000, 0x0000000716e00000| Untracked 
| 184|0x0000000717000000, 0x0000000717200000, 0x0000000717200000|100%| O|  |TAMS 0x0000000717000000, 0x0000000717000000| Untracked 
| 185|0x0000000717200000, 0x0000000717400000, 0x0000000717400000|100%| O|  |TAMS 0x0000000717200000, 0x0000000717200000| Untracked 
| 186|0x0000000717400000, 0x0000000717600000, 0x0000000717600000|100%| O|  |TAMS 0x0000000717400000, 0x0000000717400000| Untracked 
| 187|0x0000000717600000, 0x0000000717756e00, 0x0000000717800000| 66%| O|  |TAMS 0x0000000717600000, 0x0000000717600000| Untracked 
| 188|0x0000000717800000, 0x0000000717a00000, 0x0000000717a00000|100%|HS|  |TAMS 0x0000000717800000, 0x0000000717800000| Complete 
| 189|0x0000000717a00000, 0x0000000717a00000, 0x0000000717c00000|  0%| F|  |TAMS 0x0000000717a00000, 0x0000000717a00000| Untracked 
| 190|0x0000000717c00000, 0x0000000717c00000, 0x0000000717e00000|  0%| F|  |TAMS 0x0000000717c00000, 0x0000000717c00000| Untracked 
| 191|0x0000000717e00000, 0x0000000717e00000, 0x0000000718000000|  0%| F|  |TAMS 0x0000000717e00000, 0x0000000717e00000| Untracked 
| 192|0x0000000718000000, 0x0000000718000000, 0x0000000718200000|  0%| F|  |TAMS 0x0000000718000000, 0x0000000718000000| Untracked 
| 193|0x0000000718200000, 0x0000000718200000, 0x0000000718400000|  0%| F|  |TAMS 0x0000000718200000, 0x0000000718200000| Untracked 
| 194|0x0000000718400000, 0x0000000718400000, 0x0000000718600000|  0%| F|  |TAMS 0x0000000718400000, 0x0000000718400000| Untracked 
| 195|0x0000000718600000, 0x0000000718600000, 0x0000000718800000|  0%| F|  |TAMS 0x0000000718600000, 0x0000000718600000| Untracked 
| 196|0x0000000718800000, 0x0000000718800000, 0x0000000718a00000|  0%| F|  |TAMS 0x0000000718800000, 0x0000000718800000| Untracked 
| 197|0x0000000718a00000, 0x0000000718a00000, 0x0000000718c00000|  0%| F|  |TAMS 0x0000000718a00000, 0x0000000718a00000| Untracked 
| 198|0x0000000718c00000, 0x0000000718c00000, 0x0000000718e00000|  0%| F|  |TAMS 0x0000000718c00000, 0x0000000718c00000| Untracked 
| 199|0x0000000718e00000, 0x0000000718e00000, 0x0000000719000000|  0%| F|  |TAMS 0x0000000718e00000, 0x0000000718e00000| Untracked 
| 200|0x0000000719000000, 0x0000000719000000, 0x0000000719200000|  0%| F|  |TAMS 0x0000000719000000, 0x0000000719000000| Untracked 
| 201|0x0000000719200000, 0x0000000719200000, 0x0000000719400000|  0%| F|  |TAMS 0x0000000719200000, 0x0000000719200000| Untracked 
| 202|0x0000000719400000, 0x0000000719400000, 0x0000000719600000|  0%| F|  |TAMS 0x0000000719400000, 0x0000000719400000| Untracked 
| 203|0x0000000719600000, 0x0000000719600000, 0x0000000719800000|  0%| F|  |TAMS 0x0000000719600000, 0x0000000719600000| Untracked 
| 204|0x0000000719800000, 0x0000000719800000, 0x0000000719a00000|  0%| F|  |TAMS 0x0000000719800000, 0x0000000719800000| Untracked 
| 205|0x0000000719a00000, 0x0000000719a00000, 0x0000000719c00000|  0%| F|  |TAMS 0x0000000719a00000, 0x0000000719a00000| Untracked 
| 206|0x0000000719c00000, 0x0000000719c00000, 0x0000000719e00000|  0%| F|  |TAMS 0x0000000719c00000, 0x0000000719c00000| Untracked 
| 207|0x0000000719e00000, 0x0000000719e00000, 0x000000071a000000|  0%| F|  |TAMS 0x0000000719e00000, 0x0000000719e00000| Untracked 
| 208|0x000000071a000000, 0x000000071a000000, 0x000000071a200000|  0%| F|  |TAMS 0x000000071a000000, 0x000000071a000000| Untracked 
| 209|0x000000071a200000, 0x000000071a200000, 0x000000071a400000|  0%| F|  |TAMS 0x000000071a200000, 0x000000071a200000| Untracked 
| 210|0x000000071a400000, 0x000000071a400000, 0x000000071a600000|  0%| F|  |TAMS 0x000000071a400000, 0x000000071a400000| Untracked 
| 211|0x000000071a600000, 0x000000071a600000, 0x000000071a800000|  0%| F|  |TAMS 0x000000071a600000, 0x000000071a600000| Untracked 
| 212|0x000000071a800000, 0x000000071a800000, 0x000000071aa00000|  0%| F|  |TAMS 0x000000071a800000, 0x000000071a800000| Untracked 
| 213|0x000000071aa00000, 0x000000071aa00000, 0x000000071ac00000|  0%| F|  |TAMS 0x000000071aa00000, 0x000000071aa00000| Untracked 
| 214|0x000000071ac00000, 0x000000071ac00000, 0x000000071ae00000|  0%| F|  |TAMS 0x000000071ac00000, 0x000000071ac00000| Untracked 
| 215|0x000000071ae00000, 0x000000071ae00000, 0x000000071b000000|  0%| F|  |TAMS 0x000000071ae00000, 0x000000071ae00000| Untracked 
| 216|0x000000071b000000, 0x000000071b000000, 0x000000071b200000|  0%| F|  |TAMS 0x000000071b000000, 0x000000071b000000| Untracked 
| 217|0x000000071b200000, 0x000000071b200000, 0x000000071b400000|  0%| F|  |TAMS 0x000000071b200000, 0x000000071b200000| Untracked 
| 218|0x000000071b400000, 0x000000071b600000, 0x000000071b600000|100%| S|CS|TAMS 0x000000071b400000, 0x000000071b400000| Complete 
| 219|0x000000071b600000, 0x000000071b800000, 0x000000071b800000|100%| S|CS|TAMS 0x000000071b600000, 0x000000071b600000| Complete 
| 220|0x000000071b800000, 0x000000071ba00000, 0x000000071ba00000|100%| S|CS|TAMS 0x000000071b800000, 0x000000071b800000| Complete 
| 221|0x000000071ba00000, 0x000000071bc00000, 0x000000071bc00000|100%| S|CS|TAMS 0x000000071ba00000, 0x000000071ba00000| Complete 
| 222|0x000000071bc00000, 0x000000071be00000, 0x000000071be00000|100%| S|CS|TAMS 0x000000071bc00000, 0x000000071bc00000| Complete 
| 223|0x000000071be00000, 0x000000071c000000, 0x000000071c000000|100%| S|CS|TAMS 0x000000071be00000, 0x000000071be00000| Complete 
| 224|0x000000071c000000, 0x000000071c200000, 0x000000071c200000|100%| S|CS|TAMS 0x000000071c000000, 0x000000071c000000| Complete 
| 225|0x000000071c200000, 0x000000071c200000, 0x000000071c400000|  0%| F|  |TAMS 0x000000071c200000, 0x000000071c200000| Untracked 
| 226|0x000000071c400000, 0x000000071c400000, 0x000000071c600000|  0%| F|  |TAMS 0x000000071c400000, 0x000000071c400000| Untracked 
| 227|0x000000071c600000, 0x000000071c600000, 0x000000071c800000|  0%| F|  |TAMS 0x000000071c600000, 0x000000071c600000| Untracked 
| 228|0x000000071c800000, 0x000000071c800000, 0x000000071ca00000|  0%| F|  |TAMS 0x000000071c800000, 0x000000071c800000| Untracked 
| 229|0x000000071ca00000, 0x000000071ca00000, 0x000000071cc00000|  0%| F|  |TAMS 0x000000071ca00000, 0x000000071ca00000| Untracked 
| 230|0x000000071cc00000, 0x000000071ce00000, 0x000000071ce00000|100%| S|CS|TAMS 0x000000071cc00000, 0x000000071cc00000| Complete 
| 231|0x000000071ce00000, 0x000000071d000000, 0x000000071d000000|100%| S|CS|TAMS 0x000000071ce00000, 0x000000071ce00000| Complete 
| 232|0x000000071d000000, 0x000000071d200000, 0x000000071d200000|100%| S|CS|TAMS 0x000000071d000000, 0x000000071d000000| Complete 
| 233|0x000000071d200000, 0x000000071d200000, 0x000000071d400000|  0%| F|  |TAMS 0x000000071d200000, 0x000000071d200000| Untracked 
| 234|0x000000071d400000, 0x000000071d400000, 0x000000071d600000|  0%| F|  |TAMS 0x000000071d400000, 0x000000071d400000| Untracked 
| 235|0x000000071d600000, 0x000000071d600000, 0x000000071d800000|  0%| F|  |TAMS 0x000000071d600000, 0x000000071d600000| Untracked 
| 236|0x000000071d800000, 0x000000071d800000, 0x000000071da00000|  0%| F|  |TAMS 0x000000071d800000, 0x000000071d800000| Untracked 
| 237|0x000000071da00000, 0x000000071da00000, 0x000000071dc00000|  0%| F|  |TAMS 0x000000071da00000, 0x000000071da00000| Untracked 
| 238|0x000000071dc00000, 0x000000071dc00000, 0x000000071de00000|  0%| F|  |TAMS 0x000000071dc00000, 0x000000071dc00000| Untracked 
| 239|0x000000071de00000, 0x000000071de00000, 0x000000071e000000|  0%| F|  |TAMS 0x000000071de00000, 0x000000071de00000| Untracked 
| 240|0x000000071e000000, 0x000000071e000000, 0x000000071e200000|  0%| F|  |TAMS 0x000000071e000000, 0x000000071e000000| Untracked 
| 241|0x000000071e200000, 0x000000071e200000, 0x000000071e400000|  0%| F|  |TAMS 0x000000071e200000, 0x000000071e200000| Untracked 
| 242|0x000000071e400000, 0x000000071e400000, 0x000000071e600000|  0%| F|  |TAMS 0x000000071e400000, 0x000000071e400000| Untracked 
| 243|0x000000071e600000, 0x000000071e600000, 0x000000071e800000|  0%| F|  |TAMS 0x000000071e600000, 0x000000071e600000| Untracked 
| 244|0x000000071e800000, 0x000000071e800000, 0x000000071ea00000|  0%| F|  |TAMS 0x000000071e800000, 0x000000071e800000| Untracked 
| 245|0x000000071ea00000, 0x000000071ea00000, 0x000000071ec00000|  0%| F|  |TAMS 0x000000071ea00000, 0x000000071ea00000| Untracked 
| 246|0x000000071ec00000, 0x000000071ec00000, 0x000000071ee00000|  0%| F|  |TAMS 0x000000071ec00000, 0x000000071ec00000| Untracked 
| 247|0x000000071ee00000, 0x000000071ee00000, 0x000000071f000000|  0%| F|  |TAMS 0x000000071ee00000, 0x000000071ee00000| Untracked 
| 248|0x000000071f000000, 0x000000071f000000, 0x000000071f200000|  0%| F|  |TAMS 0x000000071f000000, 0x000000071f000000| Untracked 
| 249|0x000000071f200000, 0x000000071f200000, 0x000000071f400000|  0%| F|  |TAMS 0x000000071f200000, 0x000000071f200000| Untracked 
| 250|0x000000071f400000, 0x000000071f400000, 0x000000071f600000|  0%| F|  |TAMS 0x000000071f400000, 0x000000071f400000| Untracked 
| 251|0x000000071f600000, 0x000000071f600000, 0x000000071f800000|  0%| F|  |TAMS 0x000000071f600000, 0x000000071f600000| Untracked 
| 252|0x000000071f800000, 0x000000071f800000, 0x000000071fa00000|  0%| F|  |TAMS 0x000000071f800000, 0x000000071f800000| Untracked 
| 253|0x000000071fa00000, 0x000000071fa00000, 0x000000071fc00000|  0%| F|  |TAMS 0x000000071fa00000, 0x000000071fa00000| Untracked 
| 254|0x000000071fc00000, 0x000000071fc00000, 0x000000071fe00000|  0%| F|  |TAMS 0x000000071fc00000, 0x000000071fc00000| Untracked 
| 255|0x000000071fe00000, 0x000000071fe00000, 0x0000000720000000|  0%| F|  |TAMS 0x000000071fe00000, 0x000000071fe00000| Untracked 
| 256|0x0000000720000000, 0x0000000720000000, 0x0000000720200000|  0%| F|  |TAMS 0x0000000720000000, 0x0000000720000000| Untracked 
| 257|0x0000000720200000, 0x0000000720200000, 0x0000000720400000|  0%| F|  |TAMS 0x0000000720200000, 0x0000000720200000| Untracked 
| 258|0x0000000720400000, 0x0000000720400000, 0x0000000720600000|  0%| F|  |TAMS 0x0000000720400000, 0x0000000720400000| Untracked 
| 259|0x0000000720600000, 0x0000000720600000, 0x0000000720800000|  0%| F|  |TAMS 0x0000000720600000, 0x0000000720600000| Untracked 
| 260|0x0000000720800000, 0x0000000720800000, 0x0000000720a00000|  0%| F|  |TAMS 0x0000000720800000, 0x0000000720800000| Untracked 
| 261|0x0000000720a00000, 0x0000000720a00000, 0x0000000720c00000|  0%| F|  |TAMS 0x0000000720a00000, 0x0000000720a00000| Untracked 
| 262|0x0000000720c00000, 0x0000000720c00000, 0x0000000720e00000|  0%| F|  |TAMS 0x0000000720c00000, 0x0000000720c00000| Untracked 
| 263|0x0000000720e00000, 0x0000000720e00000, 0x0000000721000000|  0%| F|  |TAMS 0x0000000720e00000, 0x0000000720e00000| Untracked 
| 264|0x0000000721000000, 0x0000000721000000, 0x0000000721200000|  0%| F|  |TAMS 0x0000000721000000, 0x0000000721000000| Untracked 
| 265|0x0000000721200000, 0x0000000721200000, 0x0000000721400000|  0%| F|  |TAMS 0x0000000721200000, 0x0000000721200000| Untracked 
| 266|0x0000000721400000, 0x0000000721400000, 0x0000000721600000|  0%| F|  |TAMS 0x0000000721400000, 0x0000000721400000| Untracked 
| 267|0x0000000721600000, 0x0000000721600000, 0x0000000721800000|  0%| F|  |TAMS 0x0000000721600000, 0x0000000721600000| Untracked 
| 268|0x0000000721800000, 0x0000000721800000, 0x0000000721a00000|  0%| F|  |TAMS 0x0000000721800000, 0x0000000721800000| Untracked 
| 269|0x0000000721a00000, 0x0000000721a00000, 0x0000000721c00000|  0%| F|  |TAMS 0x0000000721a00000, 0x0000000721a00000| Untracked 
| 270|0x0000000721c00000, 0x0000000721c00000, 0x0000000721e00000|  0%| F|  |TAMS 0x0000000721c00000, 0x0000000721c00000| Untracked 
| 271|0x0000000721e00000, 0x0000000721e00000, 0x0000000722000000|  0%| F|  |TAMS 0x0000000721e00000, 0x0000000721e00000| Untracked 
| 272|0x0000000722000000, 0x0000000722000000, 0x0000000722200000|  0%| F|  |TAMS 0x0000000722000000, 0x0000000722000000| Untracked 
| 273|0x0000000722200000, 0x0000000722200000, 0x0000000722400000|  0%| F|  |TAMS 0x0000000722200000, 0x0000000722200000| Untracked 
| 274|0x0000000722400000, 0x0000000722400000, 0x0000000722600000|  0%| F|  |TAMS 0x0000000722400000, 0x0000000722400000| Untracked 
| 275|0x0000000722600000, 0x0000000722600000, 0x0000000722800000|  0%| F|  |TAMS 0x0000000722600000, 0x0000000722600000| Untracked 
| 276|0x0000000722800000, 0x0000000722800000, 0x0000000722a00000|  0%| F|  |TAMS 0x0000000722800000, 0x0000000722800000| Untracked 
| 277|0x0000000722a00000, 0x0000000722a00000, 0x0000000722c00000|  0%| F|  |TAMS 0x0000000722a00000, 0x0000000722a00000| Untracked 
| 278|0x0000000722c00000, 0x0000000722c00000, 0x0000000722e00000|  0%| F|  |TAMS 0x0000000722c00000, 0x0000000722c00000| Untracked 
| 279|0x0000000722e00000, 0x0000000722e00000, 0x0000000723000000|  0%| F|  |TAMS 0x0000000722e00000, 0x0000000722e00000| Untracked 
| 280|0x0000000723000000, 0x0000000723000000, 0x0000000723200000|  0%| F|  |TAMS 0x0000000723000000, 0x0000000723000000| Untracked 
| 281|0x0000000723200000, 0x0000000723200000, 0x0000000723400000|  0%| F|  |TAMS 0x0000000723200000, 0x0000000723200000| Untracked 
| 282|0x0000000723400000, 0x00000007235484a0, 0x0000000723600000| 64%| E|  |TAMS 0x0000000723400000, 0x0000000723400000| Complete 
| 283|0x0000000723600000, 0x0000000723800000, 0x0000000723800000|100%| E|CS|TAMS 0x0000000723600000, 0x0000000723600000| Complete 
| 284|0x0000000723800000, 0x0000000723a00000, 0x0000000723a00000|100%| E|  |TAMS 0x0000000723800000, 0x0000000723800000| Complete 
| 285|0x0000000723a00000, 0x0000000723c00000, 0x0000000723c00000|100%| E|CS|TAMS 0x0000000723a00000, 0x0000000723a00000| Complete 
| 286|0x0000000723c00000, 0x0000000723e00000, 0x0000000723e00000|100%| E|CS|TAMS 0x0000000723c00000, 0x0000000723c00000| Complete 
| 287|0x0000000723e00000, 0x0000000724000000, 0x0000000724000000|100%| E|CS|TAMS 0x0000000723e00000, 0x0000000723e00000| Complete 
| 288|0x0000000724000000, 0x0000000724200000, 0x0000000724200000|100%| E|CS|TAMS 0x0000000724000000, 0x0000000724000000| Complete 
| 289|0x0000000724200000, 0x0000000724400000, 0x0000000724400000|100%| E|CS|TAMS 0x0000000724200000, 0x0000000724200000| Complete 
| 290|0x0000000724400000, 0x0000000724600000, 0x0000000724600000|100%| E|CS|TAMS 0x0000000724400000, 0x0000000724400000| Complete 
| 291|0x0000000724600000, 0x0000000724800000, 0x0000000724800000|100%| E|CS|TAMS 0x0000000724600000, 0x0000000724600000| Complete 
| 292|0x0000000724800000, 0x0000000724a00000, 0x0000000724a00000|100%| E|CS|TAMS 0x0000000724800000, 0x0000000724800000| Complete 
| 293|0x0000000724a00000, 0x0000000724c00000, 0x0000000724c00000|100%| E|CS|TAMS 0x0000000724a00000, 0x0000000724a00000| Complete 
| 294|0x0000000724c00000, 0x0000000724e00000, 0x0000000724e00000|100%| E|CS|TAMS 0x0000000724c00000, 0x0000000724c00000| Complete 
| 295|0x0000000724e00000, 0x0000000725000000, 0x0000000725000000|100%| E|CS|TAMS 0x0000000724e00000, 0x0000000724e00000| Complete 
| 296|0x0000000725000000, 0x0000000725200000, 0x0000000725200000|100%| E|CS|TAMS 0x0000000725000000, 0x0000000725000000| Complete 
| 297|0x0000000725200000, 0x0000000725400000, 0x0000000725400000|100%| E|CS|TAMS 0x0000000725200000, 0x0000000725200000| Complete 
| 298|0x0000000725400000, 0x0000000725600000, 0x0000000725600000|100%| E|CS|TAMS 0x0000000725400000, 0x0000000725400000| Complete 
| 299|0x0000000725600000, 0x0000000725800000, 0x0000000725800000|100%| E|CS|TAMS 0x0000000725600000, 0x0000000725600000| Complete 
| 300|0x0000000725800000, 0x0000000725a00000, 0x0000000725a00000|100%| E|CS|TAMS 0x0000000725800000, 0x0000000725800000| Complete 
| 301|0x0000000725a00000, 0x0000000725c00000, 0x0000000725c00000|100%| E|CS|TAMS 0x0000000725a00000, 0x0000000725a00000| Complete 

Card table byte_map: [0x0000023d4d930000,0x0000023d4e130000] _byte_map_base: 0x0000023d4a130000

Marking Bits (Prev, Next): (CMBitMap*) 0x0000023d34faf660, (CMBitMap*) 0x0000023d34faf620
 Prev Bits: [0x0000023d52930000, 0x0000023d56930000)
 Next Bits: [0x0000023d4e930000, 0x0000023d52930000)

Polling page: 0x0000023d32f00000

Metaspace:

Usage:
  Non-class:    109.10 MB used.
      Class:     17.19 MB used.
       Both:    126.30 MB used.

Virtual space:
  Non-class space:      128.00 MB reserved,     110.25 MB ( 86%) committed,  2 nodes.
      Class space:      416.00 MB reserved,      18.12 MB (  4%) committed,  1 nodes.
             Both:      544.00 MB reserved,     128.38 MB ( 24%) committed. 

Chunk freelists:
   Non-Class:  1.41 MB
       Class:  13.85 MB
        Both:  15.25 MB

MaxMetaspaceSize: 512.00 MB
CompressedClassSpaceSize: 416.00 MB
Initial GC threshold: 21.00 MB
Current GC threshold: 195.88 MB
CDS: on
MetaspaceReclaimPolicy: balanced
 - commit_granule_bytes: 65536.
 - commit_granule_words: 8192.
 - virtual_space_node_default_size: 8388608.
 - enlarge_chunks_in_place: 1.
 - new_chunks_are_fully_committed: 0.
 - uncommit_free_chunks: 1.
 - use_allocation_guard: 0.
 - handle_deallocations: 1.


Internal statistics:

num_allocs_failed_limit: 9.
num_arena_births: 2704.
num_arena_deaths: 0.
num_vsnodes_births: 3.
num_vsnodes_deaths: 0.
num_space_committed: 2053.
num_space_uncommitted: 0.
num_chunks_returned_to_freelist: 9.
num_chunks_taken_from_freelist: 9074.
num_chunk_merges: 9.
num_chunk_splits: 5547.
num_chunks_enlarged: 3139.
num_inconsistent_stats: 0.

CodeHeap 'non-profiled nmethods': size=120000Kb used=15787Kb max_used=16141Kb free=104212Kb
 bounds [0x0000023d458d0000, 0x0000023d468a0000, 0x0000023d4ce00000]
CodeHeap 'profiled nmethods': size=120000Kb used=35594Kb max_used=36516Kb free=84405Kb
 bounds [0x0000023d3de00000, 0x0000023d401e0000, 0x0000023d45330000]
CodeHeap 'non-nmethods': size=5760Kb used=2471Kb max_used=2547Kb free=3288Kb
 bounds [0x0000023d45330000, 0x0000023d455d0000, 0x0000023d458d0000]
 total_blobs=19431 nmethods=18412 adapters=930
 compilation: enabled
              stopped_count=0, restarted_count=0
 full_count=0

Compilation events (20 events):
Event: 164.861 Thread 0x0000023d7e3f2800 nmethod 22820 0x0000023d46867d10 code [0x0000023d46867e80, 0x0000023d46868018]
Event: 164.861 Thread 0x0000023d7e3f2800 22783       4       com.sun.org.apache.xerces.internal.dom.NodeImpl::isNormalized (17 bytes)
Event: 164.861 Thread 0x0000023d7e3f2800 nmethod 22783 0x0000023d46423590 code [0x0000023d46423700, 0x0000023d46423798]
Event: 164.862 Thread 0x0000023d7e3f2800 22762       4       com.google.common.collect.AbstractMapBasedMultimap$WrappedCollection::refreshIfEmpty (78 bytes)
Event: 164.870 Thread 0x0000023d7e3f2800 nmethod 22762 0x0000023d46422a90 code [0x0000023d46422c60, 0x0000023d46423118]
Event: 164.870 Thread 0x0000023d7e3f2800 22771       4       com.google.common.collect.AbstractMapBasedMultimap$WrappedCollection$WrappedIterator::validateIterator (30 bytes)
Event: 164.879 Thread 0x0000023d7e3f2800 nmethod 22771 0x0000023d4607e510 code [0x0000023d4607e6e0, 0x0000023d4607ec18]
Event: 164.879 Thread 0x0000023d7e3f2800 22785       4       com.sun.org.apache.xerces.internal.dom.NodeImpl::appendChild (7 bytes)
Event: 164.879 Thread 0x0000023d7e3f2800 nmethod 22785 0x0000023d4613af10 code [0x0000023d4613b080, 0x0000023d4613b118]
Event: 164.880 Thread 0x0000023d7e3f2800 22804       4       com.sun.org.apache.xerces.internal.dom.NodeImpl::isOwned (27 bytes)
Event: 164.880 Thread 0x0000023d7e3f2800 nmethod 22804 0x0000023d4613ac10 code [0x0000023d4613ad80, 0x0000023d4613ae18]
Event: 164.880 Thread 0x0000023d7e3f2800 22753   !   4       java.util.AbstractSequentialList::get (39 bytes)
Event: 164.886 Thread 0x0000023d7e3f2800 nmethod 22753 0x0000023d4613a490 code [0x0000023d4613a620, 0x0000023d4613aa08]
Event: 164.886 Thread 0x0000023d7e3f2800 22752       4       com.google.common.collect.AbstractMapBasedMultimap::put (92 bytes)
Event: 164.971 Thread 0x0000023d5937e7e0 22861       3       java.lang.StringLatin1$CharsSpliterator::estimateSize (11 bytes)
Event: 164.971 Thread 0x0000023d5937e7e0 nmethod 22861 0x0000023d3e2d8290 code [0x0000023d3e2d8420, 0x0000023d3e2d8538]
Event: 164.973 Thread 0x0000023d5937e7e0 22865       3       java.lang.StringUTF16::lastIndexOf (47 bytes)
Event: 164.974 Thread 0x0000023d5937e7e0 nmethod 22865 0x0000023d3eebff10 code [0x0000023d3eec00e0, 0x0000023d3eec0428]
Event: 164.984 Thread 0x0000023d7e3f2800 nmethod 22752 0x0000023d45b27590 code [0x0000023d45b27800, 0x0000023d45b29bb0]
Event: 164.984 Thread 0x0000023d7e3f2800 22866 %     4       sun.nio.cs.UTF_8$Encoder::encodeArrayLoopSlow @ 0 (377 bytes)

GC Heap History (20 events):
Event: 110.881 GC heap before
{Heap before GC invocations=63 (full 0):
 garbage-first heap   total 425984K, used 358084K [0x0000000700000000, 0x0000000800000000)
  region size 2048K, 26 young (53248K), 3 survivors (6144K)
 Metaspace       used 118347K, committed 120064K, reserved 557056K
  class space    used 16364K, committed 17088K, reserved 425984K
}
Event: 110.884 GC heap after
{Heap after GC invocations=64 (full 0):
 garbage-first heap   total 425984K, used 312934K [0x0000000700000000, 0x0000000800000000)
  region size 2048K, 3 young (6144K), 3 survivors (6144K)
 Metaspace       used 118347K, committed 120064K, reserved 557056K
  class space    used 16364K, committed 17088K, reserved 425984K
}
Event: 111.273 GC heap before
{Heap before GC invocations=64 (full 0):
 garbage-first heap   total 425984K, used 360038K [0x0000000700000000, 0x0000000800000000)
  region size 2048K, 27 young (55296K), 3 survivors (6144K)
 Metaspace       used 118403K, committed 120128K, reserved 557056K
  class space    used 16373K, committed 17152K, reserved 425984K
}
Event: 111.282 GC heap after
{Heap after GC invocations=65 (full 0):
 garbage-first heap   total 512000K, used 318544K [0x0000000700000000, 0x0000000800000000)
  region size 2048K, 4 young (8192K), 4 survivors (8192K)
 Metaspace       used 118403K, committed 120128K, reserved 557056K
  class space    used 16373K, committed 17152K, reserved 425984K
}
Event: 112.109 GC heap before
{Heap before GC invocations=66 (full 0):
 garbage-first heap   total 618496K, used 416848K [0x0000000700000000, 0x0000000800000000)
  region size 2048K, 53 young (108544K), 4 survivors (8192K)
 Metaspace       used 118592K, committed 120320K, reserved 557056K
  class space    used 16399K, committed 17152K, reserved 425984K
}
Event: 112.121 GC heap after
{Heap after GC invocations=67 (full 0):
 garbage-first heap   total 618496K, used 324248K [0x0000000700000000, 0x0000000800000000)
  region size 2048K, 4 young (8192K), 4 survivors (8192K)
 Metaspace       used 118592K, committed 120320K, reserved 557056K
  class space    used 16399K, committed 17152K, reserved 425984K
}
Event: 112.201 GC heap before
{Heap before GC invocations=67 (full 0):
 garbage-first heap   total 618496K, used 346776K [0x0000000700000000, 0x0000000800000000)
  region size 2048K, 15 young (30720K), 4 survivors (8192K)
 Metaspace       used 118592K, committed 120320K, reserved 557056K
  class space    used 16399K, committed 17152K, reserved 425984K
}
Event: 112.216 GC heap after
{Heap after GC invocations=68 (full 0):
 garbage-first heap   total 618496K, used 311576K [0x0000000700000000, 0x0000000800000000)
  region size 2048K, 2 young (4096K), 2 survivors (4096K)
 Metaspace       used 118592K, committed 120320K, reserved 557056K
  class space    used 16399K, committed 17152K, reserved 425984K
}
Event: 116.001 GC heap before
{Heap before GC invocations=68 (full 0):
 garbage-first heap   total 618496K, used 485656K [0x0000000700000000, 0x0000000800000000)
  region size 2048K, 88 young (180224K), 2 survivors (4096K)
 Metaspace       used 119148K, committed 120960K, reserved 557056K
  class space    used 16469K, committed 17280K, reserved 425984K
}
Event: 116.020 GC heap after
{Heap after GC invocations=69 (full 0):
 garbage-first heap   total 618496K, used 321956K [0x0000000700000000, 0x0000000800000000)
  region size 2048K, 7 young (14336K), 7 survivors (14336K)
 Metaspace       used 119148K, committed 120960K, reserved 557056K
  class space    used 16469K, committed 17280K, reserved 425984K
}
Event: 126.783 GC heap before
{Heap before GC invocations=69 (full 0):
 garbage-first heap   total 618496K, used 487844K [0x0000000700000000, 0x0000000800000000)
  region size 2048K, 89 young (182272K), 7 survivors (14336K)
 Metaspace       used 124450K, committed 126336K, reserved 557056K
  class space    used 17184K, committed 17984K, reserved 425984K
}
Event: 126.879 GC heap after
{Heap after GC invocations=70 (full 0):
 garbage-first heap   total 618496K, used 349665K [0x0000000700000000, 0x0000000800000000)
  region size 2048K, 12 young (24576K), 12 survivors (24576K)
 Metaspace       used 124450K, committed 126336K, reserved 557056K
  class space    used 17184K, committed 17984K, reserved 425984K
}
Event: 136.143 GC heap before
{Heap before GC invocations=70 (full 0):
 garbage-first heap   total 618496K, used 495073K [0x0000000700000000, 0x0000000800000000)
  region size 2048K, 84 young (172032K), 12 survivors (24576K)
 Metaspace       used 127034K, committed 129152K, reserved 557056K
  class space    used 17433K, committed 18368K, reserved 425984K
}
Event: 136.193 GC heap after
{Heap after GC invocations=71 (full 0):
 garbage-first heap   total 618496K, used 367942K [0x0000000700000000, 0x0000000800000000)
  region size 2048K, 9 young (18432K), 9 survivors (18432K)
 Metaspace       used 127034K, committed 129152K, reserved 557056K
  class space    used 17433K, committed 18368K, reserved 425984K
}
Event: 137.770 GC heap before
{Heap before GC invocations=71 (full 0):
 garbage-first heap   total 618496K, used 501062K [0x0000000700000000, 0x0000000800000000)
  region size 2048K, 75 young (153600K), 9 survivors (18432K)
 Metaspace       used 127039K, committed 129152K, reserved 557056K
  class space    used 17434K, committed 18368K, reserved 425984K
}
Event: 137.805 GC heap after
{Heap after GC invocations=72 (full 0):
 garbage-first heap   total 618496K, used 373373K [0x0000000700000000, 0x0000000800000000)
  region size 2048K, 4 young (8192K), 4 survivors (8192K)
 Metaspace       used 127039K, committed 129152K, reserved 557056K
  class space    used 17434K, committed 18368K, reserved 425984K
}
Event: 143.139 GC heap before
{Heap before GC invocations=72 (full 0):
 garbage-first heap   total 618496K, used 510589K [0x0000000700000000, 0x0000000800000000)
  region size 2048K, 72 young (147456K), 4 survivors (8192K)
 Metaspace       used 128110K, committed 130176K, reserved 557056K
  class space    used 17565K, committed 18496K, reserved 425984K
}
Event: 143.163 GC heap after
{Heap after GC invocations=73 (full 0):
 garbage-first heap   total 618496K, used 375226K [0x0000000700000000, 0x0000000800000000)
  region size 2048K, 5 young (10240K), 5 survivors (10240K)
 Metaspace       used 128110K, committed 130176K, reserved 557056K
  class space    used 17565K, committed 18496K, reserved 425984K
}
Event: 162.770 GC heap before
{Heap before GC invocations=73 (full 0):
 garbage-first heap   total 618496K, used 520634K [0x0000000700000000, 0x0000000800000000)
  region size 2048K, 74 young (151552K), 5 survivors (10240K)
 Metaspace       used 129143K, committed 131264K, reserved 557056K
  class space    used 17599K, committed 18560K, reserved 425984K
}
Event: 162.831 GC heap after
{Heap after GC invocations=74 (full 0):
 garbage-first heap   total 618496K, used 400731K [0x0000000700000000, 0x0000000800000000)
  region size 2048K, 10 young (20480K), 10 survivors (20480K)
 Metaspace       used 129143K, committed 131264K, reserved 557056K
  class space    used 17599K, committed 18560K, reserved 425984K
}

Dll operation events (15 events):
Event: 0.043 Loaded shared library C:\Program Files\OpenLogic\jdk-17.0.14.7-hotspot\bin\java.dll
Event: 0.105 Loaded shared library C:\Program Files\OpenLogic\jdk-17.0.14.7-hotspot\bin\jsvml.dll
Event: 0.344 Loaded shared library C:\Program Files\OpenLogic\jdk-17.0.14.7-hotspot\bin\zip.dll
Event: 0.352 Loaded shared library C:\Program Files\OpenLogic\jdk-17.0.14.7-hotspot\bin\instrument.dll
Event: 0.360 Loaded shared library C:\Program Files\OpenLogic\jdk-17.0.14.7-hotspot\bin\net.dll
Event: 0.364 Loaded shared library C:\Program Files\OpenLogic\jdk-17.0.14.7-hotspot\bin\nio.dll
Event: 0.369 Loaded shared library C:\Program Files\OpenLogic\jdk-17.0.14.7-hotspot\bin\zip.dll
Event: 0.953 Loaded shared library C:\Program Files\OpenLogic\jdk-17.0.14.7-hotspot\bin\jimage.dll
Event: 1.352 Loaded shared library C:\Program Files\OpenLogic\jdk-17.0.14.7-hotspot\bin\verify.dll
Event: 1.544 Loaded shared library C:\Users\Vauras\.gradle\native\1def1411415f61bf3af743bc5b6707747c0891f09f0c88961ee8f79bc544acac\windows-amd64\native-platform.dll
Event: 1.574 Loaded shared library C:\Users\Vauras\.gradle\native\0.2.7\x86_64-windows-gnu\gradle-fileevents.dll
Event: 4.180 Loaded shared library C:\Program Files\OpenLogic\jdk-17.0.14.7-hotspot\bin\management.dll
Event: 4.187 Loaded shared library C:\Program Files\OpenLogic\jdk-17.0.14.7-hotspot\bin\management_ext.dll
Event: 6.049 Loaded shared library C:\Program Files\OpenLogic\jdk-17.0.14.7-hotspot\bin\extnet.dll
Event: 6.851 Loaded shared library C:\Program Files\OpenLogic\jdk-17.0.14.7-hotspot\bin\sunmscapi.dll

Deoptimization events (20 events):
Event: 164.313 Thread 0x0000023d7ab48fd0 Uncommon trap: trap_request=0xffffff45 fr.pc=0x0000023d4686650c relative=0x000000000000054c
Event: 164.313 Thread 0x0000023d7ab48fd0 Uncommon trap: reason=unstable_if action=reinterpret pc=0x0000023d4686650c method=com.sun.org.apache.xerces.internal.dom.ParentNode.nodeListItem(I)Lorg/w3c/dom/Node; @ 87 c2
Event: 164.313 Thread 0x0000023d7ab48fd0 DEOPT PACKING pc=0x0000023d4686650c sp=0x000000ae650faf30
Event: 164.313 Thread 0x0000023d7ab48fd0 DEOPT UNPACKING pc=0x0000023d453869a3 sp=0x000000ae650fae78 mode 2
Event: 164.330 Thread 0x0000023d7ab48fd0 Uncommon trap: trap_request=0xffffff45 fr.pc=0x0000023d4686718c relative=0x000000000000054c
Event: 164.330 Thread 0x0000023d7ab48fd0 Uncommon trap: reason=unstable_if action=reinterpret pc=0x0000023d4686718c method=com.sun.org.apache.xerces.internal.dom.ParentNode.nodeListItem(I)Lorg/w3c/dom/Node; @ 87 c2
Event: 164.330 Thread 0x0000023d7ab48fd0 DEOPT PACKING pc=0x0000023d4686718c sp=0x000000ae650fad80
Event: 164.330 Thread 0x0000023d7ab48fd0 DEOPT UNPACKING pc=0x0000023d453869a3 sp=0x000000ae650fad20 mode 2
Event: 164.367 Thread 0x0000023d7ab48fd0 Uncommon trap: trap_request=0xfffffff4 fr.pc=0x0000023d45b6fb24 relative=0x0000000000000884
Event: 164.367 Thread 0x0000023d7ab48fd0 Uncommon trap: reason=null_check action=make_not_entrant pc=0x0000023d45b6fb24 method=com.sun.org.apache.xerces.internal.dom.CoreDocumentImpl.getUserData(Lorg/w3c/dom/Node;Ljava/lang/String;)Ljava/lang/Object; @ 19 c2
Event: 164.367 Thread 0x0000023d7ab48fd0 DEOPT PACKING pc=0x0000023d45b6fb24 sp=0x000000ae650fa920
Event: 164.367 Thread 0x0000023d7ab48fd0 DEOPT UNPACKING pc=0x0000023d453869a3 sp=0x000000ae650fa8b8 mode 2
Event: 164.394 Thread 0x0000023d7ab48fd0 Uncommon trap: trap_request=0xffffff45 fr.pc=0x0000023d467da4a0 relative=0x00000000000008c0
Event: 164.394 Thread 0x0000023d7ab48fd0 Uncommon trap: reason=unstable_if action=reinterpret pc=0x0000023d467da4a0 method=com.android.utils.XmlUtils.toXmlAttributeValue(Ljava/lang/String;)Ljava/lang/String; @ 27 c2
Event: 164.394 Thread 0x0000023d7ab48fd0 DEOPT PACKING pc=0x0000023d467da4a0 sp=0x000000ae650fab00
Event: 164.394 Thread 0x0000023d7ab48fd0 DEOPT UNPACKING pc=0x0000023d453869a3 sp=0x000000ae650faab0 mode 2
Event: 164.414 Thread 0x0000023d7ab48fd0 DEOPT PACKING pc=0x0000023d3de88ca0 sp=0x000000ae650fa970
Event: 164.414 Thread 0x0000023d7ab48fd0 DEOPT UNPACKING pc=0x0000023d45387143 sp=0x000000ae650f9e80 mode 0
Event: 164.791 Thread 0x0000023d7ab48fd0 DEOPT PACKING pc=0x0000023d4018c433 sp=0x000000ae650fa900
Event: 164.793 Thread 0x0000023d7ab48fd0 DEOPT UNPACKING pc=0x0000023d45387143 sp=0x000000ae650f9e10 mode 0

Classes loaded (20 events):
Event: 142.790 Loading class com/sun/org/apache/xerces/internal/dom/ElementNSImpl
Event: 142.792 Loading class com/sun/org/apache/xerces/internal/dom/ElementNSImpl done
Event: 142.867 Loading class java/util/stream/Nodes$IntFixedNodeBuilder
Event: 142.870 Loading class java/util/stream/Node$Builder$OfInt
Event: 142.873 Loading class java/util/stream/Node$Builder$OfInt done
Event: 142.873 Loading class java/util/stream/Nodes$IntArrayNode
Event: 142.875 Loading class java/util/stream/Nodes$IntArrayNode done
Event: 142.875 Loading class java/util/stream/Nodes$IntFixedNodeBuilder done
Event: 142.952 Loading class com/sun/org/apache/xerces/internal/dom/DOMImplementationImpl
Event: 142.953 Loading class org/w3c/dom/DOMImplementation
Event: 142.954 Loading class org/w3c/dom/DOMImplementation done
Event: 142.954 Loading class com/sun/org/apache/xerces/internal/dom/CoreDOMImplementationImpl
Event: 142.957 Loading class org/w3c/dom/ls/DOMImplementationLS
Event: 142.957 Loading class org/w3c/dom/ls/DOMImplementationLS done
Event: 142.957 Loading class com/sun/org/apache/xerces/internal/dom/CoreDOMImplementationImpl done
Event: 142.957 Loading class com/sun/org/apache/xerces/internal/dom/DOMImplementationImpl done
Event: 142.957 Loading class com/sun/org/apache/xerces/internal/dom/DeferredDOMImplementationImpl
Event: 142.958 Loading class com/sun/org/apache/xerces/internal/dom/DeferredDOMImplementationImpl done
Event: 143.689 Loading class com/sun/org/apache/xerces/internal/dom/AttrNSImpl
Event: 143.692 Loading class com/sun/org/apache/xerces/internal/dom/AttrNSImpl done

Classes unloaded (0 events):
No events

Classes redefined (0 events):
No events

Internal exceptions (20 events):
Event: 150.119 Thread 0x0000023d7b392d00 Exception <a 'sun/nio/fs/WindowsException'{0x0000000723a7b988}> (0x0000000723a7b988) 
thrown [s\src\hotspot\share\prims\jni.cpp, line 516]
Event: 150.121 Thread 0x0000023d7b392d00 Exception <a 'sun/nio/fs/WindowsException'{0x0000000723a7bb30}> (0x0000000723a7bb30) 
thrown [s\src\hotspot\share\prims\jni.cpp, line 516]
Event: 150.284 Thread 0x0000023d7b392d00 Exception <a 'sun/nio/fs/WindowsException'{0x0000000723b36798}> (0x0000000723b36798) 
thrown [s\src\hotspot\share\prims\jni.cpp, line 516]
Event: 150.284 Thread 0x0000023d7b392d00 Exception <a 'sun/nio/fs/WindowsException'{0x0000000723b37998}> (0x0000000723b37998) 
thrown [s\src\hotspot\share\prims\jni.cpp, line 516]
Event: 150.291 Thread 0x0000023d7b392d00 Exception <a 'sun/nio/fs/WindowsException'{0x0000000723b37bb8}> (0x0000000723b37bb8) 
thrown [s\src\hotspot\share\prims\jni.cpp, line 516]
Event: 150.292 Thread 0x0000023d7b392d00 Exception <a 'sun/nio/fs/WindowsException'{0x0000000723b39710}> (0x0000000723b39710) 
thrown [s\src\hotspot\share\prims\jni.cpp, line 516]
Event: 150.293 Thread 0x0000023d7b392d00 Exception <a 'sun/nio/fs/WindowsException'{0x0000000723b3b310}> (0x0000000723b3b310) 
thrown [s\src\hotspot\share\prims\jni.cpp, line 516]
Event: 150.349 Thread 0x0000023d7b392d00 Exception <a 'sun/nio/fs/WindowsException'{0x0000000723b69e78}> (0x0000000723b69e78) 
thrown [s\src\hotspot\share\prims\jni.cpp, line 516]
Event: 150.417 Thread 0x0000023d7b392d00 Exception <a 'sun/nio/fs/WindowsException'{0x0000000723bc9750}> (0x0000000723bc9750) 
thrown [s\src\hotspot\share\prims\jni.cpp, line 516]
Event: 150.417 Thread 0x0000023d7b392d00 Exception <a 'sun/nio/fs/WindowsException'{0x0000000723bca8f0}> (0x0000000723bca8f0) 
thrown [s\src\hotspot\share\prims\jni.cpp, line 516]
Event: 150.417 Thread 0x0000023d7b392d00 Exception <a 'sun/nio/fs/WindowsException'{0x0000000723bcaab0}> (0x0000000723bcaab0) 
thrown [s\src\hotspot\share\prims\jni.cpp, line 516]
Event: 152.218 Thread 0x0000023d7ab499f0 Exception <a 'sun/nio/fs/WindowsException'{0x000000072200fde0}> (0x000000072200fde0) 
thrown [s\src\hotspot\share\prims\jni.cpp, line 516]
Event: 152.218 Thread 0x0000023d7ab499f0 Exception <a 'sun/nio/fs/WindowsException'{0x0000000722010ca8}> (0x0000000722010ca8) 
thrown [s\src\hotspot\share\prims\jni.cpp, line 516]
Event: 152.218 Thread 0x0000023d7ab499f0 Exception <a 'sun/nio/fs/WindowsException'{0x0000000722010e38}> (0x0000000722010e38) 
thrown [s\src\hotspot\share\prims\jni.cpp, line 516]
Event: 152.270 Thread 0x0000023d7ab48fd0 Exception <a 'sun/nio/fs/WindowsException'{0x0000000722174da0}> (0x0000000722174da0) 
thrown [s\src\hotspot\share\prims\jni.cpp, line 516]
Event: 152.271 Thread 0x0000023d7ab48fd0 Exception <a 'sun/nio/fs/WindowsException'{0x0000000722176170}> (0x0000000722176170) 
thrown [s\src\hotspot\share\prims\jni.cpp, line 516]
Event: 152.271 Thread 0x0000023d7ab48fd0 Exception <a 'sun/nio/fs/WindowsException'{0x0000000722176348}> (0x0000000722176348) 
thrown [s\src\hotspot\share\prims\jni.cpp, line 516]
Event: 152.271 Thread 0x0000023d7ab48fd0 Exception <a 'sun/nio/fs/WindowsException'{0x0000000722178e38}> (0x0000000722178e38) 
thrown [s\src\hotspot\share\prims\jni.cpp, line 516]
Event: 164.183 Thread 0x0000023d7ab48fd0 Implicit null exception at 0x0000023d45bfbfe6 to 0x0000023d45bfce9c
Event: 164.367 Thread 0x0000023d7ab48fd0 Implicit null exception at 0x0000023d45b6f376 to 0x0000023d45b6fb10

VM Operations (20 events):
Event: 158.559 Executing VM operation: Cleanup done
Event: 158.844 Executing VM operation: HandshakeAllThreads
Event: 158.854 Executing VM operation: HandshakeAllThreads done
Event: 159.864 Executing VM operation: Cleanup
Event: 159.865 Executing VM operation: Cleanup done
Event: 159.919 Executing VM operation: HandshakeAllThreads
Event: 159.920 Executing VM operation: HandshakeAllThreads done
Event: 160.922 Executing VM operation: Cleanup
Event: 160.922 Executing VM operation: Cleanup done
Event: 160.998 Executing VM operation: HandshakeAllThreads
Event: 161.057 Executing VM operation: HandshakeAllThreads done
Event: 162.072 Executing VM operation: Cleanup
Event: 162.072 Executing VM operation: Cleanup done
Event: 162.767 Executing VM operation: G1CollectForAllocation
Event: 162.831 Executing VM operation: G1CollectForAllocation done
Event: 163.843 Executing VM operation: Cleanup
Event: 163.859 Executing VM operation: Cleanup done
Event: 164.188 Executing VM operation: HandshakeAllThreads
Event: 164.189 Executing VM operation: HandshakeAllThreads done
Event: 165.199 Executing VM operation: Cleanup

Memory protections (0 events):
No events

Nmethod flushes (20 events):
Event: 161.113 Thread 0x0000023d59501030 flushing  nmethod 0x0000023d3ff67410
Event: 161.113 Thread 0x0000023d59501030 flushing  nmethod 0x0000023d3ff6d090
Event: 161.113 Thread 0x0000023d59501030 flushing  nmethod 0x0000023d3ff71c90
Event: 161.114 Thread 0x0000023d59501030 flushing  nmethod 0x0000023d40049890
Event: 161.114 Thread 0x0000023d59501030 flushing  nmethod 0x0000023d40049d90
Event: 161.114 Thread 0x0000023d59501030 flushing  nmethod 0x0000023d4004b990
Event: 161.114 Thread 0x0000023d59501030 flushing  nmethod 0x0000023d4004bd10
Event: 161.114 Thread 0x0000023d59501030 flushing  nmethod 0x0000023d4005f410
Event: 161.114 Thread 0x0000023d59501030 flushing  nmethod 0x0000023d4006e990
Event: 161.114 Thread 0x0000023d59501030 flushing  nmethod 0x0000023d4008ec10
Event: 161.114 Thread 0x0000023d59501030 flushing  nmethod 0x0000023d40095590
Event: 161.114 Thread 0x0000023d59501030 flushing  nmethod 0x0000023d400a5290
Event: 161.114 Thread 0x0000023d59501030 flushing  nmethod 0x0000023d400a5690
Event: 161.114 Thread 0x0000023d59501030 flushing  nmethod 0x0000023d400eca90
Event: 161.114 Thread 0x0000023d59501030 flushing  nmethod 0x0000023d400edf90
Event: 161.115 Thread 0x0000023d59501030 flushing  nmethod 0x0000023d4011ca90
Event: 161.115 Thread 0x0000023d59501030 flushing  nmethod 0x0000023d4012a790
Event: 161.115 Thread 0x0000023d59501030 flushing  nmethod 0x0000023d4018b790
Event: 161.115 Thread 0x0000023d59501030 flushing  nmethod 0x0000023d4018ca90
Event: 161.115 Thread 0x0000023d59501030 flushing  nmethod 0x0000023d40199590

Events (20 events):
Event: 133.626 Thread 0x0000023d7ab47680 Thread added: 0x0000023d08c1cfc0
Event: 133.677 Thread 0x0000023d7ab48fd0 Thread added: 0x0000023d08c1d4d0
Event: 134.113 Thread 0x0000023d5937e7e0 Thread added: 0x0000023d7e3f9240
Event: 134.371 Thread 0x0000023d7e3f9240 Thread exited: 0x0000023d7e3f9240
Event: 134.516 Thread 0x0000023d7e3f7d00 Thread exited: 0x0000023d7e3f7d00
Event: 135.087 Thread 0x0000023d5937e7e0 Thread added: 0x0000023d7e3f9240
Event: 135.302 Thread 0x0000023d7e3f9240 Thread exited: 0x0000023d7e3f9240
Event: 135.380 Thread 0x0000023d5937e7e0 Thread added: 0x0000023d7e3f7d00
Event: 135.382 Thread 0x0000023d5937e7e0 Thread added: 0x0000023d7e3f9240
Event: 136.048 Thread 0x0000023d7e3f9240 Thread exited: 0x0000023d7e3f9240
Event: 136.379 Thread 0x0000023d7e3f7d00 Thread exited: 0x0000023d7e3f7d00
Event: 136.674 Thread 0x0000023d5937e7e0 Thread added: 0x0000023d7e3f9240
Event: 136.835 Thread 0x0000023d5937e7e0 Thread added: 0x0000023d7e3f9790
Event: 138.279 Thread 0x0000023d7e3f9790 Thread exited: 0x0000023d7e3f9790
Event: 138.279 Thread 0x0000023d7e3f9240 Thread exited: 0x0000023d7e3f9240
Event: 159.719 Thread 0x0000023d59376160 Thread added: 0x0000023d7e3f9790
Event: 159.872 Thread 0x0000023d7e3f9790 Thread exited: 0x0000023d7e3f9790
Event: 161.857 Thread 0x0000023d5937e7e0 Thread added: 0x0000023d7e3f2800
Event: 162.489 Thread 0x0000023d7e3f2800 Thread exited: 0x0000023d7e3f2800
Event: 164.193 Thread 0x0000023d5937e7e0 Thread added: 0x0000023d7e3f2800


Dynamic libraries:
0x00007ff7a52e0000 - 0x00007ff7a52ee000 	C:\Program Files\OpenLogic\jdk-17.0.14.7-hotspot\bin\java.exe
0x00007ffa3cd80000 - 0x00007ffa3cfe6000 	C:\Windows\SYSTEM32\ntdll.dll
0x00007ffa3b950000 - 0x00007ffa3ba19000 	C:\Windows\System32\KERNEL32.DLL
0x00007ffa3a1f0000 - 0x00007ffa3a5ea000 	C:\Windows\System32\KERNELBASE.dll
0x00007ffa3a5f0000 - 0x00007ffa3a73c000 	C:\Windows\System32\ucrtbase.dll
0x00007ffa235c0000 - 0x00007ffa235d7000 	C:\Program Files\OpenLogic\jdk-17.0.14.7-hotspot\bin\jli.dll
0x00007ffa3cb30000 - 0x00007ffa3ccf7000 	C:\Windows\System32\USER32.dll
0x00007ffa3a740000 - 0x00007ffa3a767000 	C:\Windows\System32\win32u.dll
0x00007ffa3c5d0000 - 0x00007ffa3c5fb000 	C:\Windows\System32\GDI32.dll
0x00007ffa3a0c0000 - 0x00007ffa3a1eb000 	C:\Windows\System32\gdi32full.dll
0x00007ffa144d0000 - 0x00007ffa144eb000 	C:\Program Files\OpenLogic\jdk-17.0.14.7-hotspot\bin\VCRUNTIME140.dll
0x00007ffa23030000 - 0x00007ffa232c2000 	C:\Windows\WinSxS\amd64_microsoft.windows.common-controls_6595b64144ccf1df_6.0.26100.8521_none_3e08b75ce33403b3\COMCTL32.dll
0x00007ffa3a010000 - 0x00007ffa3a0b3000 	C:\Windows\System32\msvcp_win.dll
0x00007ffa3c8a0000 - 0x00007ffa3c949000 	C:\Windows\System32\msvcrt.dll
0x00007ffa3cd00000 - 0x00007ffa3cd32000 	C:\Windows\System32\IMM32.DLL
0x00007ffa2f500000 - 0x00007ffa2f50c000 	C:\Program Files\OpenLogic\jdk-17.0.14.7-hotspot\bin\vcruntime140_1.dll
0x00007ffa0cd10000 - 0x00007ffa0cd9d000 	C:\Program Files\OpenLogic\jdk-17.0.14.7-hotspot\bin\msvcp140.dll
0x00007ff96c6c0000 - 0x00007ff96d32c000 	C:\Program Files\OpenLogic\jdk-17.0.14.7-hotspot\bin\server\jvm.dll
0x00007ffa3c270000 - 0x00007ffa3c326000 	C:\Windows\System32\ADVAPI32.dll
0x00007ffa3c1b0000 - 0x00007ffa3c25a000 	C:\Windows\System32\sechost.dll
0x00007ffa3ba20000 - 0x00007ffa3bb38000 	C:\Windows\System32\RPCRT4.dll
0x00007ffa3b7d0000 - 0x00007ffa3b850000 	C:\Windows\System32\WS2_32.dll
0x00007ffa39e70000 - 0x00007ffa39ece000 	C:\Windows\SYSTEM32\POWRPROF.dll
0x00007ffa30330000 - 0x00007ffa30366000 	C:\Windows\SYSTEM32\WINMM.dll
0x00007ffa2bdc0000 - 0x00007ffa2bdcb000 	C:\Windows\SYSTEM32\VERSION.dll
0x00007ffa39e50000 - 0x00007ffa39e64000 	C:\Windows\SYSTEM32\UMPDC.dll
0x00007ffa38d60000 - 0x00007ffa38d7b000 	C:\Windows\SYSTEM32\kernel.appcore.dll
0x00007ffa2da20000 - 0x00007ffa2da2a000 	C:\Program Files\OpenLogic\jdk-17.0.14.7-hotspot\bin\jimage.dll
0x00007ffa2a800000 - 0x00007ffa2aa42000 	C:\Windows\SYSTEM32\DBGHELP.DLL
0x00007ffa3bd20000 - 0x00007ffa3c0a3000 	C:\Windows\System32\combase.dll
0x00007ffa3c4f0000 - 0x00007ffa3c5c9000 	C:\Windows\System32\OLEAUT32.dll
0x00007ffa25ef0000 - 0x00007ffa25f2b000 	C:\Windows\SYSTEM32\dbgcore.DLL
0x00007ffa3a830000 - 0x00007ffa3a8d8000 	C:\Windows\System32\bcryptPrimitives.dll
0x00007ffa14bf0000 - 0x00007ffa14bfe000 	C:\Program Files\OpenLogic\jdk-17.0.14.7-hotspot\bin\instrument.dll
0x00007ffa108a0000 - 0x00007ffa108c5000 	C:\Program Files\OpenLogic\jdk-17.0.14.7-hotspot\bin\java.dll
0x00007ff9e3a60000 - 0x00007ff9e3b36000 	C:\Program Files\OpenLogic\jdk-17.0.14.7-hotspot\bin\jsvml.dll
0x00007ffa3b020000 - 0x00007ffa3b7a4000 	C:\Windows\System32\SHELL32.dll
0x00007ffa37b50000 - 0x00007ffa383d0000 	C:\Windows\SYSTEM32\windows.storage.dll
0x00007ffa3c330000 - 0x00007ffa3c426000 	C:\Windows\System32\SHCORE.dll
0x00007ffa3c600000 - 0x00007ffa3c667000 	C:\Windows\System32\shlwapi.dll
0x00007ffa39f30000 - 0x00007ffa39f59000 	C:\Windows\SYSTEM32\profapi.dll
0x00007ffa0f410000 - 0x00007ffa0f428000 	C:\Program Files\OpenLogic\jdk-17.0.14.7-hotspot\bin\zip.dll
0x00007ffa0f450000 - 0x00007ffa0f469000 	C:\Program Files\OpenLogic\jdk-17.0.14.7-hotspot\bin\net.dll
0x00007ffa301d0000 - 0x00007ffa302f9000 	C:\Windows\SYSTEM32\WINHTTP.dll
0x00007ffa392b0000 - 0x00007ffa3931c000 	C:\Windows\system32\mswsock.dll
0x00007ffa0f430000 - 0x00007ffa0f446000 	C:\Program Files\OpenLogic\jdk-17.0.14.7-hotspot\bin\nio.dll
0x00007ffa2d9b0000 - 0x00007ffa2d9c0000 	C:\Program Files\OpenLogic\jdk-17.0.14.7-hotspot\bin\verify.dll
0x00007ffa08910000 - 0x00007ffa08937000 	C:\Users\Vauras\.gradle\native\1def1411415f61bf3af743bc5b6707747c0891f09f0c88961ee8f79bc544acac\windows-amd64\native-platform.dll
0x00007ffa06a30000 - 0x00007ffa06aa8000 	C:\Users\Vauras\.gradle\native\0.2.7\x86_64-windows-gnu\gradle-fileevents.dll
0x00007ffa258d0000 - 0x00007ffa258d9000 	C:\Program Files\OpenLogic\jdk-17.0.14.7-hotspot\bin\management.dll
0x00007ffa25850000 - 0x00007ffa2585b000 	C:\Program Files\OpenLogic\jdk-17.0.14.7-hotspot\bin\management_ext.dll
0x00007ffa3c260000 - 0x00007ffa3c268000 	C:\Windows\System32\PSAPI.DLL
0x00007ffa386f0000 - 0x00007ffa38723000 	C:\Windows\SYSTEM32\IPHLPAPI.DLL
0x00007ffa3c480000 - 0x00007ffa3c48a000 	C:\Windows\System32\NSI.dll
0x00007ffa30390000 - 0x00007ffa303ad000 	C:\Windows\SYSTEM32\dhcpcsvc6.DLL
0x00007ffa30300000 - 0x00007ffa30325000 	C:\Windows\SYSTEM32\dhcpcsvc.DLL
0x00007ffa38730000 - 0x00007ffa3887a000 	C:\Windows\SYSTEM32\DNSAPI.dll
0x00007ffa390f0000 - 0x00007ffa390fd000 	C:\Windows\SYSTEM32\DSPARSE.dll
0x00007ffa257a0000 - 0x00007ffa257a8000 	C:\Program Files\OpenLogic\jdk-17.0.14.7-hotspot\bin\extnet.dll
0x00007ffa396b0000 - 0x00007ffa396cb000 	C:\Windows\SYSTEM32\CRYPTSP.dll
0x00007ffa38cc0000 - 0x00007ffa38cf9000 	C:\Windows\system32\rsaenh.dll
0x00007ffa39360000 - 0x00007ffa39393000 	C:\Windows\SYSTEM32\USERENV.dll
0x00007ffa39f00000 - 0x00007ffa39f2a000 	C:\Windows\SYSTEM32\bcrypt.dll
0x00007ffa39510000 - 0x00007ffa3951c000 	C:\Windows\SYSTEM32\CRYPTBASE.dll
0x00007ffa145b0000 - 0x00007ffa145be000 	C:\Program Files\OpenLogic\jdk-17.0.14.7-hotspot\bin\sunmscapi.dll
0x00007ffa3a970000 - 0x00007ffa3aae8000 	C:\Windows\System32\CRYPT32.dll
0x00007ffa39810000 - 0x00007ffa39840000 	C:\Windows\SYSTEM32\ncrypt.dll
0x00007ffa397c0000 - 0x00007ffa397ff000 	C:\Windows\SYSTEM32\NTASN1.dll
0x00007ffa12bc0000 - 0x00007ffa12bc8000 	C:\Windows\system32\wshunix.dll
0x00007ffa1e100000 - 0x00007ffa1e118000 	C:\Windows\system32\napinsp.dll
0x00007ffa1dfc0000 - 0x00007ffa1dfd3000 	C:\Windows\System32\winrnr.dll
0x00007ffa1df50000 - 0x00007ffa1df72000 	C:\Windows\system32\nlansp_c.dll
0x00007ffa2e8b0000 - 0x00007ffa2e8c6000 	C:\Windows\system32\wshbth.dll
0x00007ffa2e8d0000 - 0x00007ffa2e8db000 	C:\Windows\System32\rasadhlp.dll
0x00007ffa33ae0000 - 0x00007ffa33b66000 	C:\Windows\System32\fwpuclnt.dll
0x00007ffa38e80000 - 0x00007ffa38eb6000 	C:\Windows\SYSTEM32\ntmarta.dll

dbghelp: loaded successfully - version: 4.0.5 - missing functions: none
symbol engine: initialized successfully - sym options: 0x614 - pdb path: .;C:\Program Files\OpenLogic\jdk-17.0.14.7-hotspot\bin;C:\Windows\SYSTEM32;C:\Windows\WinSxS\amd64_microsoft.windows.common-controls_6595b64144ccf1df_6.0.26100.8521_none_3e08b75ce33403b3;C:\Program Files\OpenLogic\jdk-17.0.14.7-hotspot\bin\server;C:\Users\Vauras\.gradle\native\1def1411415f61bf3af743bc5b6707747c0891f09f0c88961ee8f79bc544acac\windows-amd64;C:\Users\Vauras\.gradle\native\0.2.7\x86_64-windows-gnu

VM Arguments:
jvm_args: --add-opens=java.base/java.lang=ALL-UNNAMED --add-opens=java.base/java.lang.invoke=ALL-UNNAMED --add-opens=java.base/java.util=ALL-UNNAMED --add-opens=java.prefs/java.util.prefs=ALL-UNNAMED --add-exports=jdk.compiler/com.sun.tools.javac.api=ALL-UNNAMED --add-exports=jdk.compiler/com.sun.tools.javac.util=ALL-UNNAMED --add-opens=java.base/java.util=ALL-UNNAMED --add-opens=java.prefs/java.util.prefs=ALL-UNNAMED --add-opens=java.base/java.nio.charset=ALL-UNNAMED --add-opens=java.base/java.net=ALL-UNNAMED --add-opens=java.base/java.util.concurrent.atomic=ALL-UNNAMED --add-opens=java.xml/javax.xml.namespace=ALL-UNNAMED -XX:MaxMetaspaceSize=512m -Xmx4096m -Dfile.encoding=windows-1252 -Duser.country=IN -Duser.language=en -Duser.variant -javaagent:C:\Users\Vauras\.gradle\wrapper\dists\gradle-8.13-bin\5xuhj0ry160q40clulazy9h7d\gradle-8.13\lib\agents\gradle-instrumentation-agent-8.13.jar 
java_command: org.gradle.launcher.daemon.bootstrap.GradleDaemon 8.13
java_class_path (initial): C:\Users\Vauras\.gradle\wrapper\dists\gradle-8.13-bin\5xuhj0ry160q40clulazy9h7d\gradle-8.13\lib\gradle-daemon-main-8.13.jar
Launcher Type: SUN_STANDARD

[Global flags]
     intx CICompilerCount                          = 4                                         {product} {ergonomic}
   size_t CompressedClassSpaceSize                 = 436207616                                 {product} {ergonomic}
     uint ConcGCThreads                            = 2                                         {product} {ergonomic}
     uint G1ConcRefinementThreads                  = 8                                         {product} {ergonomic}
   size_t G1HeapRegionSize                         = 2097152                                   {product} {ergonomic}
    uintx GCDrainStackTargetSize                   = 64                                        {product} {ergonomic}
   size_t InitialHeapSize                          = 121634816                                 {product} {ergonomic}
   size_t MarkStackSize                            = 4194304                                   {product} {ergonomic}
   size_t MaxHeapSize                              = 4294967296                                {product} {command line}
   size_t MaxMetaspaceSize                         = 536870912                                 {product} {command line}
   size_t MaxNewSize                               = 2575302656                                {product} {ergonomic}
   size_t MinHeapDeltaBytes                        = 2097152                                   {product} {ergonomic}
   size_t MinHeapSize                              = 8388608                                   {product} {ergonomic}
    uintx NonNMethodCodeHeapSize                   = 5839372                                {pd product} {ergonomic}
    uintx NonProfiledCodeHeapSize                  = 122909434                              {pd product} {ergonomic}
    uintx ProfiledCodeHeapSize                     = 122909434                              {pd product} {ergonomic}
    uintx ReservedCodeCacheSize                    = 251658240                              {pd product} {ergonomic}
     bool SegmentedCodeCache                       = true                                      {product} {ergonomic}
   size_t SoftMaxHeapSize                          = 4294967296                             {manageable} {ergonomic}
     bool UseCompressedClassPointers               = true                           {product lp64_product} {ergonomic}
     bool UseCompressedOops                        = true                           {product lp64_product} {ergonomic}
     bool UseG1GC                                  = true                                      {product} {ergonomic}
     bool UseLargePagesIndividualAllocation        = false                                  {pd product} {ergonomic}

Logging:
Log output configuration:
 #0: stdout all=warning uptime,level,tags
 #1: stderr all=off uptime,level,tags

Environment Variables:
JAVA_HOME=C:\Program Files\OpenLogic\jdk-17.0.14.7-hotspot
CLASSPATH=D:\salarybooks_mobileapp\Salarybooks-App\android\\gradle\wrapper\gradle-wrapper.jar
PATH=D:\salarybooks_mobileapp\Salarybooks-App\node_modules\.bin;D:\salarybooks_mobileapp\Salarybooks-App\node_modules\.bin;D:\salarybooks_mobileapp\node_modules\.bin;D:\node_modules\.bin;C:\Users\Vauras\AppData\Roaming\nvm\v22.22.1\node_modules\npm\node_modules\@npmcli\run-script\lib\node-gyp-bin;c:\Users\Vauras\AppData\Roaming\Code\User\globalStorage\github.copilot-chat\debugCommand;c:\Users\Vauras\AppData\Roaming\Code\User\globalStorage\github.copilot-chat\copilotCli;C:\Program Files\OpenLogic\jdk-17.0.14.7-hotspot\bin;C:\Windows\system32;C:\Windows;C:\Windows\System32\Wbem;C:\Windows\System32\WindowsPowerShell\v1.0\;C:\Windows\System32\OpenSSH\;C:\Users\Vauras\AppData\Local\Android\Sdk;C:\Users\Vauras\AppData\Local\Android\Sdk\platform-tools;C:\node-v14.20.0-win-x86\node_modules\npm\bin;C:\Users\Vauras\AppData\Roaming\nvm;C:\Program Files\nodejs;C:\Program Files\nodejs\;C:\Program Files\MongoDB\Server\8.0\bin;C:\mongodb-database-tools-windows-x86_64-100.12.0\bin;C:\Program Files\Git\cmd;C:\Users\Vauras\AppData\Roaming\nvm\v18.20.8;;C:\Program Files\Docker\Docker\resources\bin;C:\Users\Vauras\AppData\Local\Programs\Python\Python311\Scripts\;C:\Users\Vauras\AppData\Local\Programs\Python\Python311\;C:\Users\Vauras\AppData\Local\Microsoft\WindowsApps;C:\Program Files\OpenLogic\jdk-17.0.14.7-hotspot\bin;C:\Users\Vauras\AppData\Local\Android\Sdk\platform-tools;C:\Users\Vauras\AppData\Local\Android\Sdk;C:\Users\Vauras\AppData\Local\Android\Sdk\emulator;C:\Users\Vauras\AppData\Local\Android\Sdk\build-tools;C:\Users\Vauras\AppData\Roaming\nvm;C:\Program Files\nodejs;C:\Users\Vauras\AppData\Roaming\npm;C:\Program Files\nodejs;C:\Program Files\MongoDB\Server\8.0\bin;C:\mongodb-database-tools-windows-x86_64-100.12.0\bin;C:\Users\Vauras\AppData\Local\Programs\Microsoft VS Code\bin;C:\Users\Vauras\AppData\Roaming\nvm\v18.20.8;C:\Users\Vauras\AppData\Local\Programs\cursor\resources\app\bin;c:\Users\Vauras\.vscode\extensions\vscjava.vscode-java-debug-0.59.0\bundled\scripts\noConfigScripts
USERNAME=Vauras
LANG=en_US.UTF-8
OS=Windows_NT
PROCESSOR_IDENTIFIER=AMD64 Family 23 Model 160 Stepping 0, AuthenticAMD
TMP=C:\Users\Vauras\AppData\Local\Temp
TEMP=C:\Users\Vauras\AppData\Local\Temp



Periodic native trim disabled


---------------  S Y S T E M  ---------------

OS:
 Windows 11 , 64 bit Build 26100 (10.0.26100.8521)
OS uptime: 1 days 0:39 hours
Hyper-V role detected

CPU: total 8 (initial active 8) (8 cores per cpu, 2 threads per core) family 23 model 160 stepping 0 microcode 0x8a0000b, cx8, cmov, fxsr, ht, mmx, 3dnowpref, sse, sse2, sse3, ssse3, sse4a, sse4.1, sse4.2, popcnt, lzcnt, tsc, tscinvbit, avx, avx2, aes, clmul, bmi1, bmi2, adx, sha, fma, vzeroupper, clflush, clflushopt, hv
Processor Information for all 8 processors :
  Max Mhz: 2801, Current Mhz: 2801, Mhz Limit: 2801

Memory: 4k page, system-wide physical 7418M (318M free)
TotalPageFile size 29946M (AvailPageFile size 0M)
current process WorkingSet (physical memory assigned to process): 360M, peak: 591M
current process commit charge ("private bytes"): 1073M, peak: 1090M

vm_info: OpenJDK 64-Bit Server VM (17.0.14+7-adhoc..jdk17u) for windows-amd64 JRE (17.0.14+7-adhoc..jdk17u), built on Jul  2 2025 17:59:17 by "" with MS VC++ 16.10 / 16.11 (VS2019)

END.
