#
# There is insufficient memory for the Java Runtime Environment to continue.
# Native memory allocation (malloc) failed to allocate 1401936 bytes. Error detail: Chunk::new
# Possible reasons:
#   The system is out of physical RAM or swap space
#   This process is running with CompressedOops enabled, and the Java Heap may be blocking the growth of the native heap
# Possible solutions:
#   Reduce memory load on the system
#   Increase physical memory or swap space
#   Check if swap backing store is full
#   Decrease Java heap size (-Xmx/-Xms)
#   Decrease number of Java threads
#   Decrease Java thread stack sizes (-Xss)
#   Set larger code cache with -XX:ReservedCodeCacheSize=
#   JVM is running with Zero Based Compressed Oops mode in which the Java heap is
#     placed in the first 32GB address space. The Java Heap base address is the
#     maximum limit for the native heap growth. Please use -XX:HeapBaseMinAddress
#     to set the Java Heap base and to place the Java Heap above 32GB virtual address.
# This output file may be truncated or incomplete.
#
#  Out of Memory Error (arena.cpp:191), pid=22696, tid=2516
#
# JRE version: OpenJDK Runtime Environment OpenLogic-OpenJDK (17.0.14+7) (build 17.0.14+7-adhoc..jdk17u)
# Java VM: OpenJDK 64-Bit Server VM OpenLogic-OpenJDK (17.0.14+7-adhoc..jdk17u, mixed mode, sharing, tiered, compressed oops, compressed class ptrs, g1 gc, windows-amd64)
# No core dump will be written. Minidumps are not enabled by default on client versions of Windows
#

---------------  S U M M A R Y ------------

Command Line: --add-opens=java.base/java.lang=ALL-UNNAMED --add-opens=java.base/java.lang.invoke=ALL-UNNAMED --add-opens=java.base/java.util=ALL-UNNAMED --add-opens=java.prefs/java.util.prefs=ALL-UNNAMED --add-exports=jdk.compiler/com.sun.tools.javac.api=ALL-UNNAMED --add-exports=jdk.compiler/com.sun.tools.javac.util=ALL-UNNAMED --add-opens=java.base/java.util=ALL-UNNAMED --add-opens=java.prefs/java.util.prefs=ALL-UNNAMED --add-opens=java.base/java.nio.charset=ALL-UNNAMED --add-opens=java.base/java.net=ALL-UNNAMED --add-opens=java.base/java.util.concurrent.atomic=ALL-UNNAMED --add-opens=java.xml/javax.xml.namespace=ALL-UNNAMED -XX:MaxMetaspaceSize=512m -Xmx4096m -Dfile.encoding=windows-1252 -Duser.country=IN -Duser.language=en -Duser.variant -javaagent:C:\Users\Vauras\.gradle\wrapper\dists\gradle-8.13-bin\5xuhj0ry160q40clulazy9h7d\gradle-8.13\lib\agents\gradle-instrumentation-agent-8.13.jar org.gradle.launcher.daemon.bootstrap.GradleDaemon 8.13

Host: AMD Ryzen 5 7520U with Radeon Graphics         , 8 cores, 7G,  Windows 11 , 64 bit Build 26100 (10.0.26100.8246)
Time: Wed Apr 22 13:25:28 2026 India Standard Time elapsed time: 3754.993887 seconds (0d 1h 2m 34s)

---------------  T H R E A D  ---------------

Current thread (0x000002c17bbde700):  JavaThread "C2 CompilerThread0" daemon [_thread_in_native, id=2516, stack(0x000000c4d8500000,0x000000c4d8600000)]


Current CompileTask:
C2:3754993 27836       4       org.gradle.api.internal.artifacts.ivyservice.resolveengine.result.ComponentSelectionReasonSerializer::write (63 bytes)

Stack: [0x000000c4d8500000,0x000000c4d8600000]
Native frames: (J=compiled Java code, j=interpreted, Vv=VM code, C=native code)
V  [jvm.dll+0x681069]
V  [jvm.dll+0x838cca]
V  [jvm.dll+0x83a78e]
V  [jvm.dll+0x83adf3]
V  [jvm.dll+0x24826f]
V  [jvm.dll+0xac9f4]
V  [jvm.dll+0xad03c]
V  [jvm.dll+0x3678e2]
V  [jvm.dll+0x331cda]
V  [jvm.dll+0x33117a]
V  [jvm.dll+0x21a7b1]
V  [jvm.dll+0x219bf1]
V  [jvm.dll+0x1a599d]
V  [jvm.dll+0x22994d]
V  [jvm.dll+0x227adc]
V  [jvm.dll+0x7edb77]
V  [jvm.dll+0x7e7f6c]
V  [jvm.dll+0x67ff37]
C  [ucrtbase.dll+0x37b0]
C  [KERNEL32.DLL+0x2e8d7]
C  [ntdll.dll+0x8c3fc]


---------------  P R O C E S S  ---------------

Threads class SMR info:
_java_thread_list=0x000002c12158d980, length=148, elements={
0x000002c1577aeda0, 0x000002c17bbb24b0, 0x000002c17bbb4f90, 0x000002c17bbcf320,
0x000002c17bbcfbf0, 0x000002c17bbdc4f0, 0x000002c17bbdcdc0, 0x000002c17bbde700,
0x000002c17bbe20e0, 0x000002c11f14e840, 0x000002c17bc1e5b0, 0x000002c11f33c130,
0x000002c120149eb0, 0x000002c11f54e940, 0x000002c11f1c1cb0, 0x000002c11f4bdc20,
0x000002c11f4bfa80, 0x000002c11f4bd710, 0x000002c11f4bd200, 0x000002c1218429e0,
0x000002c1218415a0, 0x000002c121842ef0, 0x000002c1220f5920, 0x000002c123ee3630,
0x000002c123ee12c0, 0x000002c123ee1ce0, 0x000002c123ee6de0, 0x000002c123ee59a0,
0x000002c123ee7d10, 0x000002c12b5e1c60, 0x000002c125837710, 0x000002c125838640,
0x000002c123c4d960, 0x000002c123c4de70, 0x000002c123c4b0e0, 0x000002c123c4e380,
0x000002c123c4eda0, 0x000002c123c4f7c0, 0x000002c123c4f2b0, 0x000002c12e528c30,
0x000002c12e525ea0, 0x000002c12e52a070, 0x000002c12e526dd0, 0x000002c12e5277f0,
0x000002c12e5263b0, 0x000002c12e525990, 0x000002c12e52aa90, 0x000002c12e5272e0,
0x000002c12e52bed0, 0x000002c12e52afa0, 0x000002c12e52b4b0, 0x000002c12e52b9c0,
0x000002c12e528720, 0x000002c12e52ce00, 0x000002c12e52c3e0, 0x000002c12e52c8f0,
0x000002c12e52d310, 0x000002c1220ef3e0, 0x000002c1220f2170, 0x000002c1220eeed0,
0x000002c1220f0310, 0x000002c1220ef8f0, 0x000002c1220efe00, 0x000002c1220f0820,
0x000002c1220f0d30, 0x000002c1220f1240, 0x000002c1220f1750, 0x000002c1220f1c60,
0x000002c1220ee9c0, 0x000002c1220f2b90, 0x000002c1220f2680, 0x000002c1220f5410,
0x000002c1220f5e30, 0x000002c1220f6340, 0x000002c1220f35b0, 0x000002c1220f3ac0,
0x000002c1220f44e0, 0x000002c125839060, 0x000002c125839570, 0x000002c125835dc0,
0x000002c125838130, 0x000002c125839a80, 0x000002c1258362d0, 0x000002c1258367e0,
0x000002c125839f90, 0x000002c12583a4a0, 0x000002c125836cf0, 0x000002c12583b8e0,
0x000002c12583bdf0, 0x000002c12583c300, 0x000002c12583a9b0, 0x000002c12583aec0,
0x000002c12583d230, 0x000002c12583b3d0, 0x000002c12583cd20, 0x000002c12583d740,
0x000002c121843910, 0x000002c121844840, 0x000002c121845770, 0x000002c121843400,
0x000002c121845c80, 0x000002c121843e20, 0x000002c121844d50, 0x000002c1218424d0,
0x000002c121846190, 0x000002c1218466a0, 0x000002c1218470c0, 0x000002c1218475d0,
0x000002c121847ff0, 0x000002c121848f20, 0x000002c121848500, 0x000002c123c49280,
0x000002c123c49790, 0x000002c123c4a6c0, 0x000002c123c4abd0, 0x000002c123c4b5f0,
0x000002c123c47e40, 0x000002c123c4c010, 0x000002c123c48860, 0x000002c123c4d450,
0x000002c123c4cf40, 0x000002c123c4c520, 0x000002c123c4e890, 0x000002c123ee17d0,
0x000002c123ee2700, 0x000002c123ee4050, 0x000002c123ee2c10, 0x000002c123ee0db0,
0x000002c123ee08a0, 0x000002c123ee3120, 0x000002c123ee5490, 0x000002c123ee7800,
0x000002c123ee68d0, 0x000002c123ee4a70, 0x000002c123ee4f80, 0x000002c12c653ff0,
0x000002c12c6530c0, 0x000002c12c657cb0, 0x000002c12c654500, 0x000002c12c6581c0,
0x000002c12c654a10, 0x000002c12c655430, 0x000002c12c65aa40, 0x000002c12c659b10,
0x000002c12c659600, 0x000002c12c65a020, 0x000002c12c65a530, 0x000002c121e64970
}

Java Threads: ( => current thread )
  0x000002c1577aeda0 JavaThread "main" [_thread_blocked, id=15140, stack(0x000000c4d7800000,0x000000c4d7900000)]
  0x000002c17bbb24b0 JavaThread "Reference Handler" daemon [_thread_blocked, id=15488, stack(0x000000c4d7f00000,0x000000c4d8000000)]
  0x000002c17bbb4f90 JavaThread "Finalizer" daemon [_thread_blocked, id=9804, stack(0x000000c4d8000000,0x000000c4d8100000)]
  0x000002c17bbcf320 JavaThread "Signal Dispatcher" daemon [_thread_blocked, id=16732, stack(0x000000c4d8100000,0x000000c4d8200000)]
  0x000002c17bbcfbf0 JavaThread "Attach Listener" daemon [_thread_blocked, id=8168, stack(0x000000c4d8200000,0x000000c4d8300000)]
  0x000002c17bbdc4f0 JavaThread "Service Thread" daemon [_thread_blocked, id=5656, stack(0x000000c4d8300000,0x000000c4d8400000)]
  0x000002c17bbdcdc0 JavaThread "Monitor Deflation Thread" daemon [_thread_blocked, id=11280, stack(0x000000c4d8400000,0x000000c4d8500000)]
=>0x000002c17bbde700 JavaThread "C2 CompilerThread0" daemon [_thread_in_native, id=2516, stack(0x000000c4d8500000,0x000000c4d8600000)]
  0x000002c17bbe20e0 JavaThread "C1 CompilerThread0" daemon [_thread_blocked, id=8220, stack(0x000000c4d8600000,0x000000c4d8700000)]
  0x000002c11f14e840 JavaThread "Sweeper thread" daemon [_thread_blocked, id=5412, stack(0x000000c4d8700000,0x000000c4d8800000)]
  0x000002c17bc1e5b0 JavaThread "Common-Cleaner" daemon [_thread_blocked, id=16420, stack(0x000000c4d8800000,0x000000c4d8900000)]
  0x000002c11f33c130 JavaThread "Notification Thread" daemon [_thread_blocked, id=10232, stack(0x000000c4d8900000,0x000000c4d8a00000)]
  0x000002c120149eb0 JavaThread "Daemon health stats" [_thread_blocked, id=24476, stack(0x000000c4d8b00000,0x000000c4d8c00000)]
  0x000002c11f54e940 JavaThread "Incoming local TCP Connector on port 50063" [_thread_in_native, id=18404, stack(0x000000c4d9100000,0x000000c4d9200000)]
  0x000002c11f1c1cb0 JavaThread "Daemon periodic checks" [_thread_blocked, id=18036, stack(0x000000c4d9200000,0x000000c4d9300000)]
  0x000002c11f4bdc20 JavaThread "Cache worker for journal cache (C:\Users\Vauras\.gradle\caches\journal-1)" [_thread_blocked, id=10584, stack(0x000000c4d9b00000,0x000000c4d9c00000)]
  0x000002c11f4bfa80 JavaThread "File lock request listener" [_thread_in_native, id=9544, stack(0x000000c4d9c00000,0x000000c4d9d00000)]
  0x000002c11f4bd710 JavaThread "Cache worker for file hash cache (C:\Users\Vauras\.gradle\caches\8.13\fileHashes)" [_thread_blocked, id=22332, stack(0x000000c4d9d00000,0x000000c4d9e00000)]
  0x000002c11f4bd200 JavaThread "File watcher server" daemon [_thread_in_native, id=15784, stack(0x000000c4da400000,0x000000c4da500000)]
  0x000002c1218429e0 JavaThread "File watcher consumer" daemon [_thread_blocked, id=21968, stack(0x000000c4da500000,0x000000c4da600000)]
  0x000002c1218415a0 JavaThread "jar transforms" [_thread_blocked, id=9092, stack(0x000000c4da700000,0x000000c4da800000)]
  0x000002c121842ef0 JavaThread "Cache worker for file content cache (C:\Users\Vauras\.gradle\caches\8.13\fileContent)" [_thread_blocked, id=23616, stack(0x000000c4da900000,0x000000c4daa00000)]
  0x000002c1220f5920 JavaThread "Memory manager" [_thread_blocked, id=19672, stack(0x000000c4dc900000,0x000000c4dca00000)]
  0x000002c123ee3630 JavaThread "jar transforms Thread 2" [_thread_blocked, id=15844, stack(0x000000c4e1000000,0x000000c4e1100000)]
  0x000002c123ee12c0 JavaThread "jar transforms Thread 3" [_thread_blocked, id=21848, stack(0x000000c4e1200000,0x000000c4e1300000)]
  0x000002c123ee1ce0 JavaThread "jar transforms Thread 4" [_thread_blocked, id=19892, stack(0x000000c4d7600000,0x000000c4d7700000)]
  0x000002c123ee6de0 JavaThread "jar transforms Thread 5" [_thread_blocked, id=9180, stack(0x000000c4d7500000,0x000000c4d7600000)]
  0x000002c123ee59a0 JavaThread "jar transforms Thread 6" [_thread_blocked, id=22448, stack(0x000000c4d7700000,0x000000c4d7800000)]
  0x000002c123ee7d10 JavaThread "jar transforms Thread 7" [_thread_blocked, id=24508, stack(0x000000c4e1900000,0x000000c4e1a00000)]
  0x000002c12b5e1c60 JavaThread "jar transforms Thread 8" [_thread_blocked, id=2348, stack(0x000000c4e1a00000,0x000000c4e1b00000)]
  0x000002c125837710 JavaThread "Daemon Thread 2" [_thread_blocked, id=23752, stack(0x000000c4d9300000,0x000000c4d9400000)]
  0x000002c125838640 JavaThread "Daemon worker Thread 2" [_thread_in_Java, id=10228, stack(0x000000c4d9600000,0x000000c4d9700000)]
  0x000002c123c4d960 JavaThread "ForkJoinPool.commonPool-worker-10" daemon [_thread_blocked, id=7792, stack(0x000000c4dc100000,0x000000c4dc200000)]
  0x000002c123c4de70 JavaThread "ForkJoinPool.commonPool-worker-11" daemon [_thread_blocked, id=18508, stack(0x000000c4dc200000,0x000000c4dc300000)]
  0x000002c123c4b0e0 JavaThread "ForkJoinPool.commonPool-worker-12" daemon [_thread_blocked, id=20716, stack(0x000000c4dc300000,0x000000c4dc400000)]
  0x000002c123c4e380 JavaThread "ForkJoinPool.commonPool-worker-13" daemon [_thread_blocked, id=13752, stack(0x000000c4dc400000,0x000000c4dc500000)]
  0x000002c123c4eda0 JavaThread "ForkJoinPool.commonPool-worker-14" daemon [_thread_blocked, id=24536, stack(0x000000c4dc500000,0x000000c4dc600000)]
  0x000002c123c4f7c0 JavaThread "ForkJoinPool.commonPool-worker-15" daemon [_thread_blocked, id=23096, stack(0x000000c4dc600000,0x000000c4dc700000)]
  0x000002c123c4f2b0 JavaThread "included builds" [_thread_blocked, id=20120, stack(0x000000c4dc700000,0x000000c4dc800000)]
  0x000002c12e528c30 JavaThread "Exec process Thread 7" [_thread_blocked, id=7944, stack(0x000000c4dc000000,0x000000c4dc100000)]
  0x000002c12e525ea0 JavaThread "Exec process Thread 8" [_thread_blocked, id=21188, stack(0x000000c4e0300000,0x000000c4e0400000)]
  0x000002c12e52a070 JavaThread "Exec process Thread 9" [_thread_blocked, id=22744, stack(0x000000c4e1700000,0x000000c4e1800000)]
  0x000002c12e526dd0 JavaThread "VFS cleanup Thread 2" [_thread_blocked, id=12572, stack(0x000000c4d9700000,0x000000c4d9800000)]
  0x000002c12e5277f0 JavaThread "Handler for socket connection from /127.0.0.1:50063 to /127.0.0.1:52995" [_thread_in_native, id=12324, stack(0x000000c4d9400000,0x000000c4d9500000)]
  0x000002c12e5263b0 JavaThread "Cancel handler" [_thread_blocked, id=15860, stack(0x000000c4d9500000,0x000000c4d9600000)]
  0x000002c12e525990 JavaThread "Asynchronous log dispatcher for DefaultDaemonConnection: socket connection from /127.0.0.1:50063 to /127.0.0.1:52995" [_thread_blocked, id=7212, stack(0x000000c4d9800000,0x000000c4d9900000)]
  0x000002c12e52aa90 JavaThread "Stdin handler" [_thread_blocked, id=18188, stack(0x000000c4d9900000,0x000000c4d9a00000)]
  0x000002c12e5272e0 JavaThread "Daemon client event forwarder" [_thread_blocked, id=6420, stack(0x000000c4d9a00000,0x000000c4d9b00000)]
  0x000002c12e52bed0 JavaThread "Cache worker for file hash cache (D:\salarybooks_mobileapp\Salarybooks-App\android\.gradle\8.13\fileHashes)" [_thread_blocked, id=21296, stack(0x000000c4da100000,0x000000c4da200000)]
  0x000002c12e52afa0 JavaThread "Cache worker for Build Output Cleanup Cache (D:\salarybooks_mobileapp\Salarybooks-App\android\.gradle\buildOutputCleanup)" [_thread_blocked, id=20332, stack(0x000000c4da200000,0x000000c4da300000)]
  0x000002c12e52b4b0 JavaThread "Cache worker for checksums cache (D:\salarybooks_mobileapp\Salarybooks-App\android\.gradle\8.13\checksums)" [_thread_blocked, id=21392, stack(0x000000c4da600000,0x000000c4da700000)]
  0x000002c12e52b9c0 JavaThread "Cache worker for cache directory md-supplier (C:\Users\Vauras\.gradle\caches\8.13\md-supplier)" [_thread_blocked, id=3752, stack(0x000000c4da800000,0x000000c4da900000)]
  0x000002c12e528720 JavaThread "Cache worker for cache directory md-rule (C:\Users\Vauras\.gradle\caches\8.13\md-rule)" [_thread_blocked, id=20848, stack(0x000000c4daa00000,0x000000c4dab00000)]
  0x000002c12e52ce00 JavaThread "Cache worker for Build Output Cleanup Cache (D:\salarybooks_mobileapp\Salarybooks-App\node_modules\@react-native\gradle-plugin\.gradle\buildOutputCleanup)" [_thread_blocked, id=21400, stack(0x000000c4dab00000,0x000000c4dac00000)]
  0x000002c12e52c3e0 JavaThread "Unconstrained build operations" [_thread_blocked, id=3080, stack(0x000000c4dac00000,0x000000c4dad00000)]
  0x000002c12e52c8f0 JavaThread "Unconstrained build operations Thread 2" [_thread_blocked, id=16488, stack(0x000000c4dad00000,0x000000c4dae00000)]
  0x000002c12e52d310 JavaThread "Unconstrained build operations Thread 3" [_thread_blocked, id=22820, stack(0x000000c4dae00000,0x000000c4daf00000)]
  0x000002c1220ef3e0 JavaThread "Unconstrained build operations Thread 4" [_thread_blocked, id=20328, stack(0x000000c4daf00000,0x000000c4db000000)]
  0x000002c1220f2170 JavaThread "Unconstrained build operations Thread 5" [_thread_blocked, id=6344, stack(0x000000c4db000000,0x000000c4db100000)]
  0x000002c1220eeed0 JavaThread "Unconstrained build operations Thread 6" [_thread_blocked, id=24104, stack(0x000000c4db100000,0x000000c4db200000)]
  0x000002c1220f0310 JavaThread "Unconstrained build operations Thread 7" [_thread_blocked, id=20092, stack(0x000000c4db200000,0x000000c4db300000)]
  0x000002c1220ef8f0 JavaThread "Unconstrained build operations Thread 8" [_thread_blocked, id=15572, stack(0x000000c4db300000,0x000000c4db400000)]
  0x000002c1220efe00 JavaThread "Unconstrained build operations Thread 9" [_thread_blocked, id=17780, stack(0x000000c4db400000,0x000000c4db500000)]
  0x000002c1220f0820 JavaThread "Unconstrained build operations Thread 10" [_thread_blocked, id=5512, stack(0x000000c4db500000,0x000000c4db600000)]
  0x000002c1220f0d30 JavaThread "Unconstrained build operations Thread 11" [_thread_blocked, id=4048, stack(0x000000c4db600000,0x000000c4db700000)]
  0x000002c1220f1240 JavaThread "Unconstrained build operations Thread 12" [_thread_blocked, id=20724, stack(0x000000c4db700000,0x000000c4db800000)]
  0x000002c1220f1750 JavaThread "Unconstrained build operations Thread 13" [_thread_blocked, id=23840, stack(0x000000c4db800000,0x000000c4db900000)]
  0x000002c1220f1c60 JavaThread "Unconstrained build operations Thread 14" [_thread_blocked, id=5368, stack(0x000000c4db900000,0x000000c4dba00000)]
  0x000002c1220ee9c0 JavaThread "Unconstrained build operations Thread 15" [_thread_blocked, id=23900, stack(0x000000c4dba00000,0x000000c4dbb00000)]
  0x000002c1220f2b90 JavaThread "Unconstrained build operations Thread 16" [_thread_blocked, id=14660, stack(0x000000c4dbb00000,0x000000c4dbc00000)]
  0x000002c1220f2680 JavaThread "Unconstrained build operations Thread 17" [_thread_blocked, id=22712, stack(0x000000c4dbc00000,0x000000c4dbd00000)]
  0x000002c1220f5410 JavaThread "Unconstrained build operations Thread 18" [_thread_blocked, id=19020, stack(0x000000c4dbd00000,0x000000c4dbe00000)]
  0x000002c1220f5e30 JavaThread "build event listener" [_thread_blocked, id=10276, stack(0x000000c4dbe00000,0x000000c4dbf00000)]
  0x000002c1220f6340 JavaThread "ForkJoinPool.commonPool-worker-16" daemon [_thread_blocked, id=22532, stack(0x000000c4dbf00000,0x000000c4dc000000)]
  0x000002c1220f35b0 JavaThread "included builds" [_thread_blocked, id=16096, stack(0x000000c4dc800000,0x000000c4dc900000)]
  0x000002c1220f3ac0 JavaThread "Execution worker" [_thread_blocked, id=19560, stack(0x000000c4dca00000,0x000000c4dcb00000)]
  0x000002c1220f44e0 JavaThread "Execution worker Thread 2" [_thread_blocked, id=15808, stack(0x000000c4dcb00000,0x000000c4dcc00000)]
  0x000002c125839060 JavaThread "Execution worker Thread 3" [_thread_blocked, id=18468, stack(0x000000c4dcc00000,0x000000c4dcd00000)]
  0x000002c125839570 JavaThread "Execution worker Thread 4" [_thread_blocked, id=20100, stack(0x000000c4dcd00000,0x000000c4dce00000)]
  0x000002c125835dc0 JavaThread "Execution worker Thread 5" [_thread_blocked, id=22220, stack(0x000000c4dce00000,0x000000c4dcf00000)]
  0x000002c125838130 JavaThread "Cache worker for execution history cache (D:\salarybooks_mobileapp\Salarybooks-App\node_modules\@react-native\gradle-plugin\.gradle\8.13\executionHistory)" [_thread_blocked, id=19076, stack(0x000000c4dcf00000,0x000000c4dd000000)]
  0x000002c125839a80 JavaThread "Execution worker Thread 6" [_thread_blocked, id=19292, stack(0x000000c4dd000000,0x000000c4dd100000)]
  0x000002c1258362d0 JavaThread "Execution worker Thread 7" [_thread_blocked, id=1900, stack(0x000000c4dd100000,0x000000c4dd200000)]
  0x000002c1258367e0 JavaThread "Unconstrained build operations Thread 19" [_thread_blocked, id=20256, stack(0x000000c4dd200000,0x000000c4dd300000)]
  0x000002c125839f90 JavaThread "Unconstrained build operations Thread 20" [_thread_blocked, id=22644, stack(0x000000c4dd300000,0x000000c4dd400000)]
  0x000002c12583a4a0 JavaThread "Unconstrained build operations Thread 21" [_thread_blocked, id=20252, stack(0x000000c4dd400000,0x000000c4dd500000)]
  0x000002c125836cf0 JavaThread "Unconstrained build operations Thread 22" [_thread_blocked, id=22988, stack(0x000000c4dd500000,0x000000c4dd600000)]
  0x000002c12583b8e0 JavaThread "Unconstrained build operations Thread 23" [_thread_blocked, id=18596, stack(0x000000c4dd600000,0x000000c4dd700000)]
  0x000002c12583bdf0 JavaThread "Unconstrained build operations Thread 24" [_thread_blocked, id=23604, stack(0x000000c4dd700000,0x000000c4dd800000)]
  0x000002c12583c300 JavaThread "Unconstrained build operations Thread 25" [_thread_blocked, id=24444, stack(0x000000c4dd800000,0x000000c4dd900000)]
  0x000002c12583a9b0 JavaThread "Unconstrained build operations Thread 26" [_thread_blocked, id=11600, stack(0x000000c4dd900000,0x000000c4dda00000)]
  0x000002c12583aec0 JavaThread "Unconstrained build operations Thread 27" [_thread_blocked, id=5528, stack(0x000000c4dda00000,0x000000c4ddb00000)]
  0x000002c12583d230 JavaThread "Unconstrained build operations Thread 28" [_thread_blocked, id=18420, stack(0x000000c4ddb00000,0x000000c4ddc00000)]
  0x000002c12583b3d0 JavaThread "Unconstrained build operations Thread 29" [_thread_blocked, id=20744, stack(0x000000c4ddc00000,0x000000c4ddd00000)]
  0x000002c12583cd20 JavaThread "Unconstrained build operations Thread 30" [_thread_blocked, id=23508, stack(0x000000c4ddd00000,0x000000c4dde00000)]
  0x000002c12583d740 JavaThread "Unconstrained build operations Thread 31" [_thread_blocked, id=18612, stack(0x000000c4dde00000,0x000000c4ddf00000)]
  0x000002c121843910 JavaThread "Unconstrained build operations Thread 32" [_thread_blocked, id=14948, stack(0x000000c4ddf00000,0x000000c4de000000)]
  0x000002c121844840 JavaThread "Unconstrained build operations Thread 33" [_thread_blocked, id=21112, stack(0x000000c4de000000,0x000000c4de100000)]
  0x000002c121845770 JavaThread "Unconstrained build operations Thread 34" [_thread_blocked, id=12220, stack(0x000000c4de100000,0x000000c4de200000)]
  0x000002c121843400 JavaThread "Unconstrained build operations Thread 35" [_thread_blocked, id=12148, stack(0x000000c4de200000,0x000000c4de300000)]
  0x000002c121845c80 JavaThread "Unconstrained build operations Thread 36" [_thread_blocked, id=24368, stack(0x000000c4de300000,0x000000c4de400000)]
  0x000002c121843e20 JavaThread "Unconstrained build operations Thread 37" [_thread_blocked, id=23792, stack(0x000000c4de400000,0x000000c4de500000)]
  0x000002c121844d50 JavaThread "Unconstrained build operations Thread 38" [_thread_blocked, id=20188, stack(0x000000c4de500000,0x000000c4de600000)]
  0x000002c1218424d0 JavaThread "Unconstrained build operations Thread 39" [_thread_blocked, id=21264, stack(0x000000c4de600000,0x000000c4de700000)]
  0x000002c121846190 JavaThread "Unconstrained build operations Thread 40" [_thread_blocked, id=1384, stack(0x000000c4de700000,0x000000c4de800000)]
  0x000002c1218466a0 JavaThread "Unconstrained build operations Thread 41" [_thread_blocked, id=9596, stack(0x000000c4de800000,0x000000c4de900000)]
  0x000002c1218470c0 JavaThread "Unconstrained build operations Thread 42" [_thread_blocked, id=2376, stack(0x000000c4de900000,0x000000c4dea00000)]
  0x000002c1218475d0 JavaThread "Unconstrained build operations Thread 43" [_thread_blocked, id=18560, stack(0x000000c4dea00000,0x000000c4deb00000)]
  0x000002c121847ff0 JavaThread "Unconstrained build operations Thread 44" [_thread_blocked, id=12688, stack(0x000000c4deb00000,0x000000c4dec00000)]
  0x000002c121848f20 JavaThread "Unconstrained build operations Thread 45" [_thread_blocked, id=6288, stack(0x000000c4dec00000,0x000000c4ded00000)]
  0x000002c121848500 JavaThread "Unconstrained build operations Thread 46" [_thread_blocked, id=21304, stack(0x000000c4ded00000,0x000000c4dee00000)]
  0x000002c123c49280 JavaThread "Unconstrained build operations Thread 47" [_thread_blocked, id=21744, stack(0x000000c4dee00000,0x000000c4def00000)]
  0x000002c123c49790 JavaThread "Unconstrained build operations Thread 48" [_thread_blocked, id=21124, stack(0x000000c4def00000,0x000000c4df000000)]
  0x000002c123c4a6c0 JavaThread "Unconstrained build operations Thread 49" [_thread_blocked, id=9144, stack(0x000000c4df000000,0x000000c4df100000)]
  0x000002c123c4abd0 JavaThread "Unconstrained build operations Thread 50" [_thread_blocked, id=16040, stack(0x000000c4df100000,0x000000c4df200000)]
  0x000002c123c4b5f0 JavaThread "Unconstrained build operations Thread 51" [_thread_blocked, id=20528, stack(0x000000c4df200000,0x000000c4df300000)]
  0x000002c123c47e40 JavaThread "Unconstrained build operations Thread 52" [_thread_blocked, id=144, stack(0x000000c4df300000,0x000000c4df400000)]
  0x000002c123c4c010 JavaThread "Unconstrained build operations Thread 53" [_thread_blocked, id=22996, stack(0x000000c4df400000,0x000000c4df500000)]
  0x000002c123c48860 JavaThread "Unconstrained build operations Thread 54" [_thread_blocked, id=1932, stack(0x000000c4df500000,0x000000c4df600000)]
  0x000002c123c4d450 JavaThread "Unconstrained build operations Thread 55" [_thread_blocked, id=10076, stack(0x000000c4df600000,0x000000c4df700000)]
  0x000002c123c4cf40 JavaThread "Unconstrained build operations Thread 56" [_thread_blocked, id=12892, stack(0x000000c4df700000,0x000000c4df800000)]
  0x000002c123c4c520 JavaThread "Unconstrained build operations Thread 57" [_thread_blocked, id=17552, stack(0x000000c4df800000,0x000000c4df900000)]
  0x000002c123c4e890 JavaThread "Unconstrained build operations Thread 58" [_thread_blocked, id=17744, stack(0x000000c4df900000,0x000000c4dfa00000)]
  0x000002c123ee17d0 JavaThread "Unconstrained build operations Thread 59" [_thread_blocked, id=23548, stack(0x000000c4dfa00000,0x000000c4dfb00000)]
  0x000002c123ee2700 JavaThread "Unconstrained build operations Thread 60" [_thread_blocked, id=19164, stack(0x000000c4dfb00000,0x000000c4dfc00000)]
  0x000002c123ee4050 JavaThread "Unconstrained build operations Thread 61" [_thread_blocked, id=14628, stack(0x000000c4dfc00000,0x000000c4dfd00000)]
  0x000002c123ee2c10 JavaThread "Unconstrained build operations Thread 62" [_thread_blocked, id=4240, stack(0x000000c4dfd00000,0x000000c4dfe00000)]
  0x000002c123ee0db0 JavaThread "Unconstrained build operations Thread 63" [_thread_blocked, id=24428, stack(0x000000c4dfe00000,0x000000c4dff00000)]
  0x000002c123ee08a0 JavaThread "Unconstrained build operations Thread 64" [_thread_blocked, id=23884, stack(0x000000c4dff00000,0x000000c4e0000000)]
  0x000002c123ee3120 JavaThread "Unconstrained build operations Thread 65" [_thread_blocked, id=22792, stack(0x000000c4e0000000,0x000000c4e0100000)]
  0x000002c123ee5490 JavaThread "Unconstrained build operations Thread 66" [_thread_blocked, id=19356, stack(0x000000c4e0100000,0x000000c4e0200000)]
  0x000002c123ee7800 JavaThread "Unconstrained build operations Thread 67" [_thread_blocked, id=7424, stack(0x000000c4e0200000,0x000000c4e0300000)]
  0x000002c123ee68d0 JavaThread "Unconstrained build operations Thread 68" [_thread_blocked, id=15428, stack(0x000000c4e0400000,0x000000c4e0500000)]
  0x000002c123ee4a70 JavaThread "build event listener" [_thread_blocked, id=19844, stack(0x000000c4e0500000,0x000000c4e0600000)]
  0x000002c123ee4f80 JavaThread "Problems report writer" [_thread_blocked, id=24200, stack(0x000000c4e0600000,0x000000c4e0700000)]
  0x000002c12c653ff0 JavaThread "Unconstrained build operations Thread 69" [_thread_blocked, id=5280, stack(0x000000c4e0700000,0x000000c4e0800000)]
  0x000002c12c6530c0 JavaThread "Unconstrained build operations Thread 70" [_thread_blocked, id=19148, stack(0x000000c4e0800000,0x000000c4e0900000)]
  0x000002c12c657cb0 JavaThread "Unconstrained build operations Thread 71" [_thread_blocked, id=15956, stack(0x000000c4e0900000,0x000000c4e0a00000)]
  0x000002c12c654500 JavaThread "Unconstrained build operations Thread 72" [_thread_blocked, id=23808, stack(0x000000c4e0a00000,0x000000c4e0b00000)]
  0x000002c12c6581c0 JavaThread "Unconstrained build operations Thread 73" [_thread_blocked, id=19588, stack(0x000000c4e0b00000,0x000000c4e0c00000)]
  0x000002c12c654a10 JavaThread "Unconstrained build operations Thread 74" [_thread_blocked, id=22636, stack(0x000000c4e0c00000,0x000000c4e0d00000)]
  0x000002c12c655430 JavaThread "Unconstrained build operations Thread 75" [_thread_blocked, id=23476, stack(0x000000c4e0d00000,0x000000c4e0e00000)]
  0x000002c12c65aa40 JavaThread "Unconstrained build operations Thread 76" [_thread_blocked, id=10104, stack(0x000000c4e0e00000,0x000000c4e0f00000)]
  0x000002c12c659b10 JavaThread "Unconstrained build operations Thread 77" [_thread_blocked, id=14944, stack(0x000000c4e0f00000,0x000000c4e1000000)]
  0x000002c12c659600 JavaThread "Unconstrained build operations Thread 78" [_thread_blocked, id=18716, stack(0x000000c4e1800000,0x000000c4e1900000)]
  0x000002c12c65a020 JavaThread "Unconstrained build operations Thread 79" [_thread_blocked, id=20536, stack(0x000000c4e1b00000,0x000000c4e1c00000)]
  0x000002c12c65a530 JavaThread "Unconstrained build operations Thread 80" [_thread_blocked, id=2816, stack(0x000000c4e1c00000,0x000000c4e1d00000)]
  0x000002c121e64970 JavaThread "C2 CompilerThread1" daemon [_thread_in_vm, id=19604, stack(0x000000c4e1f00000,0x000000c4e2000000)]

Other Threads:
  0x000002c17bbadd20 VMThread "VM Thread" [stack: 0x000000c4d7e00000,0x000000c4d7f00000] [id=23364]
  0x000002c1577b0b40 WatcherThread [stack: 0x000000c4d8a00000,0x000000c4d8b00000] [id=20728]
  0x000002c15781cd40 GCTaskThread "GC Thread#0" [stack: 0x000000c4d7900000,0x000000c4d7a00000] [id=17420]
  0x000002c11f7e5db0 GCTaskThread "GC Thread#1" [stack: 0x000000c4d8c00000,0x000000c4d8d00000] [id=22604]
  0x000002c11f430ca0 GCTaskThread "GC Thread#2" [stack: 0x000000c4d8d00000,0x000000c4d8e00000] [id=19848]
  0x000002c11f430f60 GCTaskThread "GC Thread#3" [stack: 0x000000c4d8e00000,0x000000c4d8f00000] [id=21640]
  0x000002c11f8458d0 GCTaskThread "GC Thread#4" [stack: 0x000000c4d8f00000,0x000000c4d9000000] [id=6568]
  0x000002c121726290 GCTaskThread "GC Thread#5" [stack: 0x000000c4d9e00000,0x000000c4d9f00000] [id=21056]
  0x000002c1227cecd0 GCTaskThread "GC Thread#6" [stack: 0x000000c4d9f00000,0x000000c4da000000] [id=17608]
  0x000002c120bff410 GCTaskThread "GC Thread#7" [stack: 0x000000c4da000000,0x000000c4da100000] [id=896]
  0x000002c15782dba0 ConcurrentGCThread "G1 Main Marker" [stack: 0x000000c4d7a00000,0x000000c4d7b00000] [id=15504]
  0x000002c1578307f0 ConcurrentGCThread "G1 Conc#0" [stack: 0x000000c4d7b00000,0x000000c4d7c00000] [id=2384]
  0x000002c12090a490 ConcurrentGCThread "G1 Conc#1" [stack: 0x000000c4da300000,0x000000c4da400000] [id=12880]
  0x000002c17ba5e540 ConcurrentGCThread "G1 Refine#0" [stack: 0x000000c4d7c00000,0x000000c4d7d00000] [id=22148]
  0x000002c11f845b90 ConcurrentGCThread "G1 Refine#1" [stack: 0x000000c4d9000000,0x000000c4d9100000] [id=20264]
  0x000002c130002310 ConcurrentGCThread "G1 Refine#2" [stack: 0x000000c4e1100000,0x000000c4e1200000] [id=23188]
  0x000002c130003a90 ConcurrentGCThread "G1 Refine#3" [stack: 0x000000c4e1300000,0x000000c4e1400000] [id=18552]
  0x000002c130002020 ConcurrentGCThread "G1 Refine#4" [stack: 0x000000c4e1400000,0x000000c4e1500000] [id=6752]
  0x000002c130002600 ConcurrentGCThread "G1 Refine#5" [stack: 0x000000c4e1500000,0x000000c4e1600000] [id=20520]
  0x000002c1300028f0 ConcurrentGCThread "G1 Refine#6" [stack: 0x000000c4e1600000,0x000000c4e1700000] [id=11676]
  0x000002c17ba607a0 ConcurrentGCThread "G1 Service" [stack: 0x000000c4d7d00000,0x000000c4d7e00000] [id=24068]

Threads with active compile tasks:
C2 CompilerThread0  3755076 27836       4       org.gradle.api.internal.artifacts.ivyservice.resolveengine.result.ComponentSelectionReasonSerializer::write (63 bytes)
C2 CompilerThread1  3755076 27891       4       com.android.build.gradle.internal.dependency.VariantDependencies$computeArtifactCollection$attributesAction$1::execute (9 bytes)

VM state: not at safepoint (normal execution)

VM Mutex/Monitor currently owned by a thread: None

Heap address: 0x0000000700000000, size: 4096 MB, Compressed Oops mode: Zero based, Oop shift amount: 3

CDS archive(s) mapped at: [0x000002c100000000-0x000002c100bc0000-0x000002c100bc0000), size 12320768, SharedBaseAddress: 0x000002c100000000, ArchiveRelocationMode: 1.
Compressed class space mapped at: 0x000002c101000000-0x000002c11b000000, reserved size: 436207616
Narrow klass base: 0x000002c100000000, Narrow klass shift: 0, Narrow klass range: 0x100000000

GC Precious Log:
 CPUs: 8 total, 8 available
 Memory: 7418M
 Large Page Support: Disabled
 NUMA Support: Disabled
 Compressed Oops: Enabled (Zero based)
 Heap Region Size: 2M
 Heap Min Capacity: 8M
 Heap Initial Capacity: 116M
 Heap Max Capacity: 4G
 Pre-touch: Disabled
 Parallel Workers: 8
 Concurrent Workers: 2
 Concurrent Refinement Workers: 8
 Periodic GC: Disabled

Heap:
 garbage-first heap   total 649216K, used 572977K [0x0000000700000000, 0x0000000800000000)
  region size 2048K, 7 young (14336K), 2 survivors (4096K)
 Metaspace       used 140085K, committed 142464K, reserved 557056K
  class space    used 18863K, committed 19968K, reserved 425984K

Heap Regions: E=young(eden), S=young(survivor), O=old, HS=humongous(starts), HC=humongous(continues), CS=collection set, F=free, OA=open archive, CA=closed archive, TAMS=top-at-mark-start (previous, next)
|   0|0x0000000700000000, 0x0000000700200000, 0x0000000700200000|100%|HS|  |TAMS 0x0000000700200000, 0x0000000700000000| Complete 
|   1|0x0000000700200000, 0x0000000700400000, 0x0000000700400000|100%|HC|  |TAMS 0x0000000700400000, 0x0000000700200000| Complete 
|   2|0x0000000700400000, 0x0000000700600000, 0x0000000700600000|100%| O|  |TAMS 0x0000000700600000, 0x0000000700400000| Untracked 
|   3|0x0000000700600000, 0x0000000700800000, 0x0000000700800000|100%| O|  |TAMS 0x0000000700800000, 0x0000000700600000| Untracked 
|   4|0x0000000700800000, 0x0000000700a00000, 0x0000000700a00000|100%| O|  |TAMS 0x0000000700a00000, 0x0000000700800000| Untracked 
|   5|0x0000000700a00000, 0x0000000700c00000, 0x0000000700c00000|100%| O|  |TAMS 0x0000000700c00000, 0x0000000700a00000| Untracked 
|   6|0x0000000700c00000, 0x0000000700e00000, 0x0000000700e00000|100%| O|  |TAMS 0x0000000700e00000, 0x0000000700c00000| Untracked 
|   7|0x0000000700e00000, 0x0000000701000000, 0x0000000701000000|100%| O|  |TAMS 0x0000000701000000, 0x0000000700e00000| Untracked 
|   8|0x0000000701000000, 0x0000000701200000, 0x0000000701200000|100%| O|  |TAMS 0x0000000701200000, 0x0000000701000000| Untracked 
|   9|0x0000000701200000, 0x0000000701400000, 0x0000000701400000|100%| O|  |TAMS 0x0000000701400000, 0x0000000701200000| Untracked 
|  10|0x0000000701400000, 0x0000000701600000, 0x0000000701600000|100%| O|  |TAMS 0x0000000701600000, 0x0000000701400000| Untracked 
|  11|0x0000000701600000, 0x0000000701800000, 0x0000000701800000|100%| O|  |TAMS 0x0000000701800000, 0x0000000701600000| Untracked 
|  12|0x0000000701800000, 0x0000000701a00000, 0x0000000701a00000|100%| O|  |TAMS 0x0000000701a00000, 0x0000000701800000| Untracked 
|  13|0x0000000701a00000, 0x0000000701c00000, 0x0000000701c00000|100%| O|  |TAMS 0x0000000701c00000, 0x0000000701a00000| Untracked 
|  14|0x0000000701c00000, 0x0000000701e00000, 0x0000000701e00000|100%| O|  |TAMS 0x0000000701e00000, 0x0000000701c00000| Untracked 
|  15|0x0000000701e00000, 0x0000000702000000, 0x0000000702000000|100%| O|  |TAMS 0x0000000702000000, 0x0000000701e00000| Untracked 
|  16|0x0000000702000000, 0x0000000702200000, 0x0000000702200000|100%| O|  |TAMS 0x0000000702200000, 0x0000000702000000| Untracked 
|  17|0x0000000702200000, 0x0000000702400000, 0x0000000702400000|100%| O|  |TAMS 0x0000000702400000, 0x0000000702200000| Untracked 
|  18|0x0000000702400000, 0x0000000702600000, 0x0000000702600000|100%| O|  |TAMS 0x0000000702600000, 0x0000000702400000| Untracked 
|  19|0x0000000702600000, 0x0000000702800000, 0x0000000702800000|100%| O|  |TAMS 0x0000000702800000, 0x0000000702600000| Untracked 
|  20|0x0000000702800000, 0x0000000702a00000, 0x0000000702a00000|100%| O|  |TAMS 0x0000000702a00000, 0x0000000702800000| Untracked 
|  21|0x0000000702a00000, 0x0000000702c00000, 0x0000000702c00000|100%| O|  |TAMS 0x0000000702c00000, 0x0000000702a00000| Untracked 
|  22|0x0000000702c00000, 0x0000000702e00000, 0x0000000702e00000|100%| O|  |TAMS 0x0000000702e00000, 0x0000000702c00000| Untracked 
|  23|0x0000000702e00000, 0x0000000703000000, 0x0000000703000000|100%|HS|  |TAMS 0x0000000703000000, 0x0000000702e00000| Complete 
|  24|0x0000000703000000, 0x0000000703200000, 0x0000000703200000|100%| O|  |TAMS 0x0000000703000000, 0x0000000703000000| Untracked 
|  25|0x0000000703200000, 0x0000000703400000, 0x0000000703400000|100%| O|  |TAMS 0x0000000703200000, 0x0000000703200000| Untracked 
|  26|0x0000000703400000, 0x0000000703600000, 0x0000000703600000|100%|HS|  |TAMS 0x0000000703600000, 0x0000000703400000| Complete 
|  27|0x0000000703600000, 0x0000000703800000, 0x0000000703800000|100%|HC|  |TAMS 0x0000000703800000, 0x0000000703600000| Complete 
|  28|0x0000000703800000, 0x0000000703a00000, 0x0000000703a00000|100%|HS|  |TAMS 0x0000000703a00000, 0x0000000703800000| Complete 
|  29|0x0000000703a00000, 0x0000000703c00000, 0x0000000703c00000|100%| O|  |TAMS 0x0000000703c00000, 0x0000000703a00000| Untracked 
|  30|0x0000000703c00000, 0x0000000703e00000, 0x0000000703e00000|100%|HS|  |TAMS 0x0000000703e00000, 0x0000000703c00000| Complete 
|  31|0x0000000703e00000, 0x0000000704000000, 0x0000000704000000|100%|HC|  |TAMS 0x0000000704000000, 0x0000000703e00000| Complete 
|  32|0x0000000704000000, 0x0000000704200000, 0x0000000704200000|100%| O|  |TAMS 0x0000000704200000, 0x0000000704000000| Untracked 
|  33|0x0000000704200000, 0x0000000704400000, 0x0000000704400000|100%| O|  |TAMS 0x0000000704400000, 0x0000000704200000| Untracked 
|  34|0x0000000704400000, 0x0000000704600000, 0x0000000704600000|100%| O|  |TAMS 0x0000000704600000, 0x0000000704400000| Untracked 
|  35|0x0000000704600000, 0x0000000704800000, 0x0000000704800000|100%| O|  |TAMS 0x0000000704600000, 0x0000000704600000| Untracked 
|  36|0x0000000704800000, 0x0000000704a00000, 0x0000000704a00000|100%| O|  |TAMS 0x0000000704a00000, 0x0000000704800000| Untracked 
|  37|0x0000000704a00000, 0x0000000704c00000, 0x0000000704c00000|100%| O|  |TAMS 0x0000000704c00000, 0x0000000704a00000| Untracked 
|  38|0x0000000704c00000, 0x0000000704e00000, 0x0000000704e00000|100%| O|  |TAMS 0x0000000704e00000, 0x0000000704c00000| Untracked 
|  39|0x0000000704e00000, 0x0000000705000000, 0x0000000705000000|100%| O|  |TAMS 0x0000000705000000, 0x0000000704e00000| Untracked 
|  40|0x0000000705000000, 0x0000000705200000, 0x0000000705200000|100%| O|  |TAMS 0x0000000705200000, 0x0000000705000000| Untracked 
|  41|0x0000000705200000, 0x0000000705400000, 0x0000000705400000|100%| O|  |TAMS 0x0000000705200000, 0x0000000705200000| Untracked 
|  42|0x0000000705400000, 0x0000000705600000, 0x0000000705600000|100%| O|  |TAMS 0x0000000705400000, 0x0000000705400000| Untracked 
|  43|0x0000000705600000, 0x0000000705800000, 0x0000000705800000|100%| O|  |TAMS 0x0000000705800000, 0x0000000705600000| Untracked 
|  44|0x0000000705800000, 0x0000000705a00000, 0x0000000705a00000|100%| O|  |TAMS 0x0000000705a00000, 0x0000000705800000| Untracked 
|  45|0x0000000705a00000, 0x0000000705c00000, 0x0000000705c00000|100%| O|  |TAMS 0x0000000705c00000, 0x0000000705a00000| Untracked 
|  46|0x0000000705c00000, 0x0000000705e00000, 0x0000000705e00000|100%| O|  |TAMS 0x0000000705e00000, 0x0000000705c00000| Untracked 
|  47|0x0000000705e00000, 0x0000000706000000, 0x0000000706000000|100%| O|  |TAMS 0x0000000706000000, 0x0000000705e00000| Untracked 
|  48|0x0000000706000000, 0x0000000706200000, 0x0000000706200000|100%| O|  |TAMS 0x0000000706200000, 0x0000000706000000| Untracked 
|  49|0x0000000706200000, 0x0000000706400000, 0x0000000706400000|100%| O|  |TAMS 0x0000000706200000, 0x0000000706200000| Untracked 
|  50|0x0000000706400000, 0x0000000706600000, 0x0000000706600000|100%| O|  |TAMS 0x0000000706600000, 0x0000000706400000| Untracked 
|  51|0x0000000706600000, 0x0000000706800000, 0x0000000706800000|100%| O|  |TAMS 0x0000000706800000, 0x0000000706600000| Untracked 
|  52|0x0000000706800000, 0x0000000706a00000, 0x0000000706a00000|100%| O|  |TAMS 0x0000000706a00000, 0x0000000706800000| Untracked 
|  53|0x0000000706a00000, 0x0000000706c00000, 0x0000000706c00000|100%| O|  |TAMS 0x0000000706c00000, 0x0000000706a00000| Untracked 
|  54|0x0000000706c00000, 0x0000000706e00000, 0x0000000706e00000|100%| O|  |TAMS 0x0000000706e00000, 0x0000000706c00000| Untracked 
|  55|0x0000000706e00000, 0x0000000707000000, 0x0000000707000000|100%| O|  |TAMS 0x0000000707000000, 0x0000000706e00000| Untracked 
|  56|0x0000000707000000, 0x0000000707200000, 0x0000000707200000|100%| O|  |TAMS 0x0000000707200000, 0x0000000707000000| Untracked 
|  57|0x0000000707200000, 0x0000000707400000, 0x0000000707400000|100%| O|  |TAMS 0x0000000707400000, 0x0000000707200000| Untracked 
|  58|0x0000000707400000, 0x0000000707600000, 0x0000000707600000|100%|HS|  |TAMS 0x0000000707600000, 0x0000000707400000| Complete 
|  59|0x0000000707600000, 0x0000000707800000, 0x0000000707800000|100%| O|  |TAMS 0x0000000707800000, 0x0000000707600000| Untracked 
|  60|0x0000000707800000, 0x0000000707a00000, 0x0000000707a00000|100%| O|  |TAMS 0x0000000707a00000, 0x0000000707800000| Untracked 
|  61|0x0000000707a00000, 0x0000000707c00000, 0x0000000707c00000|100%| O|  |TAMS 0x0000000707c00000, 0x0000000707a00000| Untracked 
|  62|0x0000000707c00000, 0x0000000707e00000, 0x0000000707e00000|100%| O|  |TAMS 0x0000000707e00000, 0x0000000707c00000| Untracked 
|  63|0x0000000707e00000, 0x0000000708000000, 0x0000000708000000|100%| O|  |TAMS 0x0000000708000000, 0x0000000707e00000| Untracked 
|  64|0x0000000708000000, 0x0000000708200000, 0x0000000708200000|100%| O|  |TAMS 0x0000000708200000, 0x0000000708000000| Untracked 
|  65|0x0000000708200000, 0x0000000708400000, 0x0000000708400000|100%| O|  |TAMS 0x0000000708400000, 0x0000000708200000| Untracked 
|  66|0x0000000708400000, 0x0000000708600000, 0x0000000708600000|100%| O|  |TAMS 0x0000000708600000, 0x0000000708400000| Untracked 
|  67|0x0000000708600000, 0x0000000708800000, 0x0000000708800000|100%| O|  |TAMS 0x0000000708800000, 0x0000000708600000| Untracked 
|  68|0x0000000708800000, 0x0000000708a00000, 0x0000000708a00000|100%| O|  |TAMS 0x0000000708a00000, 0x0000000708800000| Untracked 
|  69|0x0000000708a00000, 0x0000000708c00000, 0x0000000708c00000|100%| O|  |TAMS 0x0000000708a00000, 0x0000000708a00000| Untracked 
|  70|0x0000000708c00000, 0x0000000708e00000, 0x0000000708e00000|100%| O|  |TAMS 0x0000000708e00000, 0x0000000708c00000| Untracked 
|  71|0x0000000708e00000, 0x0000000709000000, 0x0000000709000000|100%| O|  |TAMS 0x0000000709000000, 0x0000000708e00000| Untracked 
|  72|0x0000000709000000, 0x0000000709200000, 0x0000000709200000|100%| O|  |TAMS 0x0000000709000000, 0x0000000709000000| Untracked 
|  73|0x0000000709200000, 0x0000000709400000, 0x0000000709400000|100%| O|  |TAMS 0x0000000709400000, 0x0000000709200000| Untracked 
|  74|0x0000000709400000, 0x0000000709600000, 0x0000000709600000|100%| O|  |TAMS 0x0000000709600000, 0x0000000709400000| Untracked 
|  75|0x0000000709600000, 0x0000000709800000, 0x0000000709800000|100%| O|  |TAMS 0x0000000709800000, 0x0000000709600000| Untracked 
|  76|0x0000000709800000, 0x0000000709a00000, 0x0000000709a00000|100%|HS|  |TAMS 0x0000000709a00000, 0x0000000709800000| Complete 
|  77|0x0000000709a00000, 0x0000000709c00000, 0x0000000709c00000|100%|HC|  |TAMS 0x0000000709c00000, 0x0000000709a00000| Complete 
|  78|0x0000000709c00000, 0x0000000709e00000, 0x0000000709e00000|100%|HS|  |TAMS 0x0000000709e00000, 0x0000000709c00000| Complete 
|  79|0x0000000709e00000, 0x000000070a000000, 0x000000070a000000|100%| O|  |TAMS 0x0000000709e00000, 0x0000000709e00000| Untracked 
|  80|0x000000070a000000, 0x000000070a200000, 0x000000070a200000|100%| O|  |TAMS 0x000000070a000000, 0x000000070a000000| Untracked 
|  81|0x000000070a200000, 0x000000070a400000, 0x000000070a400000|100%| O|  |TAMS 0x000000070a400000, 0x000000070a200000| Untracked 
|  82|0x000000070a400000, 0x000000070a600000, 0x000000070a600000|100%| O|  |TAMS 0x000000070a600000, 0x000000070a400000| Untracked 
|  83|0x000000070a600000, 0x000000070a800000, 0x000000070a800000|100%| O|  |TAMS 0x000000070a800000, 0x000000070a600000| Untracked 
|  84|0x000000070a800000, 0x000000070aa00000, 0x000000070aa00000|100%| O|  |TAMS 0x000000070a800000, 0x000000070a800000| Untracked 
|  85|0x000000070aa00000, 0x000000070ac00000, 0x000000070ac00000|100%| O|  |TAMS 0x000000070ac00000, 0x000000070aa00000| Untracked 
|  86|0x000000070ac00000, 0x000000070ae00000, 0x000000070ae00000|100%| O|  |TAMS 0x000000070ae00000, 0x000000070ac00000| Untracked 
|  87|0x000000070ae00000, 0x000000070b000000, 0x000000070b000000|100%| O|  |TAMS 0x000000070ae00000, 0x000000070ae00000| Untracked 
|  88|0x000000070b000000, 0x000000070b200000, 0x000000070b200000|100%| O|  |TAMS 0x000000070b000000, 0x000000070b000000| Untracked 
|  89|0x000000070b200000, 0x000000070b400000, 0x000000070b400000|100%| O|  |TAMS 0x000000070b400000, 0x000000070b200000| Untracked 
|  90|0x000000070b400000, 0x000000070b600000, 0x000000070b600000|100%| O|  |TAMS 0x000000070b600000, 0x000000070b400000| Untracked 
|  91|0x000000070b600000, 0x000000070b800000, 0x000000070b800000|100%| O|  |TAMS 0x000000070b600000, 0x000000070b600000| Untracked 
|  92|0x000000070b800000, 0x000000070ba00000, 0x000000070ba00000|100%|HS|  |TAMS 0x000000070ba00000, 0x000000070b800000| Complete 
|  93|0x000000070ba00000, 0x000000070bc00000, 0x000000070bc00000|100%| O|  |TAMS 0x000000070bc00000, 0x000000070ba00000| Untracked 
|  94|0x000000070bc00000, 0x000000070be00000, 0x000000070be00000|100%| O|  |TAMS 0x000000070be00000, 0x000000070bc00000| Untracked 
|  95|0x000000070be00000, 0x000000070c000000, 0x000000070c000000|100%| O|  |TAMS 0x000000070c000000, 0x000000070be00000| Untracked 
|  96|0x000000070c000000, 0x000000070c200000, 0x000000070c200000|100%| O|  |TAMS 0x000000070c200000, 0x000000070c000000| Untracked 
|  97|0x000000070c200000, 0x000000070c400000, 0x000000070c400000|100%| O|  |TAMS 0x000000070c400000, 0x000000070c200000| Untracked 
|  98|0x000000070c400000, 0x000000070c600000, 0x000000070c600000|100%| O|  |TAMS 0x000000070c600000, 0x000000070c400000| Untracked 
|  99|0x000000070c600000, 0x000000070c800000, 0x000000070c800000|100%| O|  |TAMS 0x000000070c800000, 0x000000070c600000| Untracked 
| 100|0x000000070c800000, 0x000000070ca00000, 0x000000070ca00000|100%| O|  |TAMS 0x000000070ca00000, 0x000000070c800000| Untracked 
| 101|0x000000070ca00000, 0x000000070cc00000, 0x000000070cc00000|100%| O|  |TAMS 0x000000070cc00000, 0x000000070ca00000| Untracked 
| 102|0x000000070cc00000, 0x000000070ce00000, 0x000000070ce00000|100%| O|  |TAMS 0x000000070ce00000, 0x000000070cc00000| Untracked 
| 103|0x000000070ce00000, 0x000000070d000000, 0x000000070d000000|100%| O|  |TAMS 0x000000070d000000, 0x000000070ce00000| Untracked 
| 104|0x000000070d000000, 0x000000070d200000, 0x000000070d200000|100%| O|  |TAMS 0x000000070d200000, 0x000000070d000000| Untracked 
| 105|0x000000070d200000, 0x000000070d400000, 0x000000070d400000|100%| O|  |TAMS 0x000000070d400000, 0x000000070d200000| Untracked 
| 106|0x000000070d400000, 0x000000070d600000, 0x000000070d600000|100%| O|  |TAMS 0x000000070d400000, 0x000000070d400000| Untracked 
| 107|0x000000070d600000, 0x000000070d800000, 0x000000070d800000|100%| O|  |TAMS 0x000000070d800000, 0x000000070d600000| Untracked 
| 108|0x000000070d800000, 0x000000070da00000, 0x000000070da00000|100%| O|  |TAMS 0x000000070da00000, 0x000000070d800000| Untracked 
| 109|0x000000070da00000, 0x000000070dc00000, 0x000000070dc00000|100%| O|  |TAMS 0x000000070dc00000, 0x000000070da00000| Untracked 
| 110|0x000000070dc00000, 0x000000070de00000, 0x000000070de00000|100%| O|  |TAMS 0x000000070de00000, 0x000000070dc00000| Untracked 
| 111|0x000000070de00000, 0x000000070e000000, 0x000000070e000000|100%| O|  |TAMS 0x000000070e000000, 0x000000070de00000| Untracked 
| 112|0x000000070e000000, 0x000000070e200000, 0x000000070e200000|100%| O|  |TAMS 0x000000070e200000, 0x000000070e000000| Untracked 
| 113|0x000000070e200000, 0x000000070e400000, 0x000000070e400000|100%| O|  |TAMS 0x000000070e400000, 0x000000070e200000| Untracked 
| 114|0x000000070e400000, 0x000000070e600000, 0x000000070e600000|100%| O|  |TAMS 0x000000070e600000, 0x000000070e400000| Untracked 
| 115|0x000000070e600000, 0x000000070e800000, 0x000000070e800000|100%| O|  |TAMS 0x000000070e800000, 0x000000070e600000| Untracked 
| 116|0x000000070e800000, 0x000000070ea00000, 0x000000070ea00000|100%| O|  |TAMS 0x000000070ea00000, 0x000000070e800000| Untracked 
| 117|0x000000070ea00000, 0x000000070ec00000, 0x000000070ec00000|100%| O|  |TAMS 0x000000070ec00000, 0x000000070ea00000| Untracked 
| 118|0x000000070ec00000, 0x000000070ee00000, 0x000000070ee00000|100%| O|  |TAMS 0x000000070ee00000, 0x000000070ec00000| Untracked 
| 119|0x000000070ee00000, 0x000000070f000000, 0x000000070f000000|100%| O|  |TAMS 0x000000070ee00000, 0x000000070ee00000| Untracked 
| 120|0x000000070f000000, 0x000000070f200000, 0x000000070f200000|100%| O|  |TAMS 0x000000070f000000, 0x000000070f000000| Untracked 
| 121|0x000000070f200000, 0x000000070f400000, 0x000000070f400000|100%| O|  |TAMS 0x000000070f400000, 0x000000070f200000| Untracked 
| 122|0x000000070f400000, 0x000000070f600000, 0x000000070f600000|100%| O|  |TAMS 0x000000070f600000, 0x000000070f400000| Untracked 
| 123|0x000000070f600000, 0x000000070f800000, 0x000000070f800000|100%| O|  |TAMS 0x000000070f800000, 0x000000070f600000| Untracked 
| 124|0x000000070f800000, 0x000000070fa00000, 0x000000070fa00000|100%| O|  |TAMS 0x000000070fa00000, 0x000000070f800000| Untracked 
| 125|0x000000070fa00000, 0x000000070fc00000, 0x000000070fc00000|100%| O|  |TAMS 0x000000070fc00000, 0x000000070fa00000| Untracked 
| 126|0x000000070fc00000, 0x000000070fe00000, 0x000000070fe00000|100%| O|  |TAMS 0x000000070fe00000, 0x000000070fc00000| Untracked 
| 127|0x000000070fe00000, 0x0000000710000000, 0x0000000710000000|100%| O|  |TAMS 0x000000070fe00000, 0x000000070fe00000| Untracked 
| 128|0x0000000710000000, 0x0000000710200000, 0x0000000710200000|100%| O|  |TAMS 0x0000000710200000, 0x0000000710000000| Untracked 
| 129|0x0000000710200000, 0x0000000710400000, 0x0000000710400000|100%| O|  |TAMS 0x0000000710400000, 0x0000000710200000| Untracked 
| 130|0x0000000710400000, 0x0000000710600000, 0x0000000710600000|100%| O|  |TAMS 0x0000000710400000, 0x0000000710400000| Untracked 
| 131|0x0000000710600000, 0x0000000710800000, 0x0000000710800000|100%| O|  |TAMS 0x0000000710800000, 0x0000000710600000| Untracked 
| 132|0x0000000710800000, 0x0000000710a00000, 0x0000000710a00000|100%| O|  |TAMS 0x0000000710a00000, 0x0000000710800000| Untracked 
| 133|0x0000000710a00000, 0x0000000710c00000, 0x0000000710c00000|100%| O|  |TAMS 0x0000000710c00000, 0x0000000710a00000| Untracked 
| 134|0x0000000710c00000, 0x0000000710e00000, 0x0000000710e00000|100%| O|  |TAMS 0x0000000710e00000, 0x0000000710c00000| Untracked 
| 135|0x0000000710e00000, 0x0000000711000000, 0x0000000711000000|100%| O|  |TAMS 0x0000000711000000, 0x0000000710e00000| Untracked 
| 136|0x0000000711000000, 0x0000000711200000, 0x0000000711200000|100%| O|  |TAMS 0x0000000711200000, 0x0000000711000000| Untracked 
| 137|0x0000000711200000, 0x0000000711400000, 0x0000000711400000|100%| O|  |TAMS 0x0000000711200000, 0x0000000711200000| Untracked 
| 138|0x0000000711400000, 0x0000000711600000, 0x0000000711600000|100%| O|  |TAMS 0x0000000711400000, 0x0000000711400000| Untracked 
| 139|0x0000000711600000, 0x0000000711800000, 0x0000000711800000|100%| O|  |TAMS 0x0000000711800000, 0x0000000711600000| Untracked 
| 140|0x0000000711800000, 0x0000000711a00000, 0x0000000711a00000|100%| O|  |TAMS 0x0000000711a00000, 0x0000000711800000| Untracked 
| 141|0x0000000711a00000, 0x0000000711c00000, 0x0000000711c00000|100%| O|  |TAMS 0x0000000711c00000, 0x0000000711a00000| Untracked 
| 142|0x0000000711c00000, 0x0000000711e00000, 0x0000000711e00000|100%| O|  |TAMS 0x0000000711e00000, 0x0000000711c00000| Untracked 
| 143|0x0000000711e00000, 0x0000000712000000, 0x0000000712000000|100%| O|  |TAMS 0x0000000712000000, 0x0000000711e00000| Untracked 
| 144|0x0000000712000000, 0x0000000712200000, 0x0000000712200000|100%| O|  |TAMS 0x0000000712200000, 0x0000000712000000| Untracked 
| 145|0x0000000712200000, 0x0000000712400000, 0x0000000712400000|100%| O|  |TAMS 0x0000000712400000, 0x0000000712200000| Untracked 
| 146|0x0000000712400000, 0x0000000712600000, 0x0000000712600000|100%| O|  |TAMS 0x0000000712600000, 0x0000000712400000| Untracked 
| 147|0x0000000712600000, 0x0000000712800000, 0x0000000712800000|100%| O|  |TAMS 0x0000000712800000, 0x0000000712600000| Untracked 
| 148|0x0000000712800000, 0x0000000712a00000, 0x0000000712a00000|100%| O|  |TAMS 0x0000000712a00000, 0x0000000712800000| Untracked 
| 149|0x0000000712a00000, 0x0000000712c00000, 0x0000000712c00000|100%| O|  |TAMS 0x0000000712c00000, 0x0000000712a00000| Untracked 
| 150|0x0000000712c00000, 0x0000000712e00000, 0x0000000712e00000|100%| O|  |TAMS 0x0000000712e00000, 0x0000000712c00000| Untracked 
| 151|0x0000000712e00000, 0x0000000713000000, 0x0000000713000000|100%| O|  |TAMS 0x0000000713000000, 0x0000000712e00000| Untracked 
| 152|0x0000000713000000, 0x0000000713200000, 0x0000000713200000|100%| O|  |TAMS 0x0000000713200000, 0x0000000713000000| Untracked 
| 153|0x0000000713200000, 0x0000000713400000, 0x0000000713400000|100%| O|  |TAMS 0x0000000713400000, 0x0000000713200000| Untracked 
| 154|0x0000000713400000, 0x0000000713600000, 0x0000000713600000|100%| O|  |TAMS 0x0000000713600000, 0x0000000713400000| Untracked 
| 155|0x0000000713600000, 0x0000000713800000, 0x0000000713800000|100%| O|  |TAMS 0x0000000713800000, 0x0000000713600000| Untracked 
| 156|0x0000000713800000, 0x0000000713a00000, 0x0000000713a00000|100%| O|  |TAMS 0x0000000713a00000, 0x0000000713800000| Untracked 
| 157|0x0000000713a00000, 0x0000000713c00000, 0x0000000713c00000|100%| O|  |TAMS 0x0000000713a00000, 0x0000000713a00000| Untracked 
| 158|0x0000000713c00000, 0x0000000713e00000, 0x0000000713e00000|100%| O|  |TAMS 0x0000000713c00000, 0x0000000713c00000| Untracked 
| 159|0x0000000713e00000, 0x0000000714000000, 0x0000000714000000|100%| O|  |TAMS 0x0000000714000000, 0x0000000713e00000| Untracked 
| 160|0x0000000714000000, 0x0000000714200000, 0x0000000714200000|100%| O|  |TAMS 0x0000000714200000, 0x0000000714000000| Untracked 
| 161|0x0000000714200000, 0x0000000714400000, 0x0000000714400000|100%| O|  |TAMS 0x0000000714400000, 0x0000000714200000| Untracked 
| 162|0x0000000714400000, 0x0000000714600000, 0x0000000714600000|100%| O|  |TAMS 0x0000000714600000, 0x0000000714400000| Untracked 
| 163|0x0000000714600000, 0x0000000714800000, 0x0000000714800000|100%| O|  |TAMS 0x0000000714800000, 0x0000000714600000| Untracked 
| 164|0x0000000714800000, 0x0000000714a00000, 0x0000000714a00000|100%| O|  |TAMS 0x0000000714a00000, 0x0000000714800000| Untracked 
| 165|0x0000000714a00000, 0x0000000714c00000, 0x0000000714c00000|100%| O|  |TAMS 0x0000000714c00000, 0x0000000714a00000| Untracked 
| 166|0x0000000714c00000, 0x0000000714e00000, 0x0000000714e00000|100%| O|  |TAMS 0x0000000714e00000, 0x0000000714c00000| Untracked 
| 167|0x0000000714e00000, 0x0000000715000000, 0x0000000715000000|100%| O|  |TAMS 0x0000000715000000, 0x0000000714e00000| Untracked 
| 168|0x0000000715000000, 0x0000000715200000, 0x0000000715200000|100%| O|  |TAMS 0x0000000715200000, 0x0000000715000000| Untracked 
| 169|0x0000000715200000, 0x0000000715400000, 0x0000000715400000|100%| O|  |TAMS 0x0000000715400000, 0x0000000715200000| Untracked 
| 170|0x0000000715400000, 0x0000000715600000, 0x0000000715600000|100%| O|  |TAMS 0x0000000715600000, 0x0000000715400000| Untracked 
| 171|0x0000000715600000, 0x0000000715800000, 0x0000000715800000|100%| O|  |TAMS 0x0000000715800000, 0x0000000715600000| Untracked 
| 172|0x0000000715800000, 0x0000000715a00000, 0x0000000715a00000|100%| O|  |TAMS 0x0000000715a00000, 0x0000000715800000| Untracked 
| 173|0x0000000715a00000, 0x0000000715c00000, 0x0000000715c00000|100%| O|  |TAMS 0x0000000715a76600, 0x0000000715a00000| Untracked 
| 174|0x0000000715c00000, 0x0000000715e00000, 0x0000000715e00000|100%| O|  |TAMS 0x0000000715c00000, 0x0000000715c00000| Untracked 
| 175|0x0000000715e00000, 0x0000000716000000, 0x0000000716000000|100%| O|  |TAMS 0x0000000715e00000, 0x0000000715e00000| Untracked 
| 176|0x0000000716000000, 0x0000000716200000, 0x0000000716200000|100%| O|  |TAMS 0x0000000716000000, 0x0000000716000000| Untracked 
| 177|0x0000000716200000, 0x0000000716400000, 0x0000000716400000|100%| O|  |TAMS 0x0000000716200000, 0x0000000716200000| Untracked 
| 178|0x0000000716400000, 0x0000000716600000, 0x0000000716600000|100%| O|  |TAMS 0x0000000716400000, 0x0000000716400000| Untracked 
| 179|0x0000000716600000, 0x0000000716800000, 0x0000000716800000|100%| O|  |TAMS 0x0000000716600000, 0x0000000716600000| Untracked 
| 180|0x0000000716800000, 0x0000000716a00000, 0x0000000716a00000|100%| O|  |TAMS 0x0000000716800000, 0x0000000716800000| Untracked 
| 181|0x0000000716a00000, 0x0000000716c00000, 0x0000000716c00000|100%| O|  |TAMS 0x0000000716a00000, 0x0000000716a00000| Untracked 
| 182|0x0000000716c00000, 0x0000000716e00000, 0x0000000716e00000|100%| O|  |TAMS 0x0000000716c00000, 0x0000000716c00000| Untracked 
| 183|0x0000000716e00000, 0x0000000717000000, 0x0000000717000000|100%| O|  |TAMS 0x0000000716e00000, 0x0000000716e00000| Untracked 
| 184|0x0000000717000000, 0x0000000717200000, 0x0000000717200000|100%| O|  |TAMS 0x0000000717000000, 0x0000000717000000| Untracked 
| 185|0x0000000717200000, 0x0000000717400000, 0x0000000717400000|100%| O|  |TAMS 0x0000000717200000, 0x0000000717200000| Untracked 
| 186|0x0000000717400000, 0x0000000717600000, 0x0000000717600000|100%| O|  |TAMS 0x0000000717400000, 0x0000000717400000| Untracked 
| 187|0x0000000717600000, 0x0000000717800000, 0x0000000717800000|100%| O|  |TAMS 0x0000000717600000, 0x0000000717600000| Untracked 
| 188|0x0000000717800000, 0x0000000717a00000, 0x0000000717a00000|100%| O|  |TAMS 0x0000000717800000, 0x0000000717800000| Untracked 
| 189|0x0000000717a00000, 0x0000000717c00000, 0x0000000717c00000|100%| O|  |TAMS 0x0000000717a00000, 0x0000000717a00000| Untracked 
| 190|0x0000000717c00000, 0x0000000717e00000, 0x0000000717e00000|100%| O|  |TAMS 0x0000000717c00000, 0x0000000717c00000| Untracked 
| 191|0x0000000717e00000, 0x0000000718000000, 0x0000000718000000|100%| O|  |TAMS 0x0000000717e00000, 0x0000000717e00000| Untracked 
| 192|0x0000000718000000, 0x0000000718200000, 0x0000000718200000|100%| O|  |TAMS 0x0000000718000000, 0x0000000718000000| Untracked 
| 193|0x0000000718200000, 0x0000000718400000, 0x0000000718400000|100%| O|  |TAMS 0x0000000718200000, 0x0000000718200000| Untracked 
| 194|0x0000000718400000, 0x0000000718600000, 0x0000000718600000|100%| O|  |TAMS 0x0000000718400000, 0x0000000718400000| Untracked 
| 195|0x0000000718600000, 0x0000000718800000, 0x0000000718800000|100%| O|  |TAMS 0x0000000718600000, 0x0000000718600000| Untracked 
| 196|0x0000000718800000, 0x0000000718a00000, 0x0000000718a00000|100%| O|  |TAMS 0x0000000718800000, 0x0000000718800000| Untracked 
| 197|0x0000000718a00000, 0x0000000718c00000, 0x0000000718c00000|100%| O|  |TAMS 0x0000000718a00000, 0x0000000718a00000| Untracked 
| 198|0x0000000718c00000, 0x0000000718e00000, 0x0000000718e00000|100%| O|  |TAMS 0x0000000718c00000, 0x0000000718c00000| Untracked 
| 199|0x0000000718e00000, 0x0000000719000000, 0x0000000719000000|100%| O|  |TAMS 0x0000000718e00000, 0x0000000718e00000| Untracked 
| 200|0x0000000719000000, 0x0000000719200000, 0x0000000719200000|100%| O|  |TAMS 0x0000000719000000, 0x0000000719000000| Untracked 
| 201|0x0000000719200000, 0x0000000719400000, 0x0000000719400000|100%| O|  |TAMS 0x0000000719200000, 0x0000000719200000| Untracked 
| 202|0x0000000719400000, 0x0000000719600000, 0x0000000719600000|100%| O|  |TAMS 0x0000000719400000, 0x0000000719400000| Untracked 
| 203|0x0000000719600000, 0x0000000719800000, 0x0000000719800000|100%| O|  |TAMS 0x0000000719600000, 0x0000000719600000| Untracked 
| 204|0x0000000719800000, 0x0000000719a00000, 0x0000000719a00000|100%| O|  |TAMS 0x0000000719800000, 0x0000000719800000| Untracked 
| 205|0x0000000719a00000, 0x0000000719c00000, 0x0000000719c00000|100%| O|  |TAMS 0x0000000719a00000, 0x0000000719a00000| Untracked 
| 206|0x0000000719c00000, 0x0000000719e00000, 0x0000000719e00000|100%| O|  |TAMS 0x0000000719c00000, 0x0000000719c00000| Untracked 
| 207|0x0000000719e00000, 0x000000071a000000, 0x000000071a000000|100%| O|  |TAMS 0x0000000719e00000, 0x0000000719e00000| Untracked 
| 208|0x000000071a000000, 0x000000071a200000, 0x000000071a200000|100%| O|  |TAMS 0x000000071a000000, 0x000000071a000000| Untracked 
| 209|0x000000071a200000, 0x000000071a400000, 0x000000071a400000|100%| O|  |TAMS 0x000000071a200000, 0x000000071a200000| Untracked 
| 210|0x000000071a400000, 0x000000071a600000, 0x000000071a600000|100%| O|  |TAMS 0x000000071a400000, 0x000000071a400000| Untracked 
| 211|0x000000071a600000, 0x000000071a800000, 0x000000071a800000|100%| O|  |TAMS 0x000000071a600000, 0x000000071a600000| Untracked 
| 212|0x000000071a800000, 0x000000071aa00000, 0x000000071aa00000|100%| O|  |TAMS 0x000000071a800000, 0x000000071a800000| Untracked 
| 213|0x000000071aa00000, 0x000000071ac00000, 0x000000071ac00000|100%| O|  |TAMS 0x000000071aa00000, 0x000000071aa00000| Untracked 
| 214|0x000000071ac00000, 0x000000071ae00000, 0x000000071ae00000|100%| O|  |TAMS 0x000000071ac00000, 0x000000071ac00000| Untracked 
| 215|0x000000071ae00000, 0x000000071b000000, 0x000000071b000000|100%| O|  |TAMS 0x000000071ae00000, 0x000000071ae00000| Untracked 
| 216|0x000000071b000000, 0x000000071b200000, 0x000000071b200000|100%| O|  |TAMS 0x000000071b000000, 0x000000071b000000| Untracked 
| 217|0x000000071b200000, 0x000000071b400000, 0x000000071b400000|100%| O|  |TAMS 0x000000071b200000, 0x000000071b200000| Untracked 
| 218|0x000000071b400000, 0x000000071b600000, 0x000000071b600000|100%| O|  |TAMS 0x000000071b400000, 0x000000071b400000| Untracked 
| 219|0x000000071b600000, 0x000000071b800000, 0x000000071b800000|100%| O|  |TAMS 0x000000071b600000, 0x000000071b600000| Untracked 
| 220|0x000000071b800000, 0x000000071ba00000, 0x000000071ba00000|100%| O|  |TAMS 0x000000071b800000, 0x000000071b800000| Untracked 
| 221|0x000000071ba00000, 0x000000071bc00000, 0x000000071bc00000|100%| O|  |TAMS 0x000000071ba00000, 0x000000071ba00000| Untracked 
| 222|0x000000071bc00000, 0x000000071be00000, 0x000000071be00000|100%| O|  |TAMS 0x000000071bc00000, 0x000000071bc00000| Untracked 
| 223|0x000000071be00000, 0x000000071c000000, 0x000000071c000000|100%| O|  |TAMS 0x000000071be00000, 0x000000071be00000| Untracked 
| 224|0x000000071c000000, 0x000000071c200000, 0x000000071c200000|100%| O|  |TAMS 0x000000071c000000, 0x000000071c000000| Untracked 
| 225|0x000000071c200000, 0x000000071c400000, 0x000000071c400000|100%| O|  |TAMS 0x000000071c200000, 0x000000071c200000| Untracked 
| 226|0x000000071c400000, 0x000000071c600000, 0x000000071c600000|100%| O|  |TAMS 0x000000071c400000, 0x000000071c400000| Untracked 
| 227|0x000000071c600000, 0x000000071c800000, 0x000000071c800000|100%| O|  |TAMS 0x000000071c600000, 0x000000071c600000| Untracked 
| 228|0x000000071c800000, 0x000000071ca00000, 0x000000071ca00000|100%| O|  |TAMS 0x000000071c800000, 0x000000071c800000| Untracked 
| 229|0x000000071ca00000, 0x000000071cc00000, 0x000000071cc00000|100%| O|  |TAMS 0x000000071ca00000, 0x000000071ca00000| Untracked 
| 230|0x000000071cc00000, 0x000000071ce00000, 0x000000071ce00000|100%| O|  |TAMS 0x000000071cc00000, 0x000000071cc00000| Untracked 
| 231|0x000000071ce00000, 0x000000071d000000, 0x000000071d000000|100%| O|  |TAMS 0x000000071ce00000, 0x000000071ce00000| Untracked 
| 232|0x000000071d000000, 0x000000071d200000, 0x000000071d200000|100%| O|  |TAMS 0x000000071d000000, 0x000000071d000000| Untracked 
| 233|0x000000071d200000, 0x000000071d400000, 0x000000071d400000|100%| O|  |TAMS 0x000000071d200000, 0x000000071d200000| Untracked 
| 234|0x000000071d400000, 0x000000071d600000, 0x000000071d600000|100%| O|  |TAMS 0x000000071d400000, 0x000000071d400000| Untracked 
| 235|0x000000071d600000, 0x000000071d800000, 0x000000071d800000|100%| O|  |TAMS 0x000000071d600000, 0x000000071d600000| Untracked 
| 236|0x000000071d800000, 0x000000071da00000, 0x000000071da00000|100%| O|  |TAMS 0x000000071d800000, 0x000000071d800000| Untracked 
| 237|0x000000071da00000, 0x000000071dc00000, 0x000000071dc00000|100%| O|  |TAMS 0x000000071da00000, 0x000000071da00000| Untracked 
| 238|0x000000071dc00000, 0x000000071de00000, 0x000000071de00000|100%| O|  |TAMS 0x000000071dc00000, 0x000000071dc00000| Untracked 
| 239|0x000000071de00000, 0x000000071e000000, 0x000000071e000000|100%| O|  |TAMS 0x000000071de00000, 0x000000071de00000| Untracked 
| 240|0x000000071e000000, 0x000000071e200000, 0x000000071e200000|100%| O|  |TAMS 0x000000071e000000, 0x000000071e000000| Untracked 
| 241|0x000000071e200000, 0x000000071e400000, 0x000000071e400000|100%| O|  |TAMS 0x000000071e200000, 0x000000071e200000| Untracked 
| 242|0x000000071e400000, 0x000000071e600000, 0x000000071e600000|100%| O|  |TAMS 0x000000071e400000, 0x000000071e400000| Untracked 
| 243|0x000000071e600000, 0x000000071e800000, 0x000000071e800000|100%| O|  |TAMS 0x000000071e600000, 0x000000071e600000| Untracked 
| 244|0x000000071e800000, 0x000000071ea00000, 0x000000071ea00000|100%| O|  |TAMS 0x000000071e800000, 0x000000071e800000| Untracked 
| 245|0x000000071ea00000, 0x000000071ec00000, 0x000000071ec00000|100%| O|  |TAMS 0x000000071ea00000, 0x000000071ea00000| Untracked 
| 246|0x000000071ec00000, 0x000000071ee00000, 0x000000071ee00000|100%| O|  |TAMS 0x000000071ec00000, 0x000000071ec00000| Untracked 
| 247|0x000000071ee00000, 0x000000071f000000, 0x000000071f000000|100%| O|  |TAMS 0x000000071ee00000, 0x000000071ee00000| Untracked 
| 248|0x000000071f000000, 0x000000071f200000, 0x000000071f200000|100%| O|  |TAMS 0x000000071f000000, 0x000000071f000000| Untracked 
| 249|0x000000071f200000, 0x000000071f400000, 0x000000071f400000|100%| O|  |TAMS 0x000000071f200000, 0x000000071f200000| Untracked 
| 250|0x000000071f400000, 0x000000071f600000, 0x000000071f600000|100%| O|  |TAMS 0x000000071f400000, 0x000000071f400000| Untracked 
| 251|0x000000071f600000, 0x000000071f800000, 0x000000071f800000|100%| O|  |TAMS 0x000000071f600000, 0x000000071f600000| Untracked 
| 252|0x000000071f800000, 0x000000071fa00000, 0x000000071fa00000|100%| O|  |TAMS 0x000000071f800000, 0x000000071f800000| Untracked 
| 253|0x000000071fa00000, 0x000000071fc00000, 0x000000071fc00000|100%| O|  |TAMS 0x000000071fa00000, 0x000000071fa00000| Untracked 
| 254|0x000000071fc00000, 0x000000071fe00000, 0x000000071fe00000|100%| O|  |TAMS 0x000000071fc00000, 0x000000071fc00000| Untracked 
| 255|0x000000071fe00000, 0x0000000720000000, 0x0000000720000000|100%| O|  |TAMS 0x000000071fe00000, 0x000000071fe00000| Untracked 
| 256|0x0000000720000000, 0x0000000720200000, 0x0000000720200000|100%| O|  |TAMS 0x0000000720000000, 0x0000000720000000| Untracked 
| 257|0x0000000720200000, 0x0000000720400000, 0x0000000720400000|100%| O|  |TAMS 0x0000000720200000, 0x0000000720200000| Untracked 
| 258|0x0000000720400000, 0x0000000720600000, 0x0000000720600000|100%| O|  |TAMS 0x0000000720400000, 0x0000000720400000| Untracked 
| 259|0x0000000720600000, 0x0000000720800000, 0x0000000720800000|100%| O|  |TAMS 0x0000000720600000, 0x0000000720600000| Untracked 
| 260|0x0000000720800000, 0x0000000720a00000, 0x0000000720a00000|100%| O|  |TAMS 0x0000000720800000, 0x0000000720800000| Untracked 
| 261|0x0000000720a00000, 0x0000000720c00000, 0x0000000720c00000|100%| O|  |TAMS 0x0000000720a00000, 0x0000000720a00000| Untracked 
| 262|0x0000000720c00000, 0x0000000720e00000, 0x0000000720e00000|100%| O|  |TAMS 0x0000000720c00000, 0x0000000720c00000| Untracked 
| 263|0x0000000720e00000, 0x0000000721000000, 0x0000000721000000|100%| O|  |TAMS 0x0000000720e00000, 0x0000000720e00000| Untracked 
| 264|0x0000000721000000, 0x0000000721200000, 0x0000000721200000|100%| O|  |TAMS 0x0000000721000000, 0x0000000721000000| Untracked 
| 265|0x0000000721200000, 0x0000000721400000, 0x0000000721400000|100%| O|  |TAMS 0x0000000721200000, 0x0000000721200000| Untracked 
| 266|0x0000000721400000, 0x0000000721600000, 0x0000000721600000|100%| O|  |TAMS 0x0000000721400000, 0x0000000721400000| Untracked 
| 267|0x0000000721600000, 0x0000000721800000, 0x0000000721800000|100%| O|  |TAMS 0x0000000721600000, 0x0000000721600000| Untracked 
| 268|0x0000000721800000, 0x0000000721a00000, 0x0000000721a00000|100%| O|  |TAMS 0x0000000721800000, 0x0000000721800000| Untracked 
| 269|0x0000000721a00000, 0x0000000721c00000, 0x0000000721c00000|100%| O|  |TAMS 0x0000000721a00000, 0x0000000721a00000| Untracked 
| 270|0x0000000721c00000, 0x0000000721e00000, 0x0000000721e00000|100%| O|  |TAMS 0x0000000721c00000, 0x0000000721c00000| Untracked 
| 271|0x0000000721e00000, 0x0000000722000000, 0x0000000722000000|100%| O|  |TAMS 0x0000000721e00000, 0x0000000721e00000| Untracked 
| 272|0x0000000722000000, 0x0000000722200000, 0x0000000722200000|100%| O|  |TAMS 0x0000000722000000, 0x0000000722000000| Untracked 
| 273|0x0000000722200000, 0x000000072238c600, 0x0000000722400000| 77%| O|  |TAMS 0x0000000722200000, 0x0000000722200000| Untracked 
| 274|0x0000000722400000, 0x0000000722400000, 0x0000000722600000|  0%| F|  |TAMS 0x0000000722400000, 0x0000000722400000| Untracked 
| 275|0x0000000722600000, 0x0000000722600000, 0x0000000722800000|  0%| F|  |TAMS 0x0000000722600000, 0x0000000722600000| Untracked 
| 276|0x0000000722800000, 0x0000000722800000, 0x0000000722a00000|  0%| F|  |TAMS 0x0000000722800000, 0x0000000722800000| Untracked 
| 277|0x0000000722a00000, 0x0000000722a00000, 0x0000000722c00000|  0%| F|  |TAMS 0x0000000722a00000, 0x0000000722a00000| Untracked 
| 278|0x0000000722c00000, 0x0000000722c00000, 0x0000000722e00000|  0%| F|  |TAMS 0x0000000722c00000, 0x0000000722c00000| Untracked 
| 279|0x0000000722e00000, 0x0000000722e00000, 0x0000000723000000|  0%| F|  |TAMS 0x0000000722e00000, 0x0000000722e00000| Untracked 
| 280|0x0000000723000000, 0x0000000723000000, 0x0000000723200000|  0%| F|  |TAMS 0x0000000723000000, 0x0000000723000000| Untracked 
| 281|0x0000000723200000, 0x0000000723200000, 0x0000000723400000|  0%| F|  |TAMS 0x0000000723200000, 0x0000000723200000| Untracked 
| 282|0x0000000723400000, 0x0000000723400000, 0x0000000723600000|  0%| F|  |TAMS 0x0000000723400000, 0x0000000723400000| Untracked 
| 283|0x0000000723600000, 0x0000000723600000, 0x0000000723800000|  0%| F|  |TAMS 0x0000000723600000, 0x0000000723600000| Untracked 
| 284|0x0000000723800000, 0x0000000723800000, 0x0000000723a00000|  0%| F|  |TAMS 0x0000000723800000, 0x0000000723800000| Untracked 
| 285|0x0000000723a00000, 0x0000000723a00000, 0x0000000723c00000|  0%| F|  |TAMS 0x0000000723a00000, 0x0000000723a00000| Untracked 
| 286|0x0000000723c00000, 0x0000000723c00000, 0x0000000723e00000|  0%| F|  |TAMS 0x0000000723c00000, 0x0000000723c00000| Untracked 
| 287|0x0000000723e00000, 0x0000000723e00000, 0x0000000724000000|  0%| F|  |TAMS 0x0000000723e00000, 0x0000000723e00000| Untracked 
| 288|0x0000000724000000, 0x0000000724000000, 0x0000000724200000|  0%| F|  |TAMS 0x0000000724000000, 0x0000000724000000| Untracked 
| 289|0x0000000724200000, 0x0000000724200000, 0x0000000724400000|  0%| F|  |TAMS 0x0000000724200000, 0x0000000724200000| Untracked 
| 290|0x0000000724400000, 0x0000000724400000, 0x0000000724600000|  0%| F|  |TAMS 0x0000000724400000, 0x0000000724400000| Untracked 
| 291|0x0000000724600000, 0x0000000724600000, 0x0000000724800000|  0%| F|  |TAMS 0x0000000724600000, 0x0000000724600000| Untracked 
| 292|0x0000000724800000, 0x0000000724800000, 0x0000000724a00000|  0%| F|  |TAMS 0x0000000724800000, 0x0000000724800000| Untracked 
| 293|0x0000000724a00000, 0x0000000724a00000, 0x0000000724c00000|  0%| F|  |TAMS 0x0000000724a00000, 0x0000000724a00000| Untracked 
| 294|0x0000000724c00000, 0x0000000724c00000, 0x0000000724e00000|  0%| F|  |TAMS 0x0000000724c00000, 0x0000000724c00000| Untracked 
| 295|0x0000000724e00000, 0x0000000724e00000, 0x0000000725000000|  0%| F|  |TAMS 0x0000000724e00000, 0x0000000724e00000| Untracked 
| 296|0x0000000725000000, 0x0000000725000000, 0x0000000725200000|  0%| F|  |TAMS 0x0000000725000000, 0x0000000725000000| Untracked 
| 297|0x0000000725200000, 0x0000000725200000, 0x0000000725400000|  0%| F|  |TAMS 0x0000000725200000, 0x0000000725200000| Untracked 
| 298|0x0000000725400000, 0x0000000725400000, 0x0000000725600000|  0%| F|  |TAMS 0x0000000725400000, 0x0000000725400000| Untracked 
| 299|0x0000000725600000, 0x0000000725600000, 0x0000000725800000|  0%| F|  |TAMS 0x0000000725600000, 0x0000000725600000| Untracked 
| 300|0x0000000725800000, 0x0000000725a00000, 0x0000000725a00000|100%| S|CS|TAMS 0x0000000725800000, 0x0000000725800000| Complete 
| 301|0x0000000725a00000, 0x0000000725c00000, 0x0000000725c00000|100%| S|CS|TAMS 0x0000000725a00000, 0x0000000725a00000| Complete 
| 302|0x0000000725c00000, 0x0000000725c00000, 0x0000000725e00000|  0%| F|  |TAMS 0x0000000725c00000, 0x0000000725c00000| Untracked 
| 303|0x0000000725e00000, 0x0000000725e00000, 0x0000000726000000|  0%| F|  |TAMS 0x0000000725e00000, 0x0000000725e00000| Untracked 
| 304|0x0000000726000000, 0x0000000726000000, 0x0000000726200000|  0%| F|  |TAMS 0x0000000726000000, 0x0000000726000000| Untracked 
| 305|0x0000000726200000, 0x0000000726200000, 0x0000000726400000|  0%| F|  |TAMS 0x0000000726200000, 0x0000000726200000| Untracked 
| 306|0x0000000726400000, 0x0000000726400000, 0x0000000726600000|  0%| F|  |TAMS 0x0000000726400000, 0x0000000726400000| Untracked 
| 307|0x0000000726600000, 0x0000000726600000, 0x0000000726800000|  0%| F|  |TAMS 0x0000000726600000, 0x0000000726600000| Untracked 
| 308|0x0000000726800000, 0x0000000726800000, 0x0000000726a00000|  0%| F|  |TAMS 0x0000000726800000, 0x0000000726800000| Untracked 
| 309|0x0000000726a00000, 0x0000000726a00000, 0x0000000726c00000|  0%| F|  |TAMS 0x0000000726a00000, 0x0000000726a00000| Untracked 
| 310|0x0000000726c00000, 0x0000000726c00000, 0x0000000726e00000|  0%| F|  |TAMS 0x0000000726c00000, 0x0000000726c00000| Untracked 
| 311|0x0000000726e00000, 0x0000000726e00000, 0x0000000727000000|  0%| F|  |TAMS 0x0000000726e00000, 0x0000000726e00000| Untracked 
| 312|0x0000000727000000, 0x00000007271551f8, 0x0000000727200000| 66%| E|  |TAMS 0x0000000727000000, 0x0000000727000000| Complete 
| 313|0x0000000727200000, 0x0000000727400000, 0x0000000727400000|100%| E|CS|TAMS 0x0000000727200000, 0x0000000727200000| Complete 
| 314|0x0000000727400000, 0x0000000727600000, 0x0000000727600000|100%| E|CS|TAMS 0x0000000727400000, 0x0000000727400000| Complete 
| 315|0x0000000727600000, 0x0000000727800000, 0x0000000727800000|100%| E|CS|TAMS 0x0000000727600000, 0x0000000727600000| Complete 
| 316|0x0000000727800000, 0x0000000727a00000, 0x0000000727a00000|100%| E|CS|TAMS 0x0000000727800000, 0x0000000727800000| Complete 

Card table byte_map: [0x000002c1701a0000,0x000002c1709a0000] _byte_map_base: 0x000002c16c9a0000

Marking Bits (Prev, Next): (CMBitMap*) 0x000002c15781d2b0, (CMBitMap*) 0x000002c15781d270
 Prev Bits: [0x000002c1751a0000, 0x000002c1791a0000)
 Next Bits: [0x000002c1711a0000, 0x000002c1751a0000)

Polling page: 0x000002c155640000

Metaspace:

Usage:
  Non-class:    118.38 MB used.
      Class:     18.42 MB used.
       Both:    136.80 MB used.

Virtual space:
  Non-class space:      128.00 MB reserved,     119.62 MB ( 93%) committed,  2 nodes.
      Class space:      416.00 MB reserved,      19.50 MB (  5%) committed,  1 nodes.
             Both:      544.00 MB reserved,     139.12 MB ( 26%) committed. 

Chunk freelists:
   Non-Class:  8.13 MB
       Class:  12.53 MB
        Both:  20.66 MB

MaxMetaspaceSize: 512.00 MB
CompressedClassSpaceSize: 416.00 MB
Initial GC threshold: 21.00 MB
Current GC threshold: 214.81 MB
CDS: on
MetaspaceReclaimPolicy: balanced
 - commit_granule_bytes: 65536.
 - commit_granule_words: 8192.
 - virtual_space_node_default_size: 8388608.
 - enlarge_chunks_in_place: 1.
 - new_chunks_are_fully_committed: 0.
 - uncommit_free_chunks: 1.
 - use_allocation_guard: 0.
 - handle_deallocations: 1.


Internal statistics:

num_allocs_failed_limit: 12.
num_arena_births: 3430.
num_arena_deaths: 0.
num_vsnodes_births: 3.
num_vsnodes_deaths: 0.
num_space_committed: 2225.
num_space_uncommitted: 0.
num_chunks_returned_to_freelist: 12.
num_chunks_taken_from_freelist: 10335.
num_chunk_merges: 9.
num_chunk_splits: 6193.
num_chunks_enlarged: 3315.
num_inconsistent_stats: 0.

CodeHeap 'non-profiled nmethods': size=120000Kb used=21351Kb max_used=21351Kb free=98648Kb
 bounds [0x000002c168140000, 0x000002c169620000, 0x000002c16f670000]
CodeHeap 'profiled nmethods': size=120000Kb used=42940Kb max_used=42940Kb free=77059Kb
 bounds [0x000002c160670000, 0x000002c163070000, 0x000002c167ba0000]
CodeHeap 'non-nmethods': size=5760Kb used=2534Kb max_used=2613Kb free=3225Kb
 bounds [0x000002c167ba0000, 0x000002c167e40000, 0x000002c168140000]
 total_blobs=23426 nmethods=22337 adapters=998
 compilation: enabled
              stopped_count=0, restarted_count=0
 full_count=0

Compilation events (20 events):
Event: 3754.005 Thread 0x000002c17bbe20e0 nmethod 27857 0x000002c169615490 code [0x000002c169615620, 0x000002c1696156f8]
Event: 3754.006 Thread 0x000002c17bbe20e0 27858   !   3       org.gradle.api.internal.provider.MappingProvider::calculatePresence (52 bytes)
Event: 3754.008 Thread 0x000002c17bbe20e0 nmethod 27858 0x000002c16302d190 code [0x000002c16302d3c0, 0x000002c16302dbd8]
Event: 3754.008 Thread 0x000002c17bbe20e0 27859       3       com.android.build.gradle.internal.lint.VariantInputs_Decorated::getMainSourceProvider (37 bytes)
Event: 3754.009 Thread 0x000002c17bbe20e0 nmethod 27859 0x000002c16302df90 code [0x000002c16302e160, 0x000002c16302e578]
Event: 3754.084 Thread 0x000002c17bbe20e0 27860       3       com.android.build.gradle.internal.lint.ProjectInputs_Decorated::getProjectGradlePath (36 bytes)
Event: 3754.085 Thread 0x000002c17bbe20e0 nmethod 27860 0x000002c16302e710 code [0x000002c16302e8e0, 0x000002c16302ecf8]
Event: 3754.085 Thread 0x000002c17bbe20e0 27861       3       com.android.build.gradle.internal.lint.ProjectInputs_Decorated::getMavenGroupId (36 bytes)
Event: 3754.086 Thread 0x000002c17bbe20e0 nmethod 27861 0x000002c16302ee90 code [0x000002c16302f060, 0x000002c16302f478]
Event: 3754.086 Thread 0x000002c17bbe20e0 27862       3       com.android.build.gradle.internal.lint.ProjectInputs_Decorated::getMavenArtifactId (36 bytes)
Event: 3754.086 Thread 0x000002c17bbe20e0 nmethod 27862 0x000002c16302f610 code [0x000002c16302f7e0, 0x000002c16302fbf8]
Event: 3754.091 Thread 0x000002c17bbe20e0 27863       3       com.android.build.gradle.internal.lint.ProjectInputs_Decorated::<init> (9 bytes)
Event: 3754.982 Thread 0x000002c17bbe20e0 nmethod 27863 0x000002c16302fd90 code [0x000002c163030080, 0x000002c163031248]
Event: 3754.983 Thread 0x000002c17bbe20e0 27867       3       org.gradle.api.internal.file.copy.SingleParentCopySpec_Decorated::$gradleInitWork (12 bytes)
Event: 3754.983 Thread 0x000002c17bbe20e0 nmethod 27867 0x000002c163031790 code [0x000002c163031960, 0x000002c163031da8]
Event: 3754.983 Thread 0x000002c17bbe20e0 27868       3       org.gradle.api.internal.file.copy.SingleParentCopySpec_Decorated::$gradleInitAttach (1 bytes)
Event: 3754.983 Thread 0x000002c17bbe20e0 nmethod 27868 0x000002c163031f10 code [0x000002c1630320a0, 0x000002c1630321b8]
Event: 3754.983 Thread 0x000002c17bbe20e0 27864       3       com.android.build.gradle.internal.lint.ProjectInputs::<init> (5 bytes)
Event: 3754.983 Thread 0x000002c17bbe20e0 nmethod 27864 0x000002c163032290 code [0x000002c163032420, 0x000002c163032578]
Event: 3754.983 Thread 0x000002c17bbe20e0 27865       3       com.android.build.gradle.internal.lint.ProjectInputs::initialize$gradle_core (167 bytes)

GC Heap History (20 events):
Event: 3733.391 GC heap before
{Heap before GC invocations=148 (full 0):
 garbage-first heap   total 649216K, used 559495K [0x0000000700000000, 0x0000000800000000)
  region size 2048K, 34 young (69632K), 5 survivors (10240K)
 Metaspace       used 139594K, committed 141952K, reserved 557056K
  class space    used 18847K, committed 19904K, reserved 425984K
}
Event: 3733.423 GC heap after
{Heap after GC invocations=149 (full 0):
 garbage-first heap   total 649216K, used 511485K [0x0000000700000000, 0x0000000800000000)
  region size 2048K, 5 young (10240K), 5 survivors (10240K)
 Metaspace       used 139594K, committed 141952K, reserved 557056K
  class space    used 18847K, committed 19904K, reserved 425984K
}
Event: 3735.297 GC heap before
{Heap before GC invocations=149 (full 0):
 garbage-first heap   total 649216K, used 560637K [0x0000000700000000, 0x0000000800000000)
  region size 2048K, 29 young (59392K), 5 survivors (10240K)
 Metaspace       used 139645K, committed 142080K, reserved 557056K
  class space    used 18848K, committed 19968K, reserved 425984K
}
Event: 3735.319 GC heap after
{Heap after GC invocations=150 (full 0):
 garbage-first heap   total 649216K, used 522009K [0x0000000700000000, 0x0000000800000000)
  region size 2048K, 4 young (8192K), 4 survivors (8192K)
 Metaspace       used 139645K, committed 142080K, reserved 557056K
  class space    used 18848K, committed 19968K, reserved 425984K
}
Event: 3737.666 GC heap before
{Heap before GC invocations=150 (full 0):
 garbage-first heap   total 649216K, used 562969K [0x0000000700000000, 0x0000000800000000)
  region size 2048K, 24 young (49152K), 4 survivors (8192K)
 Metaspace       used 139713K, committed 142144K, reserved 557056K
  class space    used 18850K, committed 19968K, reserved 425984K
}
Event: 3737.697 GC heap after
{Heap after GC invocations=151 (full 0):
 garbage-first heap   total 649216K, used 532122K [0x0000000700000000, 0x0000000800000000)
  region size 2048K, 3 young (6144K), 3 survivors (6144K)
 Metaspace       used 139713K, committed 142144K, reserved 557056K
  class space    used 18850K, committed 19968K, reserved 425984K
}
Event: 3738.691 GC heap before
{Heap before GC invocations=151 (full 0):
 garbage-first heap   total 649216K, used 562842K [0x0000000700000000, 0x0000000800000000)
  region size 2048K, 19 young (38912K), 3 survivors (6144K)
 Metaspace       used 139727K, committed 142144K, reserved 557056K
  class space    used 18850K, committed 19968K, reserved 425984K
}
Event: 3738.712 GC heap after
{Heap after GC invocations=152 (full 0):
 garbage-first heap   total 649216K, used 538725K [0x0000000700000000, 0x0000000800000000)
  region size 2048K, 3 young (6144K), 3 survivors (6144K)
 Metaspace       used 139727K, committed 142144K, reserved 557056K
  class space    used 18850K, committed 19968K, reserved 425984K
}
Event: 3739.713 GC heap before
{Heap before GC invocations=152 (full 0):
 garbage-first heap   total 649216K, used 565349K [0x0000000700000000, 0x0000000800000000)
  region size 2048K, 16 young (32768K), 3 survivors (6144K)
 Metaspace       used 139777K, committed 142208K, reserved 557056K
  class space    used 18850K, committed 19968K, reserved 425984K
}
Event: 3739.728 GC heap after
{Heap after GC invocations=153 (full 0):
 garbage-first heap   total 649216K, used 542901K [0x0000000700000000, 0x0000000800000000)
  region size 2048K, 2 young (4096K), 2 survivors (4096K)
 Metaspace       used 139777K, committed 142208K, reserved 557056K
  class space    used 18850K, committed 19968K, reserved 425984K
}
Event: 3744.672 GC heap before
{Heap before GC invocations=153 (full 0):
 garbage-first heap   total 649216K, used 569525K [0x0000000700000000, 0x0000000800000000)
  region size 2048K, 15 young (30720K), 2 survivors (4096K)
 Metaspace       used 139827K, committed 142208K, reserved 557056K
  class space    used 18851K, committed 19968K, reserved 425984K
}
Event: 3744.686 GC heap after
{Heap after GC invocations=154 (full 0):
 garbage-first heap   total 649216K, used 546503K [0x0000000700000000, 0x0000000800000000)
  region size 2048K, 2 young (4096K), 2 survivors (4096K)
 Metaspace       used 139827K, committed 142208K, reserved 557056K
  class space    used 18851K, committed 19968K, reserved 425984K
}
Event: 3745.677 GC heap before
{Heap before GC invocations=154 (full 0):
 garbage-first heap   total 649216K, used 571079K [0x0000000700000000, 0x0000000800000000)
  region size 2048K, 15 young (30720K), 2 survivors (4096K)
 Metaspace       used 139864K, committed 142272K, reserved 557056K
  class space    used 18854K, committed 19968K, reserved 425984K
}
Event: 3745.696 GC heap after
{Heap after GC invocations=155 (full 0):
 garbage-first heap   total 649216K, used 550812K [0x0000000700000000, 0x0000000800000000)
  region size 2048K, 2 young (4096K), 2 survivors (4096K)
 Metaspace       used 139864K, committed 142272K, reserved 557056K
  class space    used 18854K, committed 19968K, reserved 425984K
}
Event: 3746.524 GC heap before
{Heap before GC invocations=155 (full 0):
 garbage-first heap   total 649216K, used 577436K [0x0000000700000000, 0x0000000800000000)
  region size 2048K, 15 young (30720K), 2 survivors (4096K)
 Metaspace       used 139899K, committed 142272K, reserved 557056K
  class space    used 18854K, committed 19968K, reserved 425984K
}
Event: 3746.535 GC heap after
{Heap after GC invocations=156 (full 0):
 garbage-first heap   total 649216K, used 555255K [0x0000000700000000, 0x0000000800000000)
  region size 2048K, 2 young (4096K), 2 survivors (4096K)
 Metaspace       used 139899K, committed 142272K, reserved 557056K
  class space    used 18854K, committed 19968K, reserved 425984K
}
Event: 3751.344 GC heap before
{Heap before GC invocations=156 (full 0):
 garbage-first heap   total 649216K, used 579831K [0x0000000700000000, 0x0000000800000000)
  region size 2048K, 15 young (30720K), 2 survivors (4096K)
 Metaspace       used 139936K, committed 142336K, reserved 557056K
  class space    used 18854K, committed 19968K, reserved 425984K
}
Event: 3751.358 GC heap after
{Heap after GC invocations=157 (full 0):
 garbage-first heap   total 649216K, used 559306K [0x0000000700000000, 0x0000000800000000)
  region size 2048K, 2 young (4096K), 2 survivors (4096K)
 Metaspace       used 139936K, committed 142336K, reserved 557056K
  class space    used 18854K, committed 19968K, reserved 425984K
}
Event: 3753.545 GC heap before
{Heap before GC invocations=157 (full 0):
 garbage-first heap   total 649216K, used 585930K [0x0000000700000000, 0x0000000800000000)
  region size 2048K, 15 young (30720K), 2 survivors (4096K)
 Metaspace       used 140036K, committed 142400K, reserved 557056K
  class space    used 18863K, committed 19968K, reserved 425984K
}
Event: 3753.576 GC heap after
{Heap after GC invocations=158 (full 0):
 garbage-first heap   total 649216K, used 564785K [0x0000000700000000, 0x0000000800000000)
  region size 2048K, 2 young (4096K), 2 survivors (4096K)
 Metaspace       used 140036K, committed 142400K, reserved 557056K
  class space    used 18863K, committed 19968K, reserved 425984K
}

Dll operation events (15 events):
Event: 0.021 Loaded shared library C:\Program Files\OpenLogic\jdk-17.0.14.7-hotspot\bin\java.dll
Event: 0.068 Loaded shared library C:\Program Files\OpenLogic\jdk-17.0.14.7-hotspot\bin\jsvml.dll
Event: 0.196 Loaded shared library C:\Program Files\OpenLogic\jdk-17.0.14.7-hotspot\bin\zip.dll
Event: 0.202 Loaded shared library C:\Program Files\OpenLogic\jdk-17.0.14.7-hotspot\bin\instrument.dll
Event: 0.214 Loaded shared library C:\Program Files\OpenLogic\jdk-17.0.14.7-hotspot\bin\net.dll
Event: 0.218 Loaded shared library C:\Program Files\OpenLogic\jdk-17.0.14.7-hotspot\bin\nio.dll
Event: 0.225 Loaded shared library C:\Program Files\OpenLogic\jdk-17.0.14.7-hotspot\bin\zip.dll
Event: 1.716 Loaded shared library C:\Program Files\OpenLogic\jdk-17.0.14.7-hotspot\bin\jimage.dll
Event: 3.202 Loaded shared library C:\Program Files\OpenLogic\jdk-17.0.14.7-hotspot\bin\verify.dll
Event: 4.557 Loaded shared library C:\Users\Vauras\.gradle\native\1def1411415f61bf3af743bc5b6707747c0891f09f0c88961ee8f79bc544acac\windows-amd64\native-platform.dll
Event: 4.644 Loaded shared library C:\Users\Vauras\.gradle\native\0.2.7\x86_64-windows-gnu\gradle-fileevents.dll
Event: 21.937 Loaded shared library C:\Program Files\OpenLogic\jdk-17.0.14.7-hotspot\bin\management.dll
Event: 22.034 Loaded shared library C:\Program Files\OpenLogic\jdk-17.0.14.7-hotspot\bin\management_ext.dll
Event: 23.150 Loaded shared library C:\Program Files\OpenLogic\jdk-17.0.14.7-hotspot\bin\extnet.dll
Event: 23.906 Loaded shared library C:\Program Files\OpenLogic\jdk-17.0.14.7-hotspot\bin\sunmscapi.dll

Deoptimization events (20 events):
Event: 3744.905 Thread 0x000002c125838640 DEOPT PACKING pc=0x000002c169299430 sp=0x000000c4d96f6a30
Event: 3744.905 Thread 0x000002c125838640 DEOPT UNPACKING pc=0x000002c167bf69a3 sp=0x000000c4d96f69d8 mode 2
Event: 3746.147 Thread 0x000002c125838640 DEOPT PACKING pc=0x000002c16257ccac sp=0x000000c4d96f8d00
Event: 3746.147 Thread 0x000002c125838640 DEOPT UNPACKING pc=0x000002c167bf7143 sp=0x000000c4d96f8278 mode 0
Event: 3751.741 Thread 0x000002c125838640 Uncommon trap: trap_request=0xffffffd6 fr.pc=0x000002c169299430 relative=0x0000000000000390
Event: 3751.741 Thread 0x000002c125838640 Uncommon trap: reason=array_check action=maybe_recompile pc=0x000002c169299430 method=java.util.LinkedHashMap.valuesToArray([Ljava/lang/Object;)[Ljava/lang/Object; @ 25 c2
Event: 3751.741 Thread 0x000002c125838640 DEOPT PACKING pc=0x000002c169299430 sp=0x000000c4d96f8f50
Event: 3751.741 Thread 0x000002c125838640 DEOPT UNPACKING pc=0x000002c167bf69a3 sp=0x000000c4d96f8ef8 mode 2
Event: 3752.193 Thread 0x000002c125838640 Uncommon trap: trap_request=0xffffff66 fr.pc=0x000002c1694c0f80 relative=0x00000000000000e0
Event: 3752.193 Thread 0x000002c125838640 Uncommon trap: reason=speculate_class_check action=maybe_recompile pc=0x000002c1694c0f80 method=jdk.internal.reflect.UnsafeObjectFieldAccessorImpl.get(Ljava/lang/Object;)Ljava/lang/Object; @ 13 c2
Event: 3752.193 Thread 0x000002c125838640 DEOPT PACKING pc=0x000002c1694c0f80 sp=0x000000c4d96f8c10
Event: 3752.193 Thread 0x000002c125838640 DEOPT UNPACKING pc=0x000002c167bf69a3 sp=0x000000c4d96f8ba8 mode 2
Event: 3753.370 Thread 0x000002c125838640 Uncommon trap: trap_request=0xffffff6e fr.pc=0x000002c1696098f4 relative=0x00000000000000f4
Event: 3753.370 Thread 0x000002c125838640 Uncommon trap: reason=loop_limit_check action=maybe_recompile pc=0x000002c1696098f4 method=java.util.BitSet.recalculateWordsInUse()V @ 8 c2
Event: 3753.370 Thread 0x000002c125838640 DEOPT PACKING pc=0x000002c1696098f4 sp=0x000000c4d96f8920
Event: 3753.370 Thread 0x000002c125838640 DEOPT UNPACKING pc=0x000002c167bf69a3 sp=0x000000c4d96f88b0 mode 2
Event: 3753.577 Thread 0x000002c125838640 Uncommon trap: trap_request=0xffffff45 fr.pc=0x000002c168191490 relative=0x0000000000001510
Event: 3753.578 Thread 0x000002c125838640 Uncommon trap: reason=unstable_if action=reinterpret pc=0x000002c168191490 method=com.google.common.cache.LocalCache$Segment.expand()V @ 228 c2
Event: 3753.579 Thread 0x000002c125838640 DEOPT PACKING pc=0x000002c168191490 sp=0x000000c4d96f9400
Event: 3753.579 Thread 0x000002c125838640 DEOPT UNPACKING pc=0x000002c167bf69a3 sp=0x000000c4d96f9350 mode 2

Classes loaded (20 events):
Event: 185.436 Loading class sun/nio/ch/SocketChannelImpl$DefaultOptionsHolder
Event: 185.436 Loading class sun/nio/ch/SocketChannelImpl$DefaultOptionsHolder done
Event: 186.434 Loading class sun/net/ConnectionResetException
Event: 186.435 Loading class sun/net/ConnectionResetException done
Event: 211.892 Loading class java/util/regex/Pattern$1
Event: 211.894 Loading class java/util/regex/Pattern$1 done
Event: 213.038 Loading class sun/nio/fs/WindowsSecurity$Privilege
Event: 213.039 Loading class sun/nio/fs/WindowsSecurity$Privilege done
Event: 214.285 Loading class java/util/Locale$1
Event: 214.286 Loading class java/util/Locale$1 done
Event: 214.317 Loading class java/util/concurrent/CompletableFuture$AsyncRun
Event: 214.318 Loading class java/util/concurrent/CompletableFuture$AsyncRun done
Event: 3602.907 Loading class jdk/internal/math/FormattedFloatingDecimal$Form
Event: 3602.976 Loading class jdk/internal/math/FormattedFloatingDecimal$Form done
Event: 3602.979 Loading class jdk/internal/math/FormattedFloatingDecimal
Event: 3603.023 Loading class jdk/internal/math/FormattedFloatingDecimal done
Event: 3603.025 Loading class jdk/internal/math/FormattedFloatingDecimal$1
Event: 3603.035 Loading class jdk/internal/math/FormattedFloatingDecimal$1 done
Event: 3603.046 Loading class jdk/internal/math/FormattedFloatingDecimal$2
Event: 3603.047 Loading class jdk/internal/math/FormattedFloatingDecimal$2 done

Classes unloaded (0 events):
No events

Classes redefined (0 events):
No events

Internal exceptions (20 events):
Event: 3724.108 Thread 0x000002c125838640 Exception <a 'sun/nio/fs/WindowsException'{0x00000007240ab138}> (0x00000007240ab138) 
thrown [s\src\hotspot\share\prims\jni.cpp, line 516]
Event: 3724.109 Thread 0x000002c125838640 Exception <a 'sun/nio/fs/WindowsException'{0x00000007240acc10}> (0x00000007240acc10) 
thrown [s\src\hotspot\share\prims\jni.cpp, line 516]
Event: 3724.110 Thread 0x000002c125838640 Exception <a 'sun/nio/fs/WindowsException'{0x00000007240af2b0}> (0x00000007240af2b0) 
thrown [s\src\hotspot\share\prims\jni.cpp, line 516]
Event: 3726.190 Thread 0x000002c1220f3ac0 Exception <a 'sun/nio/fs/WindowsException'{0x000000072704cb80}> (0x000000072704cb80) 
thrown [s\src\hotspot\share\prims\jni.cpp, line 516]
Event: 3726.191 Thread 0x000002c1220f3ac0 Exception <a 'sun/nio/fs/WindowsException'{0x000000072704ed48}> (0x000000072704ed48) 
thrown [s\src\hotspot\share\prims\jni.cpp, line 516]
Event: 3726.191 Thread 0x000002c1220f3ac0 Exception <a 'sun/nio/fs/WindowsException'{0x0000000727050e60}> (0x0000000727050e60) 
thrown [s\src\hotspot\share\prims\jni.cpp, line 516]
Event: 3726.191 Thread 0x000002c1220f3ac0 Exception <a 'sun/nio/fs/WindowsException'{0x0000000727052c00}> (0x0000000727052c00) 
thrown [s\src\hotspot\share\prims\jni.cpp, line 516]
Event: 3726.196 Thread 0x000002c1220f3ac0 Exception <a 'sun/nio/fs/WindowsException'{0x0000000727066a70}> (0x0000000727066a70) 
thrown [s\src\hotspot\share\prims\jni.cpp, line 516]
Event: 3726.366 Thread 0x000002c1220f44e0 Exception <a 'sun/nio/fs/WindowsException'{0x0000000726f19d30}> (0x0000000726f19d30) 
thrown [s\src\hotspot\share\prims\jni.cpp, line 516]
Event: 3726.366 Thread 0x000002c1220f44e0 Exception <a 'sun/nio/fs/WindowsException'{0x0000000726f1c218}> (0x0000000726f1c218) 
thrown [s\src\hotspot\share\prims\jni.cpp, line 516]
Event: 3726.367 Thread 0x000002c1220f44e0 Exception <a 'sun/nio/fs/WindowsException'{0x0000000726f1e408}> (0x0000000726f1e408) 
thrown [s\src\hotspot\share\prims\jni.cpp, line 516]
Event: 3726.367 Thread 0x000002c1220f44e0 Exception <a 'sun/nio/fs/WindowsException'{0x0000000726f20230}> (0x0000000726f20230) 
thrown [s\src\hotspot\share\prims\jni.cpp, line 516]
Event: 3727.084 Thread 0x000002c1220f35b0 Exception <a 'sun/nio/fs/WindowsException'{0x0000000725df59e0}> (0x0000000725df59e0) 
thrown [s\src\hotspot\share\prims\jni.cpp, line 516]
Event: 3727.085 Thread 0x000002c1220f35b0 Exception <a 'sun/nio/fs/WindowsException'{0x0000000725df7fe8}> (0x0000000725df7fe8) 
thrown [s\src\hotspot\share\prims\jni.cpp, line 516]
Event: 3727.085 Thread 0x000002c1220f35b0 Exception <a 'sun/nio/fs/WindowsException'{0x0000000725dfa540}> (0x0000000725dfa540) 
thrown [s\src\hotspot\share\prims\jni.cpp, line 516]
Event: 3727.086 Thread 0x000002c1220f35b0 Exception <a 'sun/nio/fs/WindowsException'{0x0000000725dfc6b0}> (0x0000000725dfc6b0) 
thrown [s\src\hotspot\share\prims\jni.cpp, line 516]
Event: 3752.081 Thread 0x000002c125838640 Exception <a 'sun/nio/fs/WindowsException'{0x000000072737e690}> (0x000000072737e690) 
thrown [s\src\hotspot\share\prims\jni.cpp, line 516]
Event: 3752.085 Thread 0x000002c125838640 Exception <a 'sun/nio/fs/WindowsException'{0x000000072737fbb0}> (0x000000072737fbb0) 
thrown [s\src\hotspot\share\prims\jni.cpp, line 516]
Event: 3752.085 Thread 0x000002c125838640 Exception <a 'sun/nio/fs/WindowsException'{0x0000000727381120}> (0x0000000727381120) 
thrown [s\src\hotspot\share\prims\jni.cpp, line 516]
Event: 3752.085 Thread 0x000002c125838640 Exception <a 'sun/nio/fs/WindowsException'{0x0000000727382690}> (0x0000000727382690) 
thrown [s\src\hotspot\share\prims\jni.cpp, line 516]

VM Operations (20 events):
Event: 3738.690 Executing VM operation: G1CollectForAllocation
Event: 3738.712 Executing VM operation: G1CollectForAllocation done
Event: 3739.712 Executing VM operation: G1CollectForAllocation
Event: 3739.728 Executing VM operation: G1CollectForAllocation done
Event: 3744.672 Executing VM operation: G1CollectForAllocation
Event: 3744.686 Executing VM operation: G1CollectForAllocation done
Event: 3745.677 Executing VM operation: G1CollectForAllocation
Event: 3745.696 Executing VM operation: G1CollectForAllocation done
Event: 3746.524 Executing VM operation: G1CollectForAllocation
Event: 3746.535 Executing VM operation: G1CollectForAllocation done
Event: 3747.539 Executing VM operation: Cleanup
Event: 3747.539 Executing VM operation: Cleanup done
Event: 3751.334 Executing VM operation: G1CollectForAllocation
Event: 3751.358 Executing VM operation: G1CollectForAllocation done
Event: 3752.372 Executing VM operation: Cleanup
Event: 3752.373 Executing VM operation: Cleanup done
Event: 3753.377 Executing VM operation: Cleanup
Event: 3753.377 Executing VM operation: Cleanup done
Event: 3753.545 Executing VM operation: G1CollectForAllocation
Event: 3753.576 Executing VM operation: G1CollectForAllocation done

Memory protections (0 events):
No events

Nmethod flushes (20 events):
Event: 3726.965 Thread 0x000002c11f14e840 flushing  nmethod 0x000002c162b22910
Event: 3726.965 Thread 0x000002c11f14e840 flushing  nmethod 0x000002c162b77410
Event: 3726.966 Thread 0x000002c11f14e840 flushing  nmethod 0x000002c162b83d10
Event: 3726.966 Thread 0x000002c11f14e840 flushing  nmethod 0x000002c162c51810
Event: 3726.967 Thread 0x000002c11f14e840 flushing  nmethod 0x000002c162d06f10
Event: 3726.968 Thread 0x000002c11f14e840 flushing  nmethod 0x000002c162e82890
Event: 3726.968 Thread 0x000002c11f14e840 flushing  nmethod 0x000002c162e83590
Event: 3726.969 Thread 0x000002c11f14e840 flushing  nmethod 0x000002c162e84a90
Event: 3726.969 Thread 0x000002c11f14e840 flushing  nmethod 0x000002c162e85c10
Event: 3726.969 Thread 0x000002c11f14e840 flushing  nmethod 0x000002c162e86a10
Event: 3726.969 Thread 0x000002c11f14e840 flushing  nmethod 0x000002c162e87810
Event: 3726.969 Thread 0x000002c11f14e840 flushing  nmethod 0x000002c162e8a110
Event: 3726.969 Thread 0x000002c11f14e840 flushing  nmethod 0x000002c162e8bc10
Event: 3726.969 Thread 0x000002c11f14e840 flushing  nmethod 0x000002c162e8ec10
Event: 3726.969 Thread 0x000002c11f14e840 flushing  nmethod 0x000002c162e8f110
Event: 3726.969 Thread 0x000002c11f14e840 flushing  nmethod 0x000002c162e8f590
Event: 3726.969 Thread 0x000002c11f14e840 flushing  nmethod 0x000002c162e90e10
Event: 3726.969 Thread 0x000002c11f14e840 flushing  nmethod 0x000002c162e93590
Event: 3726.969 Thread 0x000002c11f14e840 flushing  nmethod 0x000002c162e95a90
Event: 3726.969 Thread 0x000002c11f14e840 flushing  nmethod 0x000002c162e99990

Events (20 events):
Event: 3727.291 Thread 0x000002c125838640 Thread added: 0x000002c123ee7800
Event: 3727.292 Thread 0x000002c125838640 Thread added: 0x000002c123ee68d0
Event: 3727.668 Thread 0x000002c125838640 Thread added: 0x000002c123ee4a70
Event: 3728.186 Thread 0x000002c125838640 Thread added: 0x000002c123ee4f80
Event: 3729.937 Thread 0x000002c125838640 Thread added: 0x000002c12c653ff0
Event: 3729.966 Thread 0x000002c125838640 Thread added: 0x000002c12c6530c0
Event: 3730.006 Thread 0x000002c125838640 Thread added: 0x000002c12c657cb0
Event: 3730.015 Thread 0x000002c125838640 Thread added: 0x000002c12c654500
Event: 3730.020 Thread 0x000002c125838640 Thread added: 0x000002c12c6581c0
Event: 3730.023 Thread 0x000002c125838640 Thread added: 0x000002c12c654a10
Event: 3730.024 Thread 0x000002c125838640 Thread added: 0x000002c12c655430
Event: 3730.081 Thread 0x000002c125838640 Thread added: 0x000002c12c65aa40
Event: 3730.084 Thread 0x000002c125838640 Thread added: 0x000002c12c659b10
Event: 3730.086 Thread 0x000002c125838640 Thread added: 0x000002c12c659600
Event: 3730.090 Thread 0x000002c125838640 Thread added: 0x000002c12c65a020
Event: 3730.091 Thread 0x000002c125838640 Thread added: 0x000002c12c65a530
Event: 3732.492 Thread 0x000002c17bbe20e0 Thread added: 0x000002c131ba6530
Event: 3732.954 Thread 0x000002c131ba6530 Thread exited: 0x000002c131ba6530
Event: 3733.802 Thread 0x000002c17bbde700 Thread added: 0x000002c131ba5a90
Event: 3734.239 Thread 0x000002c131ba5a90 Thread exited: 0x000002c131ba5a90


Dynamic libraries:
0x00007ff68fe90000 - 0x00007ff68fe9e000 	C:\Program Files\OpenLogic\jdk-17.0.14.7-hotspot\bin\java.exe
0x00007ff8c91e0000 - 0x00007ff8c9447000 	C:\Windows\SYSTEM32\ntdll.dll
0x00007ff8c7660000 - 0x00007ff8c7729000 	C:\Windows\System32\KERNEL32.DLL
0x00007ff8c6800000 - 0x00007ff8c6bf4000 	C:\Windows\System32\KERNELBASE.dll
0x00007ff8c5b60000 - 0x00007ff8c5cab000 	C:\Windows\System32\ucrtbase.dll
0x00007ff829990000 - 0x00007ff8299a7000 	C:\Program Files\OpenLogic\jdk-17.0.14.7-hotspot\bin\jli.dll
0x00007ff8c7230000 - 0x00007ff8c73f5000 	C:\Windows\System32\USER32.dll
0x00007ff8c67d0000 - 0x00007ff8c67f7000 	C:\Windows\System32\win32u.dll
0x00007ff829970000 - 0x00007ff82998b000 	C:\Program Files\OpenLogic\jdk-17.0.14.7-hotspot\bin\VCRUNTIME140.dll
0x00007ff8c7630000 - 0x00007ff8c765b000 	C:\Windows\System32\GDI32.dll
0x00007ff8c66a0000 - 0x00007ff8c67cb000 	C:\Windows\System32\gdi32full.dll
0x00007ff8b0f20000 - 0x00007ff8b11b3000 	C:\Windows\WinSxS\amd64_microsoft.windows.common-controls_6595b64144ccf1df_6.0.26100.8115_none_3e075c82e3354f9c\COMCTL32.dll
0x00007ff8c6c90000 - 0x00007ff8c6d33000 	C:\Windows\System32\msvcp_win.dll
0x00007ff8c8360000 - 0x00007ff8c8409000 	C:\Windows\System32\msvcrt.dll
0x00007ff8c75f0000 - 0x00007ff8c7622000 	C:\Windows\System32\IMM32.DLL
0x00007ff861700000 - 0x00007ff86170c000 	C:\Program Files\OpenLogic\jdk-17.0.14.7-hotspot\bin\vcruntime140_1.dll
0x00007ff8298e0000 - 0x00007ff82996d000 	C:\Program Files\OpenLogic\jdk-17.0.14.7-hotspot\bin\msvcp140.dll
0x00007ff828c70000 - 0x00007ff8298dc000 	C:\Program Files\OpenLogic\jdk-17.0.14.7-hotspot\bin\server\jvm.dll
0x00007ff8c7080000 - 0x00007ff8c7136000 	C:\Windows\System32\ADVAPI32.dll
0x00007ff8c8fa0000 - 0x00007ff8c9047000 	C:\Windows\System32\sechost.dll
0x00007ff8c8240000 - 0x00007ff8c8358000 	C:\Windows\System32\RPCRT4.dll
0x00007ff8c8720000 - 0x00007ff8c87a0000 	C:\Windows\System32\WS2_32.dll
0x00007ff8c5760000 - 0x00007ff8c57be000 	C:\Windows\SYSTEM32\POWRPROF.dll
0x00007ff8bd160000 - 0x00007ff8bd196000 	C:\Windows\SYSTEM32\WINMM.dll
0x00007ff8ba640000 - 0x00007ff8ba64b000 	C:\Windows\SYSTEM32\VERSION.dll
0x00007ff8c5740000 - 0x00007ff8c5754000 	C:\Windows\SYSTEM32\UMPDC.dll
0x00007ff8c4800000 - 0x00007ff8c481b000 	C:\Windows\SYSTEM32\kernel.appcore.dll
0x00007ff85c620000 - 0x00007ff85c62a000 	C:\Program Files\OpenLogic\jdk-17.0.14.7-hotspot\bin\jimage.dll
0x00007ff8b7aa0000 - 0x00007ff8b7ce2000 	C:\Windows\SYSTEM32\DBGHELP.DLL
0x00007ff8c77a0000 - 0x00007ff8c7b22000 	C:\Windows\System32\combase.dll
0x00007ff8c7140000 - 0x00007ff8c7218000 	C:\Windows\System32\OLEAUT32.dll
0x00007ff8aa8b0000 - 0x00007ff8aa8eb000 	C:\Windows\SYSTEM32\dbgcore.DLL
0x00007ff8c5ab0000 - 0x00007ff8c5b55000 	C:\Windows\System32\bcryptPrimitives.dll
0x00007ff82b700000 - 0x00007ff82b70e000 	C:\Program Files\OpenLogic\jdk-17.0.14.7-hotspot\bin\instrument.dll
0x00007ff828c40000 - 0x00007ff828c65000 	C:\Program Files\OpenLogic\jdk-17.0.14.7-hotspot\bin\java.dll
0x00007ff828b60000 - 0x00007ff828c36000 	C:\Program Files\OpenLogic\jdk-17.0.14.7-hotspot\bin\jsvml.dll
0x00007ff8c87b0000 - 0x00007ff8c8f17000 	C:\Windows\System32\SHELL32.dll
0x00007ff8c6d40000 - 0x00007ff8c6eaa000 	C:\Windows\System32\wintypes.dll
0x00007ff8c5e30000 - 0x00007ff8c6698000 	C:\Windows\System32\windows.storage.dll
0x00007ff8c6f80000 - 0x00007ff8c7078000 	C:\Windows\System32\SHCORE.dll
0x00007ff8c7730000 - 0x00007ff8c7796000 	C:\Windows\System32\shlwapi.dll
0x00007ff8c59d0000 - 0x00007ff8c59f9000 	C:\Windows\SYSTEM32\profapi.dll
0x00007ff828b00000 - 0x00007ff828b18000 	C:\Program Files\OpenLogic\jdk-17.0.14.7-hotspot\bin\zip.dll
0x00007ff828b40000 - 0x00007ff828b59000 	C:\Program Files\OpenLogic\jdk-17.0.14.7-hotspot\bin\net.dll
0x00007ff8bbf40000 - 0x00007ff8bc06d000 	C:\Windows\SYSTEM32\WINHTTP.dll
0x00007ff8c4d50000 - 0x00007ff8c4dbc000 	C:\Windows\system32\mswsock.dll
0x00007ff828b20000 - 0x00007ff828b36000 	C:\Program Files\OpenLogic\jdk-17.0.14.7-hotspot\bin\nio.dll
0x00007ff848250000 - 0x00007ff848260000 	C:\Program Files\OpenLogic\jdk-17.0.14.7-hotspot\bin\verify.dll
0x00007ff8c1270000 - 0x00007ff8c1297000 	C:\Users\Vauras\.gradle\native\1def1411415f61bf3af743bc5b6707747c0891f09f0c88961ee8f79bc544acac\windows-amd64\native-platform.dll
0x00007ff883570000 - 0x00007ff8835e8000 	C:\Users\Vauras\.gradle\native\0.2.7\x86_64-windows-gnu\gradle-fileevents.dll
0x00007ff83a640000 - 0x00007ff83a649000 	C:\Program Files\OpenLogic\jdk-17.0.14.7-hotspot\bin\management.dll
0x00007ff82e150000 - 0x00007ff82e15b000 	C:\Program Files\OpenLogic\jdk-17.0.14.7-hotspot\bin\management_ext.dll
0x00007ff8c9190000 - 0x00007ff8c9198000 	C:\Windows\System32\PSAPI.DLL
0x00007ff8c4190000 - 0x00007ff8c41c2000 	C:\Windows\SYSTEM32\IPHLPAPI.DLL
0x00007ff8c7220000 - 0x00007ff8c722a000 	C:\Windows\System32\NSI.dll
0x00007ff8c0530000 - 0x00007ff8c054d000 	C:\Windows\SYSTEM32\dhcpcsvc6.DLL
0x00007ff8c0500000 - 0x00007ff8c0525000 	C:\Windows\SYSTEM32\dhcpcsvc.DLL
0x00007ff8c41d0000 - 0x00007ff8c4302000 	C:\Windows\SYSTEM32\DNSAPI.dll
0x00007ff82b860000 - 0x00007ff82b868000 	C:\Program Files\OpenLogic\jdk-17.0.14.7-hotspot\bin\extnet.dll
0x00007ff8c5150000 - 0x00007ff8c516b000 	C:\Windows\SYSTEM32\CRYPTSP.dll
0x00007ff8c4760000 - 0x00007ff8c4799000 	C:\Windows\system32\rsaenh.dll
0x00007ff8c4e00000 - 0x00007ff8c4e33000 	C:\Windows\SYSTEM32\USERENV.dll
0x00007ff8c59a0000 - 0x00007ff8c59ca000 	C:\Windows\SYSTEM32\bcrypt.dll
0x00007ff8c4fb0000 - 0x00007ff8c4fbc000 	C:\Windows\SYSTEM32\CRYPTBASE.dll
0x00007ff82abb0000 - 0x00007ff82abbe000 	C:\Program Files\OpenLogic\jdk-17.0.14.7-hotspot\bin\sunmscapi.dll
0x00007ff8c5cb0000 - 0x00007ff8c5e27000 	C:\Windows\System32\CRYPT32.dll
0x00007ff8c52b0000 - 0x00007ff8c52e0000 	C:\Windows\SYSTEM32\ncrypt.dll
0x00007ff8c5260000 - 0x00007ff8c529f000 	C:\Windows\SYSTEM32\NTASN1.dll
0x00007ff88a6d0000 - 0x00007ff88a6d8000 	C:\Windows\system32\wshunix.dll
0x00007ff8bc2f0000 - 0x00007ff8bc2fb000 	C:\Windows\System32\rasadhlp.dll
0x00007ff8c0cc0000 - 0x00007ff8c0d46000 	C:\Windows\System32\fwpuclnt.dll
0x00007ff8aac70000 - 0x00007ff8aac88000 	C:\Windows\system32\napinsp.dll
0x00007ff8aa500000 - 0x00007ff8aa513000 	C:\Windows\System32\winrnr.dll
0x00007ff8aa850000 - 0x00007ff8aa872000 	C:\Windows\system32\nlansp_c.dll
0x00007ff8aa830000 - 0x00007ff8aa846000 	C:\Windows\system32\wshbth.dll
0x00007ff8c4920000 - 0x00007ff8c4956000 	C:\Windows\SYSTEM32\ntmarta.dll

dbghelp: loaded successfully - version: 4.0.5 - missing functions: none
symbol engine: initialized successfully - sym options: 0x614 - pdb path: .;C:\Program Files\OpenLogic\jdk-17.0.14.7-hotspot\bin;C:\Windows\SYSTEM32;C:\Windows\WinSxS\amd64_microsoft.windows.common-controls_6595b64144ccf1df_6.0.26100.8115_none_3e075c82e3354f9c;C:\Program Files\OpenLogic\jdk-17.0.14.7-hotspot\bin\server;C:\Users\Vauras\.gradle\native\1def1411415f61bf3af743bc5b6707747c0891f09f0c88961ee8f79bc544acac\windows-amd64;C:\Users\Vauras\.gradle\native\0.2.7\x86_64-windows-gnu

VM Arguments:
jvm_args: --add-opens=java.base/java.lang=ALL-UNNAMED --add-opens=java.base/java.lang.invoke=ALL-UNNAMED --add-opens=java.base/java.util=ALL-UNNAMED --add-opens=java.prefs/java.util.prefs=ALL-UNNAMED --add-exports=jdk.compiler/com.sun.tools.javac.api=ALL-UNNAMED --add-exports=jdk.compiler/com.sun.tools.javac.util=ALL-UNNAMED --add-opens=java.base/java.util=ALL-UNNAMED --add-opens=java.prefs/java.util.prefs=ALL-UNNAMED --add-opens=java.base/java.nio.charset=ALL-UNNAMED --add-opens=java.base/java.net=ALL-UNNAMED --add-opens=java.base/java.util.concurrent.atomic=ALL-UNNAMED --add-opens=java.xml/javax.xml.namespace=ALL-UNNAMED -XX:MaxMetaspaceSize=512m -Xmx4096m -Dfile.encoding=windows-1252 -Duser.country=IN -Duser.language=en -Duser.variant -javaagent:C:\Users\Vauras\.gradle\wrapper\dists\gradle-8.13-bin\5xuhj0ry160q40clulazy9h7d\gradle-8.13\lib\agents\gradle-instrumentation-agent-8.13.jar 
java_command: org.gradle.launcher.daemon.bootstrap.GradleDaemon 8.13
java_class_path (initial): C:\Users\Vauras\.gradle\wrapper\dists\gradle-8.13-bin\5xuhj0ry160q40clulazy9h7d\gradle-8.13\lib\gradle-daemon-main-8.13.jar
Launcher Type: SUN_STANDARD

[Global flags]
     intx CICompilerCount                          = 4                                         {product} {ergonomic}
   size_t CompressedClassSpaceSize                 = 436207616                                 {product} {ergonomic}
     uint ConcGCThreads                            = 2                                         {product} {ergonomic}
     uint G1ConcRefinementThreads                  = 8                                         {product} {ergonomic}
   size_t G1HeapRegionSize                         = 2097152                                   {product} {ergonomic}
    uintx GCDrainStackTargetSize                   = 64                                        {product} {ergonomic}
   size_t InitialHeapSize                          = 121634816                                 {product} {ergonomic}
   size_t MarkStackSize                            = 4194304                                   {product} {ergonomic}
   size_t MaxHeapSize                              = 4294967296                                {product} {command line}
   size_t MaxMetaspaceSize                         = 536870912                                 {product} {command line}
   size_t MaxNewSize                               = 2575302656                                {product} {ergonomic}
   size_t MinHeapDeltaBytes                        = 2097152                                   {product} {ergonomic}
   size_t MinHeapSize                              = 8388608                                   {product} {ergonomic}
    uintx NonNMethodCodeHeapSize                   = 5839372                                {pd product} {ergonomic}
    uintx NonProfiledCodeHeapSize                  = 122909434                              {pd product} {ergonomic}
    uintx ProfiledCodeHeapSize                     = 122909434                              {pd product} {ergonomic}
    uintx ReservedCodeCacheSize                    = 251658240                              {pd product} {ergonomic}
     bool SegmentedCodeCache                       = true                                      {product} {ergonomic}
   size_t SoftMaxHeapSize                          = 4294967296                             {manageable} {ergonomic}
     bool UseCompressedClassPointers               = true                           {product lp64_product} {ergonomic}
     bool UseCompressedOops                        = true                           {product lp64_product} {ergonomic}
     bool UseG1GC                                  = true                                      {product} {ergonomic}
     bool UseLargePagesIndividualAllocation        = false                                  {pd product} {ergonomic}

Logging:
Log output configuration:
 #0: stdout all=warning uptime,level,tags
 #1: stderr all=off uptime,level,tags

Environment Variables:
JAVA_HOME=C:\Program Files\OpenLogic\jdk-17.0.14.7-hotspot
CLASSPATH=D:\salarybooks_mobileapp\Salarybooks-App\android\\gradle\wrapper\gradle-wrapper.jar
PATH=D:\salarybooks_mobileapp\Salarybooks-App\node_modules\.bin;D:\salarybooks_mobileapp\Salarybooks-App\node_modules\.bin;D:\salarybooks_mobileapp\node_modules\.bin;D:\node_modules\.bin;C:\Users\Vauras\AppData\Roaming\nvm\v22.22.1\node_modules\npm\node_modules\@npmcli\run-script\lib\node-gyp-bin;c:\Users\Vauras\AppData\Roaming\Code\User\globalStorage\github.copilot-chat\debugCommand;c:\Users\Vauras\AppData\Roaming\Code\User\globalStorage\github.copilot-chat\copilotCli;C:\Program Files\OpenLogic\jdk-17.0.14.7-hotspot\bin;C:\Windows\system32;C:\Windows;C:\Windows\System32\Wbem;C:\Windows\System32\WindowsPowerShell\v1.0\;C:\Windows\System32\OpenSSH\;C:\Users\Vauras\AppData\Local\Android\Sdk;C:\Users\Vauras\AppData\Local\Android\Sdk\platform-tools;C:\node-v14.20.0-win-x86\node_modules\npm\bin;C:\Users\Vauras\AppData\Roaming\nvm;C:\Program Files\nodejs;C:\Program Files\nodejs\;C:\Program Files\MongoDB\Server\8.0\bin;C:\mongodb-database-tools-windows-x86_64-100.12.0\bin;C:\Program Files\Git\cmd;C:\Users\Vauras\AppData\Roaming\nvm\v18.20.8;C:\Users\Vauras\AppData\Local\Programs\Python\Python311\Scripts\;C:\Users\Vauras\AppData\Local\Programs\Python\Python311\;C:\Users\Vauras\AppData\Local\Microsoft\WindowsApps;C:\Program Files\OpenLogic\jdk-17.0.14.7-hotspot\bin;C:\Users\Vauras\AppData\Local\Android\Sdk\platform-tools;C:\Users\Vauras\AppData\Local\Android\Sdk;C:\Users\Vauras\AppData\Local\Android\Sdk\emulator;C:\Users\Vauras\AppData\Local\Android\Sdk\build-tools;C:\Users\Vauras\AppData\Roaming\nvm;C:\Program Files\nodejs;C:\Users\Vauras\AppData\Roaming\npm;C:\Program Files\nodejs;C:\Program Files\MongoDB\Server\8.0\bin;C:\mongodb-database-tools-windows-x86_64-100.12.0\bin;C:\Users\Vauras\AppData\Local\Programs\Microsoft VS Code\bin;C:\Users\Vauras\AppData\Roaming\nvm\v18.20.8;c:\Users\Vauras\.vscode\extensions\vscjava.vscode-java-debug-0.59.0\bundled\scripts\noConfigScripts
USERNAME=Vauras
LANG=en_US.UTF-8
OS=Windows_NT
PROCESSOR_IDENTIFIER=AMD64 Family 23 Model 160 Stepping 0, AuthenticAMD
TMP=C:\Users\Vauras\AppData\Local\Temp
TEMP=C:\Users\Vauras\AppData\Local\Temp



Periodic native trim disabled


---------------  S Y S T E M  ---------------

OS:
 Windows 11 , 64 bit Build 26100 (10.0.26100.8246)
OS uptime: 0 days 1:35 hours
Hyper-V role detected

CPU: total 8 (initial active 8) (8 cores per cpu, 2 threads per core) family 23 model 160 stepping 0 microcode 0x8a0000b, cx8, cmov, fxsr, ht, mmx, 3dnowpref, sse, sse2, sse3, ssse3, sse4a, sse4.1, sse4.2, popcnt, lzcnt, tsc, tscinvbit, avx, avx2, aes, clmul, bmi1, bmi2, adx, sha, fma, vzeroupper, clflush, clflushopt, hv
Processor Information for all 8 processors :
  Max Mhz: 2801, Current Mhz: 2801, Mhz Limit: 2801

Memory: 4k page, system-wide physical 7418M (587M free)
TotalPageFile size 29946M (AvailPageFile size 14M)
current process WorkingSet (physical memory assigned to process): 305M, peak: 878M
current process commit charge ("private bytes"): 1137M, peak: 1141M

vm_info: OpenJDK 64-Bit Server VM (17.0.14+7-adhoc..jdk17u) for windows-amd64 JRE (17.0.14+7-adhoc..jdk17u), built on Jul  2 2025 17:59:17 by "" with MS VC++ 16.10 / 16.11 (VS2019)

END.
