#
# There is insufficient memory for the Java Runtime Environment to continue.
# Native memory allocation (malloc) failed to allocate 1360336 bytes. Error detail: Chunk::new
# Possible reasons:
#   The system is out of physical RAM or swap space
#   This process is running with CompressedOops enabled, and the Java Heap may be blocking the growth of the native heap
# Possible solutions:
#   Reduce memory load on the system
#   Increase physical memory or swap space
#   Check if swap backing store is full
#   Decrease Java heap size (-Xmx/-Xms)
#   Decrease number of Java threads
#   Decrease Java thread stack sizes (-Xss)
#   Set larger code cache with -XX:ReservedCodeCacheSize=
#   JVM is running with Zero Based Compressed Oops mode in which the Java heap is
#     placed in the first 32GB address space. The Java Heap base address is the
#     maximum limit for the native heap growth. Please use -XX:HeapBaseMinAddress
#     to set the Java Heap base and to place the Java Heap above 32GB virtual address.
# This output file may be truncated or incomplete.
#
#  Out of Memory Error (arena.cpp:191), pid=20568, tid=12932
#
# JRE version: OpenJDK Runtime Environment OpenLogic-OpenJDK (17.0.14+7) (build 17.0.14+7-adhoc..jdk17u)
# Java VM: OpenJDK 64-Bit Server VM OpenLogic-OpenJDK (17.0.14+7-adhoc..jdk17u, mixed mode, sharing, tiered, compressed oops, compressed class ptrs, g1 gc, windows-amd64)
# No core dump will be written. Minidumps are not enabled by default on client versions of Windows
#

---------------  S U M M A R Y ------------

Command Line: --add-opens=java.base/java.lang=ALL-UNNAMED --add-opens=java.base/java.lang.invoke=ALL-UNNAMED --add-opens=java.base/java.util=ALL-UNNAMED --add-opens=java.prefs/java.util.prefs=ALL-UNNAMED --add-exports=jdk.compiler/com.sun.tools.javac.api=ALL-UNNAMED --add-exports=jdk.compiler/com.sun.tools.javac.util=ALL-UNNAMED --add-opens=java.base/java.util=ALL-UNNAMED --add-opens=java.prefs/java.util.prefs=ALL-UNNAMED --add-opens=java.base/java.nio.charset=ALL-UNNAMED --add-opens=java.base/java.net=ALL-UNNAMED --add-opens=java.base/java.util.concurrent.atomic=ALL-UNNAMED --add-opens=java.xml/javax.xml.namespace=ALL-UNNAMED -XX:MaxMetaspaceSize=1024m -Xmx4096m -Dfile.encoding=windows-1252 -Duser.country=IN -Duser.language=en -Duser.variant -javaagent:C:\Users\Vauras\.gradle\wrapper\dists\gradle-8.13-bin\5xuhj0ry160q40clulazy9h7d\gradle-8.13\lib\agents\gradle-instrumentation-agent-8.13.jar org.gradle.launcher.daemon.bootstrap.GradleDaemon 8.13

Host: AMD Ryzen 5 7520U with Radeon Graphics         , 8 cores, 7G,  Windows 11 , 64 bit Build 26100 (10.0.26100.7920)
Time: Mon Apr  6 15:52:28 2026 India Standard Time elapsed time: 355.965473 seconds (0d 0h 5m 55s)

---------------  T H R E A D  ---------------

Current thread (0x0000021d7e1eb970):  JavaThread "C2 CompilerThread1" daemon [_thread_in_native, id=12932, stack(0x0000009763d00000,0x0000009763e00000)]


Current CompileTask:
C2: 355965 42437       4       com.intellij.psi.stubs.StubList::addStub (139 bytes)

Stack: [0x0000009763d00000,0x0000009763e00000]
Native frames: (J=compiled Java code, j=interpreted, Vv=VM code, C=native code)
V  [jvm.dll+0x681069]
V  [jvm.dll+0x838cca]
V  [jvm.dll+0x83a78e]
V  [jvm.dll+0x83adf3]
V  [jvm.dll+0x24826f]
V  [jvm.dll+0xac9f4]
V  [jvm.dll+0xad03c]
V  [jvm.dll+0x3678e2]
V  [jvm.dll+0x331cda]
V  [jvm.dll+0x33117a]
V  [jvm.dll+0x21a7b1]
V  [jvm.dll+0x219bf1]
V  [jvm.dll+0x1a599d]
V  [jvm.dll+0x22994d]
V  [jvm.dll+0x227adc]
V  [jvm.dll+0x7edb77]
V  [jvm.dll+0x7e7f6c]
V  [jvm.dll+0x67ff37]
C  [ucrtbase.dll+0x37b0]
C  [KERNEL32.DLL+0x2e8d7]
C  [ntdll.dll+0x8c48c]


---------------  P R O C E S S  ---------------

Threads class SMR info:
_java_thread_list=0x0000021d783d2900, length=195, elements={
0x0000021d4e35c590, 0x0000021d7276f870, 0x0000021d72770eb0, 0x0000021d72787fe0,
0x0000021d7278ccd0, 0x0000021d7278e110, 0x0000021d7278f550, 0x0000021d727961d0,
0x0000021d7279fc70, 0x0000021d727b18b0, 0x0000021d7275afa0, 0x0000021d72b0fc20,
0x0000021d7745abe0, 0x0000021d78f16040, 0x0000021d77239d50, 0x0000021d77e69540,
0x0000021d77e662a0, 0x0000021d77e66cc0, 0x0000021d792eed00, 0x0000021d792f0650,
0x0000021d792ef720, 0x0000021d792f1580, 0x0000021d7b7a8c50, 0x0000021d7b7aa5a0,
0x0000021d774eb970, 0x0000021d774ec8a0, 0x0000021d77fd8d30, 0x0000021d77fdb5b0,
0x0000021d77fdfc90, 0x0000021d77fe06b0, 0x0000021d77fdf780, 0x0000021d792ed8c0,
0x0000021d7b7aa090, 0x0000021d7b7a4060, 0x0000021d7b7a7300, 0x0000021d774f32f0,
0x0000021d774f19a0, 0x0000021d774ee1f0, 0x0000021d774ecdb0, 0x0000021d774eec10,
0x0000021d774ef630, 0x0000021d774edce0, 0x0000021d774ec390, 0x0000021d774ed2c0,
0x0000021d774ebe80, 0x0000021d774f23c0, 0x0000021d774f28d0, 0x0000021d774f0050,
0x0000021d774f2de0, 0x0000021d774efb40, 0x0000021d774f0560, 0x0000021d774f0a70,
0x0000021d7b7a5ec0, 0x0000021d7b7a63d0, 0x0000021d7b7a4570, 0x0000021d7b7a68e0,
0x0000021d7b7a6df0, 0x0000021d7b7a8230, 0x0000021d7b7a4f90, 0x0000021d7b7a4a80,
0x0000021d7b7a8740, 0x0000021d7b7a9160, 0x0000021d7b7a59b0, 0x0000021d7b7aaab0,
0x0000021d7b7aafc0, 0x0000021d7b7ab4d0, 0x0000021d7b7ab9e0, 0x0000021d7aefd640,
0x0000021d7aefe570, 0x0000021d7aefea80, 0x0000021d7aefbcf0, 0x0000021d7aefef90,
0x0000021d7aefc710, 0x0000021d7af01d20, 0x0000021d7af02230, 0x0000021d7af02740,
0x0000021d7af02c50, 0x0000021d7aeff4a0, 0x0000021d7af03160, 0x0000021d7af03670,
0x0000021d792efc30, 0x0000021d792f0140, 0x0000021d792f1a90, 0x0000021d792ee2e0,
0x0000021d792f1fa0, 0x0000021d792ef210, 0x0000021d792f24b0, 0x0000021d792f4310,
0x0000021d792f2ed0, 0x0000021d792f4d30, 0x0000021d792f4820, 0x0000021d792f33e0,
0x0000021d792f38f0, 0x0000021d77fdc9f0, 0x0000021d77fdc4e0, 0x0000021d77fd9240,
0x0000021d77fd9750, 0x0000021d77fda170, 0x0000021d77fdb0a0, 0x0000021d77fdd410,
0x0000021d77fda680, 0x0000021d77fde340, 0x0000021d77fdab90, 0x0000021d77fde850,
0x0000021d77fded60, 0x0000021d77e671d0, 0x0000021d77e69030, 0x0000021d77e676e0,
0x0000021d77e67bf0, 0x0000021d77e68100, 0x0000021d77e68610, 0x0000021d7e8a5aa0,
0x0000021d7e8a4b70, 0x0000021d7e8a69d0, 0x0000021d7e8a5fb0, 0x0000021d7e8a9c70,
0x0000021d7e8ac4f0, 0x0000021d393b65a0, 0x0000021d393b6ab0, 0x0000021d393b8400,
0x0000021d393b6fc0, 0x0000021d393b4c50, 0x0000021d393b74d0, 0x0000021d393b79e0,
0x0000021d393b7ef0, 0x0000021d393b5160, 0x0000021d393b5670, 0x0000021d393b5b80,
0x0000021d393b6090, 0x0000021d3cbd6aa0, 0x0000021d3cbd79d0, 0x0000021d3cbd74c0,
0x0000021d3cbd6080, 0x0000021d3cbd6590, 0x0000021d3cbd8e10, 0x0000021d3cbd6fb0,
0x0000021d3cbd9d40, 0x0000021d3cbd8900, 0x0000021d3cbdac70, 0x0000021d3cbda250,
0x0000021d3cbd83f0, 0x0000021d3cbdcad0, 0x0000021d3cbdc0b0, 0x0000021d3cbdcfe0,
0x0000021d3cbdda00, 0x0000021d7e8a8d40, 0x0000021d7e8a64c0, 0x0000021d3abab690,
0x0000021d3aba9830, 0x0000021d3abacfe0, 0x0000021d3abaa250, 0x0000021d3abada00,
0x0000021d3abae420, 0x0000021d3abadf10, 0x0000021d3abaac70, 0x0000021d3abab180,
0x0000021d3abaf860, 0x0000021d3abaee40, 0x0000021d3abae930, 0x0000021d3abaf350,
0x0000021d3abafd70, 0x0000021d3abb0280, 0x0000021d7e8abfe0, 0x0000021d3d004eb0,
0x0000021d3d004490, 0x0000021d3d0053c0, 0x0000021d3d003050, 0x0000021d3d006d10,
0x0000021d3d003560, 0x0000021d3d007220, 0x0000021d3d003a70, 0x0000021d3d009080,
0x0000021d3d009590, 0x0000021d3d00aee0, 0x0000021d3d00a4c0, 0x0000021d3d00a9d0,
0x0000021d3d00e690, 0x0000021d3d00cd40, 0x0000021d3d009fb0, 0x0000021d3d010a00,
0x0000021d7aefc200, 0x0000021d7af003d0, 0x0000021d7aefdb50, 0x0000021d3d008150,
0x0000021d3d0058d0, 0x0000021d3d0104f0, 0x0000021d3d00d250, 0x0000021d3d010f10,
0x0000021d3d00d760, 0x0000021d3d011930, 0x0000021d3d00fad0, 0x0000021d3abac0b0,
0x0000021d3aba8e10, 0x0000021d7e1eb970, 0x0000021d7e1ed400
}

Java Threads: ( => current thread )
  0x0000021d4e35c590 JavaThread "main" [_thread_blocked, id=12960, stack(0x0000009759a00000,0x0000009759b00000)]
  0x0000021d7276f870 JavaThread "Reference Handler" daemon [_thread_blocked, id=15012, stack(0x000000975a100000,0x000000975a200000)]
  0x0000021d72770eb0 JavaThread "Finalizer" daemon [_thread_blocked, id=19628, stack(0x000000975a200000,0x000000975a300000)]
  0x0000021d72787fe0 JavaThread "Signal Dispatcher" daemon [_thread_blocked, id=21628, stack(0x000000975a300000,0x000000975a400000)]
  0x0000021d7278ccd0 JavaThread "Attach Listener" daemon [_thread_blocked, id=22480, stack(0x000000975a400000,0x000000975a500000)]
  0x0000021d7278e110 JavaThread "Service Thread" daemon [_thread_blocked, id=17888, stack(0x000000975a500000,0x000000975a600000)]
  0x0000021d7278f550 JavaThread "Monitor Deflation Thread" daemon [_thread_blocked, id=2484, stack(0x000000975a600000,0x000000975a700000)]
  0x0000021d727961d0 JavaThread "C2 CompilerThread0" daemon [_thread_in_native, id=24088, stack(0x000000975a700000,0x000000975a800000)]
  0x0000021d7279fc70 JavaThread "C1 CompilerThread0" daemon [_thread_in_vm, id=7476, stack(0x000000975a800000,0x000000975a900000)]
  0x0000021d727b18b0 JavaThread "Sweeper thread" daemon [_thread_blocked, id=20508, stack(0x000000975a900000,0x000000975aa00000)]
  0x0000021d7275afa0 JavaThread "Common-Cleaner" daemon [_thread_blocked, id=7676, stack(0x000000975aa00000,0x000000975ab00000)]
  0x0000021d72b0fc20 JavaThread "Notification Thread" daemon [_thread_blocked, id=21800, stack(0x000000975ac00000,0x000000975ad00000)]
  0x0000021d7745abe0 JavaThread "Daemon health stats" [_thread_blocked, id=1356, stack(0x000000975b300000,0x000000975b400000)]
  0x0000021d78f16040 JavaThread "Incoming local TCP Connector on port 59273" [_thread_in_native, id=5240, stack(0x000000975b400000,0x000000975b500000)]
  0x0000021d77239d50 JavaThread "Daemon periodic checks" [_thread_blocked, id=24060, stack(0x000000975b500000,0x000000975b600000)]
  0x0000021d77e69540 JavaThread "Cache worker for journal cache (C:\Users\Vauras\.gradle\caches\journal-1)" [_thread_blocked, id=7328, stack(0x000000975ab00000,0x000000975ac00000)]
  0x0000021d77e662a0 JavaThread "File lock request listener" [_thread_in_native, id=21260, stack(0x000000975bd00000,0x000000975be00000)]
  0x0000021d77e66cc0 JavaThread "Cache worker for file hash cache (C:\Users\Vauras\.gradle\caches\8.13\fileHashes)" [_thread_blocked, id=9904, stack(0x000000975be00000,0x000000975bf00000)]
  0x0000021d792eed00 JavaThread "File watcher server" daemon [_thread_in_native, id=22632, stack(0x000000975c600000,0x000000975c700000)]
  0x0000021d792f0650 JavaThread "File watcher consumer" daemon [_thread_blocked, id=21920, stack(0x000000975c700000,0x000000975c800000)]
  0x0000021d792ef720 JavaThread "jar transforms" [_thread_blocked, id=19328, stack(0x000000975c800000,0x000000975c900000)]
  0x0000021d792f1580 JavaThread "Cache worker for file content cache (C:\Users\Vauras\.gradle\caches\8.13\fileContent)" [_thread_blocked, id=6964, stack(0x000000975ca00000,0x000000975cb00000)]
  0x0000021d7b7a8c50 JavaThread "Memory manager" [_thread_blocked, id=21912, stack(0x000000975e900000,0x000000975ea00000)]
  0x0000021d7b7aa5a0 JavaThread "ForkJoinPool.commonPool-worker-1" daemon [_thread_blocked, id=14900, stack(0x000000975eb00000,0x000000975ec00000)]
  0x0000021d774eb970 JavaThread "ForkJoinPool.commonPool-worker-5" daemon [_thread_blocked, id=15752, stack(0x000000975ef00000,0x000000975f000000)]
  0x0000021d774ec8a0 JavaThread "ForkJoinPool.commonPool-worker-7" daemon [_thread_blocked, id=9612, stack(0x000000975f100000,0x000000975f200000)]
  0x0000021d77fd8d30 JavaThread "jar transforms Thread 2" [_thread_blocked, id=18764, stack(0x0000009763000000,0x0000009763100000)]
  0x0000021d77fdb5b0 JavaThread "jar transforms Thread 3" [_thread_blocked, id=20496, stack(0x0000009763100000,0x0000009763200000)]
  0x0000021d77fdfc90 JavaThread "jar transforms Thread 4" [_thread_blocked, id=21392, stack(0x0000009763600000,0x0000009763700000)]
  0x0000021d77fe06b0 JavaThread "jar transforms Thread 5" [_thread_blocked, id=24268, stack(0x000000975ea00000,0x000000975eb00000)]
  0x0000021d77fdf780 JavaThread "jar transforms Thread 6" [_thread_blocked, id=10592, stack(0x0000009763500000,0x0000009763600000)]
  0x0000021d792ed8c0 JavaThread "jar transforms Thread 7" [_thread_blocked, id=24548, stack(0x0000009763b00000,0x0000009763c00000)]
  0x0000021d7b7aa090 JavaThread "jar transforms Thread 8" [_thread_blocked, id=22476, stack(0x0000009763c00000,0x0000009763d00000)]
  0x0000021d7b7a4060 JavaThread "Daemon Thread 2" [_thread_blocked, id=2880, stack(0x0000009759700000,0x0000009759800000)]
  0x0000021d7b7a7300 JavaThread "Daemon worker Thread 2" [_thread_blocked, id=11320, stack(0x000000975b600000,0x000000975b700000)]
  0x0000021d774f32f0 JavaThread "ForkJoinPool.commonPool-worker-8" daemon [_thread_blocked, id=22684, stack(0x000000975df00000,0x000000975e000000)]
  0x0000021d774f19a0 JavaThread "ForkJoinPool.commonPool-worker-9" daemon [_thread_blocked, id=17680, stack(0x000000975e000000,0x000000975e100000)]
  0x0000021d774ee1f0 JavaThread "Handler for socket connection from /127.0.0.1:59273 to /127.0.0.1:61745" [_thread_in_native, id=22148, stack(0x0000009759900000,0x0000009759a00000)]
  0x0000021d774ecdb0 JavaThread "Cancel handler" [_thread_blocked, id=8336, stack(0x000000975b800000,0x000000975b900000)]
  0x0000021d774eec10 JavaThread "Asynchronous log dispatcher for DefaultDaemonConnection: socket connection from /127.0.0.1:59273 to /127.0.0.1:61745" [_thread_blocked, id=7072, stack(0x000000975b900000,0x000000975ba00000)]
  0x0000021d774ef630 JavaThread "Stdin handler" [_thread_blocked, id=15372, stack(0x000000975ba00000,0x000000975bb00000)]
  0x0000021d774edce0 JavaThread "Daemon client event forwarder" [_thread_blocked, id=10024, stack(0x000000975bb00000,0x000000975bc00000)]
  0x0000021d774ec390 JavaThread "Cache worker for file hash cache (D:\salarybooks_mobileapp\Salarybooks-App\android\.gradle\8.13\fileHashes)" [_thread_blocked, id=20100, stack(0x000000975bc00000,0x000000975bd00000)]
  0x0000021d774ed2c0 JavaThread "Cache worker for Build Output Cleanup Cache (D:\salarybooks_mobileapp\Salarybooks-App\android\.gradle\buildOutputCleanup)" [_thread_blocked, id=3300, stack(0x000000975c200000,0x000000975c300000)]
  0x0000021d774ebe80 JavaThread "Cache worker for checksums cache (D:\salarybooks_mobileapp\Salarybooks-App\android\.gradle\8.13\checksums)" [_thread_blocked, id=19008, stack(0x000000975c300000,0x000000975c400000)]
  0x0000021d774f23c0 JavaThread "Cache worker for cache directory md-supplier (C:\Users\Vauras\.gradle\caches\8.13\md-supplier)" [_thread_blocked, id=24560, stack(0x000000975c400000,0x000000975c500000)]
  0x0000021d774f28d0 JavaThread "Cache worker for cache directory md-rule (C:\Users\Vauras\.gradle\caches\8.13\md-rule)" [_thread_blocked, id=20168, stack(0x000000975c900000,0x000000975ca00000)]
  0x0000021d774f0050 JavaThread "Cache worker for Build Output Cleanup Cache (D:\salarybooks_mobileapp\Salarybooks-App\node_modules\@react-native\gradle-plugin\.gradle\buildOutputCleanup)" [_thread_blocked, id=6288, stack(0x000000975cb00000,0x000000975cc00000)]
  0x0000021d774f2de0 JavaThread "Unconstrained build operations" [_thread_blocked, id=23796, stack(0x000000975cc00000,0x000000975cd00000)]
  0x0000021d774efb40 JavaThread "Unconstrained build operations Thread 2" [_thread_blocked, id=15060, stack(0x000000975cd00000,0x000000975ce00000)]
  0x0000021d774f0560 JavaThread "Unconstrained build operations Thread 3" [_thread_blocked, id=21140, stack(0x000000975ce00000,0x000000975cf00000)]
  0x0000021d774f0a70 JavaThread "Unconstrained build operations Thread 4" [_thread_blocked, id=9788, stack(0x000000975cf00000,0x000000975d000000)]
  0x0000021d7b7a5ec0 JavaThread "Unconstrained build operations Thread 5" [_thread_blocked, id=4876, stack(0x000000975d100000,0x000000975d200000)]
  0x0000021d7b7a63d0 JavaThread "Unconstrained build operations Thread 6" [_thread_blocked, id=7352, stack(0x000000975d200000,0x000000975d300000)]
  0x0000021d7b7a4570 JavaThread "Unconstrained build operations Thread 7" [_thread_blocked, id=24412, stack(0x000000975d300000,0x000000975d400000)]
  0x0000021d7b7a68e0 JavaThread "Unconstrained build operations Thread 8" [_thread_blocked, id=23872, stack(0x000000975d400000,0x000000975d500000)]
  0x0000021d7b7a6df0 JavaThread "Unconstrained build operations Thread 9" [_thread_blocked, id=17020, stack(0x000000975d500000,0x000000975d600000)]
  0x0000021d7b7a8230 JavaThread "Unconstrained build operations Thread 10" [_thread_blocked, id=5936, stack(0x000000975d600000,0x000000975d700000)]
  0x0000021d7b7a4f90 JavaThread "Unconstrained build operations Thread 11" [_thread_blocked, id=4524, stack(0x000000975d700000,0x000000975d800000)]
  0x0000021d7b7a4a80 JavaThread "Unconstrained build operations Thread 12" [_thread_blocked, id=20728, stack(0x000000975d800000,0x000000975d900000)]
  0x0000021d7b7a8740 JavaThread "Unconstrained build operations Thread 13" [_thread_blocked, id=9552, stack(0x000000975d900000,0x000000975da00000)]
  0x0000021d7b7a9160 JavaThread "Unconstrained build operations Thread 14" [_thread_blocked, id=2980, stack(0x000000975da00000,0x000000975db00000)]
  0x0000021d7b7a59b0 JavaThread "Unconstrained build operations Thread 15" [_thread_blocked, id=5260, stack(0x000000975db00000,0x000000975dc00000)]
  0x0000021d7b7aaab0 JavaThread "Unconstrained build operations Thread 16" [_thread_blocked, id=15044, stack(0x000000975dc00000,0x000000975dd00000)]
  0x0000021d7b7aafc0 JavaThread "Unconstrained build operations Thread 17" [_thread_blocked, id=21732, stack(0x000000975dd00000,0x000000975de00000)]
  0x0000021d7b7ab4d0 JavaThread "Unconstrained build operations Thread 18" [_thread_blocked, id=19320, stack(0x000000975de00000,0x000000975df00000)]
  0x0000021d7b7ab9e0 JavaThread "build event listener" [_thread_blocked, id=15712, stack(0x000000975e200000,0x000000975e300000)]
  0x0000021d7aefd640 JavaThread "included builds" [_thread_blocked, id=16504, stack(0x000000975e300000,0x000000975e400000)]
  0x0000021d7aefe570 JavaThread "Execution worker" [_thread_blocked, id=11136, stack(0x000000975e400000,0x000000975e500000)]
  0x0000021d7aefea80 JavaThread "Execution worker Thread 2" [_thread_blocked, id=22852, stack(0x000000975e500000,0x000000975e600000)]
  0x0000021d7aefbcf0 JavaThread "Execution worker Thread 3" [_thread_blocked, id=21872, stack(0x000000975e600000,0x000000975e700000)]
  0x0000021d7aefef90 JavaThread "Execution worker Thread 4" [_thread_blocked, id=22936, stack(0x000000975e700000,0x000000975e800000)]
  0x0000021d7aefc710 JavaThread "Execution worker Thread 5" [_thread_blocked, id=23960, stack(0x000000975e800000,0x000000975e900000)]
  0x0000021d7af01d20 JavaThread "Execution worker Thread 6" [_thread_blocked, id=2892, stack(0x000000975ed00000,0x000000975ee00000)]
  0x0000021d7af02230 JavaThread "Execution worker Thread 7" [_thread_blocked, id=7236, stack(0x000000975f000000,0x000000975f100000)]
  0x0000021d7af02740 JavaThread "Cache worker for execution history cache (D:\salarybooks_mobileapp\Salarybooks-App\node_modules\@react-native\gradle-plugin\.gradle\8.13\executionHistory)" [_thread_blocked, id=22340, stack(0x000000975f200000,0x000000975f300000)]
  0x0000021d7af02c50 JavaThread "Unconstrained build operations Thread 19" [_thread_blocked, id=21144, stack(0x000000975f300000,0x000000975f400000)]
  0x0000021d7aeff4a0 JavaThread "Unconstrained build operations Thread 20" [_thread_blocked, id=20008, stack(0x000000975f400000,0x000000975f500000)]
  0x0000021d7af03160 JavaThread "Unconstrained build operations Thread 21" [_thread_blocked, id=5360, stack(0x000000975f500000,0x000000975f600000)]
  0x0000021d7af03670 JavaThread "Unconstrained build operations Thread 22" [_thread_blocked, id=7424, stack(0x000000975f600000,0x000000975f700000)]
  0x0000021d792efc30 JavaThread "Unconstrained build operations Thread 23" [_thread_blocked, id=24428, stack(0x000000975f700000,0x000000975f800000)]
  0x0000021d792f0140 JavaThread "Unconstrained build operations Thread 24" [_thread_blocked, id=7284, stack(0x000000975f800000,0x000000975f900000)]
  0x0000021d792f1a90 JavaThread "Unconstrained build operations Thread 25" [_thread_blocked, id=20864, stack(0x000000975f900000,0x000000975fa00000)]
  0x0000021d792ee2e0 JavaThread "Unconstrained build operations Thread 26" [_thread_blocked, id=20044, stack(0x000000975fa00000,0x000000975fb00000)]
  0x0000021d792f1fa0 JavaThread "Unconstrained build operations Thread 27" [_thread_blocked, id=22208, stack(0x000000975fb00000,0x000000975fc00000)]
  0x0000021d792ef210 JavaThread "Unconstrained build operations Thread 28" [_thread_blocked, id=12872, stack(0x000000975fc00000,0x000000975fd00000)]
  0x0000021d792f24b0 JavaThread "Unconstrained build operations Thread 29" [_thread_blocked, id=14128, stack(0x000000975fd00000,0x000000975fe00000)]
  0x0000021d792f4310 JavaThread "Unconstrained build operations Thread 30" [_thread_blocked, id=6940, stack(0x000000975fe00000,0x000000975ff00000)]
  0x0000021d792f2ed0 JavaThread "Unconstrained build operations Thread 31" [_thread_blocked, id=23628, stack(0x000000975ff00000,0x0000009760000000)]
  0x0000021d792f4d30 JavaThread "Unconstrained build operations Thread 32" [_thread_blocked, id=4260, stack(0x0000009760000000,0x0000009760100000)]
  0x0000021d792f4820 JavaThread "Unconstrained build operations Thread 33" [_thread_blocked, id=10156, stack(0x0000009760100000,0x0000009760200000)]
  0x0000021d792f33e0 JavaThread "Unconstrained build operations Thread 34" [_thread_blocked, id=7148, stack(0x0000009760200000,0x0000009760300000)]
  0x0000021d792f38f0 JavaThread "Unconstrained build operations Thread 35" [_thread_blocked, id=14420, stack(0x0000009760300000,0x0000009760400000)]
  0x0000021d77fdc9f0 JavaThread "Unconstrained build operations Thread 36" [_thread_blocked, id=16468, stack(0x0000009760400000,0x0000009760500000)]
  0x0000021d77fdc4e0 JavaThread "Unconstrained build operations Thread 37" [_thread_blocked, id=24132, stack(0x0000009760500000,0x0000009760600000)]
  0x0000021d77fd9240 JavaThread "Unconstrained build operations Thread 38" [_thread_blocked, id=19872, stack(0x0000009760600000,0x0000009760700000)]
  0x0000021d77fd9750 JavaThread "Unconstrained build operations Thread 39" [_thread_blocked, id=19492, stack(0x0000009760700000,0x0000009760800000)]
  0x0000021d77fda170 JavaThread "Unconstrained build operations Thread 40" [_thread_blocked, id=12732, stack(0x0000009760800000,0x0000009760900000)]
  0x0000021d77fdb0a0 JavaThread "Unconstrained build operations Thread 41" [_thread_blocked, id=20604, stack(0x0000009760900000,0x0000009760a00000)]
  0x0000021d77fdd410 JavaThread "Unconstrained build operations Thread 42" [_thread_blocked, id=16272, stack(0x0000009760a00000,0x0000009760b00000)]
  0x0000021d77fda680 JavaThread "Unconstrained build operations Thread 43" [_thread_blocked, id=3524, stack(0x0000009760b00000,0x0000009760c00000)]
  0x0000021d77fde340 JavaThread "Unconstrained build operations Thread 44" [_thread_blocked, id=15268, stack(0x0000009760c00000,0x0000009760d00000)]
  0x0000021d77fdab90 JavaThread "Unconstrained build operations Thread 45" [_thread_blocked, id=18024, stack(0x0000009760d00000,0x0000009760e00000)]
  0x0000021d77fde850 JavaThread "Unconstrained build operations Thread 46" [_thread_blocked, id=15332, stack(0x0000009760e00000,0x0000009760f00000)]
  0x0000021d77fded60 JavaThread "Unconstrained build operations Thread 47" [_thread_blocked, id=3696, stack(0x0000009760f00000,0x0000009761000000)]
  0x0000021d77e671d0 JavaThread "Unconstrained build operations Thread 48" [_thread_blocked, id=24496, stack(0x0000009761000000,0x0000009761100000)]
  0x0000021d77e69030 JavaThread "Unconstrained build operations Thread 49" [_thread_blocked, id=24472, stack(0x0000009761100000,0x0000009761200000)]
  0x0000021d77e676e0 JavaThread "Unconstrained build operations Thread 50" [_thread_blocked, id=1636, stack(0x0000009761200000,0x0000009761300000)]
  0x0000021d77e67bf0 JavaThread "Unconstrained build operations Thread 51" [_thread_blocked, id=19584, stack(0x0000009761300000,0x0000009761400000)]
  0x0000021d77e68100 JavaThread "Unconstrained build operations Thread 52" [_thread_blocked, id=8156, stack(0x0000009761400000,0x0000009761500000)]
  0x0000021d77e68610 JavaThread "Unconstrained build operations Thread 53" [_thread_blocked, id=23460, stack(0x0000009761500000,0x0000009761600000)]
  0x0000021d7e8a5aa0 JavaThread "Unconstrained build operations Thread 54" [_thread_blocked, id=4980, stack(0x0000009761600000,0x0000009761700000)]
  0x0000021d7e8a4b70 JavaThread "Unconstrained build operations Thread 55" [_thread_blocked, id=23916, stack(0x0000009761700000,0x0000009761800000)]
  0x0000021d7e8a69d0 JavaThread "Unconstrained build operations Thread 56" [_thread_blocked, id=9872, stack(0x0000009761800000,0x0000009761900000)]
  0x0000021d7e8a5fb0 JavaThread "Unconstrained build operations Thread 57" [_thread_blocked, id=13236, stack(0x0000009761900000,0x0000009761a00000)]
  0x0000021d7e8a9c70 JavaThread "Unconstrained build operations Thread 58" [_thread_blocked, id=8904, stack(0x0000009761a00000,0x0000009761b00000)]
  0x0000021d7e8ac4f0 JavaThread "Unconstrained build operations Thread 59" [_thread_blocked, id=13848, stack(0x0000009761b00000,0x0000009761c00000)]
  0x0000021d393b65a0 JavaThread "Unconstrained build operations Thread 60" [_thread_blocked, id=23292, stack(0x0000009761c00000,0x0000009761d00000)]
  0x0000021d393b6ab0 JavaThread "Unconstrained build operations Thread 61" [_thread_blocked, id=21740, stack(0x0000009761d00000,0x0000009761e00000)]
  0x0000021d393b8400 JavaThread "Unconstrained build operations Thread 62" [_thread_blocked, id=23388, stack(0x0000009761e00000,0x0000009761f00000)]
  0x0000021d393b6fc0 JavaThread "Unconstrained build operations Thread 63" [_thread_blocked, id=17796, stack(0x0000009761f00000,0x0000009762000000)]
  0x0000021d393b4c50 JavaThread "Unconstrained build operations Thread 64" [_thread_blocked, id=2960, stack(0x0000009762000000,0x0000009762100000)]
  0x0000021d393b74d0 JavaThread "Unconstrained build operations Thread 65" [_thread_blocked, id=23688, stack(0x0000009762100000,0x0000009762200000)]
  0x0000021d393b79e0 JavaThread "Unconstrained build operations Thread 66" [_thread_blocked, id=8348, stack(0x0000009762200000,0x0000009762300000)]
  0x0000021d393b7ef0 JavaThread "Unconstrained build operations Thread 67" [_thread_blocked, id=18680, stack(0x0000009762300000,0x0000009762400000)]
  0x0000021d393b5160 JavaThread "Unconstrained build operations Thread 68" [_thread_blocked, id=20888, stack(0x0000009762400000,0x0000009762500000)]
  0x0000021d393b5670 JavaThread "build event listener" [_thread_blocked, id=17396, stack(0x0000009762500000,0x0000009762600000)]
  0x0000021d393b5b80 JavaThread "Problems report writer" [_thread_blocked, id=7396, stack(0x0000009762600000,0x0000009762700000)]
  0x0000021d393b6090 JavaThread "Unconstrained build operations Thread 69" [_thread_blocked, id=15204, stack(0x0000009762800000,0x0000009762900000)]
  0x0000021d3cbd6aa0 JavaThread "Unconstrained build operations Thread 70" [_thread_blocked, id=21080, stack(0x0000009762900000,0x0000009762a00000)]
  0x0000021d3cbd79d0 JavaThread "Unconstrained build operations Thread 71" [_thread_blocked, id=23828, stack(0x0000009762a00000,0x0000009762b00000)]
  0x0000021d3cbd74c0 JavaThread "Unconstrained build operations Thread 72" [_thread_blocked, id=9744, stack(0x0000009762b00000,0x0000009762c00000)]
  0x0000021d3cbd6080 JavaThread "Unconstrained build operations Thread 73" [_thread_blocked, id=24076, stack(0x0000009762c00000,0x0000009762d00000)]
  0x0000021d3cbd6590 JavaThread "Unconstrained build operations Thread 74" [_thread_blocked, id=6160, stack(0x0000009762d00000,0x0000009762e00000)]
  0x0000021d3cbd8e10 JavaThread "Unconstrained build operations Thread 75" [_thread_blocked, id=23640, stack(0x0000009762e00000,0x0000009762f00000)]
  0x0000021d3cbd6fb0 JavaThread "Unconstrained build operations Thread 76" [_thread_blocked, id=11652, stack(0x0000009762f00000,0x0000009763000000)]
  0x0000021d3cbd9d40 JavaThread "Unconstrained build operations Thread 77" [_thread_blocked, id=24348, stack(0x0000009763200000,0x0000009763300000)]
  0x0000021d3cbd8900 JavaThread "Unconstrained build operations Thread 78" [_thread_blocked, id=14488, stack(0x0000009763e00000,0x0000009763f00000)]
  0x0000021d3cbdac70 JavaThread "Unconstrained build operations Thread 79" [_thread_blocked, id=4068, stack(0x0000009764000000,0x0000009764100000)]
  0x0000021d3cbda250 JavaThread "Unconstrained build operations Thread 80" [_thread_blocked, id=2468, stack(0x0000009764100000,0x0000009764200000)]
  0x0000021d3cbd83f0 JavaThread "Cache worker for execution history cache (D:\salarybooks_mobileapp\Salarybooks-App\android\.gradle\8.13\executionHistory)" [_thread_blocked, id=820, stack(0x0000009764300000,0x0000009764400000)]
  0x0000021d3cbdcad0 JavaThread "WorkerExecutor Queue" [_thread_blocked, id=18440, stack(0x0000009764400000,0x0000009764500000)]
  0x0000021d3cbdc0b0 JavaThread "WorkerExecutor Queue Thread 2" [_thread_blocked, id=15868, stack(0x0000009764500000,0x0000009764600000)]
  0x0000021d3cbdcfe0 JavaThread "WorkerExecutor Queue Thread 3" [_thread_blocked, id=15876, stack(0x0000009764600000,0x0000009764700000)]
  0x0000021d3cbdda00 JavaThread "WorkerExecutor Queue Thread 5" [_thread_blocked, id=16264, stack(0x0000009764800000,0x0000009764900000)]
  0x0000021d7e8a8d40 JavaThread "WorkerExecutor Queue Thread 6" [_thread_blocked, id=16012, stack(0x0000009764900000,0x0000009764a00000)]
  0x0000021d7e8a64c0 JavaThread "WorkerExecutor Queue Thread 7" [_thread_blocked, id=16240, stack(0x0000009764a00000,0x0000009764b00000)]
  0x0000021d3abab690 JavaThread "pool-7-thread-1" [_thread_blocked, id=21660, stack(0x000000975e100000,0x000000975e200000)]
  0x0000021d3aba9830 JavaThread "stderr" [_thread_in_native, id=20816, stack(0x000000975ee00000,0x000000975ef00000)]
  0x0000021d3abacfe0 JavaThread "stdout" [_thread_in_native, id=5416, stack(0x0000009762700000,0x0000009762800000)]
  0x0000021d3abaa250 JavaThread "stderr" [_thread_in_native, id=11484, stack(0x0000009764c00000,0x0000009764d00000)]
  0x0000021d3abada00 JavaThread "stdout" [_thread_in_native, id=3200, stack(0x0000009764d00000,0x0000009764e00000)]
  0x0000021d3abae420 JavaThread "stderr" [_thread_in_native, id=18016, stack(0x0000009764e00000,0x0000009764f00000)]
  0x0000021d3abadf10 JavaThread "stdout" [_thread_in_native, id=17960, stack(0x0000009764f00000,0x0000009765000000)]
  0x0000021d3abaac70 JavaThread "stderr" [_thread_in_native, id=15524, stack(0x0000009765000000,0x0000009765100000)]
  0x0000021d3abab180 JavaThread "stdout" [_thread_in_native, id=18656, stack(0x0000009765100000,0x0000009765200000)]
  0x0000021d3abaf860 JavaThread "stderr" [_thread_in_native, id=5384, stack(0x0000009765200000,0x0000009765300000)]
  0x0000021d3abaee40 JavaThread "stdout" [_thread_in_native, id=3308, stack(0x0000009765300000,0x0000009765400000)]
  0x0000021d3abae930 JavaThread "stderr" [_thread_in_native, id=14600, stack(0x0000009765400000,0x0000009765500000)]
  0x0000021d3abaf350 JavaThread "stdout" [_thread_in_native, id=17824, stack(0x0000009765500000,0x0000009765600000)]
  0x0000021d3abafd70 JavaThread "stderr" [_thread_in_native, id=23744, stack(0x0000009765600000,0x0000009765700000)]
  0x0000021d3abb0280 JavaThread "stdout" [_thread_in_native, id=15888, stack(0x0000009765700000,0x0000009765800000)]
  0x0000021d7e8abfe0 JavaThread "Cache worker for Java compile cache (C:\Users\Vauras\.gradle\caches\8.13\javaCompile)" [_thread_blocked, id=812, stack(0x0000009765800000,0x0000009765900000)]
  0x0000021d3d004eb0 JavaThread "Build operations" [_thread_blocked, id=3736, stack(0x0000009765900000,0x0000009765a00000)]
  0x0000021d3d004490 JavaThread "Build operations Thread 2" [_thread_blocked, id=4144, stack(0x0000009765a00000,0x0000009765b00000)]
  0x0000021d3d0053c0 JavaThread "Build operations Thread 3" [_thread_blocked, id=16052, stack(0x0000009765b00000,0x0000009765c00000)]
  0x0000021d3d003050 JavaThread "Build operations Thread 4" [_thread_blocked, id=16020, stack(0x0000009765c00000,0x0000009765d00000)]
  0x0000021d3d006d10 JavaThread "Build operations Thread 5" [_thread_blocked, id=15484, stack(0x0000009765d00000,0x0000009765e00000)]
  0x0000021d3d003560 JavaThread "Build operations Thread 6" [_thread_blocked, id=20948, stack(0x0000009765e00000,0x0000009765f00000)]
  0x0000021d3d007220 JavaThread "Build operations Thread 7" [_thread_blocked, id=4780, stack(0x0000009765f00000,0x0000009766000000)]
  0x0000021d3d003a70 JavaThread "Build operations Thread 8" [_thread_blocked, id=13424, stack(0x0000009766000000,0x0000009766100000)]
  0x0000021d3d009080 JavaThread "RMI Scheduler(0)" daemon [_thread_blocked, id=20468, stack(0x0000009766100000,0x0000009766200000)]
  0x0000021d3d009590 JavaThread "RMI GC Daemon" daemon [_thread_blocked, id=7564, stack(0x0000009766300000,0x0000009766400000)]
  0x0000021d3d00aee0 JavaThread "RMI TCP Accept-0" daemon [_thread_in_native, id=21228, stack(0x0000009766500000,0x0000009766600000)]
  0x0000021d3d00a4c0 JavaThread "RMI Reaper" [_thread_blocked, id=12068, stack(0x0000009766600000,0x0000009766700000)]
  0x0000021d3d00a9d0 JavaThread "RMI TCP Connection(idle)" daemon [_thread_blocked, id=15768, stack(0x0000009766700000,0x0000009766800000)]
  0x0000021d3d00e690 JavaThread "RMI TCP Connection(idle)" daemon [_thread_blocked, id=7640, stack(0x0000009766800000,0x0000009766900000)]
  0x0000021d3d00cd40 JavaThread "RMI TCP Connection(idle)" daemon [_thread_blocked, id=16632, stack(0x0000009766200000,0x0000009766300000)]
  0x0000021d3d009fb0 JavaThread "RMI TCP Connection(idle)" daemon [_thread_blocked, id=20656, stack(0x0000009763900000,0x0000009763a00000)]
  0x0000021d3d010a00 JavaThread "RMI TCP Connection(idle)" daemon [_thread_blocked, id=23064, stack(0x0000009766400000,0x0000009766500000)]
  0x0000021d7aefc200 JavaThread "WorkerExecutor Queue Thread 9" [_thread_in_Java, id=3332, stack(0x0000009766b00000,0x0000009766c00000)]
  0x0000021d7af003d0 JavaThread "RMI RenewClean-[127.0.0.1:17628,org.jetbrains.kotlin.daemon.common.LoopbackNetworkInterface$ClientLoopbackSocketFactory@102c1103]" daemon [_thread_blocked, id=7600, stack(0x0000009766d00000,0x0000009766e00000)]
  0x0000021d7aefdb50 JavaThread "Exec process Thread 7" [_thread_blocked, id=18236, stack(0x0000009759800000,0x0000009759900000)]
  0x0000021d3d008150 JavaThread "Exec process Thread 8" [_thread_blocked, id=12176, stack(0x000000975b700000,0x000000975b800000)]
  0x0000021d3d0058d0 JavaThread "Exec process Thread 9" [_thread_blocked, id=5540, stack(0x000000975d000000,0x000000975d100000)]
  0x0000021d3d0104f0 JavaThread "WorkerExecutor Queue Thread 10" [_thread_blocked, id=17108, stack(0x0000009763a00000,0x0000009763b00000)]
  0x0000021d3d00d250 JavaThread "Exec process Thread 10" [_thread_blocked, id=19704, stack(0x0000009763f00000,0x0000009764000000)]
  0x0000021d3d010f10 JavaThread "Exec process Thread 11" [_thread_blocked, id=11380, stack(0x0000009764700000,0x0000009764800000)]
  0x0000021d3d00d760 JavaThread "Exec process Thread 12" [_thread_blocked, id=22508, stack(0x0000009766a00000,0x0000009766b00000)]
  0x0000021d3d011930 JavaThread "Exec process Thread 13" [_thread_blocked, id=15896, stack(0x0000009766c00000,0x0000009766d00000)]
  0x0000021d3d00fad0 JavaThread "Exec process Thread 14" [_thread_blocked, id=10524, stack(0x0000009766e00000,0x0000009766f00000)]
  0x0000021d3abac0b0 JavaThread "Exec process Thread 15" [_thread_blocked, id=12388, stack(0x0000009766f00000,0x0000009767000000)]
  0x0000021d3aba8e10 JavaThread "Exec process Thread 16" [_thread_blocked, id=14256, stack(0x0000009767000000,0x0000009767100000)]
=>0x0000021d7e1eb970 JavaThread "C2 CompilerThread1" daemon [_thread_in_native, id=12932, stack(0x0000009763d00000,0x0000009763e00000)]
  0x0000021d7e1ed400 JavaThread "C2 CompilerThread2" daemon [_thread_in_native, id=12096, stack(0x0000009764b00000,0x0000009764c00000)]

Other Threads:
  0x0000021d72768900 VMThread "VM Thread" [stack: 0x000000975a000000,0x000000975a100000] [id=19260]
  0x0000021d72b10b20 WatcherThread [stack: 0x000000975ad00000,0x000000975ae00000] [id=20180]
  0x0000021d4e3cdc70 GCTaskThread "GC Thread#0" [stack: 0x0000009759b00000,0x0000009759c00000] [id=10268]
  0x0000021d72b12dd0 GCTaskThread "GC Thread#1" [stack: 0x000000975af00000,0x000000975b000000] [id=23376]
  0x0000021d774e3460 GCTaskThread "GC Thread#2" [stack: 0x000000975b000000,0x000000975b100000] [id=11212]
  0x0000021d77560b80 GCTaskThread "GC Thread#3" [stack: 0x000000975b100000,0x000000975b200000] [id=18284]
  0x0000021d77adce10 GCTaskThread "GC Thread#4" [stack: 0x000000975b200000,0x000000975b300000] [id=10692]
  0x0000021d77adbd90 GCTaskThread "GC Thread#5" [stack: 0x000000975ae00000,0x000000975af00000] [id=15704]
  0x0000021d77adcb50 GCTaskThread "GC Thread#6" [stack: 0x000000975bf00000,0x000000975c000000] [id=20272]
  0x0000021d77adc890 GCTaskThread "GC Thread#7" [stack: 0x000000975c000000,0x000000975c100000] [id=24120]
  0x0000021d4e3dead0 ConcurrentGCThread "G1 Main Marker" [stack: 0x0000009759c00000,0x0000009759d00000] [id=7852]
  0x0000021d4e3e0870 ConcurrentGCThread "G1 Conc#0" [stack: 0x0000009759d00000,0x0000009759e00000] [id=24092]
  0x0000021d77add390 ConcurrentGCThread "G1 Conc#1" [stack: 0x000000975c500000,0x000000975c600000] [id=5900]
  0x0000021d72620560 ConcurrentGCThread "G1 Refine#0" [stack: 0x0000009759e00000,0x0000009759f00000] [id=20624]
  0x0000021d7ce31c40 ConcurrentGCThread "G1 Refine#1" [stack: 0x000000975c100000,0x000000975c200000] [id=23328]
  0x0000021d394d69d0 ConcurrentGCThread "G1 Refine#2" [stack: 0x0000009764200000,0x0000009764300000] [id=16760]
  0x0000021d7df5f8b0 ConcurrentGCThread "G1 Refine#3" [stack: 0x0000009763300000,0x0000009763400000] [id=17776]
  0x0000021d7d8ab6d0 ConcurrentGCThread "G1 Refine#4" [stack: 0x0000009763400000,0x0000009763500000] [id=17988]
  0x0000021d7e8157c0 ConcurrentGCThread "G1 Refine#5" [stack: 0x0000009763700000,0x0000009763800000] [id=2416]
  0x0000021d7ce2b310 ConcurrentGCThread "G1 Refine#6" [stack: 0x0000009763800000,0x0000009763900000] [id=3256]
  0x0000021d72620ea0 ConcurrentGCThread "G1 Service" [stack: 0x0000009759f00000,0x000000975a000000] [id=23932]

Threads with active compile tasks:
C2 CompilerThread0   356002 42464       4       org.jetbrains.kotlin.protobuf.UnmodifiableLazyStringList::get (6 bytes)
C2 CompilerThread1   356002 42437       4       com.intellij.psi.stubs.StubList::addStub (139 bytes)
C2 CompilerThread2   356002 42480       4       org.jetbrains.kotlin.protobuf.LazyStringArrayList::get (6 bytes)

VM state: not at safepoint (normal execution)

VM Mutex/Monitor currently owned by a thread: None

Heap address: 0x0000000700000000, size: 4096 MB, Compressed Oops mode: Zero based, Oop shift amount: 3

CDS archive(s) mapped at: [0x0000021d00000000-0x0000021d00bc0000-0x0000021d00bc0000), size 12320768, SharedBaseAddress: 0x0000021d00000000, ArchiveRelocationMode: 1.
Compressed class space mapped at: 0x0000021d01000000-0x0000021d35000000, reserved size: 872415232
Narrow klass base: 0x0000021d00000000, Narrow klass shift: 0, Narrow klass range: 0x100000000

GC Precious Log:
 CPUs: 8 total, 8 available
 Memory: 7418M
 Large Page Support: Disabled
 NUMA Support: Disabled
 Compressed Oops: Enabled (Zero based)
 Heap Region Size: 2M
 Heap Min Capacity: 8M
 Heap Initial Capacity: 116M
 Heap Max Capacity: 4G
 Pre-touch: Disabled
 Parallel Workers: 8
 Concurrent Workers: 2
 Concurrent Refinement Workers: 8
 Periodic GC: Disabled

Heap:
 garbage-first heap   total 1810432K, used 901516K [0x0000000700000000, 0x0000000800000000)
  region size 2048K, 185 young (378880K), 6 survivors (12288K)
 Metaspace       used 194438K, committed 197696K, reserved 1048576K
  class space    used 25074K, committed 26560K, reserved 851968K

Heap Regions: E=young(eden), S=young(survivor), O=old, HS=humongous(starts), HC=humongous(continues), CS=collection set, F=free, OA=open archive, CA=closed archive, TAMS=top-at-mark-start (previous, next)
|   0|0x0000000700000000, 0x0000000700200000, 0x0000000700200000|100%|HS|  |TAMS 0x0000000700200000, 0x0000000700000000| Complete 
|   1|0x0000000700200000, 0x0000000700400000, 0x0000000700400000|100%|HC|  |TAMS 0x0000000700400000, 0x0000000700200000| Complete 
|   2|0x0000000700400000, 0x0000000700600000, 0x0000000700600000|100%| O|  |TAMS 0x0000000700600000, 0x0000000700400000| Untracked 
|   3|0x0000000700600000, 0x0000000700800000, 0x0000000700800000|100%| O|  |TAMS 0x0000000700800000, 0x0000000700600000| Untracked 
|   4|0x0000000700800000, 0x0000000700a00000, 0x0000000700a00000|100%| O|  |TAMS 0x0000000700a00000, 0x0000000700800000| Untracked 
|   5|0x0000000700a00000, 0x0000000700c00000, 0x0000000700c00000|100%| O|  |TAMS 0x0000000700c00000, 0x0000000700a00000| Untracked 
|   6|0x0000000700c00000, 0x0000000700e00000, 0x0000000700e00000|100%| O|  |TAMS 0x0000000700e00000, 0x0000000700c00000| Untracked 
|   7|0x0000000700e00000, 0x0000000701000000, 0x0000000701000000|100%| O|  |TAMS 0x0000000701000000, 0x0000000700e00000| Untracked 
|   8|0x0000000701000000, 0x0000000701200000, 0x0000000701200000|100%| O|  |TAMS 0x0000000701200000, 0x0000000701000000| Untracked 
|   9|0x0000000701200000, 0x0000000701400000, 0x0000000701400000|100%| O|  |TAMS 0x0000000701400000, 0x0000000701200000| Untracked 
|  10|0x0000000701400000, 0x0000000701600000, 0x0000000701600000|100%| O|  |TAMS 0x0000000701600000, 0x0000000701400000| Untracked 
|  11|0x0000000701600000, 0x0000000701800000, 0x0000000701800000|100%| O|  |TAMS 0x0000000701800000, 0x0000000701600000| Untracked 
|  12|0x0000000701800000, 0x0000000701a00000, 0x0000000701a00000|100%| O|  |TAMS 0x0000000701a00000, 0x0000000701800000| Untracked 
|  13|0x0000000701a00000, 0x0000000701c00000, 0x0000000701c00000|100%| O|  |TAMS 0x0000000701c00000, 0x0000000701a00000| Untracked 
|  14|0x0000000701c00000, 0x0000000701e00000, 0x0000000701e00000|100%| O|  |TAMS 0x0000000701e00000, 0x0000000701c00000| Untracked 
|  15|0x0000000701e00000, 0x0000000702000000, 0x0000000702000000|100%| O|  |TAMS 0x0000000702000000, 0x0000000701e00000| Untracked 
|  16|0x0000000702000000, 0x0000000702200000, 0x0000000702200000|100%|HS|  |TAMS 0x0000000702200000, 0x0000000702000000| Complete 
|  17|0x0000000702200000, 0x0000000702400000, 0x0000000702400000|100%|HS|  |TAMS 0x0000000702400000, 0x0000000702200000| Complete 
|  18|0x0000000702400000, 0x0000000702600000, 0x0000000702600000|100%|HC|  |TAMS 0x0000000702600000, 0x0000000702400000| Complete 
|  19|0x0000000702600000, 0x0000000702800000, 0x0000000702800000|100%|HS|  |TAMS 0x0000000702800000, 0x0000000702600000| Complete 
|  20|0x0000000702800000, 0x0000000702a00000, 0x0000000702a00000|100%| O|  |TAMS 0x0000000702a00000, 0x0000000702800000| Untracked 
|  21|0x0000000702a00000, 0x0000000702c00000, 0x0000000702c00000|100%| O|  |TAMS 0x0000000702c00000, 0x0000000702a00000| Untracked 
|  22|0x0000000702c00000, 0x0000000702e00000, 0x0000000702e00000|100%| O|  |TAMS 0x0000000702e00000, 0x0000000702c00000| Untracked 
|  23|0x0000000702e00000, 0x0000000703000000, 0x0000000703000000|100%| O|  |TAMS 0x0000000703000000, 0x0000000702e00000| Untracked 
|  24|0x0000000703000000, 0x0000000703200000, 0x0000000703200000|100%| O|  |TAMS 0x0000000703200000, 0x0000000703000000| Untracked 
|  25|0x0000000703200000, 0x0000000703400000, 0x0000000703400000|100%|HS|  |TAMS 0x0000000703400000, 0x0000000703200000| Complete 
|  26|0x0000000703400000, 0x0000000703600000, 0x0000000703600000|100%| O|  |TAMS 0x0000000703600000, 0x0000000703400000| Untracked 
|  27|0x0000000703600000, 0x0000000703800000, 0x0000000703800000|100%| O|  |TAMS 0x0000000703800000, 0x0000000703600000| Untracked 
|  28|0x0000000703800000, 0x0000000703a00000, 0x0000000703a00000|100%|HS|  |TAMS 0x0000000703a00000, 0x0000000703800000| Complete 
|  29|0x0000000703a00000, 0x0000000703c00000, 0x0000000703c00000|100%|HC|  |TAMS 0x0000000703c00000, 0x0000000703a00000| Complete 
|  30|0x0000000703c00000, 0x0000000703e00000, 0x0000000703e00000|100%| O|  |TAMS 0x0000000703e00000, 0x0000000703c00000| Untracked 
|  31|0x0000000703e00000, 0x0000000704000000, 0x0000000704000000|100%| O|  |TAMS 0x0000000704000000, 0x0000000703e00000| Untracked 
|  32|0x0000000704000000, 0x0000000704200000, 0x0000000704200000|100%| O|  |TAMS 0x0000000704200000, 0x0000000704000000| Untracked 
|  33|0x0000000704200000, 0x0000000704400000, 0x0000000704400000|100%| O|  |TAMS 0x0000000704400000, 0x0000000704200000| Untracked 
|  34|0x0000000704400000, 0x0000000704600000, 0x0000000704600000|100%| O|  |TAMS 0x0000000704600000, 0x0000000704400000| Untracked 
|  35|0x0000000704600000, 0x0000000704800000, 0x0000000704800000|100%| O|  |TAMS 0x0000000704800000, 0x0000000704600000| Untracked 
|  36|0x0000000704800000, 0x0000000704a00000, 0x0000000704a00000|100%| O|  |TAMS 0x0000000704a00000, 0x0000000704800000| Untracked 
|  37|0x0000000704a00000, 0x0000000704c00000, 0x0000000704c00000|100%|HS|  |TAMS 0x0000000704a00000, 0x0000000704a00000| Complete 
|  38|0x0000000704c00000, 0x0000000704e00000, 0x0000000704e00000|100%| O|  |TAMS 0x0000000704e00000, 0x0000000704c00000| Untracked 
|  39|0x0000000704e00000, 0x0000000705000000, 0x0000000705000000|100%| O|  |TAMS 0x0000000705000000, 0x0000000704e00000| Untracked 
|  40|0x0000000705000000, 0x0000000705200000, 0x0000000705200000|100%| O|  |TAMS 0x0000000705200000, 0x0000000705000000| Untracked 
|  41|0x0000000705200000, 0x0000000705400000, 0x0000000705400000|100%| O|  |TAMS 0x0000000705400000, 0x0000000705200000| Untracked 
|  42|0x0000000705400000, 0x0000000705600000, 0x0000000705600000|100%| O|  |TAMS 0x0000000705600000, 0x0000000705400000| Untracked 
|  43|0x0000000705600000, 0x0000000705800000, 0x0000000705800000|100%|HS|  |TAMS 0x0000000705600000, 0x0000000705600000| Complete 
|  44|0x0000000705800000, 0x0000000705a00000, 0x0000000705a00000|100%| O|  |TAMS 0x0000000705a00000, 0x0000000705800000| Untracked 
|  45|0x0000000705a00000, 0x0000000705c00000, 0x0000000705c00000|100%| O|  |TAMS 0x0000000705c00000, 0x0000000705a00000| Untracked 
|  46|0x0000000705c00000, 0x0000000705e00000, 0x0000000705e00000|100%| O|  |TAMS 0x0000000705e00000, 0x0000000705c00000| Untracked 
|  47|0x0000000705e00000, 0x0000000706000000, 0x0000000706000000|100%| O|  |TAMS 0x0000000706000000, 0x0000000705e00000| Untracked 
|  48|0x0000000706000000, 0x0000000706200000, 0x0000000706200000|100%| O|  |TAMS 0x0000000706200000, 0x0000000706000000| Untracked 
|  49|0x0000000706200000, 0x0000000706400000, 0x0000000706400000|100%| O|  |TAMS 0x0000000706400000, 0x0000000706200000| Untracked 
|  50|0x0000000706400000, 0x0000000706600000, 0x0000000706600000|100%| O|  |TAMS 0x0000000706600000, 0x0000000706400000| Untracked 
|  51|0x0000000706600000, 0x0000000706800000, 0x0000000706800000|100%| O|  |TAMS 0x0000000706800000, 0x0000000706600000| Untracked 
|  52|0x0000000706800000, 0x0000000706a00000, 0x0000000706a00000|100%|HS|  |TAMS 0x0000000706a00000, 0x0000000706800000| Complete 
|  53|0x0000000706a00000, 0x0000000706c00000, 0x0000000706c00000|100%| O|  |TAMS 0x0000000706c00000, 0x0000000706a00000| Untracked 
|  54|0x0000000706c00000, 0x0000000706e00000, 0x0000000706e00000|100%| O|  |TAMS 0x0000000706e00000, 0x0000000706c00000| Untracked 
|  55|0x0000000706e00000, 0x0000000707000000, 0x0000000707000000|100%| O|  |TAMS 0x0000000707000000, 0x0000000706e00000| Untracked 
|  56|0x0000000707000000, 0x0000000707200000, 0x0000000707200000|100%| O|  |TAMS 0x0000000707200000, 0x0000000707000000| Untracked 
|  57|0x0000000707200000, 0x0000000707400000, 0x0000000707400000|100%| O|  |TAMS 0x0000000707400000, 0x0000000707200000| Untracked 
|  58|0x0000000707400000, 0x0000000707600000, 0x0000000707600000|100%| O|  |TAMS 0x0000000707600000, 0x0000000707400000| Untracked 
|  59|0x0000000707600000, 0x0000000707800000, 0x0000000707800000|100%| O|  |TAMS 0x0000000707800000, 0x0000000707600000| Untracked 
|  60|0x0000000707800000, 0x0000000707a00000, 0x0000000707a00000|100%| O|  |TAMS 0x0000000707a00000, 0x0000000707800000| Untracked 
|  61|0x0000000707a00000, 0x0000000707c00000, 0x0000000707c00000|100%| O|  |TAMS 0x0000000707c00000, 0x0000000707a00000| Untracked 
|  62|0x0000000707c00000, 0x0000000707e00000, 0x0000000707e00000|100%| O|  |TAMS 0x0000000707e00000, 0x0000000707c00000| Untracked 
|  63|0x0000000707e00000, 0x0000000708000000, 0x0000000708000000|100%| O|  |TAMS 0x0000000708000000, 0x0000000707e00000| Untracked 
|  64|0x0000000708000000, 0x0000000708200000, 0x0000000708200000|100%|HS|  |TAMS 0x0000000708200000, 0x0000000708000000| Complete 
|  65|0x0000000708200000, 0x0000000708400000, 0x0000000708400000|100%|HC|  |TAMS 0x0000000708400000, 0x0000000708200000| Complete 
|  66|0x0000000708400000, 0x0000000708600000, 0x0000000708600000|100%| O|  |TAMS 0x0000000708600000, 0x0000000708400000| Untracked 
|  67|0x0000000708600000, 0x0000000708800000, 0x0000000708800000|100%| O|  |TAMS 0x0000000708800000, 0x0000000708600000| Untracked 
|  68|0x0000000708800000, 0x0000000708a00000, 0x0000000708a00000|100%| O|  |TAMS 0x0000000708a00000, 0x0000000708800000| Untracked 
|  69|0x0000000708a00000, 0x0000000708c00000, 0x0000000708c00000|100%| O|  |TAMS 0x0000000708c00000, 0x0000000708a00000| Untracked 
|  70|0x0000000708c00000, 0x0000000708e00000, 0x0000000708e00000|100%|HS|  |TAMS 0x0000000708c00000, 0x0000000708c00000| Complete 
|  71|0x0000000708e00000, 0x0000000709000000, 0x0000000709000000|100%|HS|  |TAMS 0x0000000708e00000, 0x0000000708e00000| Complete 
|  72|0x0000000709000000, 0x0000000709200000, 0x0000000709200000|100%|HS|  |TAMS 0x0000000709000000, 0x0000000709000000| Complete 
|  73|0x0000000709200000, 0x0000000709400000, 0x0000000709400000|100%| O|  |TAMS 0x0000000709200000, 0x0000000709200000| Untracked 
|  74|0x0000000709400000, 0x0000000709600000, 0x0000000709600000|100%| O|  |TAMS 0x0000000709600000, 0x0000000709400000| Untracked 
|  75|0x0000000709600000, 0x0000000709800000, 0x0000000709800000|100%|HS|  |TAMS 0x0000000709800000, 0x0000000709600000| Complete 
|  76|0x0000000709800000, 0x0000000709a00000, 0x0000000709a00000|100%| O|  |TAMS 0x0000000709a00000, 0x0000000709800000| Untracked 
|  77|0x0000000709a00000, 0x0000000709c00000, 0x0000000709c00000|100%| O|  |TAMS 0x0000000709c00000, 0x0000000709a00000| Untracked 
|  78|0x0000000709c00000, 0x0000000709e00000, 0x0000000709e00000|100%| O|  |TAMS 0x0000000709e00000, 0x0000000709c00000| Untracked 
|  79|0x0000000709e00000, 0x000000070a000000, 0x000000070a000000|100%| O|  |TAMS 0x000000070a000000, 0x0000000709e00000| Untracked 
|  80|0x000000070a000000, 0x000000070a200000, 0x000000070a200000|100%| O|  |TAMS 0x000000070a200000, 0x000000070a000000| Untracked 
|  81|0x000000070a200000, 0x000000070a400000, 0x000000070a400000|100%| O|  |TAMS 0x000000070a400000, 0x000000070a200000| Untracked 
|  82|0x000000070a400000, 0x000000070a600000, 0x000000070a600000|100%| O|  |TAMS 0x000000070a600000, 0x000000070a400000| Untracked 
|  83|0x000000070a600000, 0x000000070a800000, 0x000000070a800000|100%| O|  |TAMS 0x000000070a800000, 0x000000070a600000| Untracked 
|  84|0x000000070a800000, 0x000000070aa00000, 0x000000070aa00000|100%| O|  |TAMS 0x000000070aa00000, 0x000000070a800000| Untracked 
|  85|0x000000070aa00000, 0x000000070ac00000, 0x000000070ac00000|100%| O|  |TAMS 0x000000070ac00000, 0x000000070aa00000| Untracked 
|  86|0x000000070ac00000, 0x000000070ae00000, 0x000000070ae00000|100%| O|  |TAMS 0x000000070ae00000, 0x000000070ac00000| Untracked 
|  87|0x000000070ae00000, 0x000000070b000000, 0x000000070b000000|100%| O|  |TAMS 0x000000070b000000, 0x000000070ae00000| Untracked 
|  88|0x000000070b000000, 0x000000070b200000, 0x000000070b200000|100%| O|  |TAMS 0x000000070b000000, 0x000000070b000000| Untracked 
|  89|0x000000070b200000, 0x000000070b400000, 0x000000070b400000|100%|HS|  |TAMS 0x000000070b200000, 0x000000070b200000| Complete 
|  90|0x000000070b400000, 0x000000070b600000, 0x000000070b600000|100%| O|  |TAMS 0x000000070b400000, 0x000000070b400000| Untracked 
|  91|0x000000070b600000, 0x000000070b800000, 0x000000070b800000|100%|HS|  |TAMS 0x000000070b600000, 0x000000070b600000| Complete 
|  92|0x000000070b800000, 0x000000070ba00000, 0x000000070ba00000|100%| O|  |TAMS 0x000000070ba00000, 0x000000070b800000| Untracked 
|  93|0x000000070ba00000, 0x000000070bc00000, 0x000000070bc00000|100%| O|  |TAMS 0x000000070bc00000, 0x000000070ba00000| Untracked 
|  94|0x000000070bc00000, 0x000000070be00000, 0x000000070be00000|100%| O|  |TAMS 0x000000070be00000, 0x000000070bc00000| Untracked 
|  95|0x000000070be00000, 0x000000070c000000, 0x000000070c000000|100%| O|  |TAMS 0x000000070c000000, 0x000000070be00000| Untracked 
|  96|0x000000070c000000, 0x000000070c200000, 0x000000070c200000|100%| O|  |TAMS 0x000000070c200000, 0x000000070c000000| Untracked 
|  97|0x000000070c200000, 0x000000070c400000, 0x000000070c400000|100%| O|  |TAMS 0x000000070c400000, 0x000000070c200000| Untracked 
|  98|0x000000070c400000, 0x000000070c600000, 0x000000070c600000|100%| O|  |TAMS 0x000000070c600000, 0x000000070c400000| Untracked 
|  99|0x000000070c600000, 0x000000070c800000, 0x000000070c800000|100%| O|  |TAMS 0x000000070c600000, 0x000000070c600000| Untracked 
| 100|0x000000070c800000, 0x000000070ca00000, 0x000000070ca00000|100%| O|  |TAMS 0x000000070ca00000, 0x000000070c800000| Untracked 
| 101|0x000000070ca00000, 0x000000070cc00000, 0x000000070cc00000|100%| O|  |TAMS 0x000000070cc00000, 0x000000070ca00000| Untracked 
| 102|0x000000070cc00000, 0x000000070ce00000, 0x000000070ce00000|100%| O|  |TAMS 0x000000070ce00000, 0x000000070cc00000| Untracked 
| 103|0x000000070ce00000, 0x000000070d000000, 0x000000070d000000|100%|HS|  |TAMS 0x000000070ce00000, 0x000000070ce00000| Complete 
| 104|0x000000070d000000, 0x000000070d200000, 0x000000070d200000|100%| O|  |TAMS 0x000000070d000000, 0x000000070d000000| Untracked 
| 105|0x000000070d200000, 0x000000070d400000, 0x000000070d400000|100%| O|  |TAMS 0x000000070d400000, 0x000000070d200000| Untracked 
| 106|0x000000070d400000, 0x000000070d600000, 0x000000070d600000|100%| O|  |TAMS 0x000000070d600000, 0x000000070d400000| Untracked 
| 107|0x000000070d600000, 0x000000070d800000, 0x000000070d800000|100%| O|  |TAMS 0x000000070d800000, 0x000000070d600000| Untracked 
| 108|0x000000070d800000, 0x000000070da00000, 0x000000070da00000|100%| O|  |TAMS 0x000000070da00000, 0x000000070d800000| Untracked 
| 109|0x000000070da00000, 0x000000070dc00000, 0x000000070dc00000|100%| O|  |TAMS 0x000000070dc00000, 0x000000070da00000| Untracked 
| 110|0x000000070dc00000, 0x000000070de00000, 0x000000070de00000|100%| O|  |TAMS 0x000000070de00000, 0x000000070dc00000| Untracked 
| 111|0x000000070de00000, 0x000000070e000000, 0x000000070e000000|100%| O|  |TAMS 0x000000070e000000, 0x000000070de00000| Untracked 
| 112|0x000000070e000000, 0x000000070e200000, 0x000000070e200000|100%| O|  |TAMS 0x000000070e200000, 0x000000070e000000| Untracked 
| 113|0x000000070e200000, 0x000000070e400000, 0x000000070e400000|100%| O|  |TAMS 0x000000070e400000, 0x000000070e200000| Untracked 
| 114|0x000000070e400000, 0x000000070e600000, 0x000000070e600000|100%|HS|  |TAMS 0x000000070e400000, 0x000000070e400000| Complete 
| 115|0x000000070e600000, 0x000000070e800000, 0x000000070e800000|100%| O|  |TAMS 0x000000070e800000, 0x000000070e600000| Untracked 
| 116|0x000000070e800000, 0x000000070ea00000, 0x000000070ea00000|100%| O|  |TAMS 0x000000070ea00000, 0x000000070e800000| Untracked 
| 117|0x000000070ea00000, 0x000000070ec00000, 0x000000070ec00000|100%| O|  |TAMS 0x000000070ec00000, 0x000000070ea00000| Untracked 
| 118|0x000000070ec00000, 0x000000070ee00000, 0x000000070ee00000|100%| O|  |TAMS 0x000000070ee00000, 0x000000070ec00000| Untracked 
| 119|0x000000070ee00000, 0x000000070f000000, 0x000000070f000000|100%| O|  |TAMS 0x000000070ee00000, 0x000000070ee00000| Untracked 
| 120|0x000000070f000000, 0x000000070f200000, 0x000000070f200000|100%| O|  |TAMS 0x000000070f200000, 0x000000070f000000| Untracked 
| 121|0x000000070f200000, 0x000000070f400000, 0x000000070f400000|100%| O|  |TAMS 0x000000070f400000, 0x000000070f200000| Untracked 
| 122|0x000000070f400000, 0x000000070f600000, 0x000000070f600000|100%| O|  |TAMS 0x000000070f600000, 0x000000070f400000| Untracked 
| 123|0x000000070f600000, 0x000000070f800000, 0x000000070f800000|100%| O|  |TAMS 0x000000070f800000, 0x000000070f600000| Untracked 
| 124|0x000000070f800000, 0x000000070fa00000, 0x000000070fa00000|100%|HS|  |TAMS 0x000000070f800000, 0x000000070f800000| Complete 
| 125|0x000000070fa00000, 0x000000070fc00000, 0x000000070fc00000|100%|HC|  |TAMS 0x000000070fa00000, 0x000000070fa00000| Complete 
| 126|0x000000070fc00000, 0x000000070fe00000, 0x000000070fe00000|100%|HS|  |TAMS 0x000000070fc00000, 0x000000070fc00000| Complete 
| 127|0x000000070fe00000, 0x0000000710000000, 0x0000000710000000|100%| O|  |TAMS 0x000000070fe00000, 0x000000070fe00000| Untracked 
| 128|0x0000000710000000, 0x0000000710200000, 0x0000000710200000|100%| O|  |TAMS 0x0000000710200000, 0x0000000710000000| Untracked 
| 129|0x0000000710200000, 0x0000000710400000, 0x0000000710400000|100%| O|  |TAMS 0x0000000710400000, 0x0000000710200000| Untracked 
| 130|0x0000000710400000, 0x0000000710600000, 0x0000000710600000|100%| O|  |TAMS 0x0000000710600000, 0x0000000710400000| Untracked 
| 131|0x0000000710600000, 0x0000000710800000, 0x0000000710800000|100%| O|  |TAMS 0x0000000710800000, 0x0000000710600000| Untracked 
| 132|0x0000000710800000, 0x0000000710a00000, 0x0000000710a00000|100%| O|  |TAMS 0x0000000710a00000, 0x0000000710800000| Untracked 
| 133|0x0000000710a00000, 0x0000000710c00000, 0x0000000710c00000|100%| O|  |TAMS 0x0000000710c00000, 0x0000000710a00000| Untracked 
| 134|0x0000000710c00000, 0x0000000710e00000, 0x0000000710e00000|100%| O|  |TAMS 0x0000000710e00000, 0x0000000710c00000| Untracked 
| 135|0x0000000710e00000, 0x0000000711000000, 0x0000000711000000|100%| O|  |TAMS 0x0000000711000000, 0x0000000710e00000| Untracked 
| 136|0x0000000711000000, 0x0000000711200000, 0x0000000711200000|100%| O|  |TAMS 0x0000000711200000, 0x0000000711000000| Untracked 
| 137|0x0000000711200000, 0x0000000711400000, 0x0000000711400000|100%| O|  |TAMS 0x0000000711400000, 0x0000000711200000| Untracked 
| 138|0x0000000711400000, 0x0000000711600000, 0x0000000711600000|100%| O|  |TAMS 0x0000000711600000, 0x0000000711400000| Untracked 
| 139|0x0000000711600000, 0x0000000711800000, 0x0000000711800000|100%| O|  |TAMS 0x0000000711600000, 0x0000000711600000| Untracked 
| 140|0x0000000711800000, 0x0000000711a00000, 0x0000000711a00000|100%| O|  |TAMS 0x0000000711a00000, 0x0000000711800000| Untracked 
| 141|0x0000000711a00000, 0x0000000711c00000, 0x0000000711c00000|100%| O|  |TAMS 0x0000000711c00000, 0x0000000711a00000| Untracked 
| 142|0x0000000711c00000, 0x0000000711e00000, 0x0000000711e00000|100%| O|  |TAMS 0x0000000711e00000, 0x0000000711c00000| Untracked 
| 143|0x0000000711e00000, 0x0000000712000000, 0x0000000712000000|100%|HS|  |TAMS 0x0000000711e00000, 0x0000000711e00000| Complete 
| 144|0x0000000712000000, 0x0000000712200000, 0x0000000712200000|100%|HC|  |TAMS 0x0000000712000000, 0x0000000712000000| Complete 
| 145|0x0000000712200000, 0x0000000712400000, 0x0000000712400000|100%| O|  |TAMS 0x0000000712400000, 0x0000000712200000| Untracked 
| 146|0x0000000712400000, 0x0000000712600000, 0x0000000712600000|100%| O|  |TAMS 0x0000000712600000, 0x0000000712400000| Untracked 
| 147|0x0000000712600000, 0x0000000712800000, 0x0000000712800000|100%| O|  |TAMS 0x0000000712800000, 0x0000000712600000| Untracked 
| 148|0x0000000712800000, 0x0000000712a00000, 0x0000000712a00000|100%| O|  |TAMS 0x0000000712800000, 0x0000000712800000| Untracked 
| 149|0x0000000712a00000, 0x0000000712c00000, 0x0000000712c00000|100%| O|  |TAMS 0x0000000712c00000, 0x0000000712a00000| Untracked 
| 150|0x0000000712c00000, 0x0000000712e00000, 0x0000000712e00000|100%| O|  |TAMS 0x0000000712e00000, 0x0000000712c00000| Untracked 
| 151|0x0000000712e00000, 0x0000000713000000, 0x0000000713000000|100%| O|  |TAMS 0x0000000713000000, 0x0000000712e00000| Untracked 
| 152|0x0000000713000000, 0x0000000713200000, 0x0000000713200000|100%| O|  |TAMS 0x0000000713200000, 0x0000000713000000| Untracked 
| 153|0x0000000713200000, 0x0000000713400000, 0x0000000713400000|100%| O|  |TAMS 0x0000000713200000, 0x0000000713200000| Untracked 
| 154|0x0000000713400000, 0x0000000713600000, 0x0000000713600000|100%|HS|  |TAMS 0x0000000713400000, 0x0000000713400000| Complete 
| 155|0x0000000713600000, 0x0000000713800000, 0x0000000713800000|100%|HS|  |TAMS 0x0000000713600000, 0x0000000713600000| Complete 
| 156|0x0000000713800000, 0x0000000713a00000, 0x0000000713a00000|100%|HS|  |TAMS 0x0000000713800000, 0x0000000713800000| Complete 
| 157|0x0000000713a00000, 0x0000000713c00000, 0x0000000713c00000|100%| O|  |TAMS 0x0000000713a00000, 0x0000000713a00000| Untracked 
| 158|0x0000000713c00000, 0x0000000713e00000, 0x0000000713e00000|100%| O|  |TAMS 0x0000000713e00000, 0x0000000713c00000| Untracked 
| 159|0x0000000713e00000, 0x0000000714000000, 0x0000000714000000|100%| O|  |TAMS 0x0000000713e00000, 0x0000000713e00000| Untracked 
| 160|0x0000000714000000, 0x0000000714200000, 0x0000000714200000|100%|HS|  |TAMS 0x0000000714000000, 0x0000000714000000| Complete 
| 161|0x0000000714200000, 0x0000000714400000, 0x0000000714400000|100%| O|  |TAMS 0x0000000714200000, 0x0000000714200000| Untracked 
| 162|0x0000000714400000, 0x0000000714600000, 0x0000000714600000|100%| O|  |TAMS 0x0000000714400000, 0x0000000714400000| Untracked 
| 163|0x0000000714600000, 0x0000000714800000, 0x0000000714800000|100%|HS|  |TAMS 0x0000000714600000, 0x0000000714600000| Complete 
| 164|0x0000000714800000, 0x0000000714a00000, 0x0000000714a00000|100%| O|  |TAMS 0x0000000714800000, 0x0000000714800000| Untracked 
| 165|0x0000000714a00000, 0x0000000714c00000, 0x0000000714c00000|100%| O|  |TAMS 0x0000000714a00000, 0x0000000714a00000| Untracked 
| 166|0x0000000714c00000, 0x0000000714e00000, 0x0000000714e00000|100%| O|  |TAMS 0x0000000714c00000, 0x0000000714c00000| Untracked 
| 167|0x0000000714e00000, 0x0000000715000000, 0x0000000715000000|100%| O|  |TAMS 0x0000000714e00000, 0x0000000714e00000| Untracked 
| 168|0x0000000715000000, 0x0000000715200000, 0x0000000715200000|100%| O|  |TAMS 0x0000000715000000, 0x0000000715000000| Untracked 
| 169|0x0000000715200000, 0x0000000715400000, 0x0000000715400000|100%| O|  |TAMS 0x0000000715200000, 0x0000000715200000| Untracked 
| 170|0x0000000715400000, 0x0000000715600000, 0x0000000715600000|100%| O|  |TAMS 0x0000000715400000, 0x0000000715400000| Untracked 
| 171|0x0000000715600000, 0x0000000715800000, 0x0000000715800000|100%|HS|  |TAMS 0x0000000715600000, 0x0000000715600000| Complete 
| 172|0x0000000715800000, 0x0000000715863000, 0x0000000715a00000| 19%| O|  |TAMS 0x0000000715800000, 0x0000000715800000| Untracked 
| 173|0x0000000715a00000, 0x0000000715c00000, 0x0000000715c00000|100%|HS|  |TAMS 0x0000000715a00000, 0x0000000715a00000| Complete 
| 174|0x0000000715c00000, 0x0000000715e00000, 0x0000000715e00000|100%|HS|  |TAMS 0x0000000715c00000, 0x0000000715c00000| Complete 
| 175|0x0000000715e00000, 0x0000000715e00000, 0x0000000716000000|  0%| F|  |TAMS 0x0000000715e00000, 0x0000000715e00000| Untracked 
| 176|0x0000000716000000, 0x0000000716000000, 0x0000000716200000|  0%| F|  |TAMS 0x0000000716000000, 0x0000000716000000| Untracked 
| 177|0x0000000716200000, 0x0000000716200000, 0x0000000716400000|  0%| F|  |TAMS 0x0000000716200000, 0x0000000716200000| Untracked 
| 178|0x0000000716400000, 0x0000000716600000, 0x0000000716600000|100%| O|  |TAMS 0x0000000716600000, 0x0000000716400000| Untracked 
| 179|0x0000000716600000, 0x0000000716600000, 0x0000000716800000|  0%| F|  |TAMS 0x0000000716600000, 0x0000000716600000| Untracked 
| 180|0x0000000716800000, 0x0000000716800000, 0x0000000716a00000|  0%| F|  |TAMS 0x0000000716800000, 0x0000000716800000| Untracked 
| 181|0x0000000716a00000, 0x0000000716a00000, 0x0000000716c00000|  0%| F|  |TAMS 0x0000000716a00000, 0x0000000716a00000| Untracked 
| 182|0x0000000716c00000, 0x0000000716c00000, 0x0000000716e00000|  0%| F|  |TAMS 0x0000000716c00000, 0x0000000716c00000| Untracked 
| 183|0x0000000716e00000, 0x0000000716e00000, 0x0000000717000000|  0%| F|  |TAMS 0x0000000716e00000, 0x0000000716e00000| Untracked 
| 184|0x0000000717000000, 0x0000000717200000, 0x0000000717200000|100%| O|  |TAMS 0x0000000717200000, 0x0000000717000000| Untracked 
| 185|0x0000000717200000, 0x0000000717200000, 0x0000000717400000|  0%| F|  |TAMS 0x0000000717200000, 0x0000000717200000| Untracked 
| 186|0x0000000717400000, 0x0000000717400000, 0x0000000717600000|  0%| F|  |TAMS 0x0000000717400000, 0x0000000717400000| Untracked 
| 187|0x0000000717600000, 0x0000000717600000, 0x0000000717800000|  0%| F|  |TAMS 0x0000000717600000, 0x0000000717600000| Untracked 
| 188|0x0000000717800000, 0x0000000717800000, 0x0000000717a00000|  0%| F|  |TAMS 0x0000000717800000, 0x0000000717800000| Untracked 
| 189|0x0000000717a00000, 0x0000000717c00000, 0x0000000717c00000|100%| O|  |TAMS 0x0000000717c00000, 0x0000000717a00000| Untracked 
| 190|0x0000000717c00000, 0x0000000717e00000, 0x0000000717e00000|100%| O|  |TAMS 0x0000000717e00000, 0x0000000717c00000| Untracked 
| 191|0x0000000717e00000, 0x0000000717e00000, 0x0000000718000000|  0%| F|  |TAMS 0x0000000717e00000, 0x0000000717e00000| Untracked 
| 192|0x0000000718000000, 0x0000000718000000, 0x0000000718200000|  0%| F|  |TAMS 0x0000000718000000, 0x0000000718000000| Untracked 
| 193|0x0000000718200000, 0x0000000718400000, 0x0000000718400000|100%| O|  |TAMS 0x0000000718400000, 0x0000000718200000| Untracked 
| 194|0x0000000718400000, 0x0000000718600000, 0x0000000718600000|100%| O|  |TAMS 0x0000000718600000, 0x0000000718400000| Untracked 
| 195|0x0000000718600000, 0x0000000718800000, 0x0000000718800000|100%| O|  |TAMS 0x0000000718800000, 0x0000000718600000| Untracked 
| 196|0x0000000718800000, 0x0000000718a00000, 0x0000000718a00000|100%| O|  |TAMS 0x0000000718a00000, 0x0000000718800000| Untracked 
| 197|0x0000000718a00000, 0x0000000718c00000, 0x0000000718c00000|100%| O|  |TAMS 0x0000000718c00000, 0x0000000718a00000| Untracked 
| 198|0x0000000718c00000, 0x0000000718e00000, 0x0000000718e00000|100%| O|  |TAMS 0x0000000718e00000, 0x0000000718c00000| Untracked 
| 199|0x0000000718e00000, 0x0000000719000000, 0x0000000719000000|100%| O|  |TAMS 0x0000000719000000, 0x0000000718e00000| Untracked 
| 200|0x0000000719000000, 0x0000000719200000, 0x0000000719200000|100%| O|  |TAMS 0x0000000719200000, 0x0000000719000000| Untracked 
| 201|0x0000000719200000, 0x0000000719400000, 0x0000000719400000|100%| O|  |TAMS 0x0000000719400000, 0x0000000719200000| Untracked 
| 202|0x0000000719400000, 0x0000000719600000, 0x0000000719600000|100%| O|  |TAMS 0x0000000719600000, 0x0000000719400000| Untracked 
| 203|0x0000000719600000, 0x0000000719800000, 0x0000000719800000|100%| O|  |TAMS 0x0000000719800000, 0x0000000719600000| Untracked 
| 204|0x0000000719800000, 0x0000000719a00000, 0x0000000719a00000|100%| O|  |TAMS 0x0000000719a00000, 0x0000000719800000| Untracked 
| 205|0x0000000719a00000, 0x0000000719c00000, 0x0000000719c00000|100%| O|  |TAMS 0x0000000719c00000, 0x0000000719a00000| Untracked 
| 206|0x0000000719c00000, 0x0000000719e00000, 0x0000000719e00000|100%| O|  |TAMS 0x0000000719e00000, 0x0000000719c00000| Untracked 
| 207|0x0000000719e00000, 0x000000071a000000, 0x000000071a000000|100%| O|  |TAMS 0x000000071a000000, 0x0000000719e00000| Untracked 
| 208|0x000000071a000000, 0x000000071a200000, 0x000000071a200000|100%| O|  |TAMS 0x000000071a200000, 0x000000071a000000| Untracked 
| 209|0x000000071a200000, 0x000000071a400000, 0x000000071a400000|100%| O|  |TAMS 0x000000071a400000, 0x000000071a200000| Untracked 
| 210|0x000000071a400000, 0x000000071a600000, 0x000000071a600000|100%| O|  |TAMS 0x000000071a600000, 0x000000071a400000| Untracked 
| 211|0x000000071a600000, 0x000000071a800000, 0x000000071a800000|100%| O|  |TAMS 0x000000071a800000, 0x000000071a600000| Untracked 
| 212|0x000000071a800000, 0x000000071aa00000, 0x000000071aa00000|100%| O|  |TAMS 0x000000071aa00000, 0x000000071a800000| Untracked 
| 213|0x000000071aa00000, 0x000000071ac00000, 0x000000071ac00000|100%| O|  |TAMS 0x000000071ac00000, 0x000000071aa00000| Untracked 
| 214|0x000000071ac00000, 0x000000071ae00000, 0x000000071ae00000|100%| O|  |TAMS 0x000000071ae00000, 0x000000071ac00000| Untracked 
| 215|0x000000071ae00000, 0x000000071b000000, 0x000000071b000000|100%| O|  |TAMS 0x000000071b000000, 0x000000071ae00000| Untracked 
| 216|0x000000071b000000, 0x000000071b200000, 0x000000071b200000|100%| O|  |TAMS 0x000000071b200000, 0x000000071b000000| Untracked 
| 217|0x000000071b200000, 0x000000071b400000, 0x000000071b400000|100%| O|  |TAMS 0x000000071b400000, 0x000000071b200000| Untracked 
| 218|0x000000071b400000, 0x000000071b600000, 0x000000071b600000|100%| O|  |TAMS 0x000000071b600000, 0x000000071b400000| Untracked 
| 219|0x000000071b600000, 0x000000071b800000, 0x000000071b800000|100%| O|  |TAMS 0x000000071b800000, 0x000000071b600000| Untracked 
| 220|0x000000071b800000, 0x000000071ba00000, 0x000000071ba00000|100%| O|  |TAMS 0x000000071ba00000, 0x000000071b800000| Untracked 
| 221|0x000000071ba00000, 0x000000071bc00000, 0x000000071bc00000|100%| O|  |TAMS 0x000000071bc00000, 0x000000071ba00000| Untracked 
| 222|0x000000071bc00000, 0x000000071be00000, 0x000000071be00000|100%| O|  |TAMS 0x000000071be00000, 0x000000071bc00000| Untracked 
| 223|0x000000071be00000, 0x000000071c000000, 0x000000071c000000|100%| O|  |TAMS 0x000000071c000000, 0x000000071be00000| Untracked 
| 224|0x000000071c000000, 0x000000071c200000, 0x000000071c200000|100%| O|  |TAMS 0x000000071c200000, 0x000000071c000000| Untracked 
| 225|0x000000071c200000, 0x000000071c400000, 0x000000071c400000|100%| O|  |TAMS 0x000000071c400000, 0x000000071c200000| Untracked 
| 226|0x000000071c400000, 0x000000071c600000, 0x000000071c600000|100%| O|  |TAMS 0x000000071c600000, 0x000000071c400000| Untracked 
| 227|0x000000071c600000, 0x000000071c800000, 0x000000071c800000|100%| O|  |TAMS 0x000000071c800000, 0x000000071c600000| Untracked 
| 228|0x000000071c800000, 0x000000071ca00000, 0x000000071ca00000|100%| O|  |TAMS 0x000000071ca00000, 0x000000071c800000| Untracked 
| 229|0x000000071ca00000, 0x000000071cc00000, 0x000000071cc00000|100%| O|  |TAMS 0x000000071cc00000, 0x000000071ca00000| Untracked 
| 230|0x000000071cc00000, 0x000000071ce00000, 0x000000071ce00000|100%| O|  |TAMS 0x000000071ce00000, 0x000000071cc00000| Untracked 
| 231|0x000000071ce00000, 0x000000071d000000, 0x000000071d000000|100%| O|  |TAMS 0x000000071d000000, 0x000000071ce00000| Untracked 
| 232|0x000000071d000000, 0x000000071d200000, 0x000000071d200000|100%| O|  |TAMS 0x000000071d200000, 0x000000071d000000| Untracked 
| 233|0x000000071d200000, 0x000000071d400000, 0x000000071d400000|100%| O|  |TAMS 0x000000071d400000, 0x000000071d200000| Untracked 
| 234|0x000000071d400000, 0x000000071d600000, 0x000000071d600000|100%| O|  |TAMS 0x000000071d600000, 0x000000071d400000| Untracked 
| 235|0x000000071d600000, 0x000000071d800000, 0x000000071d800000|100%| O|  |TAMS 0x000000071d800000, 0x000000071d600000| Untracked 
| 236|0x000000071d800000, 0x000000071da00000, 0x000000071da00000|100%| O|  |TAMS 0x000000071da00000, 0x000000071d800000| Untracked 
| 237|0x000000071da00000, 0x000000071dc00000, 0x000000071dc00000|100%| O|  |TAMS 0x000000071dc00000, 0x000000071da00000| Untracked 
| 238|0x000000071dc00000, 0x000000071de00000, 0x000000071de00000|100%| O|  |TAMS 0x000000071de00000, 0x000000071dc00000| Untracked 
| 239|0x000000071de00000, 0x000000071e000000, 0x000000071e000000|100%| O|  |TAMS 0x000000071e000000, 0x000000071de00000| Untracked 
| 240|0x000000071e000000, 0x000000071e200000, 0x000000071e200000|100%| O|  |TAMS 0x000000071e200000, 0x000000071e000000| Untracked 
| 241|0x000000071e200000, 0x000000071e400000, 0x000000071e400000|100%| O|  |TAMS 0x000000071e400000, 0x000000071e200000| Untracked 
| 242|0x000000071e400000, 0x000000071e600000, 0x000000071e600000|100%| O|  |TAMS 0x000000071e600000, 0x000000071e400000| Untracked 
| 243|0x000000071e600000, 0x000000071e800000, 0x000000071e800000|100%| O|  |TAMS 0x000000071e800000, 0x000000071e600000| Untracked 
| 244|0x000000071e800000, 0x000000071ea00000, 0x000000071ea00000|100%| O|  |TAMS 0x000000071ea00000, 0x000000071e800000| Untracked 
| 245|0x000000071ea00000, 0x000000071ec00000, 0x000000071ec00000|100%| O|  |TAMS 0x000000071ec00000, 0x000000071ea00000| Untracked 
| 246|0x000000071ec00000, 0x000000071ee00000, 0x000000071ee00000|100%| O|  |TAMS 0x000000071ee00000, 0x000000071ec00000| Untracked 
| 247|0x000000071ee00000, 0x000000071f000000, 0x000000071f000000|100%| O|  |TAMS 0x000000071f000000, 0x000000071ee00000| Untracked 
| 248|0x000000071f000000, 0x000000071f200000, 0x000000071f200000|100%| O|  |TAMS 0x000000071f200000, 0x000000071f000000| Untracked 
| 249|0x000000071f200000, 0x000000071f400000, 0x000000071f400000|100%| O|  |TAMS 0x000000071f400000, 0x000000071f200000| Untracked 
| 250|0x000000071f400000, 0x000000071f600000, 0x000000071f600000|100%| O|  |TAMS 0x000000071f600000, 0x000000071f400000| Untracked 
| 251|0x000000071f600000, 0x000000071f800000, 0x000000071f800000|100%| O|  |TAMS 0x000000071f800000, 0x000000071f600000| Untracked 
| 252|0x000000071f800000, 0x000000071fa00000, 0x000000071fa00000|100%| O|  |TAMS 0x000000071fa00000, 0x000000071f800000| Untracked 
| 253|0x000000071fa00000, 0x000000071fc00000, 0x000000071fc00000|100%| O|  |TAMS 0x000000071fc00000, 0x000000071fa00000| Untracked 
| 254|0x000000071fc00000, 0x000000071fe00000, 0x000000071fe00000|100%| O|  |TAMS 0x000000071fe00000, 0x000000071fc00000| Untracked 
| 255|0x000000071fe00000, 0x000000071fe00000, 0x0000000720000000|  0%| F|  |TAMS 0x000000071fe00000, 0x000000071fe00000| Untracked 
| 256|0x0000000720000000, 0x0000000720200000, 0x0000000720200000|100%| O|  |TAMS 0x0000000720200000, 0x0000000720000000| Untracked 
| 257|0x0000000720200000, 0x0000000720400000, 0x0000000720400000|100%| O|  |TAMS 0x0000000720400000, 0x0000000720200000| Untracked 
| 258|0x0000000720400000, 0x0000000720600000, 0x0000000720600000|100%| O|  |TAMS 0x0000000720600000, 0x0000000720400000| Untracked 
| 259|0x0000000720600000, 0x0000000720800000, 0x0000000720800000|100%| O|  |TAMS 0x0000000720800000, 0x0000000720600000| Untracked 
| 260|0x0000000720800000, 0x0000000720a00000, 0x0000000720a00000|100%| O|  |TAMS 0x0000000720a00000, 0x0000000720800000| Untracked 
| 261|0x0000000720a00000, 0x0000000720a00000, 0x0000000720c00000|  0%| F|  |TAMS 0x0000000720a00000, 0x0000000720a00000| Untracked 
| 262|0x0000000720c00000, 0x0000000720c00000, 0x0000000720e00000|  0%| F|  |TAMS 0x0000000720c00000, 0x0000000720c00000| Untracked 
| 263|0x0000000720e00000, 0x0000000720e00000, 0x0000000721000000|  0%| F|  |TAMS 0x0000000720e00000, 0x0000000720e00000| Untracked 
| 264|0x0000000721000000, 0x0000000721000000, 0x0000000721200000|  0%| F|  |TAMS 0x0000000721000000, 0x0000000721000000| Untracked 
| 265|0x0000000721200000, 0x0000000721200000, 0x0000000721400000|  0%| F|  |TAMS 0x0000000721200000, 0x0000000721200000| Untracked 
| 266|0x0000000721400000, 0x0000000721400000, 0x0000000721600000|  0%| F|  |TAMS 0x0000000721400000, 0x0000000721400000| Untracked 
| 267|0x0000000721600000, 0x0000000721600000, 0x0000000721800000|  0%| F|  |TAMS 0x0000000721600000, 0x0000000721600000| Untracked 
| 268|0x0000000721800000, 0x0000000721800000, 0x0000000721a00000|  0%| F|  |TAMS 0x0000000721800000, 0x0000000721800000| Untracked 
| 269|0x0000000721a00000, 0x0000000721a00000, 0x0000000721c00000|  0%| F|  |TAMS 0x0000000721a00000, 0x0000000721a00000| Untracked 
| 270|0x0000000721c00000, 0x0000000721c00000, 0x0000000721e00000|  0%| F|  |TAMS 0x0000000721c00000, 0x0000000721c00000| Untracked 
| 271|0x0000000721e00000, 0x0000000721e00000, 0x0000000722000000|  0%| F|  |TAMS 0x0000000721e00000, 0x0000000721e00000| Untracked 
| 272|0x0000000722000000, 0x0000000722000000, 0x0000000722200000|  0%| F|  |TAMS 0x0000000722000000, 0x0000000722000000| Untracked 
| 273|0x0000000722200000, 0x0000000722200000, 0x0000000722400000|  0%| F|  |TAMS 0x0000000722200000, 0x0000000722200000| Untracked 
| 274|0x0000000722400000, 0x0000000722400000, 0x0000000722600000|  0%| F|  |TAMS 0x0000000722400000, 0x0000000722400000| Untracked 
| 275|0x0000000722600000, 0x0000000722600000, 0x0000000722800000|  0%| F|  |TAMS 0x0000000722600000, 0x0000000722600000| Untracked 
| 276|0x0000000722800000, 0x0000000722800000, 0x0000000722a00000|  0%| F|  |TAMS 0x0000000722800000, 0x0000000722800000| Untracked 
| 277|0x0000000722a00000, 0x0000000722a00000, 0x0000000722c00000|  0%| F|  |TAMS 0x0000000722a00000, 0x0000000722a00000| Untracked 
| 278|0x0000000722c00000, 0x0000000722c00000, 0x0000000722e00000|  0%| F|  |TAMS 0x0000000722c00000, 0x0000000722c00000| Untracked 
| 279|0x0000000722e00000, 0x0000000722e00000, 0x0000000723000000|  0%| F|  |TAMS 0x0000000722e00000, 0x0000000722e00000| Untracked 
| 280|0x0000000723000000, 0x0000000723000000, 0x0000000723200000|  0%| F|  |TAMS 0x0000000723000000, 0x0000000723000000| Untracked 
| 281|0x0000000723200000, 0x0000000723200000, 0x0000000723400000|  0%| F|  |TAMS 0x0000000723200000, 0x0000000723200000| Untracked 
| 282|0x0000000723400000, 0x0000000723400000, 0x0000000723600000|  0%| F|  |TAMS 0x0000000723400000, 0x0000000723400000| Untracked 
| 283|0x0000000723600000, 0x0000000723600000, 0x0000000723800000|  0%| F|  |TAMS 0x0000000723600000, 0x0000000723600000| Untracked 
| 284|0x0000000723800000, 0x0000000723800000, 0x0000000723a00000|  0%| F|  |TAMS 0x0000000723800000, 0x0000000723800000| Untracked 
| 285|0x0000000723a00000, 0x0000000723a00000, 0x0000000723c00000|  0%| F|  |TAMS 0x0000000723a00000, 0x0000000723a00000| Untracked 
| 286|0x0000000723c00000, 0x0000000723c00000, 0x0000000723e00000|  0%| F|  |TAMS 0x0000000723c00000, 0x0000000723c00000| Untracked 
| 287|0x0000000723e00000, 0x0000000723e00000, 0x0000000724000000|  0%| F|  |TAMS 0x0000000723e00000, 0x0000000723e00000| Untracked 
| 288|0x0000000724000000, 0x0000000724000000, 0x0000000724200000|  0%| F|  |TAMS 0x0000000724000000, 0x0000000724000000| Untracked 
| 289|0x0000000724200000, 0x0000000724200000, 0x0000000724400000|  0%| F|  |TAMS 0x0000000724200000, 0x0000000724200000| Untracked 
| 290|0x0000000724400000, 0x0000000724400000, 0x0000000724600000|  0%| F|  |TAMS 0x0000000724400000, 0x0000000724400000| Untracked 
| 291|0x0000000724600000, 0x0000000724600000, 0x0000000724800000|  0%| F|  |TAMS 0x0000000724600000, 0x0000000724600000| Untracked 
| 292|0x0000000724800000, 0x0000000724800000, 0x0000000724a00000|  0%| F|  |TAMS 0x0000000724800000, 0x0000000724800000| Untracked 
| 293|0x0000000724a00000, 0x0000000724a00000, 0x0000000724c00000|  0%| F|  |TAMS 0x0000000724a00000, 0x0000000724a00000| Untracked 
| 294|0x0000000724c00000, 0x0000000724c00000, 0x0000000724e00000|  0%| F|  |TAMS 0x0000000724c00000, 0x0000000724c00000| Untracked 
| 295|0x0000000724e00000, 0x0000000724e00000, 0x0000000725000000|  0%| F|  |TAMS 0x0000000724e00000, 0x0000000724e00000| Untracked 
| 296|0x0000000725000000, 0x0000000725000000, 0x0000000725200000|  0%| F|  |TAMS 0x0000000725000000, 0x0000000725000000| Untracked 
| 297|0x0000000725200000, 0x0000000725200000, 0x0000000725400000|  0%| F|  |TAMS 0x0000000725200000, 0x0000000725200000| Untracked 
| 298|0x0000000725400000, 0x0000000725400000, 0x0000000725600000|  0%| F|  |TAMS 0x0000000725400000, 0x0000000725400000| Untracked 
| 299|0x0000000725600000, 0x0000000725600000, 0x0000000725800000|  0%| F|  |TAMS 0x0000000725600000, 0x0000000725600000| Untracked 
| 300|0x0000000725800000, 0x0000000725800000, 0x0000000725a00000|  0%| F|  |TAMS 0x0000000725800000, 0x0000000725800000| Untracked 
| 301|0x0000000725a00000, 0x0000000725c00000, 0x0000000725c00000|100%| O|  |TAMS 0x0000000725c00000, 0x0000000725a00000| Untracked 
| 302|0x0000000725c00000, 0x0000000725e00000, 0x0000000725e00000|100%| O|  |TAMS 0x0000000725e00000, 0x0000000725c00000| Untracked 
| 303|0x0000000725e00000, 0x0000000726000000, 0x0000000726000000|100%| O|  |TAMS 0x0000000726000000, 0x0000000725e00000| Untracked 
| 304|0x0000000726000000, 0x0000000726200000, 0x0000000726200000|100%| O|  |TAMS 0x0000000726200000, 0x0000000726000000| Untracked 
| 305|0x0000000726200000, 0x0000000726400000, 0x0000000726400000|100%| O|  |TAMS 0x0000000726400000, 0x0000000726200000| Untracked 
| 306|0x0000000726400000, 0x0000000726600000, 0x0000000726600000|100%| O|  |TAMS 0x0000000726600000, 0x0000000726400000| Untracked 
| 307|0x0000000726600000, 0x0000000726600000, 0x0000000726800000|  0%| F|  |TAMS 0x0000000726600000, 0x0000000726600000| Untracked 
| 308|0x0000000726800000, 0x0000000726800000, 0x0000000726a00000|  0%| F|  |TAMS 0x0000000726800000, 0x0000000726800000| Untracked 
| 309|0x0000000726a00000, 0x0000000726c00000, 0x0000000726c00000|100%| O|  |TAMS 0x0000000726c00000, 0x0000000726a00000| Untracked 
| 310|0x0000000726c00000, 0x0000000726e00000, 0x0000000726e00000|100%| O|  |TAMS 0x0000000726e00000, 0x0000000726c00000| Untracked 
| 311|0x0000000726e00000, 0x0000000727000000, 0x0000000727000000|100%| O|  |TAMS 0x0000000727000000, 0x0000000726e00000| Untracked 
| 312|0x0000000727000000, 0x0000000727200000, 0x0000000727200000|100%| O|  |TAMS 0x0000000727200000, 0x0000000727000000| Untracked 
| 313|0x0000000727200000, 0x0000000727400000, 0x0000000727400000|100%| O|  |TAMS 0x0000000727400000, 0x0000000727200000| Untracked 
| 314|0x0000000727400000, 0x0000000727600000, 0x0000000727600000|100%| O|  |TAMS 0x0000000727595800, 0x0000000727400000| Untracked 
| 315|0x0000000727600000, 0x0000000727600000, 0x0000000727800000|  0%| F|  |TAMS 0x0000000727600000, 0x0000000727600000| Untracked 
| 316|0x0000000727800000, 0x0000000727800000, 0x0000000727a00000|  0%| F|  |TAMS 0x0000000727800000, 0x0000000727800000| Untracked 
| 317|0x0000000727a00000, 0x0000000727a00000, 0x0000000727c00000|  0%| F|  |TAMS 0x0000000727a00000, 0x0000000727a00000| Untracked 
| 318|0x0000000727c00000, 0x0000000727c00000, 0x0000000727e00000|  0%| F|  |TAMS 0x0000000727c00000, 0x0000000727c00000| Untracked 
| 319|0x0000000727e00000, 0x0000000727e00000, 0x0000000728000000|  0%| F|  |TAMS 0x0000000727e00000, 0x0000000727e00000| Untracked 
| 320|0x0000000728000000, 0x0000000728000000, 0x0000000728200000|  0%| F|  |TAMS 0x0000000728000000, 0x0000000728000000| Untracked 
| 321|0x0000000728200000, 0x0000000728200000, 0x0000000728400000|  0%| F|  |TAMS 0x0000000728200000, 0x0000000728200000| Untracked 
| 322|0x0000000728400000, 0x0000000728400000, 0x0000000728600000|  0%| F|  |TAMS 0x0000000728400000, 0x0000000728400000| Untracked 
| 323|0x0000000728600000, 0x0000000728600000, 0x0000000728800000|  0%| F|  |TAMS 0x0000000728600000, 0x0000000728600000| Untracked 
| 324|0x0000000728800000, 0x0000000728800000, 0x0000000728a00000|  0%| F|  |TAMS 0x0000000728800000, 0x0000000728800000| Untracked 
| 325|0x0000000728a00000, 0x0000000728a00000, 0x0000000728c00000|  0%| F|  |TAMS 0x0000000728a00000, 0x0000000728a00000| Untracked 
| 326|0x0000000728c00000, 0x0000000728c00000, 0x0000000728e00000|  0%| F|  |TAMS 0x0000000728c00000, 0x0000000728c00000| Untracked 
| 327|0x0000000728e00000, 0x0000000728e00000, 0x0000000729000000|  0%| F|  |TAMS 0x0000000728e00000, 0x0000000728e00000| Untracked 
| 328|0x0000000729000000, 0x0000000729000000, 0x0000000729200000|  0%| F|  |TAMS 0x0000000729000000, 0x0000000729000000| Untracked 
| 329|0x0000000729200000, 0x0000000729200000, 0x0000000729400000|  0%| F|  |TAMS 0x0000000729200000, 0x0000000729200000| Untracked 
| 330|0x0000000729400000, 0x0000000729400000, 0x0000000729600000|  0%| F|  |TAMS 0x0000000729400000, 0x0000000729400000| Untracked 
| 331|0x0000000729600000, 0x0000000729600000, 0x0000000729800000|  0%| F|  |TAMS 0x0000000729600000, 0x0000000729600000| Untracked 
| 332|0x0000000729800000, 0x0000000729800000, 0x0000000729a00000|  0%| F|  |TAMS 0x0000000729800000, 0x0000000729800000| Untracked 
| 333|0x0000000729a00000, 0x0000000729a00000, 0x0000000729c00000|  0%| F|  |TAMS 0x0000000729a00000, 0x0000000729a00000| Untracked 
| 334|0x0000000729c00000, 0x0000000729c00000, 0x0000000729e00000|  0%| F|  |TAMS 0x0000000729c00000, 0x0000000729c00000| Untracked 
| 335|0x0000000729e00000, 0x0000000729e00000, 0x000000072a000000|  0%| F|  |TAMS 0x0000000729e00000, 0x0000000729e00000| Untracked 
| 336|0x000000072a000000, 0x000000072a000000, 0x000000072a200000|  0%| F|  |TAMS 0x000000072a000000, 0x000000072a000000| Untracked 
| 337|0x000000072a200000, 0x000000072a200000, 0x000000072a400000|  0%| F|  |TAMS 0x000000072a200000, 0x000000072a200000| Untracked 
| 338|0x000000072a400000, 0x000000072a400000, 0x000000072a600000|  0%| F|  |TAMS 0x000000072a400000, 0x000000072a400000| Untracked 
| 339|0x000000072a600000, 0x000000072a600000, 0x000000072a800000|  0%| F|  |TAMS 0x000000072a600000, 0x000000072a600000| Untracked 
| 340|0x000000072a800000, 0x000000072a800000, 0x000000072aa00000|  0%| F|  |TAMS 0x000000072a800000, 0x000000072a800000| Untracked 
| 341|0x000000072aa00000, 0x000000072aa00000, 0x000000072ac00000|  0%| F|  |TAMS 0x000000072aa00000, 0x000000072aa00000| Untracked 
| 342|0x000000072ac00000, 0x000000072ac00000, 0x000000072ae00000|  0%| F|  |TAMS 0x000000072ac00000, 0x000000072ac00000| Untracked 
| 343|0x000000072ae00000, 0x000000072ae00000, 0x000000072b000000|  0%| F|  |TAMS 0x000000072ae00000, 0x000000072ae00000| Untracked 
| 344|0x000000072b000000, 0x000000072b000000, 0x000000072b200000|  0%| F|  |TAMS 0x000000072b000000, 0x000000072b000000| Untracked 
| 345|0x000000072b200000, 0x000000072b200000, 0x000000072b400000|  0%| F|  |TAMS 0x000000072b200000, 0x000000072b200000| Untracked 
| 346|0x000000072b400000, 0x000000072b400000, 0x000000072b600000|  0%| F|  |TAMS 0x000000072b400000, 0x000000072b400000| Untracked 
| 347|0x000000072b600000, 0x000000072b600000, 0x000000072b800000|  0%| F|  |TAMS 0x000000072b600000, 0x000000072b600000| Untracked 
| 348|0x000000072b800000, 0x000000072b800000, 0x000000072ba00000|  0%| F|  |TAMS 0x000000072b800000, 0x000000072b800000| Untracked 
| 349|0x000000072ba00000, 0x000000072ba00000, 0x000000072bc00000|  0%| F|  |TAMS 0x000000072ba00000, 0x000000072ba00000| Untracked 
| 350|0x000000072bc00000, 0x000000072bc00000, 0x000000072be00000|  0%| F|  |TAMS 0x000000072bc00000, 0x000000072bc00000| Untracked 
| 351|0x000000072be00000, 0x000000072be00000, 0x000000072c000000|  0%| F|  |TAMS 0x000000072be00000, 0x000000072be00000| Untracked 
| 352|0x000000072c000000, 0x000000072c000000, 0x000000072c200000|  0%| F|  |TAMS 0x000000072c000000, 0x000000072c000000| Untracked 
| 353|0x000000072c200000, 0x000000072c200000, 0x000000072c400000|  0%| F|  |TAMS 0x000000072c200000, 0x000000072c200000| Untracked 
| 354|0x000000072c400000, 0x000000072c400000, 0x000000072c600000|  0%| F|  |TAMS 0x000000072c400000, 0x000000072c400000| Untracked 
| 355|0x000000072c600000, 0x000000072c600000, 0x000000072c800000|  0%| F|  |TAMS 0x000000072c600000, 0x000000072c600000| Untracked 
| 356|0x000000072c800000, 0x000000072c800000, 0x000000072ca00000|  0%| F|  |TAMS 0x000000072c800000, 0x000000072c800000| Untracked 
| 357|0x000000072ca00000, 0x000000072ca00000, 0x000000072cc00000|  0%| F|  |TAMS 0x000000072ca00000, 0x000000072ca00000| Untracked 
| 358|0x000000072cc00000, 0x000000072cc00000, 0x000000072ce00000|  0%| F|  |TAMS 0x000000072cc00000, 0x000000072cc00000| Untracked 
| 359|0x000000072ce00000, 0x000000072ce00000, 0x000000072d000000|  0%| F|  |TAMS 0x000000072ce00000, 0x000000072ce00000| Untracked 
| 360|0x000000072d000000, 0x000000072d000000, 0x000000072d200000|  0%| F|  |TAMS 0x000000072d000000, 0x000000072d000000| Untracked 
| 361|0x000000072d200000, 0x000000072d200000, 0x000000072d400000|  0%| F|  |TAMS 0x000000072d200000, 0x000000072d200000| Untracked 
| 362|0x000000072d400000, 0x000000072d400000, 0x000000072d600000|  0%| F|  |TAMS 0x000000072d400000, 0x000000072d400000| Untracked 
| 363|0x000000072d600000, 0x000000072d600000, 0x000000072d800000|  0%| F|  |TAMS 0x000000072d600000, 0x000000072d600000| Untracked 
| 364|0x000000072d800000, 0x000000072d800000, 0x000000072da00000|  0%| F|  |TAMS 0x000000072d800000, 0x000000072d800000| Untracked 
| 365|0x000000072da00000, 0x000000072da00000, 0x000000072dc00000|  0%| F|  |TAMS 0x000000072da00000, 0x000000072da00000| Untracked 
| 366|0x000000072dc00000, 0x000000072dc00000, 0x000000072de00000|  0%| F|  |TAMS 0x000000072dc00000, 0x000000072dc00000| Untracked 
| 367|0x000000072de00000, 0x000000072de00000, 0x000000072e000000|  0%| F|  |TAMS 0x000000072de00000, 0x000000072de00000| Untracked 
| 368|0x000000072e000000, 0x000000072e000000, 0x000000072e200000|  0%| F|  |TAMS 0x000000072e000000, 0x000000072e000000| Untracked 
| 369|0x000000072e200000, 0x000000072e200000, 0x000000072e400000|  0%| F|  |TAMS 0x000000072e200000, 0x000000072e200000| Untracked 
| 370|0x000000072e400000, 0x000000072e400000, 0x000000072e600000|  0%| F|  |TAMS 0x000000072e400000, 0x000000072e400000| Untracked 
| 371|0x000000072e600000, 0x000000072e600000, 0x000000072e800000|  0%| F|  |TAMS 0x000000072e600000, 0x000000072e600000| Untracked 
| 372|0x000000072e800000, 0x000000072e800000, 0x000000072ea00000|  0%| F|  |TAMS 0x000000072e800000, 0x000000072e800000| Untracked 
| 373|0x000000072ea00000, 0x000000072ea00000, 0x000000072ec00000|  0%| F|  |TAMS 0x000000072ea00000, 0x000000072ea00000| Untracked 
| 374|0x000000072ec00000, 0x000000072ec00000, 0x000000072ee00000|  0%| F|  |TAMS 0x000000072ec00000, 0x000000072ec00000| Untracked 
| 375|0x000000072ee00000, 0x000000072ee00000, 0x000000072f000000|  0%| F|  |TAMS 0x000000072ee00000, 0x000000072ee00000| Untracked 
| 376|0x000000072f000000, 0x000000072f000000, 0x000000072f200000|  0%| F|  |TAMS 0x000000072f000000, 0x000000072f000000| Untracked 
| 377|0x000000072f200000, 0x000000072f200000, 0x000000072f400000|  0%| F|  |TAMS 0x000000072f200000, 0x000000072f200000| Untracked 
| 378|0x000000072f400000, 0x000000072f400000, 0x000000072f600000|  0%| F|  |TAMS 0x000000072f400000, 0x000000072f400000| Untracked 
| 379|0x000000072f600000, 0x000000072f600000, 0x000000072f800000|  0%| F|  |TAMS 0x000000072f600000, 0x000000072f600000| Untracked 
| 380|0x000000072f800000, 0x000000072f800000, 0x000000072fa00000|  0%| F|  |TAMS 0x000000072f800000, 0x000000072f800000| Untracked 
| 381|0x000000072fa00000, 0x000000072fa00000, 0x000000072fc00000|  0%| F|  |TAMS 0x000000072fa00000, 0x000000072fa00000| Untracked 
| 382|0x000000072fc00000, 0x000000072fc00000, 0x000000072fe00000|  0%| F|  |TAMS 0x000000072fc00000, 0x000000072fc00000| Untracked 
| 383|0x000000072fe00000, 0x000000072fe00000, 0x0000000730000000|  0%| F|  |TAMS 0x000000072fe00000, 0x000000072fe00000| Untracked 
| 384|0x0000000730000000, 0x0000000730000000, 0x0000000730200000|  0%| F|  |TAMS 0x0000000730000000, 0x0000000730000000| Untracked 
| 385|0x0000000730200000, 0x0000000730200000, 0x0000000730400000|  0%| F|  |TAMS 0x0000000730200000, 0x0000000730200000| Untracked 
| 386|0x0000000730400000, 0x0000000730400000, 0x0000000730600000|  0%| F|  |TAMS 0x0000000730400000, 0x0000000730400000| Untracked 
| 387|0x0000000730600000, 0x0000000730600000, 0x0000000730800000|  0%| F|  |TAMS 0x0000000730600000, 0x0000000730600000| Untracked 
| 388|0x0000000730800000, 0x0000000730800000, 0x0000000730a00000|  0%| F|  |TAMS 0x0000000730800000, 0x0000000730800000| Untracked 
| 389|0x0000000730a00000, 0x0000000730a00000, 0x0000000730c00000|  0%| F|  |TAMS 0x0000000730a00000, 0x0000000730a00000| Untracked 
| 390|0x0000000730c00000, 0x0000000730c00000, 0x0000000730e00000|  0%| F|  |TAMS 0x0000000730c00000, 0x0000000730c00000| Untracked 
| 391|0x0000000730e00000, 0x0000000730e00000, 0x0000000731000000|  0%| F|  |TAMS 0x0000000730e00000, 0x0000000730e00000| Untracked 
| 392|0x0000000731000000, 0x0000000731000000, 0x0000000731200000|  0%| F|  |TAMS 0x0000000731000000, 0x0000000731000000| Untracked 
| 393|0x0000000731200000, 0x0000000731200000, 0x0000000731400000|  0%| F|  |TAMS 0x0000000731200000, 0x0000000731200000| Untracked 
| 394|0x0000000731400000, 0x0000000731400000, 0x0000000731600000|  0%| F|  |TAMS 0x0000000731400000, 0x0000000731400000| Untracked 
| 395|0x0000000731600000, 0x0000000731600000, 0x0000000731800000|  0%| F|  |TAMS 0x0000000731600000, 0x0000000731600000| Untracked 
| 396|0x0000000731800000, 0x0000000731800000, 0x0000000731a00000|  0%| F|  |TAMS 0x0000000731800000, 0x0000000731800000| Untracked 
| 397|0x0000000731a00000, 0x0000000731a00000, 0x0000000731c00000|  0%| F|  |TAMS 0x0000000731a00000, 0x0000000731a00000| Untracked 
| 398|0x0000000731c00000, 0x0000000731c00000, 0x0000000731e00000|  0%| F|  |TAMS 0x0000000731c00000, 0x0000000731c00000| Untracked 
| 399|0x0000000731e00000, 0x0000000731e00000, 0x0000000732000000|  0%| F|  |TAMS 0x0000000731e00000, 0x0000000731e00000| Untracked 
| 400|0x0000000732000000, 0x0000000732000000, 0x0000000732200000|  0%| F|  |TAMS 0x0000000732000000, 0x0000000732000000| Untracked 
| 401|0x0000000732200000, 0x0000000732200000, 0x0000000732400000|  0%| F|  |TAMS 0x0000000732200000, 0x0000000732200000| Untracked 
| 402|0x0000000732400000, 0x0000000732400000, 0x0000000732600000|  0%| F|  |TAMS 0x0000000732400000, 0x0000000732400000| Untracked 
| 403|0x0000000732600000, 0x0000000732600000, 0x0000000732800000|  0%| F|  |TAMS 0x0000000732600000, 0x0000000732600000| Untracked 
| 404|0x0000000732800000, 0x0000000732800000, 0x0000000732a00000|  0%| F|  |TAMS 0x0000000732800000, 0x0000000732800000| Untracked 
| 405|0x0000000732a00000, 0x0000000732a00000, 0x0000000732c00000|  0%| F|  |TAMS 0x0000000732a00000, 0x0000000732a00000| Untracked 
| 406|0x0000000732c00000, 0x0000000732c00000, 0x0000000732e00000|  0%| F|  |TAMS 0x0000000732c00000, 0x0000000732c00000| Untracked 
| 407|0x0000000732e00000, 0x0000000732e00000, 0x0000000733000000|  0%| F|  |TAMS 0x0000000732e00000, 0x0000000732e00000| Untracked 
| 408|0x0000000733000000, 0x0000000733000000, 0x0000000733200000|  0%| F|  |TAMS 0x0000000733000000, 0x0000000733000000| Untracked 
| 409|0x0000000733200000, 0x0000000733200000, 0x0000000733400000|  0%| F|  |TAMS 0x0000000733200000, 0x0000000733200000| Untracked 
| 410|0x0000000733400000, 0x0000000733400000, 0x0000000733600000|  0%| F|  |TAMS 0x0000000733400000, 0x0000000733400000| Untracked 
| 411|0x0000000733600000, 0x0000000733600000, 0x0000000733800000|  0%| F|  |TAMS 0x0000000733600000, 0x0000000733600000| Untracked 
| 412|0x0000000733800000, 0x0000000733800000, 0x0000000733a00000|  0%| F|  |TAMS 0x0000000733800000, 0x0000000733800000| Untracked 
| 413|0x0000000733a00000, 0x0000000733a00000, 0x0000000733c00000|  0%| F|  |TAMS 0x0000000733a00000, 0x0000000733a00000| Untracked 
| 414|0x0000000733c00000, 0x0000000733c00000, 0x0000000733e00000|  0%| F|  |TAMS 0x0000000733c00000, 0x0000000733c00000| Untracked 
| 415|0x0000000733e00000, 0x0000000733e00000, 0x0000000734000000|  0%| F|  |TAMS 0x0000000733e00000, 0x0000000733e00000| Untracked 
| 416|0x0000000734000000, 0x0000000734000000, 0x0000000734200000|  0%| F|  |TAMS 0x0000000734000000, 0x0000000734000000| Untracked 
| 417|0x0000000734200000, 0x0000000734200000, 0x0000000734400000|  0%| F|  |TAMS 0x0000000734200000, 0x0000000734200000| Untracked 
| 418|0x0000000734400000, 0x0000000734400000, 0x0000000734600000|  0%| F|  |TAMS 0x0000000734400000, 0x0000000734400000| Untracked 
| 419|0x0000000734600000, 0x0000000734600000, 0x0000000734800000|  0%| F|  |TAMS 0x0000000734600000, 0x0000000734600000| Untracked 
| 420|0x0000000734800000, 0x0000000734800000, 0x0000000734a00000|  0%| F|  |TAMS 0x0000000734800000, 0x0000000734800000| Untracked 
| 421|0x0000000734a00000, 0x0000000734a00000, 0x0000000734c00000|  0%| F|  |TAMS 0x0000000734a00000, 0x0000000734a00000| Untracked 
| 422|0x0000000734c00000, 0x0000000734c00000, 0x0000000734e00000|  0%| F|  |TAMS 0x0000000734c00000, 0x0000000734c00000| Untracked 
| 423|0x0000000734e00000, 0x0000000734e00000, 0x0000000735000000|  0%| F|  |TAMS 0x0000000734e00000, 0x0000000734e00000| Untracked 
| 424|0x0000000735000000, 0x0000000735000000, 0x0000000735200000|  0%| F|  |TAMS 0x0000000735000000, 0x0000000735000000| Untracked 
| 425|0x0000000735200000, 0x0000000735200000, 0x0000000735400000|  0%| F|  |TAMS 0x0000000735200000, 0x0000000735200000| Untracked 
| 426|0x0000000735400000, 0x0000000735400000, 0x0000000735600000|  0%| F|  |TAMS 0x0000000735400000, 0x0000000735400000| Untracked 
| 427|0x0000000735600000, 0x0000000735600000, 0x0000000735800000|  0%| F|  |TAMS 0x0000000735600000, 0x0000000735600000| Untracked 
| 428|0x0000000735800000, 0x0000000735800000, 0x0000000735a00000|  0%| F|  |TAMS 0x0000000735800000, 0x0000000735800000| Untracked 
| 429|0x0000000735a00000, 0x0000000735a00000, 0x0000000735c00000|  0%| F|  |TAMS 0x0000000735a00000, 0x0000000735a00000| Untracked 
| 430|0x0000000735c00000, 0x0000000735c00000, 0x0000000735e00000|  0%| F|  |TAMS 0x0000000735c00000, 0x0000000735c00000| Untracked 
| 431|0x0000000735e00000, 0x0000000735e00000, 0x0000000736000000|  0%| F|  |TAMS 0x0000000735e00000, 0x0000000735e00000| Untracked 
| 432|0x0000000736000000, 0x0000000736000000, 0x0000000736200000|  0%| F|  |TAMS 0x0000000736000000, 0x0000000736000000| Untracked 
| 433|0x0000000736200000, 0x0000000736200000, 0x0000000736400000|  0%| F|  |TAMS 0x0000000736200000, 0x0000000736200000| Untracked 
| 434|0x0000000736400000, 0x0000000736400000, 0x0000000736600000|  0%| F|  |TAMS 0x0000000736400000, 0x0000000736400000| Untracked 
| 435|0x0000000736600000, 0x0000000736600000, 0x0000000736800000|  0%| F|  |TAMS 0x0000000736600000, 0x0000000736600000| Untracked 
| 436|0x0000000736800000, 0x0000000736800000, 0x0000000736a00000|  0%| F|  |TAMS 0x0000000736800000, 0x0000000736800000| Untracked 
| 437|0x0000000736a00000, 0x0000000736a00000, 0x0000000736c00000|  0%| F|  |TAMS 0x0000000736a00000, 0x0000000736a00000| Untracked 
| 438|0x0000000736c00000, 0x0000000736c00000, 0x0000000736e00000|  0%| F|  |TAMS 0x0000000736c00000, 0x0000000736c00000| Untracked 
| 439|0x0000000736e00000, 0x0000000736e00000, 0x0000000737000000|  0%| F|  |TAMS 0x0000000736e00000, 0x0000000736e00000| Untracked 
| 440|0x0000000737000000, 0x0000000737000000, 0x0000000737200000|  0%| F|  |TAMS 0x0000000737000000, 0x0000000737000000| Untracked 
| 441|0x0000000737200000, 0x0000000737200000, 0x0000000737400000|  0%| F|  |TAMS 0x0000000737200000, 0x0000000737200000| Untracked 
| 442|0x0000000737400000, 0x0000000737400000, 0x0000000737600000|  0%| F|  |TAMS 0x0000000737400000, 0x0000000737400000| Untracked 
| 443|0x0000000737600000, 0x0000000737600000, 0x0000000737800000|  0%| F|  |TAMS 0x0000000737600000, 0x0000000737600000| Untracked 
| 444|0x0000000737800000, 0x0000000737800000, 0x0000000737a00000|  0%| F|  |TAMS 0x0000000737800000, 0x0000000737800000| Untracked 
| 445|0x0000000737a00000, 0x0000000737a00000, 0x0000000737c00000|  0%| F|  |TAMS 0x0000000737a00000, 0x0000000737a00000| Untracked 
| 446|0x0000000737c00000, 0x0000000737c00000, 0x0000000737e00000|  0%| F|  |TAMS 0x0000000737c00000, 0x0000000737c00000| Untracked 
| 447|0x0000000737e00000, 0x0000000737e00000, 0x0000000738000000|  0%| F|  |TAMS 0x0000000737e00000, 0x0000000737e00000| Untracked 
| 448|0x0000000738000000, 0x0000000738000000, 0x0000000738200000|  0%| F|  |TAMS 0x0000000738000000, 0x0000000738000000| Untracked 
| 449|0x0000000738200000, 0x0000000738200000, 0x0000000738400000|  0%| F|  |TAMS 0x0000000738200000, 0x0000000738200000| Untracked 
| 450|0x0000000738400000, 0x0000000738400000, 0x0000000738600000|  0%| F|  |TAMS 0x0000000738400000, 0x0000000738400000| Untracked 
| 451|0x0000000738600000, 0x0000000738600000, 0x0000000738800000|  0%| F|  |TAMS 0x0000000738600000, 0x0000000738600000| Untracked 
| 452|0x0000000738800000, 0x0000000738800000, 0x0000000738a00000|  0%| F|  |TAMS 0x0000000738800000, 0x0000000738800000| Untracked 
| 453|0x0000000738a00000, 0x0000000738a00000, 0x0000000738c00000|  0%| F|  |TAMS 0x0000000738a00000, 0x0000000738a00000| Untracked 
| 454|0x0000000738c00000, 0x0000000738c00000, 0x0000000738e00000|  0%| F|  |TAMS 0x0000000738c00000, 0x0000000738c00000| Untracked 
| 455|0x0000000738e00000, 0x0000000738e00000, 0x0000000739000000|  0%| F|  |TAMS 0x0000000738e00000, 0x0000000738e00000| Untracked 
| 456|0x0000000739000000, 0x0000000739000000, 0x0000000739200000|  0%| F|  |TAMS 0x0000000739000000, 0x0000000739000000| Untracked 
| 457|0x0000000739200000, 0x0000000739200000, 0x0000000739400000|  0%| F|  |TAMS 0x0000000739200000, 0x0000000739200000| Untracked 
| 458|0x0000000739400000, 0x0000000739400000, 0x0000000739600000|  0%| F|  |TAMS 0x0000000739400000, 0x0000000739400000| Untracked 
| 459|0x0000000739600000, 0x0000000739600000, 0x0000000739800000|  0%| F|  |TAMS 0x0000000739600000, 0x0000000739600000| Untracked 
| 460|0x0000000739800000, 0x0000000739800000, 0x0000000739a00000|  0%| F|  |TAMS 0x0000000739800000, 0x0000000739800000| Untracked 
| 461|0x0000000739a00000, 0x0000000739a00000, 0x0000000739c00000|  0%| F|  |TAMS 0x0000000739a00000, 0x0000000739a00000| Untracked 
| 462|0x0000000739c00000, 0x0000000739c00000, 0x0000000739e00000|  0%| F|  |TAMS 0x0000000739c00000, 0x0000000739c00000| Untracked 
| 463|0x0000000739e00000, 0x0000000739e00000, 0x000000073a000000|  0%| F|  |TAMS 0x0000000739e00000, 0x0000000739e00000| Untracked 
| 464|0x000000073a000000, 0x000000073a000000, 0x000000073a200000|  0%| F|  |TAMS 0x000000073a000000, 0x000000073a000000| Untracked 
| 465|0x000000073a200000, 0x000000073a200000, 0x000000073a400000|  0%| F|  |TAMS 0x000000073a200000, 0x000000073a200000| Untracked 
| 466|0x000000073a400000, 0x000000073a400000, 0x000000073a600000|  0%| F|  |TAMS 0x000000073a400000, 0x000000073a400000| Untracked 
| 467|0x000000073a600000, 0x000000073a600000, 0x000000073a800000|  0%| F|  |TAMS 0x000000073a600000, 0x000000073a600000| Untracked 
| 468|0x000000073a800000, 0x000000073a800000, 0x000000073aa00000|  0%| F|  |TAMS 0x000000073a800000, 0x000000073a800000| Untracked 
| 469|0x000000073aa00000, 0x000000073aa00000, 0x000000073ac00000|  0%| F|  |TAMS 0x000000073aa00000, 0x000000073aa00000| Untracked 
| 470|0x000000073ac00000, 0x000000073ac00000, 0x000000073ae00000|  0%| F|  |TAMS 0x000000073ac00000, 0x000000073ac00000| Untracked 
| 471|0x000000073ae00000, 0x000000073ae00000, 0x000000073b000000|  0%| F|  |TAMS 0x000000073ae00000, 0x000000073ae00000| Untracked 
| 472|0x000000073b000000, 0x000000073b000000, 0x000000073b200000|  0%| F|  |TAMS 0x000000073b000000, 0x000000073b000000| Untracked 
| 473|0x000000073b200000, 0x000000073b200000, 0x000000073b400000|  0%| F|  |TAMS 0x000000073b200000, 0x000000073b200000| Untracked 
| 474|0x000000073b400000, 0x000000073b400000, 0x000000073b600000|  0%| F|  |TAMS 0x000000073b400000, 0x000000073b400000| Untracked 
| 475|0x000000073b600000, 0x000000073b600000, 0x000000073b800000|  0%| F|  |TAMS 0x000000073b600000, 0x000000073b600000| Untracked 
| 476|0x000000073b800000, 0x000000073b800000, 0x000000073ba00000|  0%| F|  |TAMS 0x000000073b800000, 0x000000073b800000| Untracked 
| 477|0x000000073ba00000, 0x000000073ba00000, 0x000000073bc00000|  0%| F|  |TAMS 0x000000073ba00000, 0x000000073ba00000| Untracked 
| 478|0x000000073bc00000, 0x000000073bc00000, 0x000000073be00000|  0%| F|  |TAMS 0x000000073bc00000, 0x000000073bc00000| Untracked 
| 479|0x000000073be00000, 0x000000073be00000, 0x000000073c000000|  0%| F|  |TAMS 0x000000073be00000, 0x000000073be00000| Untracked 
| 480|0x000000073c000000, 0x000000073c000000, 0x000000073c200000|  0%| F|  |TAMS 0x000000073c000000, 0x000000073c000000| Untracked 
| 481|0x000000073c200000, 0x000000073c200000, 0x000000073c400000|  0%| F|  |TAMS 0x000000073c200000, 0x000000073c200000| Untracked 
| 482|0x000000073c400000, 0x000000073c400000, 0x000000073c600000|  0%| F|  |TAMS 0x000000073c400000, 0x000000073c400000| Untracked 
| 483|0x000000073c600000, 0x000000073c600000, 0x000000073c800000|  0%| F|  |TAMS 0x000000073c600000, 0x000000073c600000| Untracked 
| 484|0x000000073c800000, 0x000000073c800000, 0x000000073ca00000|  0%| F|  |TAMS 0x000000073c800000, 0x000000073c800000| Untracked 
| 485|0x000000073ca00000, 0x000000073ca00000, 0x000000073cc00000|  0%| F|  |TAMS 0x000000073ca00000, 0x000000073ca00000| Untracked 
| 486|0x000000073cc00000, 0x000000073cc00000, 0x000000073ce00000|  0%| F|  |TAMS 0x000000073cc00000, 0x000000073cc00000| Untracked 
| 487|0x000000073ce00000, 0x000000073ce00000, 0x000000073d000000|  0%| F|  |TAMS 0x000000073ce00000, 0x000000073ce00000| Untracked 
| 488|0x000000073d000000, 0x000000073d000000, 0x000000073d200000|  0%| F|  |TAMS 0x000000073d000000, 0x000000073d000000| Untracked 
| 489|0x000000073d200000, 0x000000073d200000, 0x000000073d400000|  0%| F|  |TAMS 0x000000073d200000, 0x000000073d200000| Untracked 
| 490|0x000000073d400000, 0x000000073d400000, 0x000000073d600000|  0%| F|  |TAMS 0x000000073d400000, 0x000000073d400000| Untracked 
| 491|0x000000073d600000, 0x000000073d600000, 0x000000073d800000|  0%| F|  |TAMS 0x000000073d600000, 0x000000073d600000| Untracked 
| 492|0x000000073d800000, 0x000000073d800000, 0x000000073da00000|  0%| F|  |TAMS 0x000000073d800000, 0x000000073d800000| Untracked 
| 493|0x000000073da00000, 0x000000073da00000, 0x000000073dc00000|  0%| F|  |TAMS 0x000000073da00000, 0x000000073da00000| Untracked 
| 494|0x000000073dc00000, 0x000000073dc00000, 0x000000073de00000|  0%| F|  |TAMS 0x000000073dc00000, 0x000000073dc00000| Untracked 
| 495|0x000000073de00000, 0x000000073de00000, 0x000000073e000000|  0%| F|  |TAMS 0x000000073de00000, 0x000000073de00000| Untracked 
| 496|0x000000073e000000, 0x000000073e000000, 0x000000073e200000|  0%| F|  |TAMS 0x000000073e000000, 0x000000073e000000| Untracked 
| 497|0x000000073e200000, 0x000000073e200000, 0x000000073e400000|  0%| F|  |TAMS 0x000000073e200000, 0x000000073e200000| Untracked 
| 498|0x000000073e400000, 0x000000073e400000, 0x000000073e600000|  0%| F|  |TAMS 0x000000073e400000, 0x000000073e400000| Untracked 
| 499|0x000000073e600000, 0x000000073e600000, 0x000000073e800000|  0%| F|  |TAMS 0x000000073e600000, 0x000000073e600000| Untracked 
| 500|0x000000073e800000, 0x000000073e800000, 0x000000073ea00000|  0%| F|  |TAMS 0x000000073e800000, 0x000000073e800000| Untracked 
| 501|0x000000073ea00000, 0x000000073ea00000, 0x000000073ec00000|  0%| F|  |TAMS 0x000000073ea00000, 0x000000073ea00000| Untracked 
| 502|0x000000073ec00000, 0x000000073ec00000, 0x000000073ee00000|  0%| F|  |TAMS 0x000000073ec00000, 0x000000073ec00000| Untracked 
| 503|0x000000073ee00000, 0x000000073ee00000, 0x000000073f000000|  0%| F|  |TAMS 0x000000073ee00000, 0x000000073ee00000| Untracked 
| 504|0x000000073f000000, 0x000000073f000000, 0x000000073f200000|  0%| F|  |TAMS 0x000000073f000000, 0x000000073f000000| Untracked 
| 505|0x000000073f200000, 0x000000073f200000, 0x000000073f400000|  0%| F|  |TAMS 0x000000073f200000, 0x000000073f200000| Untracked 
| 506|0x000000073f400000, 0x000000073f400000, 0x000000073f600000|  0%| F|  |TAMS 0x000000073f400000, 0x000000073f400000| Untracked 
| 507|0x000000073f600000, 0x000000073f600000, 0x000000073f800000|  0%| F|  |TAMS 0x000000073f600000, 0x000000073f600000| Untracked 
| 508|0x000000073f800000, 0x000000073f800000, 0x000000073fa00000|  0%| F|  |TAMS 0x000000073f800000, 0x000000073f800000| Untracked 
| 509|0x000000073fa00000, 0x000000073fa00000, 0x000000073fc00000|  0%| F|  |TAMS 0x000000073fa00000, 0x000000073fa00000| Untracked 
| 510|0x000000073fc00000, 0x000000073fc00000, 0x000000073fe00000|  0%| F|  |TAMS 0x000000073fc00000, 0x000000073fc00000| Untracked 
| 511|0x000000073fe00000, 0x000000073fe00000, 0x0000000740000000|  0%| F|  |TAMS 0x000000073fe00000, 0x000000073fe00000| Untracked 
| 512|0x0000000740000000, 0x0000000740000000, 0x0000000740200000|  0%| F|  |TAMS 0x0000000740000000, 0x0000000740000000| Untracked 
| 513|0x0000000740200000, 0x0000000740200000, 0x0000000740400000|  0%| F|  |TAMS 0x0000000740200000, 0x0000000740200000| Untracked 
| 514|0x0000000740400000, 0x0000000740400000, 0x0000000740600000|  0%| F|  |TAMS 0x0000000740400000, 0x0000000740400000| Untracked 
| 515|0x0000000740600000, 0x0000000740600000, 0x0000000740800000|  0%| F|  |TAMS 0x0000000740600000, 0x0000000740600000| Untracked 
| 516|0x0000000740800000, 0x0000000740800000, 0x0000000740a00000|  0%| F|  |TAMS 0x0000000740800000, 0x0000000740800000| Untracked 
| 517|0x0000000740a00000, 0x0000000740a00000, 0x0000000740c00000|  0%| F|  |TAMS 0x0000000740a00000, 0x0000000740a00000| Untracked 
| 518|0x0000000740c00000, 0x0000000740c00000, 0x0000000740e00000|  0%| F|  |TAMS 0x0000000740c00000, 0x0000000740c00000| Untracked 
| 519|0x0000000740e00000, 0x0000000740e00000, 0x0000000741000000|  0%| F|  |TAMS 0x0000000740e00000, 0x0000000740e00000| Untracked 
| 520|0x0000000741000000, 0x0000000741000000, 0x0000000741200000|  0%| F|  |TAMS 0x0000000741000000, 0x0000000741000000| Untracked 
| 521|0x0000000741200000, 0x0000000741200000, 0x0000000741400000|  0%| F|  |TAMS 0x0000000741200000, 0x0000000741200000| Untracked 
| 522|0x0000000741400000, 0x0000000741400000, 0x0000000741600000|  0%| F|  |TAMS 0x0000000741400000, 0x0000000741400000| Untracked 
| 523|0x0000000741600000, 0x0000000741600000, 0x0000000741800000|  0%| F|  |TAMS 0x0000000741600000, 0x0000000741600000| Untracked 
| 524|0x0000000741800000, 0x0000000741800000, 0x0000000741a00000|  0%| F|  |TAMS 0x0000000741800000, 0x0000000741800000| Untracked 
| 525|0x0000000741a00000, 0x0000000741a00000, 0x0000000741c00000|  0%| F|  |TAMS 0x0000000741a00000, 0x0000000741a00000| Untracked 
| 526|0x0000000741c00000, 0x0000000741c00000, 0x0000000741e00000|  0%| F|  |TAMS 0x0000000741c00000, 0x0000000741c00000| Untracked 
| 527|0x0000000741e00000, 0x0000000741e00000, 0x0000000742000000|  0%| F|  |TAMS 0x0000000741e00000, 0x0000000741e00000| Untracked 
| 528|0x0000000742000000, 0x0000000742000000, 0x0000000742200000|  0%| F|  |TAMS 0x0000000742000000, 0x0000000742000000| Untracked 
| 529|0x0000000742200000, 0x0000000742200000, 0x0000000742400000|  0%| F|  |TAMS 0x0000000742200000, 0x0000000742200000| Untracked 
| 530|0x0000000742400000, 0x0000000742400000, 0x0000000742600000|  0%| F|  |TAMS 0x0000000742400000, 0x0000000742400000| Untracked 
| 531|0x0000000742600000, 0x0000000742600000, 0x0000000742800000|  0%| F|  |TAMS 0x0000000742600000, 0x0000000742600000| Untracked 
| 532|0x0000000742800000, 0x0000000742800000, 0x0000000742a00000|  0%| F|  |TAMS 0x0000000742800000, 0x0000000742800000| Untracked 
| 533|0x0000000742a00000, 0x0000000742a00000, 0x0000000742c00000|  0%| F|  |TAMS 0x0000000742a00000, 0x0000000742a00000| Untracked 
| 534|0x0000000742c00000, 0x0000000742c00000, 0x0000000742e00000|  0%| F|  |TAMS 0x0000000742c00000, 0x0000000742c00000| Untracked 
| 535|0x0000000742e00000, 0x0000000742e00000, 0x0000000743000000|  0%| F|  |TAMS 0x0000000742e00000, 0x0000000742e00000| Untracked 
| 536|0x0000000743000000, 0x0000000743000000, 0x0000000743200000|  0%| F|  |TAMS 0x0000000743000000, 0x0000000743000000| Untracked 
| 537|0x0000000743200000, 0x0000000743200000, 0x0000000743400000|  0%| F|  |TAMS 0x0000000743200000, 0x0000000743200000| Untracked 
| 538|0x0000000743400000, 0x0000000743400000, 0x0000000743600000|  0%| F|  |TAMS 0x0000000743400000, 0x0000000743400000| Untracked 
| 539|0x0000000743600000, 0x0000000743600000, 0x0000000743800000|  0%| F|  |TAMS 0x0000000743600000, 0x0000000743600000| Untracked 
| 540|0x0000000743800000, 0x0000000743800000, 0x0000000743a00000|  0%| F|  |TAMS 0x0000000743800000, 0x0000000743800000| Untracked 
| 541|0x0000000743a00000, 0x0000000743a00000, 0x0000000743c00000|  0%| F|  |TAMS 0x0000000743a00000, 0x0000000743a00000| Untracked 
| 542|0x0000000743c00000, 0x0000000743c00000, 0x0000000743e00000|  0%| F|  |TAMS 0x0000000743c00000, 0x0000000743c00000| Untracked 
| 543|0x0000000743e00000, 0x0000000743e00000, 0x0000000744000000|  0%| F|  |TAMS 0x0000000743e00000, 0x0000000743e00000| Untracked 
| 544|0x0000000744000000, 0x0000000744000000, 0x0000000744200000|  0%| F|  |TAMS 0x0000000744000000, 0x0000000744000000| Untracked 
| 545|0x0000000744200000, 0x0000000744200000, 0x0000000744400000|  0%| F|  |TAMS 0x0000000744200000, 0x0000000744200000| Untracked 
| 546|0x0000000744400000, 0x0000000744400000, 0x0000000744600000|  0%| F|  |TAMS 0x0000000744400000, 0x0000000744400000| Untracked 
| 547|0x0000000744600000, 0x0000000744600000, 0x0000000744800000|  0%| F|  |TAMS 0x0000000744600000, 0x0000000744600000| Untracked 
| 548|0x0000000744800000, 0x0000000744800000, 0x0000000744a00000|  0%| F|  |TAMS 0x0000000744800000, 0x0000000744800000| Untracked 
| 549|0x0000000744a00000, 0x0000000744a00000, 0x0000000744c00000|  0%| F|  |TAMS 0x0000000744a00000, 0x0000000744a00000| Untracked 
| 550|0x0000000744c00000, 0x0000000744c00000, 0x0000000744e00000|  0%| F|  |TAMS 0x0000000744c00000, 0x0000000744c00000| Untracked 
| 551|0x0000000744e00000, 0x0000000744e00000, 0x0000000745000000|  0%| F|  |TAMS 0x0000000744e00000, 0x0000000744e00000| Untracked 
| 552|0x0000000745000000, 0x0000000745000000, 0x0000000745200000|  0%| F|  |TAMS 0x0000000745000000, 0x0000000745000000| Untracked 
| 553|0x0000000745200000, 0x0000000745200000, 0x0000000745400000|  0%| F|  |TAMS 0x0000000745200000, 0x0000000745200000| Untracked 
| 554|0x0000000745400000, 0x0000000745400000, 0x0000000745600000|  0%| F|  |TAMS 0x0000000745400000, 0x0000000745400000| Untracked 
| 555|0x0000000745600000, 0x0000000745600000, 0x0000000745800000|  0%| F|  |TAMS 0x0000000745600000, 0x0000000745600000| Untracked 
| 556|0x0000000745800000, 0x0000000745800000, 0x0000000745a00000|  0%| F|  |TAMS 0x0000000745800000, 0x0000000745800000| Untracked 
| 557|0x0000000745a00000, 0x0000000745a00000, 0x0000000745c00000|  0%| F|  |TAMS 0x0000000745a00000, 0x0000000745a00000| Untracked 
| 558|0x0000000745c00000, 0x0000000745c00000, 0x0000000745e00000|  0%| F|  |TAMS 0x0000000745c00000, 0x0000000745c00000| Untracked 
| 559|0x0000000745e00000, 0x0000000745e00000, 0x0000000746000000|  0%| F|  |TAMS 0x0000000745e00000, 0x0000000745e00000| Untracked 
| 560|0x0000000746000000, 0x0000000746000000, 0x0000000746200000|  0%| F|  |TAMS 0x0000000746000000, 0x0000000746000000| Untracked 
| 561|0x0000000746200000, 0x0000000746200000, 0x0000000746400000|  0%| F|  |TAMS 0x0000000746200000, 0x0000000746200000| Untracked 
| 562|0x0000000746400000, 0x0000000746400000, 0x0000000746600000|  0%| F|  |TAMS 0x0000000746400000, 0x0000000746400000| Untracked 
| 563|0x0000000746600000, 0x0000000746600000, 0x0000000746800000|  0%| F|  |TAMS 0x0000000746600000, 0x0000000746600000| Untracked 
| 564|0x0000000746800000, 0x0000000746800000, 0x0000000746a00000|  0%| F|  |TAMS 0x0000000746800000, 0x0000000746800000| Untracked 
| 565|0x0000000746a00000, 0x0000000746a00000, 0x0000000746c00000|  0%| F|  |TAMS 0x0000000746a00000, 0x0000000746a00000| Untracked 
| 566|0x0000000746c00000, 0x0000000746c00000, 0x0000000746e00000|  0%| F|  |TAMS 0x0000000746c00000, 0x0000000746c00000| Untracked 
| 567|0x0000000746e00000, 0x0000000746e00000, 0x0000000747000000|  0%| F|  |TAMS 0x0000000746e00000, 0x0000000746e00000| Untracked 
| 568|0x0000000747000000, 0x0000000747000000, 0x0000000747200000|  0%| F|  |TAMS 0x0000000747000000, 0x0000000747000000| Untracked 
| 569|0x0000000747200000, 0x0000000747200000, 0x0000000747400000|  0%| F|  |TAMS 0x0000000747200000, 0x0000000747200000| Untracked 
| 570|0x0000000747400000, 0x0000000747400000, 0x0000000747600000|  0%| F|  |TAMS 0x0000000747400000, 0x0000000747400000| Untracked 
| 571|0x0000000747600000, 0x0000000747600000, 0x0000000747800000|  0%| F|  |TAMS 0x0000000747600000, 0x0000000747600000| Untracked 
| 572|0x0000000747800000, 0x0000000747800000, 0x0000000747a00000|  0%| F|  |TAMS 0x0000000747800000, 0x0000000747800000| Untracked 
| 573|0x0000000747a00000, 0x0000000747a00000, 0x0000000747c00000|  0%| F|  |TAMS 0x0000000747a00000, 0x0000000747a00000| Untracked 
| 574|0x0000000747c00000, 0x0000000747c00000, 0x0000000747e00000|  0%| F|  |TAMS 0x0000000747c00000, 0x0000000747c00000| Untracked 
| 575|0x0000000747e00000, 0x0000000747e00000, 0x0000000748000000|  0%| F|  |TAMS 0x0000000747e00000, 0x0000000747e00000| Untracked 
| 576|0x0000000748000000, 0x0000000748000000, 0x0000000748200000|  0%| F|  |TAMS 0x0000000748000000, 0x0000000748000000| Untracked 
| 577|0x0000000748200000, 0x0000000748200000, 0x0000000748400000|  0%| F|  |TAMS 0x0000000748200000, 0x0000000748200000| Untracked 
| 578|0x0000000748400000, 0x0000000748400000, 0x0000000748600000|  0%| F|  |TAMS 0x0000000748400000, 0x0000000748400000| Untracked 
| 579|0x0000000748600000, 0x0000000748600000, 0x0000000748800000|  0%| F|  |TAMS 0x0000000748600000, 0x0000000748600000| Untracked 
| 580|0x0000000748800000, 0x0000000748800000, 0x0000000748a00000|  0%| F|  |TAMS 0x0000000748800000, 0x0000000748800000| Untracked 
| 581|0x0000000748a00000, 0x0000000748a00000, 0x0000000748c00000|  0%| F|  |TAMS 0x0000000748a00000, 0x0000000748a00000| Untracked 
| 582|0x0000000748c00000, 0x0000000748c00000, 0x0000000748e00000|  0%| F|  |TAMS 0x0000000748c00000, 0x0000000748c00000| Untracked 
| 583|0x0000000748e00000, 0x0000000748e00000, 0x0000000749000000|  0%| F|  |TAMS 0x0000000748e00000, 0x0000000748e00000| Untracked 
| 584|0x0000000749000000, 0x0000000749000000, 0x0000000749200000|  0%| F|  |TAMS 0x0000000749000000, 0x0000000749000000| Untracked 
| 585|0x0000000749200000, 0x0000000749200000, 0x0000000749400000|  0%| F|  |TAMS 0x0000000749200000, 0x0000000749200000| Untracked 
| 586|0x0000000749400000, 0x0000000749400000, 0x0000000749600000|  0%| F|  |TAMS 0x0000000749400000, 0x0000000749400000| Untracked 
| 587|0x0000000749600000, 0x0000000749600000, 0x0000000749800000|  0%| F|  |TAMS 0x0000000749600000, 0x0000000749600000| Untracked 
| 588|0x0000000749800000, 0x0000000749800000, 0x0000000749a00000|  0%| F|  |TAMS 0x0000000749800000, 0x0000000749800000| Untracked 
| 589|0x0000000749a00000, 0x0000000749a00000, 0x0000000749c00000|  0%| F|  |TAMS 0x0000000749a00000, 0x0000000749a00000| Untracked 
| 590|0x0000000749c00000, 0x0000000749c00000, 0x0000000749e00000|  0%| F|  |TAMS 0x0000000749c00000, 0x0000000749c00000| Untracked 
| 591|0x0000000749e00000, 0x0000000749e00000, 0x000000074a000000|  0%| F|  |TAMS 0x0000000749e00000, 0x0000000749e00000| Untracked 
| 592|0x000000074a000000, 0x000000074a000000, 0x000000074a200000|  0%| F|  |TAMS 0x000000074a000000, 0x000000074a000000| Untracked 
| 593|0x000000074a200000, 0x000000074a200000, 0x000000074a400000|  0%| F|  |TAMS 0x000000074a200000, 0x000000074a200000| Untracked 
| 594|0x000000074a400000, 0x000000074a400000, 0x000000074a600000|  0%| F|  |TAMS 0x000000074a400000, 0x000000074a400000| Untracked 
| 595|0x000000074a600000, 0x000000074a600000, 0x000000074a800000|  0%| F|  |TAMS 0x000000074a600000, 0x000000074a600000| Untracked 
| 596|0x000000074a800000, 0x000000074a800000, 0x000000074aa00000|  0%| F|  |TAMS 0x000000074a800000, 0x000000074a800000| Untracked 
| 597|0x000000074aa00000, 0x000000074aa00000, 0x000000074ac00000|  0%| F|  |TAMS 0x000000074aa00000, 0x000000074aa00000| Untracked 
| 598|0x000000074ac00000, 0x000000074ac00000, 0x000000074ae00000|  0%| F|  |TAMS 0x000000074ac00000, 0x000000074ac00000| Untracked 
| 599|0x000000074ae00000, 0x000000074ae00000, 0x000000074b000000|  0%| F|  |TAMS 0x000000074ae00000, 0x000000074ae00000| Untracked 
| 600|0x000000074b000000, 0x000000074b000000, 0x000000074b200000|  0%| F|  |TAMS 0x000000074b000000, 0x000000074b000000| Untracked 
| 601|0x000000074b200000, 0x000000074b200000, 0x000000074b400000|  0%| F|  |TAMS 0x000000074b200000, 0x000000074b200000| Untracked 
| 602|0x000000074b400000, 0x000000074b400000, 0x000000074b600000|  0%| F|  |TAMS 0x000000074b400000, 0x000000074b400000| Untracked 
| 603|0x000000074b600000, 0x000000074b600000, 0x000000074b800000|  0%| F|  |TAMS 0x000000074b600000, 0x000000074b600000| Untracked 
| 604|0x000000074b800000, 0x000000074b800000, 0x000000074ba00000|  0%| F|  |TAMS 0x000000074b800000, 0x000000074b800000| Untracked 
| 605|0x000000074ba00000, 0x000000074ba00000, 0x000000074bc00000|  0%| F|  |TAMS 0x000000074ba00000, 0x000000074ba00000| Untracked 
| 606|0x000000074bc00000, 0x000000074bc00000, 0x000000074be00000|  0%| F|  |TAMS 0x000000074bc00000, 0x000000074bc00000| Untracked 
| 607|0x000000074be00000, 0x000000074be00000, 0x000000074c000000|  0%| F|  |TAMS 0x000000074be00000, 0x000000074be00000| Untracked 
| 608|0x000000074c000000, 0x000000074c000000, 0x000000074c200000|  0%| F|  |TAMS 0x000000074c000000, 0x000000074c000000| Untracked 
| 609|0x000000074c200000, 0x000000074c200000, 0x000000074c400000|  0%| F|  |TAMS 0x000000074c200000, 0x000000074c200000| Untracked 
| 610|0x000000074c400000, 0x000000074c400000, 0x000000074c600000|  0%| F|  |TAMS 0x000000074c400000, 0x000000074c400000| Untracked 
| 611|0x000000074c600000, 0x000000074c600000, 0x000000074c800000|  0%| F|  |TAMS 0x000000074c600000, 0x000000074c600000| Untracked 
| 612|0x000000074c800000, 0x000000074c800000, 0x000000074ca00000|  0%| F|  |TAMS 0x000000074c800000, 0x000000074c800000| Untracked 
| 613|0x000000074ca00000, 0x000000074ca00000, 0x000000074cc00000|  0%| F|  |TAMS 0x000000074ca00000, 0x000000074ca00000| Untracked 
| 614|0x000000074cc00000, 0x000000074cc00000, 0x000000074ce00000|  0%| F|  |TAMS 0x000000074cc00000, 0x000000074cc00000| Untracked 
| 615|0x000000074ce00000, 0x000000074ce00000, 0x000000074d000000|  0%| F|  |TAMS 0x000000074ce00000, 0x000000074ce00000| Untracked 
| 616|0x000000074d000000, 0x000000074d000000, 0x000000074d200000|  0%| F|  |TAMS 0x000000074d000000, 0x000000074d000000| Untracked 
| 617|0x000000074d200000, 0x000000074d200000, 0x000000074d400000|  0%| F|  |TAMS 0x000000074d200000, 0x000000074d200000| Untracked 
| 618|0x000000074d400000, 0x000000074d400000, 0x000000074d600000|  0%| F|  |TAMS 0x000000074d400000, 0x000000074d400000| Untracked 
| 619|0x000000074d600000, 0x000000074d600000, 0x000000074d800000|  0%| F|  |TAMS 0x000000074d600000, 0x000000074d600000| Untracked 
| 620|0x000000074d800000, 0x000000074d800000, 0x000000074da00000|  0%| F|  |TAMS 0x000000074d800000, 0x000000074d800000| Untracked 
| 621|0x000000074da00000, 0x000000074da00000, 0x000000074dc00000|  0%| F|  |TAMS 0x000000074da00000, 0x000000074da00000| Untracked 
| 622|0x000000074dc00000, 0x000000074dc00000, 0x000000074de00000|  0%| F|  |TAMS 0x000000074dc00000, 0x000000074dc00000| Untracked 
| 623|0x000000074de00000, 0x000000074de00000, 0x000000074e000000|  0%| F|  |TAMS 0x000000074de00000, 0x000000074de00000| Untracked 
| 624|0x000000074e000000, 0x000000074e000000, 0x000000074e200000|  0%| F|  |TAMS 0x000000074e000000, 0x000000074e000000| Untracked 
| 625|0x000000074e200000, 0x000000074e200000, 0x000000074e400000|  0%| F|  |TAMS 0x000000074e200000, 0x000000074e200000| Untracked 
| 626|0x000000074e400000, 0x000000074e400000, 0x000000074e600000|  0%| F|  |TAMS 0x000000074e400000, 0x000000074e400000| Untracked 
| 627|0x000000074e600000, 0x000000074e600000, 0x000000074e800000|  0%| F|  |TAMS 0x000000074e600000, 0x000000074e600000| Untracked 
| 628|0x000000074e800000, 0x000000074e800000, 0x000000074ea00000|  0%| F|  |TAMS 0x000000074e800000, 0x000000074e800000| Untracked 
| 629|0x000000074ea00000, 0x000000074ea00000, 0x000000074ec00000|  0%| F|  |TAMS 0x000000074ea00000, 0x000000074ea00000| Untracked 
| 630|0x000000074ec00000, 0x000000074ec00000, 0x000000074ee00000|  0%| F|  |TAMS 0x000000074ec00000, 0x000000074ec00000| Untracked 
| 631|0x000000074ee00000, 0x000000074ee00000, 0x000000074f000000|  0%| F|  |TAMS 0x000000074ee00000, 0x000000074ee00000| Untracked 
| 632|0x000000074f000000, 0x000000074f000000, 0x000000074f200000|  0%| F|  |TAMS 0x000000074f000000, 0x000000074f000000| Untracked 
| 633|0x000000074f200000, 0x000000074f200000, 0x000000074f400000|  0%| F|  |TAMS 0x000000074f200000, 0x000000074f200000| Untracked 
| 634|0x000000074f400000, 0x000000074f400000, 0x000000074f600000|  0%| F|  |TAMS 0x000000074f400000, 0x000000074f400000| Untracked 
| 635|0x000000074f600000, 0x000000074f600000, 0x000000074f800000|  0%| F|  |TAMS 0x000000074f600000, 0x000000074f600000| Untracked 
| 636|0x000000074f800000, 0x000000074f800000, 0x000000074fa00000|  0%| F|  |TAMS 0x000000074f800000, 0x000000074f800000| Untracked 
| 637|0x000000074fa00000, 0x000000074fa00000, 0x000000074fc00000|  0%| F|  |TAMS 0x000000074fa00000, 0x000000074fa00000| Untracked 
| 638|0x000000074fc00000, 0x000000074fc00000, 0x000000074fe00000|  0%| F|  |TAMS 0x000000074fc00000, 0x000000074fc00000| Untracked 
| 639|0x000000074fe00000, 0x000000074fe00000, 0x0000000750000000|  0%| F|  |TAMS 0x000000074fe00000, 0x000000074fe00000| Untracked 
| 640|0x0000000750000000, 0x0000000750000000, 0x0000000750200000|  0%| F|  |TAMS 0x0000000750000000, 0x0000000750000000| Untracked 
| 641|0x0000000750200000, 0x0000000750200000, 0x0000000750400000|  0%| F|  |TAMS 0x0000000750200000, 0x0000000750200000| Untracked 
| 642|0x0000000750400000, 0x0000000750400000, 0x0000000750600000|  0%| F|  |TAMS 0x0000000750400000, 0x0000000750400000| Untracked 
| 643|0x0000000750600000, 0x0000000750600000, 0x0000000750800000|  0%| F|  |TAMS 0x0000000750600000, 0x0000000750600000| Untracked 
| 644|0x0000000750800000, 0x0000000750800000, 0x0000000750a00000|  0%| F|  |TAMS 0x0000000750800000, 0x0000000750800000| Untracked 
| 645|0x0000000750a00000, 0x0000000750a00000, 0x0000000750c00000|  0%| F|  |TAMS 0x0000000750a00000, 0x0000000750a00000| Untracked 
| 646|0x0000000750c00000, 0x0000000750c00000, 0x0000000750e00000|  0%| F|  |TAMS 0x0000000750c00000, 0x0000000750c00000| Untracked 
| 647|0x0000000750e00000, 0x0000000750e00000, 0x0000000751000000|  0%| F|  |TAMS 0x0000000750e00000, 0x0000000750e00000| Untracked 
| 648|0x0000000751000000, 0x0000000751000000, 0x0000000751200000|  0%| F|  |TAMS 0x0000000751000000, 0x0000000751000000| Untracked 
| 649|0x0000000751200000, 0x0000000751200000, 0x0000000751400000|  0%| F|  |TAMS 0x0000000751200000, 0x0000000751200000| Untracked 
| 650|0x0000000751400000, 0x0000000751400000, 0x0000000751600000|  0%| F|  |TAMS 0x0000000751400000, 0x0000000751400000| Untracked 
| 651|0x0000000751600000, 0x0000000751600000, 0x0000000751800000|  0%| F|  |TAMS 0x0000000751600000, 0x0000000751600000| Untracked 
| 652|0x0000000751800000, 0x0000000751800000, 0x0000000751a00000|  0%| F|  |TAMS 0x0000000751800000, 0x0000000751800000| Untracked 
| 653|0x0000000751a00000, 0x0000000751a00000, 0x0000000751c00000|  0%| F|  |TAMS 0x0000000751a00000, 0x0000000751a00000| Untracked 
| 654|0x0000000751c00000, 0x0000000751c00000, 0x0000000751e00000|  0%| F|  |TAMS 0x0000000751c00000, 0x0000000751c00000| Untracked 
| 655|0x0000000751e00000, 0x0000000751e00000, 0x0000000752000000|  0%| F|  |TAMS 0x0000000751e00000, 0x0000000751e00000| Untracked 
| 656|0x0000000752000000, 0x0000000752000000, 0x0000000752200000|  0%| F|  |TAMS 0x0000000752000000, 0x0000000752000000| Untracked 
| 657|0x0000000752200000, 0x0000000752200000, 0x0000000752400000|  0%| F|  |TAMS 0x0000000752200000, 0x0000000752200000| Untracked 
| 658|0x0000000752400000, 0x0000000752400000, 0x0000000752600000|  0%| F|  |TAMS 0x0000000752400000, 0x0000000752400000| Untracked 
| 659|0x0000000752600000, 0x0000000752600000, 0x0000000752800000|  0%| F|  |TAMS 0x0000000752600000, 0x0000000752600000| Untracked 
| 660|0x0000000752800000, 0x0000000752800000, 0x0000000752a00000|  0%| F|  |TAMS 0x0000000752800000, 0x0000000752800000| Untracked 
| 661|0x0000000752a00000, 0x0000000752a00000, 0x0000000752c00000|  0%| F|  |TAMS 0x0000000752a00000, 0x0000000752a00000| Untracked 
| 662|0x0000000752c00000, 0x0000000752c00000, 0x0000000752e00000|  0%| F|  |TAMS 0x0000000752c00000, 0x0000000752c00000| Untracked 
| 663|0x0000000752e00000, 0x0000000752e00000, 0x0000000753000000|  0%| F|  |TAMS 0x0000000752e00000, 0x0000000752e00000| Untracked 
| 664|0x0000000753000000, 0x0000000753000000, 0x0000000753200000|  0%| F|  |TAMS 0x0000000753000000, 0x0000000753000000| Untracked 
| 665|0x0000000753200000, 0x0000000753200000, 0x0000000753400000|  0%| F|  |TAMS 0x0000000753200000, 0x0000000753200000| Untracked 
| 666|0x0000000753400000, 0x0000000753400000, 0x0000000753600000|  0%| F|  |TAMS 0x0000000753400000, 0x0000000753400000| Untracked 
| 667|0x0000000753600000, 0x0000000753600000, 0x0000000753800000|  0%| F|  |TAMS 0x0000000753600000, 0x0000000753600000| Untracked 
| 668|0x0000000753800000, 0x0000000753800000, 0x0000000753a00000|  0%| F|  |TAMS 0x0000000753800000, 0x0000000753800000| Untracked 
| 669|0x0000000753a00000, 0x0000000753a00000, 0x0000000753c00000|  0%| F|  |TAMS 0x0000000753a00000, 0x0000000753a00000| Untracked 
| 670|0x0000000753c00000, 0x0000000753c00000, 0x0000000753e00000|  0%| F|  |TAMS 0x0000000753c00000, 0x0000000753c00000| Untracked 
| 671|0x0000000753e00000, 0x0000000753e00000, 0x0000000754000000|  0%| F|  |TAMS 0x0000000753e00000, 0x0000000753e00000| Untracked 
| 672|0x0000000754000000, 0x0000000754000000, 0x0000000754200000|  0%| F|  |TAMS 0x0000000754000000, 0x0000000754000000| Untracked 
| 673|0x0000000754200000, 0x0000000754200000, 0x0000000754400000|  0%| F|  |TAMS 0x0000000754200000, 0x0000000754200000| Untracked 
| 674|0x0000000754400000, 0x0000000754400000, 0x0000000754600000|  0%| F|  |TAMS 0x0000000754400000, 0x0000000754400000| Untracked 
| 675|0x0000000754600000, 0x0000000754600000, 0x0000000754800000|  0%| F|  |TAMS 0x0000000754600000, 0x0000000754600000| Untracked 
| 676|0x0000000754800000, 0x0000000754800000, 0x0000000754a00000|  0%| F|  |TAMS 0x0000000754800000, 0x0000000754800000| Untracked 
| 677|0x0000000754a00000, 0x0000000754a00000, 0x0000000754c00000|  0%| F|  |TAMS 0x0000000754a00000, 0x0000000754a00000| Untracked 
| 678|0x0000000754c00000, 0x0000000754c00000, 0x0000000754e00000|  0%| F|  |TAMS 0x0000000754c00000, 0x0000000754c00000| Untracked 
| 679|0x0000000754e00000, 0x0000000754e00000, 0x0000000755000000|  0%| F|  |TAMS 0x0000000754e00000, 0x0000000754e00000| Untracked 
| 680|0x0000000755000000, 0x0000000755000000, 0x0000000755200000|  0%| F|  |TAMS 0x0000000755000000, 0x0000000755000000| Untracked 
| 681|0x0000000755200000, 0x0000000755200000, 0x0000000755400000|  0%| F|  |TAMS 0x0000000755200000, 0x0000000755200000| Untracked 
| 682|0x0000000755400000, 0x0000000755400000, 0x0000000755600000|  0%| F|  |TAMS 0x0000000755400000, 0x0000000755400000| Untracked 
| 683|0x0000000755600000, 0x0000000755600000, 0x0000000755800000|  0%| F|  |TAMS 0x0000000755600000, 0x0000000755600000| Untracked 
| 684|0x0000000755800000, 0x0000000755800000, 0x0000000755a00000|  0%| F|  |TAMS 0x0000000755800000, 0x0000000755800000| Untracked 
| 685|0x0000000755a00000, 0x0000000755a00000, 0x0000000755c00000|  0%| F|  |TAMS 0x0000000755a00000, 0x0000000755a00000| Untracked 
| 686|0x0000000755c00000, 0x0000000755c00000, 0x0000000755e00000|  0%| F|  |TAMS 0x0000000755c00000, 0x0000000755c00000| Untracked 
| 687|0x0000000755e00000, 0x0000000755e00000, 0x0000000756000000|  0%| F|  |TAMS 0x0000000755e00000, 0x0000000755e00000| Untracked 
| 688|0x0000000756000000, 0x0000000756000000, 0x0000000756200000|  0%| F|  |TAMS 0x0000000756000000, 0x0000000756000000| Untracked 
| 689|0x0000000756200000, 0x0000000756200000, 0x0000000756400000|  0%| F|  |TAMS 0x0000000756200000, 0x0000000756200000| Untracked 
| 690|0x0000000756400000, 0x0000000756400000, 0x0000000756600000|  0%| F|  |TAMS 0x0000000756400000, 0x0000000756400000| Untracked 
| 691|0x0000000756600000, 0x0000000756600000, 0x0000000756800000|  0%| F|  |TAMS 0x0000000756600000, 0x0000000756600000| Untracked 
| 692|0x0000000756800000, 0x0000000756800000, 0x0000000756a00000|  0%| F|  |TAMS 0x0000000756800000, 0x0000000756800000| Untracked 
| 693|0x0000000756a00000, 0x0000000756a00000, 0x0000000756c00000|  0%| F|  |TAMS 0x0000000756a00000, 0x0000000756a00000| Untracked 
| 694|0x0000000756c00000, 0x0000000756c00000, 0x0000000756e00000|  0%| F|  |TAMS 0x0000000756c00000, 0x0000000756c00000| Untracked 
| 695|0x0000000756e00000, 0x0000000756e00000, 0x0000000757000000|  0%| F|  |TAMS 0x0000000756e00000, 0x0000000756e00000| Untracked 
| 696|0x0000000757000000, 0x0000000757000000, 0x0000000757200000|  0%| F|  |TAMS 0x0000000757000000, 0x0000000757000000| Untracked 
| 697|0x0000000757200000, 0x0000000757200000, 0x0000000757400000|  0%| F|  |TAMS 0x0000000757200000, 0x0000000757200000| Untracked 
| 698|0x0000000757400000, 0x0000000757400000, 0x0000000757600000|  0%| F|  |TAMS 0x0000000757400000, 0x0000000757400000| Untracked 
| 699|0x0000000757600000, 0x00000007577b4558, 0x0000000757800000| 85%| E|  |TAMS 0x0000000757600000, 0x0000000757600000| Complete 
| 700|0x0000000757800000, 0x0000000757a00000, 0x0000000757a00000|100%| E|CS|TAMS 0x0000000757800000, 0x0000000757800000| Complete 
| 701|0x0000000757a00000, 0x0000000757c00000, 0x0000000757c00000|100%| E|CS|TAMS 0x0000000757a00000, 0x0000000757a00000| Complete 
| 702|0x0000000757c00000, 0x0000000757e00000, 0x0000000757e00000|100%| E|  |TAMS 0x0000000757c00000, 0x0000000757c00000| Complete 
| 703|0x0000000757e00000, 0x0000000758000000, 0x0000000758000000|100%| E|CS|TAMS 0x0000000757e00000, 0x0000000757e00000| Complete 
| 704|0x0000000758000000, 0x0000000758200000, 0x0000000758200000|100%| E|CS|TAMS 0x0000000758000000, 0x0000000758000000| Complete 
| 705|0x0000000758200000, 0x0000000758400000, 0x0000000758400000|100%| E|CS|TAMS 0x0000000758200000, 0x0000000758200000| Complete 
| 706|0x0000000758400000, 0x0000000758600000, 0x0000000758600000|100%| E|CS|TAMS 0x0000000758400000, 0x0000000758400000| Complete 
| 707|0x0000000758600000, 0x0000000758800000, 0x0000000758800000|100%| E|CS|TAMS 0x0000000758600000, 0x0000000758600000| Complete 
| 708|0x0000000758800000, 0x0000000758a00000, 0x0000000758a00000|100%| E|CS|TAMS 0x0000000758800000, 0x0000000758800000| Complete 
| 709|0x0000000758a00000, 0x0000000758c00000, 0x0000000758c00000|100%| E|CS|TAMS 0x0000000758a00000, 0x0000000758a00000| Complete 
| 710|0x0000000758c00000, 0x0000000758e00000, 0x0000000758e00000|100%| E|CS|TAMS 0x0000000758c00000, 0x0000000758c00000| Complete 
| 711|0x0000000758e00000, 0x0000000759000000, 0x0000000759000000|100%| E|CS|TAMS 0x0000000758e00000, 0x0000000758e00000| Complete 
| 712|0x0000000759000000, 0x0000000759200000, 0x0000000759200000|100%| E|CS|TAMS 0x0000000759000000, 0x0000000759000000| Complete 
| 713|0x0000000759200000, 0x0000000759400000, 0x0000000759400000|100%| E|CS|TAMS 0x0000000759200000, 0x0000000759200000| Complete 
| 714|0x0000000759400000, 0x0000000759600000, 0x0000000759600000|100%| E|CS|TAMS 0x0000000759400000, 0x0000000759400000| Complete 
| 715|0x0000000759600000, 0x0000000759800000, 0x0000000759800000|100%| E|CS|TAMS 0x0000000759600000, 0x0000000759600000| Complete 
| 716|0x0000000759800000, 0x0000000759a00000, 0x0000000759a00000|100%| E|CS|TAMS 0x0000000759800000, 0x0000000759800000| Complete 
| 717|0x0000000759a00000, 0x0000000759c00000, 0x0000000759c00000|100%| E|CS|TAMS 0x0000000759a00000, 0x0000000759a00000| Complete 
| 718|0x0000000759c00000, 0x0000000759e00000, 0x0000000759e00000|100%| E|CS|TAMS 0x0000000759c00000, 0x0000000759c00000| Complete 
| 719|0x0000000759e00000, 0x000000075a000000, 0x000000075a000000|100%| E|CS|TAMS 0x0000000759e00000, 0x0000000759e00000| Complete 
| 720|0x000000075a000000, 0x000000075a200000, 0x000000075a200000|100%| E|CS|TAMS 0x000000075a000000, 0x000000075a000000| Complete 
| 721|0x000000075a200000, 0x000000075a400000, 0x000000075a400000|100%| E|CS|TAMS 0x000000075a200000, 0x000000075a200000| Complete 
| 722|0x000000075a400000, 0x000000075a600000, 0x000000075a600000|100%| E|CS|TAMS 0x000000075a400000, 0x000000075a400000| Complete 
| 723|0x000000075a600000, 0x000000075a800000, 0x000000075a800000|100%| E|CS|TAMS 0x000000075a600000, 0x000000075a600000| Complete 
| 724|0x000000075a800000, 0x000000075aa00000, 0x000000075aa00000|100%| E|CS|TAMS 0x000000075a800000, 0x000000075a800000| Complete 
| 725|0x000000075aa00000, 0x000000075ac00000, 0x000000075ac00000|100%| E|CS|TAMS 0x000000075aa00000, 0x000000075aa00000| Complete 
| 726|0x000000075ac00000, 0x000000075ae00000, 0x000000075ae00000|100%| E|CS|TAMS 0x000000075ac00000, 0x000000075ac00000| Complete 
| 727|0x000000075ae00000, 0x000000075b000000, 0x000000075b000000|100%| E|CS|TAMS 0x000000075ae00000, 0x000000075ae00000| Complete 
| 728|0x000000075b000000, 0x000000075b200000, 0x000000075b200000|100%| E|CS|TAMS 0x000000075b000000, 0x000000075b000000| Complete 
| 729|0x000000075b200000, 0x000000075b400000, 0x000000075b400000|100%| E|CS|TAMS 0x000000075b200000, 0x000000075b200000| Complete 
| 730|0x000000075b400000, 0x000000075b600000, 0x000000075b600000|100%| E|CS|TAMS 0x000000075b400000, 0x000000075b400000| Complete 
| 731|0x000000075b600000, 0x000000075b800000, 0x000000075b800000|100%| E|CS|TAMS 0x000000075b600000, 0x000000075b600000| Complete 
| 732|0x000000075b800000, 0x000000075ba00000, 0x000000075ba00000|100%| E|CS|TAMS 0x000000075b800000, 0x000000075b800000| Complete 
| 733|0x000000075ba00000, 0x000000075bc00000, 0x000000075bc00000|100%| E|CS|TAMS 0x000000075ba00000, 0x000000075ba00000| Complete 
| 734|0x000000075bc00000, 0x000000075be00000, 0x000000075be00000|100%| E|CS|TAMS 0x000000075bc00000, 0x000000075bc00000| Complete 
| 735|0x000000075be00000, 0x000000075c000000, 0x000000075c000000|100%| E|CS|TAMS 0x000000075be00000, 0x000000075be00000| Complete 
| 736|0x000000075c000000, 0x000000075c200000, 0x000000075c200000|100%| E|CS|TAMS 0x000000075c000000, 0x000000075c000000| Complete 
| 737|0x000000075c200000, 0x000000075c400000, 0x000000075c400000|100%| E|CS|TAMS 0x000000075c200000, 0x000000075c200000| Complete 
| 738|0x000000075c400000, 0x000000075c600000, 0x000000075c600000|100%| E|CS|TAMS 0x000000075c400000, 0x000000075c400000| Complete 
| 739|0x000000075c600000, 0x000000075c800000, 0x000000075c800000|100%| E|CS|TAMS 0x000000075c600000, 0x000000075c600000| Complete 
| 740|0x000000075c800000, 0x000000075ca00000, 0x000000075ca00000|100%| E|CS|TAMS 0x000000075c800000, 0x000000075c800000| Complete 
| 741|0x000000075ca00000, 0x000000075cc00000, 0x000000075cc00000|100%| E|CS|TAMS 0x000000075ca00000, 0x000000075ca00000| Complete 
| 742|0x000000075cc00000, 0x000000075ce00000, 0x000000075ce00000|100%| E|CS|TAMS 0x000000075cc00000, 0x000000075cc00000| Complete 
| 743|0x000000075ce00000, 0x000000075d000000, 0x000000075d000000|100%| E|CS|TAMS 0x000000075ce00000, 0x000000075ce00000| Complete 
| 744|0x000000075d000000, 0x000000075d200000, 0x000000075d200000|100%| E|CS|TAMS 0x000000075d000000, 0x000000075d000000| Complete 
| 745|0x000000075d200000, 0x000000075d400000, 0x000000075d400000|100%| E|CS|TAMS 0x000000075d200000, 0x000000075d200000| Complete 
| 746|0x000000075d400000, 0x000000075d600000, 0x000000075d600000|100%| E|CS|TAMS 0x000000075d400000, 0x000000075d400000| Complete 
| 747|0x000000075d600000, 0x000000075d800000, 0x000000075d800000|100%| E|CS|TAMS 0x000000075d600000, 0x000000075d600000| Complete 
| 748|0x000000075d800000, 0x000000075da00000, 0x000000075da00000|100%| E|CS|TAMS 0x000000075d800000, 0x000000075d800000| Complete 
| 749|0x000000075da00000, 0x000000075dc00000, 0x000000075dc00000|100%| E|CS|TAMS 0x000000075da00000, 0x000000075da00000| Complete 
| 750|0x000000075dc00000, 0x000000075de00000, 0x000000075de00000|100%| E|CS|TAMS 0x000000075dc00000, 0x000000075dc00000| Complete 
| 751|0x000000075de00000, 0x000000075e000000, 0x000000075e000000|100%| E|CS|TAMS 0x000000075de00000, 0x000000075de00000| Complete 
| 752|0x000000075e000000, 0x000000075e200000, 0x000000075e200000|100%| E|CS|TAMS 0x000000075e000000, 0x000000075e000000| Complete 
| 753|0x000000075e200000, 0x000000075e400000, 0x000000075e400000|100%| E|CS|TAMS 0x000000075e200000, 0x000000075e200000| Complete 
| 754|0x000000075e400000, 0x000000075e600000, 0x000000075e600000|100%| E|CS|TAMS 0x000000075e400000, 0x000000075e400000| Complete 
| 755|0x000000075e600000, 0x000000075e800000, 0x000000075e800000|100%| E|CS|TAMS 0x000000075e600000, 0x000000075e600000| Complete 
| 756|0x000000075e800000, 0x000000075ea00000, 0x000000075ea00000|100%| E|CS|TAMS 0x000000075e800000, 0x000000075e800000| Complete 
| 757|0x000000075ea00000, 0x000000075ec00000, 0x000000075ec00000|100%| E|CS|TAMS 0x000000075ea00000, 0x000000075ea00000| Complete 
| 758|0x000000075ec00000, 0x000000075ee00000, 0x000000075ee00000|100%| E|CS|TAMS 0x000000075ec00000, 0x000000075ec00000| Complete 
| 759|0x000000075ee00000, 0x000000075f000000, 0x000000075f000000|100%| E|CS|TAMS 0x000000075ee00000, 0x000000075ee00000| Complete 
| 760|0x000000075f000000, 0x000000075f200000, 0x000000075f200000|100%| E|CS|TAMS 0x000000075f000000, 0x000000075f000000| Complete 
| 761|0x000000075f200000, 0x000000075f400000, 0x000000075f400000|100%| E|CS|TAMS 0x000000075f200000, 0x000000075f200000| Complete 
| 762|0x000000075f400000, 0x000000075f600000, 0x000000075f600000|100%| E|CS|TAMS 0x000000075f400000, 0x000000075f400000| Complete 
| 763|0x000000075f600000, 0x000000075f800000, 0x000000075f800000|100%| E|CS|TAMS 0x000000075f600000, 0x000000075f600000| Complete 
| 764|0x000000075f800000, 0x000000075fa00000, 0x000000075fa00000|100%| E|CS|TAMS 0x000000075f800000, 0x000000075f800000| Complete 
| 765|0x000000075fa00000, 0x000000075fc00000, 0x000000075fc00000|100%| E|CS|TAMS 0x000000075fa00000, 0x000000075fa00000| Complete 
| 766|0x000000075fc00000, 0x000000075fe00000, 0x000000075fe00000|100%| E|CS|TAMS 0x000000075fc00000, 0x000000075fc00000| Complete 
| 767|0x000000075fe00000, 0x0000000760000000, 0x0000000760000000|100%| E|CS|TAMS 0x000000075fe00000, 0x000000075fe00000| Complete 
| 768|0x0000000760000000, 0x0000000760200000, 0x0000000760200000|100%| E|CS|TAMS 0x0000000760000000, 0x0000000760000000| Complete 
| 769|0x0000000760200000, 0x0000000760400000, 0x0000000760400000|100%| E|CS|TAMS 0x0000000760200000, 0x0000000760200000| Complete 
| 770|0x0000000760400000, 0x0000000760600000, 0x0000000760600000|100%| E|CS|TAMS 0x0000000760400000, 0x0000000760400000| Complete 
| 771|0x0000000760600000, 0x0000000760800000, 0x0000000760800000|100%| E|CS|TAMS 0x0000000760600000, 0x0000000760600000| Complete 
| 772|0x0000000760800000, 0x0000000760a00000, 0x0000000760a00000|100%| E|CS|TAMS 0x0000000760800000, 0x0000000760800000| Complete 
| 773|0x0000000760a00000, 0x0000000760c00000, 0x0000000760c00000|100%| E|CS|TAMS 0x0000000760a00000, 0x0000000760a00000| Complete 
| 774|0x0000000760c00000, 0x0000000760e00000, 0x0000000760e00000|100%| E|CS|TAMS 0x0000000760c00000, 0x0000000760c00000| Complete 
| 775|0x0000000760e00000, 0x0000000761000000, 0x0000000761000000|100%| E|CS|TAMS 0x0000000760e00000, 0x0000000760e00000| Complete 
| 776|0x0000000761000000, 0x0000000761200000, 0x0000000761200000|100%| E|CS|TAMS 0x0000000761000000, 0x0000000761000000| Complete 
| 777|0x0000000761200000, 0x0000000761400000, 0x0000000761400000|100%| E|CS|TAMS 0x0000000761200000, 0x0000000761200000| Complete 
| 778|0x0000000761400000, 0x0000000761600000, 0x0000000761600000|100%| E|CS|TAMS 0x0000000761400000, 0x0000000761400000| Complete 
| 779|0x0000000761600000, 0x0000000761800000, 0x0000000761800000|100%| E|CS|TAMS 0x0000000761600000, 0x0000000761600000| Complete 
| 780|0x0000000761800000, 0x0000000761a00000, 0x0000000761a00000|100%| E|CS|TAMS 0x0000000761800000, 0x0000000761800000| Complete 
| 781|0x0000000761a00000, 0x0000000761c00000, 0x0000000761c00000|100%| E|CS|TAMS 0x0000000761a00000, 0x0000000761a00000| Complete 
| 782|0x0000000761c00000, 0x0000000761e00000, 0x0000000761e00000|100%| E|CS|TAMS 0x0000000761c00000, 0x0000000761c00000| Complete 
| 783|0x0000000761e00000, 0x0000000762000000, 0x0000000762000000|100%| E|CS|TAMS 0x0000000761e00000, 0x0000000761e00000| Complete 
| 784|0x0000000762000000, 0x0000000762200000, 0x0000000762200000|100%| E|CS|TAMS 0x0000000762000000, 0x0000000762000000| Complete 
| 785|0x0000000762200000, 0x0000000762400000, 0x0000000762400000|100%| E|CS|TAMS 0x0000000762200000, 0x0000000762200000| Complete 
| 786|0x0000000762400000, 0x0000000762600000, 0x0000000762600000|100%| E|CS|TAMS 0x0000000762400000, 0x0000000762400000| Complete 
| 787|0x0000000762600000, 0x0000000762800000, 0x0000000762800000|100%| E|CS|TAMS 0x0000000762600000, 0x0000000762600000| Complete 
| 788|0x0000000762800000, 0x0000000762a00000, 0x0000000762a00000|100%| E|CS|TAMS 0x0000000762800000, 0x0000000762800000| Complete 
| 789|0x0000000762a00000, 0x0000000762c00000, 0x0000000762c00000|100%| E|CS|TAMS 0x0000000762a00000, 0x0000000762a00000| Complete 
| 790|0x0000000762c00000, 0x0000000762e00000, 0x0000000762e00000|100%| E|CS|TAMS 0x0000000762c00000, 0x0000000762c00000| Complete 
| 791|0x0000000762e00000, 0x0000000763000000, 0x0000000763000000|100%| E|CS|TAMS 0x0000000762e00000, 0x0000000762e00000| Complete 
| 792|0x0000000763000000, 0x0000000763200000, 0x0000000763200000|100%| E|CS|TAMS 0x0000000763000000, 0x0000000763000000| Complete 
| 793|0x0000000763200000, 0x0000000763400000, 0x0000000763400000|100%| E|CS|TAMS 0x0000000763200000, 0x0000000763200000| Complete 
| 794|0x0000000763400000, 0x0000000763600000, 0x0000000763600000|100%| E|CS|TAMS 0x0000000763400000, 0x0000000763400000| Complete 
| 795|0x0000000763600000, 0x0000000763800000, 0x0000000763800000|100%| E|CS|TAMS 0x0000000763600000, 0x0000000763600000| Complete 
| 796|0x0000000763800000, 0x0000000763a00000, 0x0000000763a00000|100%| E|CS|TAMS 0x0000000763800000, 0x0000000763800000| Complete 
| 797|0x0000000763a00000, 0x0000000763c00000, 0x0000000763c00000|100%| E|CS|TAMS 0x0000000763a00000, 0x0000000763a00000| Complete 
| 798|0x0000000763c00000, 0x0000000763e00000, 0x0000000763e00000|100%| E|CS|TAMS 0x0000000763c00000, 0x0000000763c00000| Complete 
| 799|0x0000000763e00000, 0x0000000764000000, 0x0000000764000000|100%| E|CS|TAMS 0x0000000763e00000, 0x0000000763e00000| Complete 
| 800|0x0000000764000000, 0x0000000764200000, 0x0000000764200000|100%| E|CS|TAMS 0x0000000764000000, 0x0000000764000000| Complete 
| 801|0x0000000764200000, 0x0000000764400000, 0x0000000764400000|100%| E|CS|TAMS 0x0000000764200000, 0x0000000764200000| Complete 
| 802|0x0000000764400000, 0x0000000764600000, 0x0000000764600000|100%| E|CS|TAMS 0x0000000764400000, 0x0000000764400000| Complete 
| 803|0x0000000764600000, 0x0000000764800000, 0x0000000764800000|100%| E|CS|TAMS 0x0000000764600000, 0x0000000764600000| Complete 
| 804|0x0000000764800000, 0x0000000764a00000, 0x0000000764a00000|100%| E|CS|TAMS 0x0000000764800000, 0x0000000764800000| Complete 
| 805|0x0000000764a00000, 0x0000000764c00000, 0x0000000764c00000|100%| E|CS|TAMS 0x0000000764a00000, 0x0000000764a00000| Complete 
| 806|0x0000000764c00000, 0x0000000764e00000, 0x0000000764e00000|100%| E|CS|TAMS 0x0000000764c00000, 0x0000000764c00000| Complete 
| 807|0x0000000764e00000, 0x0000000765000000, 0x0000000765000000|100%| E|CS|TAMS 0x0000000764e00000, 0x0000000764e00000| Complete 
| 808|0x0000000765000000, 0x0000000765200000, 0x0000000765200000|100%| E|CS|TAMS 0x0000000765000000, 0x0000000765000000| Complete 
| 809|0x0000000765200000, 0x0000000765400000, 0x0000000765400000|100%| E|CS|TAMS 0x0000000765200000, 0x0000000765200000| Complete 
| 810|0x0000000765400000, 0x0000000765600000, 0x0000000765600000|100%| E|CS|TAMS 0x0000000765400000, 0x0000000765400000| Complete 
| 811|0x0000000765600000, 0x0000000765800000, 0x0000000765800000|100%| E|CS|TAMS 0x0000000765600000, 0x0000000765600000| Complete 
| 812|0x0000000765800000, 0x0000000765a00000, 0x0000000765a00000|100%| E|CS|TAMS 0x0000000765800000, 0x0000000765800000| Complete 
| 813|0x0000000765a00000, 0x0000000765c00000, 0x0000000765c00000|100%| E|CS|TAMS 0x0000000765a00000, 0x0000000765a00000| Complete 
| 814|0x0000000765c00000, 0x0000000765e00000, 0x0000000765e00000|100%| E|CS|TAMS 0x0000000765c00000, 0x0000000765c00000| Complete 
| 815|0x0000000765e00000, 0x0000000766000000, 0x0000000766000000|100%| E|CS|TAMS 0x0000000765e00000, 0x0000000765e00000| Complete 
| 816|0x0000000766000000, 0x0000000766200000, 0x0000000766200000|100%| E|CS|TAMS 0x0000000766000000, 0x0000000766000000| Complete 
| 817|0x0000000766200000, 0x0000000766400000, 0x0000000766400000|100%| E|CS|TAMS 0x0000000766200000, 0x0000000766200000| Complete 
| 818|0x0000000766400000, 0x0000000766600000, 0x0000000766600000|100%| E|CS|TAMS 0x0000000766400000, 0x0000000766400000| Complete 
| 819|0x0000000766600000, 0x0000000766800000, 0x0000000766800000|100%| E|CS|TAMS 0x0000000766600000, 0x0000000766600000| Complete 
| 820|0x0000000766800000, 0x0000000766a00000, 0x0000000766a00000|100%| E|CS|TAMS 0x0000000766800000, 0x0000000766800000| Complete 
| 821|0x0000000766a00000, 0x0000000766c00000, 0x0000000766c00000|100%| E|CS|TAMS 0x0000000766a00000, 0x0000000766a00000| Complete 
| 822|0x0000000766c00000, 0x0000000766e00000, 0x0000000766e00000|100%| E|CS|TAMS 0x0000000766c00000, 0x0000000766c00000| Complete 
| 823|0x0000000766e00000, 0x0000000767000000, 0x0000000767000000|100%| E|CS|TAMS 0x0000000766e00000, 0x0000000766e00000| Complete 
| 824|0x0000000767000000, 0x0000000767200000, 0x0000000767200000|100%| E|CS|TAMS 0x0000000767000000, 0x0000000767000000| Complete 
| 825|0x0000000767200000, 0x0000000767400000, 0x0000000767400000|100%| E|CS|TAMS 0x0000000767200000, 0x0000000767200000| Complete 
| 826|0x0000000767400000, 0x0000000767600000, 0x0000000767600000|100%| E|CS|TAMS 0x0000000767400000, 0x0000000767400000| Complete 
| 827|0x0000000767600000, 0x0000000767800000, 0x0000000767800000|100%| E|CS|TAMS 0x0000000767600000, 0x0000000767600000| Complete 
| 828|0x0000000767800000, 0x0000000767a00000, 0x0000000767a00000|100%| E|CS|TAMS 0x0000000767800000, 0x0000000767800000| Complete 
| 829|0x0000000767a00000, 0x0000000767c00000, 0x0000000767c00000|100%| E|CS|TAMS 0x0000000767a00000, 0x0000000767a00000| Complete 
| 830|0x0000000767c00000, 0x0000000767e00000, 0x0000000767e00000|100%| E|CS|TAMS 0x0000000767c00000, 0x0000000767c00000| Complete 
| 831|0x0000000767e00000, 0x0000000768000000, 0x0000000768000000|100%| E|CS|TAMS 0x0000000767e00000, 0x0000000767e00000| Complete 
| 832|0x0000000768000000, 0x0000000768200000, 0x0000000768200000|100%| E|CS|TAMS 0x0000000768000000, 0x0000000768000000| Complete 
| 833|0x0000000768200000, 0x0000000768400000, 0x0000000768400000|100%| E|CS|TAMS 0x0000000768200000, 0x0000000768200000| Complete 
| 834|0x0000000768400000, 0x0000000768600000, 0x0000000768600000|100%| E|CS|TAMS 0x0000000768400000, 0x0000000768400000| Complete 
| 835|0x0000000768600000, 0x0000000768800000, 0x0000000768800000|100%| E|CS|TAMS 0x0000000768600000, 0x0000000768600000| Complete 
| 836|0x0000000768800000, 0x0000000768a00000, 0x0000000768a00000|100%| E|CS|TAMS 0x0000000768800000, 0x0000000768800000| Complete 
| 837|0x0000000768a00000, 0x0000000768c00000, 0x0000000768c00000|100%| E|CS|TAMS 0x0000000768a00000, 0x0000000768a00000| Complete 
| 838|0x0000000768c00000, 0x0000000768e00000, 0x0000000768e00000|100%| E|CS|TAMS 0x0000000768c00000, 0x0000000768c00000| Complete 
| 839|0x0000000768e00000, 0x0000000769000000, 0x0000000769000000|100%| E|CS|TAMS 0x0000000768e00000, 0x0000000768e00000| Complete 
| 840|0x0000000769000000, 0x0000000769200000, 0x0000000769200000|100%| E|CS|TAMS 0x0000000769000000, 0x0000000769000000| Complete 
| 841|0x0000000769200000, 0x0000000769400000, 0x0000000769400000|100%| E|CS|TAMS 0x0000000769200000, 0x0000000769200000| Complete 
| 842|0x0000000769400000, 0x0000000769600000, 0x0000000769600000|100%| E|CS|TAMS 0x0000000769400000, 0x0000000769400000| Complete 
| 843|0x0000000769600000, 0x0000000769800000, 0x0000000769800000|100%| E|CS|TAMS 0x0000000769600000, 0x0000000769600000| Complete 
| 844|0x0000000769800000, 0x0000000769a00000, 0x0000000769a00000|100%| E|CS|TAMS 0x0000000769800000, 0x0000000769800000| Complete 
| 845|0x0000000769a00000, 0x0000000769c00000, 0x0000000769c00000|100%| E|CS|TAMS 0x0000000769a00000, 0x0000000769a00000| Complete 
| 846|0x0000000769c00000, 0x0000000769e00000, 0x0000000769e00000|100%| E|CS|TAMS 0x0000000769c00000, 0x0000000769c00000| Complete 
| 847|0x0000000769e00000, 0x000000076a000000, 0x000000076a000000|100%| E|CS|TAMS 0x0000000769e00000, 0x0000000769e00000| Complete 
| 848|0x000000076a000000, 0x000000076a200000, 0x000000076a200000|100%| E|CS|TAMS 0x000000076a000000, 0x000000076a000000| Complete 
| 849|0x000000076a200000, 0x000000076a400000, 0x000000076a400000|100%| E|CS|TAMS 0x000000076a200000, 0x000000076a200000| Complete 
| 850|0x000000076a400000, 0x000000076a600000, 0x000000076a600000|100%| E|CS|TAMS 0x000000076a400000, 0x000000076a400000| Complete 
| 851|0x000000076a600000, 0x000000076a800000, 0x000000076a800000|100%| E|CS|TAMS 0x000000076a600000, 0x000000076a600000| Complete 
| 852|0x000000076a800000, 0x000000076aa00000, 0x000000076aa00000|100%| E|CS|TAMS 0x000000076a800000, 0x000000076a800000| Complete 
| 853|0x000000076aa00000, 0x000000076ac00000, 0x000000076ac00000|100%| E|CS|TAMS 0x000000076aa00000, 0x000000076aa00000| Complete 
| 854|0x000000076ac00000, 0x000000076ae00000, 0x000000076ae00000|100%| E|CS|TAMS 0x000000076ac00000, 0x000000076ac00000| Complete 
| 855|0x000000076ae00000, 0x000000076b000000, 0x000000076b000000|100%| E|CS|TAMS 0x000000076ae00000, 0x000000076ae00000| Complete 
| 856|0x000000076b000000, 0x000000076b200000, 0x000000076b200000|100%| E|CS|TAMS 0x000000076b000000, 0x000000076b000000| Complete 
| 857|0x000000076b200000, 0x000000076b400000, 0x000000076b400000|100%| E|CS|TAMS 0x000000076b200000, 0x000000076b200000| Complete 
| 858|0x000000076b400000, 0x000000076b600000, 0x000000076b600000|100%| S|CS|TAMS 0x000000076b400000, 0x000000076b400000| Complete 
| 859|0x000000076b600000, 0x000000076b800000, 0x000000076b800000|100%| S|CS|TAMS 0x000000076b600000, 0x000000076b600000| Complete 
| 860|0x000000076b800000, 0x000000076ba00000, 0x000000076ba00000|100%| S|CS|TAMS 0x000000076b800000, 0x000000076b800000| Complete 
| 861|0x000000076ba00000, 0x000000076bc00000, 0x000000076bc00000|100%| S|CS|TAMS 0x000000076ba00000, 0x000000076ba00000| Complete 
| 862|0x000000076bc00000, 0x000000076be00000, 0x000000076be00000|100%| S|CS|TAMS 0x000000076bc00000, 0x000000076bc00000| Complete 
| 863|0x000000076be00000, 0x000000076c000000, 0x000000076c000000|100%| S|CS|TAMS 0x000000076be00000, 0x000000076be00000| Complete 
| 864|0x000000076c000000, 0x000000076c200000, 0x000000076c200000|100%| E|CS|TAMS 0x000000076c000000, 0x000000076c000000| Complete 
| 865|0x000000076c200000, 0x000000076c400000, 0x000000076c400000|100%| E|CS|TAMS 0x000000076c200000, 0x000000076c200000| Complete 
| 866|0x000000076c400000, 0x000000076c600000, 0x000000076c600000|100%| E|CS|TAMS 0x000000076c400000, 0x000000076c400000| Complete 
| 867|0x000000076c600000, 0x000000076c800000, 0x000000076c800000|100%| E|CS|TAMS 0x000000076c600000, 0x000000076c600000| Complete 
| 868|0x000000076c800000, 0x000000076ca00000, 0x000000076ca00000|100%| E|CS|TAMS 0x000000076c800000, 0x000000076c800000| Complete 
| 869|0x000000076ca00000, 0x000000076cc00000, 0x000000076cc00000|100%| E|CS|TAMS 0x000000076ca00000, 0x000000076ca00000| Complete 
| 870|0x000000076cc00000, 0x000000076ce00000, 0x000000076ce00000|100%| E|CS|TAMS 0x000000076cc00000, 0x000000076cc00000| Complete 
| 871|0x000000076ce00000, 0x000000076d000000, 0x000000076d000000|100%| E|CS|TAMS 0x000000076ce00000, 0x000000076ce00000| Complete 
| 872|0x000000076d000000, 0x000000076d200000, 0x000000076d200000|100%| E|CS|TAMS 0x000000076d000000, 0x000000076d000000| Complete 
| 873|0x000000076d200000, 0x000000076d400000, 0x000000076d400000|100%| E|CS|TAMS 0x000000076d200000, 0x000000076d200000| Complete 
| 874|0x000000076d400000, 0x000000076d600000, 0x000000076d600000|100%| E|CS|TAMS 0x000000076d400000, 0x000000076d400000| Complete 
| 875|0x000000076d600000, 0x000000076d800000, 0x000000076d800000|100%| E|CS|TAMS 0x000000076d600000, 0x000000076d600000| Complete 
| 876|0x000000076d800000, 0x000000076da00000, 0x000000076da00000|100%| E|CS|TAMS 0x000000076d800000, 0x000000076d800000| Complete 
| 877|0x000000076da00000, 0x000000076dc00000, 0x000000076dc00000|100%| E|CS|TAMS 0x000000076da00000, 0x000000076da00000| Complete 
| 878|0x000000076dc00000, 0x000000076de00000, 0x000000076de00000|100%| E|CS|TAMS 0x000000076dc00000, 0x000000076dc00000| Complete 
| 879|0x000000076de00000, 0x000000076e000000, 0x000000076e000000|100%| E|CS|TAMS 0x000000076de00000, 0x000000076de00000| Complete 
| 880|0x000000076e000000, 0x000000076e200000, 0x000000076e200000|100%| E|CS|TAMS 0x000000076e000000, 0x000000076e000000| Complete 
| 881|0x000000076e200000, 0x000000076e400000, 0x000000076e400000|100%| E|CS|TAMS 0x000000076e200000, 0x000000076e200000| Complete 
| 882|0x000000076e400000, 0x000000076e600000, 0x000000076e600000|100%| E|CS|TAMS 0x000000076e400000, 0x000000076e400000| Complete 
| 883|0x000000076e600000, 0x000000076e800000, 0x000000076e800000|100%| E|CS|TAMS 0x000000076e600000, 0x000000076e600000| Complete 

Card table byte_map: [0x0000021d66d50000,0x0000021d67550000] _byte_map_base: 0x0000021d63550000

Marking Bits (Prev, Next): (CMBitMap*) 0x0000021d4e3ce1a0, (CMBitMap*) 0x0000021d4e3ce1e0
 Prev Bits: [0x0000021d67d50000, 0x0000021d6bd50000)
 Next Bits: [0x0000021d6bd50000, 0x0000021d6fd50000)

Polling page: 0x0000021d4c2e0000

Metaspace:

Usage:
  Non-class:    165.46 MB used.
      Class:     24.49 MB used.
       Both:    189.96 MB used.

Virtual space:
  Non-class space:      192.00 MB reserved,     167.19 MB ( 87%) committed,  3 nodes.
      Class space:      832.00 MB reserved,      26.00 MB (  3%) committed,  1 nodes.
             Both:        1.00 GB reserved,     193.19 MB ( 19%) committed. 

Chunk freelists:
   Non-Class:  8.45 MB
       Class:  6.05 MB
        Both:  14.50 MB

MaxMetaspaceSize: 1.00 GB
CompressedClassSpaceSize: 832.00 MB
Initial GC threshold: 21.00 MB
Current GC threshold: 266.25 MB
CDS: on
MetaspaceReclaimPolicy: balanced
 - commit_granule_bytes: 65536.
 - commit_granule_words: 8192.
 - virtual_space_node_default_size: 8388608.
 - enlarge_chunks_in_place: 1.
 - new_chunks_are_fully_committed: 0.
 - uncommit_free_chunks: 1.
 - use_allocation_guard: 0.
 - handle_deallocations: 1.


Internal statistics:

num_allocs_failed_limit: 9.
num_arena_births: 4556.
num_arena_deaths: 0.
num_vsnodes_births: 4.
num_vsnodes_deaths: 0.
num_space_committed: 3087.
num_space_uncommitted: 0.
num_chunks_returned_to_freelist: 9.
num_chunks_taken_from_freelist: 13995.
num_chunk_merges: 9.
num_chunk_splits: 8678.
num_chunks_enlarged: 4923.
num_inconsistent_stats: 0.

CodeHeap 'non-profiled nmethods': size=120000Kb used=32243Kb max_used=32243Kb free=87757Kb
 bounds [0x0000021d5ecf0000, 0x0000021d60c80000, 0x0000021d66220000]
CodeHeap 'profiled nmethods': size=120000Kb used=64257Kb max_used=64257Kb free=55743Kb
 bounds [0x0000021d57220000, 0x0000021d5b0f0000, 0x0000021d5e750000]
CodeHeap 'non-nmethods': size=5760Kb used=2592Kb max_used=2652Kb free=3167Kb
 bounds [0x0000021d5e750000, 0x0000021d5e9f0000, 0x0000021d5ecf0000]
 total_blobs=33896 nmethods=32737 adapters=1069
 compilation: enabled
              stopped_count=0, restarted_count=0
 full_count=0

Compilation events (20 events):
Event: 354.953 Thread 0x0000021d7279fc70 nmethod 42576 0x0000021d5b0b9310 code [0x0000021d5b0b94c0, 0x0000021d5b0b9788]
Event: 354.954 Thread 0x0000021d7279fc70 42577       3       org.jetbrains.kotlin.metadata.ProtoBuf$TypeTable::getType (14 bytes)
Event: 354.954 Thread 0x0000021d7279fc70 nmethod 42577 0x0000021d5b0b9890 code [0x0000021d5b0b9a40, 0x0000021d5b0b9d08]
Event: 354.954 Thread 0x0000021d7279fc70 42578       3       org.jetbrains.kotlin.metadata.ProtoBuf$Class::getTypeParameterCount (10 bytes)
Event: 354.954 Thread 0x0000021d7279fc70 nmethod 42578 0x0000021d5b0b9e10 code [0x0000021d5b0b9fc0, 0x0000021d5b0ba1a8]
Event: 354.955 Thread 0x0000021d7279fc70 42579       3       org.jetbrains.kotlin.metadata.ProtoBuf$ValueParameter::isInitialized (101 bytes)
Event: 354.955 Thread 0x0000021d7279fc70 nmethod 42579 0x0000021d5b0ba290 code [0x0000021d5b0ba4c0, 0x0000021d5b0baca8]
Event: 354.956 Thread 0x0000021d7279fc70 42580       3       org.jetbrains.kotlin.metadata.ProtoBuf$Type::isInitialized (145 bytes)
Event: 354.957 Thread 0x0000021d7279fc70 nmethod 42580 0x0000021d5b0bae90 code [0x0000021d5b0bb140, 0x0000021d5b0bbe68]
Event: 354.957 Thread 0x0000021d7279fc70 42581       3       org.jetbrains.kotlin.metadata.ProtoBuf$Class::getConstructorCount (10 bytes)
Event: 354.958 Thread 0x0000021d7279fc70 nmethod 42581 0x0000021d5b0bc210 code [0x0000021d5b0bc3c0, 0x0000021d5b0bc5a8]
Event: 354.958 Thread 0x0000021d7279fc70 42582       3       org.jetbrains.kotlin.protobuf.Utf8::partialIsValidUtf8 (33 bytes)
Event: 354.958 Thread 0x0000021d7279fc70 nmethod 42582 0x0000021d5b0bc690 code [0x0000021d5b0bc840, 0x0000021d5b0bcaa8]
Event: 354.958 Thread 0x0000021d7279fc70 42583       3       org.jetbrains.kotlin.protobuf.LiteralByteString::toString (21 bytes)
Event: 354.959 Thread 0x0000021d7279fc70 nmethod 42583 0x0000021d5b0bcc10 code [0x0000021d5b0bcdc0, 0x0000021d5b0bd148]
Event: 354.959 Thread 0x0000021d7279fc70 42584       3       org.jetbrains.kotlin.protobuf.LiteralByteString::isValidUtf8 (20 bytes)
Event: 354.959 Thread 0x0000021d7279fc70 nmethod 42584 0x0000021d5b0bd290 code [0x0000021d5b0bd440, 0x0000021d5b0bd808]
Event: 354.959 Thread 0x0000021d7279fc70 42585       3       org.jetbrains.kotlin.protobuf.Utf8::isValidUtf8 (15 bytes)
Event: 354.960 Thread 0x0000021d7279fc70 nmethod 42585 0x0000021d5b0bd990 code [0x0000021d5b0bdb60, 0x0000021d5b0bde88]
Event: 354.960 Thread 0x0000021d7279fc70 42586   !   3       org.jetbrains.kotlin.metadata.ProtoBuf$Class::<init> (2853 bytes)

GC Heap History (20 events):
Event: 245.360 GC heap before
{Heap before GC invocations=83 (full 0):
 garbage-first heap   total 679936K, used 634937K [0x0000000700000000, 0x0000000800000000)
  region size 2048K, 16 young (32768K), 2 survivors (4096K)
 Metaspace       used 132393K, committed 134912K, reserved 983040K
  class space    used 18071K, committed 19264K, reserved 851968K
}
Event: 245.369 GC heap after
{Heap after GC invocations=84 (full 0):
 garbage-first heap   total 679936K, used 612688K [0x0000000700000000, 0x0000000800000000)
  region size 2048K, 2 young (4096K), 2 survivors (4096K)
 Metaspace       used 132393K, committed 134912K, reserved 983040K
  class space    used 18071K, committed 19264K, reserved 851968K
}
Event: 245.399 GC heap before
{Heap before GC invocations=84 (full 0):
 garbage-first heap   total 679936K, used 639312K [0x0000000700000000, 0x0000000800000000)
  region size 2048K, 16 young (32768K), 2 survivors (4096K)
 Metaspace       used 132456K, committed 134976K, reserved 983040K
  class space    used 18071K, committed 19264K, reserved 851968K
}
Event: 245.406 GC heap after
{Heap after GC invocations=85 (full 0):
 garbage-first heap   total 679936K, used 619734K [0x0000000700000000, 0x0000000800000000)
  region size 2048K, 2 young (4096K), 2 survivors (4096K)
 Metaspace       used 132456K, committed 134976K, reserved 983040K
  class space    used 18071K, committed 19264K, reserved 851968K
}
Event: 245.632 GC heap before
{Heap before GC invocations=85 (full 0):
 garbage-first heap   total 1044480K, used 625878K [0x0000000700000000, 0x0000000800000000)
  region size 2048K, 16 young (32768K), 2 survivors (4096K)
 Metaspace       used 133030K, committed 135616K, reserved 983040K
  class space    used 18131K, committed 19328K, reserved 851968K
}
Event: 245.648 GC heap after
{Heap after GC invocations=86 (full 0):
 garbage-first heap   total 1810432K, used 606327K [0x0000000700000000, 0x0000000800000000)
  region size 2048K, 2 young (4096K), 2 survivors (4096K)
 Metaspace       used 133030K, committed 135616K, reserved 983040K
  class space    used 18131K, committed 19328K, reserved 851968K
}
Event: 259.002 GC heap before
{Heap before GC invocations=87 (full 0):
 garbage-first heap   total 1810432K, used 1390711K [0x0000000700000000, 0x0000000800000000)
  region size 2048K, 379 young (776192K), 2 survivors (4096K)
 Metaspace       used 151151K, committed 153792K, reserved 1048576K
  class space    used 20103K, committed 21312K, reserved 851968K
}
Event: 259.036 GC heap after
{Heap after GC invocations=88 (full 0):
 garbage-first heap   total 1810432K, used 636648K [0x0000000700000000, 0x0000000800000000)
  region size 2048K, 15 young (30720K), 15 survivors (30720K)
 Metaspace       used 151151K, committed 153792K, reserved 1048576K
  class space    used 20103K, committed 21312K, reserved 851968K
}
Event: 259.678 GC heap before
{Heap before GC invocations=88 (full 0):
 garbage-first heap   total 1810432K, used 698088K [0x0000000700000000, 0x0000000800000000)
  region size 2048K, 44 young (90112K), 15 survivors (30720K)
 Metaspace       used 151487K, committed 154112K, reserved 1048576K
  class space    used 20123K, committed 21312K, reserved 851968K
}
Event: 259.710 GC heap after
{Heap after GC invocations=89 (full 0):
 garbage-first heap   total 1810432K, used 552205K [0x0000000700000000, 0x0000000800000000)
  region size 2048K, 3 young (6144K), 3 survivors (6144K)
 Metaspace       used 151487K, committed 154112K, reserved 1048576K
  class space    used 20123K, committed 21312K, reserved 851968K
}
Event: 281.764 GC heap before
{Heap before GC invocations=89 (full 0):
 garbage-first heap   total 1810432K, used 1518861K [0x0000000700000000, 0x0000000800000000)
  region size 2048K, 449 young (919552K), 3 survivors (6144K)
 Metaspace       used 159803K, committed 162688K, reserved 1048576K
  class space    used 20884K, committed 22208K, reserved 851968K
}
Event: 281.840 GC heap after
{Heap after GC invocations=90 (full 0):
 garbage-first heap   total 1810432K, used 615864K [0x0000000700000000, 0x0000000800000000)
  region size 2048K, 25 young (51200K), 25 survivors (51200K)
 Metaspace       used 159803K, committed 162688K, reserved 1048576K
  class space    used 20884K, committed 22208K, reserved 851968K
}
Event: 284.263 GC heap before
{Heap before GC invocations=90 (full 0):
 garbage-first heap   total 1810432K, used 748984K [0x0000000700000000, 0x0000000800000000)
  region size 2048K, 89 young (182272K), 25 survivors (51200K)
 Metaspace       used 160198K, committed 163072K, reserved 1048576K
  class space    used 20906K, committed 22208K, reserved 851968K
}
Event: 284.350 GC heap after
{Heap after GC invocations=91 (full 0):
 garbage-first heap   total 1810432K, used 574774K [0x0000000700000000, 0x0000000800000000)
  region size 2048K, 13 young (26624K), 13 survivors (26624K)
 Metaspace       used 160198K, committed 163072K, reserved 1048576K
  class space    used 20906K, committed 22208K, reserved 851968K
}
Event: 285.251 GC heap before
{Heap before GC invocations=91 (full 0):
 garbage-first heap   total 1810432K, used 658742K [0x0000000700000000, 0x0000000800000000)
  region size 2048K, 54 young (110592K), 13 survivors (26624K)
 Metaspace       used 160295K, committed 163200K, reserved 1048576K
  class space    used 20908K, committed 22208K, reserved 851968K
}
Event: 285.271 GC heap after
{Heap after GC invocations=92 (full 0):
 garbage-first heap   total 1810432K, used 570966K [0x0000000700000000, 0x0000000800000000)
  region size 2048K, 12 young (24576K), 12 survivors (24576K)
 Metaspace       used 160295K, committed 163200K, reserved 1048576K
  class space    used 20908K, committed 22208K, reserved 851968K
}
Event: 324.636 GC heap before
{Heap before GC invocations=93 (full 0):
 garbage-first heap   total 1810432K, used 1537622K [0x0000000700000000, 0x0000000800000000)
  region size 2048K, 476 young (974848K), 12 survivors (24576K)
 Metaspace       used 167273K, committed 170368K, reserved 1048576K
  class space    used 21655K, committed 23040K, reserved 851968K
}
Event: 324.715 GC heap after
{Heap after GC invocations=94 (full 0):
 garbage-first heap   total 1810432K, used 564629K [0x0000000700000000, 0x0000000800000000)
  region size 2048K, 24 young (49152K), 24 survivors (49152K)
 Metaspace       used 167273K, committed 170368K, reserved 1048576K
  class space    used 21655K, committed 23040K, reserved 851968K
}
Event: 332.204 GC heap before
{Heap before GC invocations=94 (full 0):
 garbage-first heap   total 1810432K, used 611733K [0x0000000700000000, 0x0000000800000000)
  region size 2048K, 44 young (90112K), 24 survivors (49152K)
 Metaspace       used 167582K, committed 170688K, reserved 1048576K
  class space    used 21683K, committed 23104K, reserved 851968K
}
Event: 332.345 GC heap after
{Heap after GC invocations=95 (full 0):
 garbage-first heap   total 1810432K, used 498060K [0x0000000700000000, 0x0000000800000000)
  region size 2048K, 6 young (12288K), 6 survivors (12288K)
 Metaspace       used 167582K, committed 170688K, reserved 1048576K
  class space    used 21683K, committed 23104K, reserved 851968K
}

Dll operation events (16 events):
Event: 0.011 Loaded shared library C:\Program Files\OpenLogic\jdk-17.0.14.7-hotspot\bin\java.dll
Event: 0.036 Loaded shared library C:\Program Files\OpenLogic\jdk-17.0.14.7-hotspot\bin\jsvml.dll
Event: 0.081 Loaded shared library C:\Program Files\OpenLogic\jdk-17.0.14.7-hotspot\bin\zip.dll
Event: 0.084 Loaded shared library C:\Program Files\OpenLogic\jdk-17.0.14.7-hotspot\bin\instrument.dll
Event: 0.088 Loaded shared library C:\Program Files\OpenLogic\jdk-17.0.14.7-hotspot\bin\net.dll
Event: 0.090 Loaded shared library C:\Program Files\OpenLogic\jdk-17.0.14.7-hotspot\bin\nio.dll
Event: 0.092 Loaded shared library C:\Program Files\OpenLogic\jdk-17.0.14.7-hotspot\bin\zip.dll
Event: 0.320 Loaded shared library C:\Program Files\OpenLogic\jdk-17.0.14.7-hotspot\bin\jimage.dll
Event: 0.471 Loaded shared library C:\Program Files\OpenLogic\jdk-17.0.14.7-hotspot\bin\verify.dll
Event: 0.571 Loaded shared library C:\Users\Vauras\.gradle\native\1def1411415f61bf3af743bc5b6707747c0891f09f0c88961ee8f79bc544acac\windows-amd64\native-platform.dll
Event: 0.590 Loaded shared library C:\Users\Vauras\.gradle\native\0.2.7\x86_64-windows-gnu\gradle-fileevents.dll
Event: 1.741 Loaded shared library C:\Program Files\OpenLogic\jdk-17.0.14.7-hotspot\bin\management.dll
Event: 1.743 Loaded shared library C:\Program Files\OpenLogic\jdk-17.0.14.7-hotspot\bin\management_ext.dll
Event: 1.956 Loaded shared library C:\Program Files\OpenLogic\jdk-17.0.14.7-hotspot\bin\extnet.dll
Event: 2.141 Loaded shared library C:\Program Files\OpenLogic\jdk-17.0.14.7-hotspot\bin\sunmscapi.dll
Event: 261.122 Loaded shared library C:\Program Files\OpenLogic\jdk-17.0.14.7-hotspot\bin\rmi.dll

Deoptimization events (20 events):
Event: 354.459 Thread 0x0000021d7aefc200 DEOPT PACKING pc=0x0000021d5ffebebc sp=0x0000009766bfc3b0
Event: 354.459 Thread 0x0000021d7aefc200 DEOPT UNPACKING pc=0x0000021d5e7a69a3 sp=0x0000009766bfc2d0 mode 2
Event: 354.738 Thread 0x0000021d3d00a9d0 DEOPT PACKING pc=0x0000021d59260d84 sp=0x00000097667ff620
Event: 354.738 Thread 0x0000021d3d00a9d0 DEOPT UNPACKING pc=0x0000021d5e7a7143 sp=0x00000097667feb48 mode 0
Event: 354.927 Thread 0x0000021d7aefc200 Uncommon trap: trap_request=0xffffffde fr.pc=0x0000021d601a9aa4 relative=0x0000000000000544
Event: 354.927 Thread 0x0000021d7aefc200 Uncommon trap: reason=class_check action=maybe_recompile pc=0x0000021d601a9aa4 method=org.jetbrains.kotlin.protobuf.CodedInputStream.tryRefillBuffer(I)Z @ 177 c2
Event: 354.927 Thread 0x0000021d7aefc200 DEOPT PACKING pc=0x0000021d601a9aa4 sp=0x0000009766bfced0
Event: 354.927 Thread 0x0000021d7aefc200 DEOPT UNPACKING pc=0x0000021d5e7a69a3 sp=0x0000009766bfcdb8 mode 2
Event: 354.932 Thread 0x0000021d7aefc200 Uncommon trap: trap_request=0xffffffde fr.pc=0x0000021d601a9aa4 relative=0x0000000000000544
Event: 354.932 Thread 0x0000021d7aefc200 Uncommon trap: reason=class_check action=maybe_recompile pc=0x0000021d601a9aa4 method=org.jetbrains.kotlin.protobuf.CodedInputStream.tryRefillBuffer(I)Z @ 177 c2
Event: 354.933 Thread 0x0000021d7aefc200 DEOPT PACKING pc=0x0000021d601a9aa4 sp=0x0000009766bfcc00
Event: 354.933 Thread 0x0000021d7aefc200 DEOPT UNPACKING pc=0x0000021d5e7a69a3 sp=0x0000009766bfcae8 mode 2
Event: 354.937 Thread 0x0000021d7aefc200 Uncommon trap: trap_request=0xffffffde fr.pc=0x0000021d601a9aa4 relative=0x0000000000000544
Event: 354.937 Thread 0x0000021d7aefc200 Uncommon trap: reason=class_check action=maybe_recompile pc=0x0000021d601a9aa4 method=org.jetbrains.kotlin.protobuf.CodedInputStream.tryRefillBuffer(I)Z @ 177 c2
Event: 354.937 Thread 0x0000021d7aefc200 DEOPT PACKING pc=0x0000021d601a9aa4 sp=0x0000009766bfc9e0
Event: 354.937 Thread 0x0000021d7aefc200 DEOPT UNPACKING pc=0x0000021d5e7a69a3 sp=0x0000009766bfc8c8 mode 2
Event: 354.942 Thread 0x0000021d7aefc200 Uncommon trap: trap_request=0xffffffde fr.pc=0x0000021d601a9aa4 relative=0x0000000000000544
Event: 354.942 Thread 0x0000021d7aefc200 Uncommon trap: reason=class_check action=maybe_recompile pc=0x0000021d601a9aa4 method=org.jetbrains.kotlin.protobuf.CodedInputStream.tryRefillBuffer(I)Z @ 177 c2
Event: 354.942 Thread 0x0000021d7aefc200 DEOPT PACKING pc=0x0000021d601a9aa4 sp=0x0000009766bfced0
Event: 354.942 Thread 0x0000021d7aefc200 DEOPT UNPACKING pc=0x0000021d5e7a69a3 sp=0x0000009766bfcdb8 mode 2

Classes loaded (20 events):
Event: 350.628 Loading class java/util/concurrent/atomic/AtomicIntegerFieldUpdater$AtomicIntegerFieldUpdaterImpl$1
Event: 350.629 Loading class java/util/concurrent/atomic/AtomicIntegerFieldUpdater$AtomicIntegerFieldUpdaterImpl$1 done
Event: 352.363 Loading class java/lang/Throwable$WrappedPrintWriter
Event: 352.363 Loading class java/lang/Throwable$PrintStreamOrWriter
Event: 352.364 Loading class java/lang/Throwable$PrintStreamOrWriter done
Event: 352.364 Loading class java/lang/Throwable$WrappedPrintWriter done
Event: 353.169 Loading class java/nio/file/FileSystemLoopException
Event: 353.170 Loading class java/nio/file/FileSystemLoopException done
Event: 353.203 Loading class sun/nio/cs/UTF_32BE
Event: 353.203 Loading class sun/nio/cs/UTF_32BE done
Event: 353.203 Loading class sun/nio/cs/UTF_32LE
Event: 353.204 Loading class sun/nio/cs/UTF_32LE done
Event: 353.204 Loading class sun/nio/cs/MS1251
Event: 353.204 Loading class sun/nio/cs/MS1251 done
Event: 353.214 Loading class java/beans/PropertyChangeSupport
Event: 353.214 Loading class java/beans/PropertyChangeSupport done
Event: 353.215 Loading class java/beans/PropertyChangeSupport$PropertyChangeListenerMap
Event: 353.215 Loading class java/beans/ChangeListenerMap
Event: 353.215 Loading class java/beans/ChangeListenerMap done
Event: 353.215 Loading class java/beans/PropertyChangeSupport$PropertyChangeListenerMap done

Classes unloaded (0 events):
No events

Classes redefined (0 events):
No events

Internal exceptions (20 events):
Event: 352.409 Thread 0x0000021d7aefc710 Exception <a 'java/lang/reflect/InvocationTargetException'{0x000000075fa802e0}> (0x000000075fa802e0) 
thrown [s\src\hotspot\share\runtime\reflection.cpp, line 1128]
Event: 352.697 Thread 0x0000021d7aefc200 Exception <a 'sun/nio/fs/WindowsException'{0x000000075f5fd320}> (0x000000075f5fd320) 
thrown [s\src\hotspot\share\prims\jni.cpp, line 516]
Event: 352.697 Thread 0x0000021d7aefc200 Exception <a 'sun/nio/fs/WindowsException'{0x000000075f5fdca8}> (0x000000075f5fdca8) 
thrown [s\src\hotspot\share\prims\jni.cpp, line 516]
Event: 352.697 Thread 0x0000021d7aefc200 Exception <a 'sun/nio/fs/WindowsException'{0x000000075f5fe590}> (0x000000075f5fe590) 
thrown [s\src\hotspot\share\prims\jni.cpp, line 516]
Event: 352.697 Thread 0x0000021d7aefc200 Exception <a 'sun/nio/fs/WindowsException'{0x000000075f5feef0}> (0x000000075f5feef0) 
thrown [s\src\hotspot\share\prims\jni.cpp, line 516]
Event: 352.705 Thread 0x0000021d7aefc200 Exception <a 'sun/nio/fs/WindowsException'{0x000000075f22c0b0}> (0x000000075f22c0b0) 
thrown [s\src\hotspot\share\prims\jni.cpp, line 516]
Event: 352.706 Thread 0x0000021d7aefc200 Exception <a 'sun/nio/fs/WindowsException'{0x000000075f22dca0}> (0x000000075f22dca0) 
thrown [s\src\hotspot\share\prims\jni.cpp, line 516]
Event: 352.708 Thread 0x0000021d7aefc200 Exception <a 'sun/nio/fs/WindowsException'{0x000000075f22f888}> (0x000000075f22f888) 
thrown [s\src\hotspot\share\prims\jni.cpp, line 516]
Event: 352.709 Thread 0x0000021d7aefc200 Exception <a 'sun/nio/fs/WindowsException'{0x000000075f2313b0}> (0x000000075f2313b0) 
thrown [s\src\hotspot\share\prims\jni.cpp, line 516]
Event: 352.714 Thread 0x0000021d7aefc200 Exception <a 'sun/nio/fs/WindowsException'{0x000000075f237198}> (0x000000075f237198) 
thrown [s\src\hotspot\share\prims\jni.cpp, line 516]
Event: 352.720 Thread 0x0000021d7aefc200 Exception <a 'sun/nio/fs/WindowsException'{0x000000075f23b928}> (0x000000075f23b928) 
thrown [s\src\hotspot\share\prims\jni.cpp, line 516]
Event: 352.723 Thread 0x0000021d7aefc200 Exception <a 'sun/nio/fs/WindowsException'{0x000000075f23fb68}> (0x000000075f23fb68) 
thrown [s\src\hotspot\share\prims\jni.cpp, line 516]
Event: 352.726 Thread 0x0000021d7aefc200 Exception <a 'sun/nio/fs/WindowsException'{0x000000075f243788}> (0x000000075f243788) 
thrown [s\src\hotspot\share\prims\jni.cpp, line 516]
Event: 352.726 Thread 0x0000021d7aefc200 Exception <a 'sun/nio/fs/WindowsException'{0x000000075f243f90}> (0x000000075f243f90) 
thrown [s\src\hotspot\share\prims\jni.cpp, line 516]
Event: 352.726 Thread 0x0000021d7aefc200 Exception <a 'sun/nio/fs/WindowsException'{0x000000075f244838}> (0x000000075f244838) 
thrown [s\src\hotspot\share\prims\jni.cpp, line 516]
Event: 352.726 Thread 0x0000021d7aefc200 Exception <a 'sun/nio/fs/WindowsException'{0x000000075f245140}> (0x000000075f245140) 
thrown [s\src\hotspot\share\prims\jni.cpp, line 516]
Event: 352.726 Thread 0x0000021d7aefc200 Exception <a 'sun/nio/fs/WindowsException'{0x000000075f245ac8}> (0x000000075f245ac8) 
thrown [s\src\hotspot\share\prims\jni.cpp, line 516]
Event: 353.445 Thread 0x0000021d7aefc200 Exception <a 'java/lang/NoSuchMethodError'{0x000000075a2a53a0}: 'java.lang.Object java.lang.invoke.Invokers$Holder.invokeExact_MT(java.lang.Object, java.lang.Object, long, java.lang.Object)'> (0x000000075a2a53a0) 
thrown [s\src\hotspot\share\interpreter\linkResolver.cpp, line 759]
Event: 353.502 Thread 0x0000021d7aefc200 Exception <a 'java/lang/NoSuchMethodError'{0x000000075a3b71f8}: 'int java.lang.invoke.DirectMethodHandle$Holder.invokeSpecial(java.lang.Object, java.lang.Object, int, int)'> (0x000000075a3b71f8) 
thrown [s\src\hotspot\share\interpreter\linkResolver.cpp, line 759]
Event: 354.306 Thread 0x0000021d7aefc200 Implicit null exception at 0x0000021d60a87eac to 0x0000021d60a8801d

VM Operations (20 events):
Event: 352.572 Executing VM operation: HandshakeAllThreads
Event: 352.573 Executing VM operation: HandshakeAllThreads done
Event: 352.573 Executing VM operation: HandshakeAllThreads
Event: 352.581 Executing VM operation: HandshakeAllThreads done
Event: 352.582 Executing VM operation: HandshakeAllThreads
Event: 352.582 Executing VM operation: HandshakeAllThreads done
Event: 352.636 Executing VM operation: ICBufferFull
Event: 352.637 Executing VM operation: ICBufferFull done
Event: 352.844 Executing VM operation: HandshakeAllThreads
Event: 352.844 Executing VM operation: HandshakeAllThreads done
Event: 353.371 Executing VM operation: HandshakeAllThreads
Event: 353.372 Executing VM operation: HandshakeAllThreads done
Event: 353.554 Executing VM operation: ICBufferFull
Event: 353.554 Executing VM operation: ICBufferFull done
Event: 353.706 Executing VM operation: HandshakeAllThreads
Event: 353.706 Executing VM operation: HandshakeAllThreads done
Event: 354.248 Executing VM operation: ICBufferFull
Event: 354.248 Executing VM operation: ICBufferFull done
Event: 355.249 Executing VM operation: Cleanup
Event: 355.249 Executing VM operation: Cleanup done

Memory protections (0 events):
No events

Nmethod flushes (20 events):
Event: 352.654 Thread 0x0000021d727b18b0 flushing  nmethod 0x0000021d5af69f90
Event: 352.654 Thread 0x0000021d727b18b0 flushing  nmethod 0x0000021d5af6a490
Event: 352.654 Thread 0x0000021d727b18b0 flushing  nmethod 0x0000021d5af80510
Event: 352.857 Thread 0x0000021d727b18b0 flushing  nmethod 0x0000021d60c68310
Event: 352.861 Thread 0x0000021d727b18b0 flushing  nmethod 0x0000021d577c4390
Event: 352.861 Thread 0x0000021d727b18b0 flushing  nmethod 0x0000021d578dfe10
Event: 352.863 Thread 0x0000021d727b18b0 flushing  nmethod 0x0000021d57c28a90
Event: 352.864 Thread 0x0000021d727b18b0 flushing  nmethod 0x0000021d57d17c10
Event: 352.864 Thread 0x0000021d727b18b0 flushing  nmethod 0x0000021d57d3c690
Event: 352.865 Thread 0x0000021d727b18b0 flushing  nmethod 0x0000021d57f9ae10
Event: 352.874 Thread 0x0000021d727b18b0 flushing  nmethod 0x0000021d58e46490
Event: 352.881 Thread 0x0000021d727b18b0 flushing  nmethod 0x0000021d59864690
Event: 352.882 Thread 0x0000021d727b18b0 flushing  nmethod 0x0000021d5998c910
Event: 352.882 Thread 0x0000021d727b18b0 flushing  nmethod 0x0000021d59a20b90
Event: 352.883 Thread 0x0000021d727b18b0 flushing  nmethod 0x0000021d59c5cb90
Event: 352.884 Thread 0x0000021d727b18b0 flushing osr nmethod 0x0000021d59c9cd10
Event: 352.884 Thread 0x0000021d727b18b0 flushing  nmethod 0x0000021d59cadb90
Event: 352.884 Thread 0x0000021d727b18b0 flushing  nmethod 0x0000021d59cf7c10
Event: 352.884 Thread 0x0000021d727b18b0 flushing  nmethod 0x0000021d59d21490
Event: 352.891 Thread 0x0000021d727b18b0 flushing  nmethod 0x0000021d5a8a2390

Events (20 events):
Event: 346.625 Thread 0x0000021d3d0058d0 Thread added: 0x0000021d3aba8e10
Event: 346.881 Thread 0x0000021d7e1ed400 Thread exited: 0x0000021d7e1ed400
Event: 346.975 Thread 0x0000021d7279fc70 Thread added: 0x0000021d7e1ed400
Event: 347.826 Thread 0x0000021d7e1ed400 Thread exited: 0x0000021d7e1ed400
Event: 349.406 Thread 0x0000021d7279fc70 Thread added: 0x0000021d7e1eb420
Event: 351.014 Thread 0x0000021d7e1eb420 Thread exited: 0x0000021d7e1eb420
Event: 351.321 Thread 0x0000021d7279fc70 Thread added: 0x0000021d7e1ebec0
Event: 352.354 Thread 0x0000021d7e8a9760 Thread exited: 0x0000021d7e8a9760
Event: 352.356 Thread 0x0000021d7279fc70 Thread added: 0x0000021d7e1ed950
Event: 352.803 Thread 0x0000021d7e1ed950 Thread exited: 0x0000021d7e1ed950
Event: 352.810 Thread 0x0000021d7e1ebec0 Thread exited: 0x0000021d7e1ebec0
Event: 353.068 Thread 0x0000021d727961d0 Thread added: 0x0000021d7e1ed400
Event: 353.069 Thread 0x0000021d727961d0 Thread added: 0x0000021d7e1ebec0
Event: 353.307 Thread 0x0000021d7e1ebec0 Thread exited: 0x0000021d7e1ebec0
Event: 353.324 Thread 0x0000021d7e1ed400 Thread exited: 0x0000021d7e1ed400
Event: 353.468 Thread 0x0000021d7279fc70 Thread added: 0x0000021d7e1ed400
Event: 353.505 Thread 0x0000021d7279fc70 Thread added: 0x0000021d7e1ed950
Event: 354.294 Thread 0x0000021d7e1ed950 Thread exited: 0x0000021d7e1ed950
Event: 354.297 Thread 0x0000021d7e1ed400 Thread exited: 0x0000021d7e1ed400
Event: 354.423 Thread 0x0000021d7279fc70 Thread added: 0x0000021d7e1eb970


Dynamic libraries:
0x00007ff7f8930000 - 0x00007ff7f893e000 	C:\Program Files\OpenLogic\jdk-17.0.14.7-hotspot\bin\java.exe
0x00007fff93ca0000 - 0x00007fff93f07000 	C:\Windows\SYSTEM32\ntdll.dll
0x00007fff91f60000 - 0x00007fff92029000 	C:\Windows\System32\KERNEL32.DLL
0x00007fff91390000 - 0x00007fff91781000 	C:\Windows\System32\KERNELBASE.dll
0x00007fff90860000 - 0x00007fff909ab000 	C:\Windows\System32\ucrtbase.dll
0x00007fff7a410000 - 0x00007fff7a42b000 	C:\Program Files\OpenLogic\jdk-17.0.14.7-hotspot\bin\VCRUNTIME140.dll
0x00007fff7a430000 - 0x00007fff7a447000 	C:\Program Files\OpenLogic\jdk-17.0.14.7-hotspot\bin\jli.dll
0x00007fff936f0000 - 0x00007fff938b5000 	C:\Windows\System32\USER32.dll
0x00007fff7e690000 - 0x00007fff7e923000 	C:\Windows\WinSxS\amd64_microsoft.windows.common-controls_6595b64144ccf1df_6.0.26100.8037_none_3e092faae333b53b\COMCTL32.dll
0x00007fff90580000 - 0x00007fff905a7000 	C:\Windows\System32\win32u.dll
0x00007fff93520000 - 0x00007fff935c9000 	C:\Windows\System32\msvcrt.dll
0x00007fff92f50000 - 0x00007fff92f7b000 	C:\Windows\System32\GDI32.dll
0x00007fff905b0000 - 0x00007fff906db000 	C:\Windows\System32\gdi32full.dll
0x00007fff909b0000 - 0x00007fff90a53000 	C:\Windows\System32\msvcp_win.dll
0x00007fff91ed0000 - 0x00007fff91f01000 	C:\Windows\System32\IMM32.DLL
0x00007fff8bc20000 - 0x00007fff8bc2c000 	C:\Program Files\OpenLogic\jdk-17.0.14.7-hotspot\bin\vcruntime140_1.dll
0x00007fff7a380000 - 0x00007fff7a40d000 	C:\Program Files\OpenLogic\jdk-17.0.14.7-hotspot\bin\msvcp140.dll
0x00007ffefd590000 - 0x00007ffefe1fc000 	C:\Program Files\OpenLogic\jdk-17.0.14.7-hotspot\bin\server\jvm.dll
0x00007fff93220000 - 0x00007fff932db000 	C:\Windows\System32\ADVAPI32.dll
0x00007fff927a0000 - 0x00007fff92847000 	C:\Windows\System32\sechost.dll
0x00007fff93400000 - 0x00007fff93518000 	C:\Windows\System32\RPCRT4.dll
0x00007fff935d0000 - 0x00007fff93644000 	C:\Windows\System32\WS2_32.dll
0x00007fff869c0000 - 0x00007fff869f5000 	C:\Windows\SYSTEM32\WINMM.dll
0x00007fff903e0000 - 0x00007fff9043e000 	C:\Windows\SYSTEM32\POWRPROF.dll
0x00007fff85730000 - 0x00007fff8573b000 	C:\Windows\SYSTEM32\VERSION.dll
0x00007fff903c0000 - 0x00007fff903d4000 	C:\Windows\SYSTEM32\UMPDC.dll
0x00007fff8f2d0000 - 0x00007fff8f2eb000 	C:\Windows\SYSTEM32\kernel.appcore.dll
0x00007fff8aac0000 - 0x00007fff8aaca000 	C:\Program Files\OpenLogic\jdk-17.0.14.7-hotspot\bin\jimage.dll
0x00007fff83320000 - 0x00007fff83562000 	C:\Windows\SYSTEM32\DBGHELP.DLL
0x00007fff938c0000 - 0x00007fff93c42000 	C:\Windows\System32\combase.dll
0x00007fff92e50000 - 0x00007fff92f27000 	C:\Windows\System32\OLEAUT32.dll
0x00007fff773f0000 - 0x00007fff7742b000 	C:\Windows\SYSTEM32\dbgcore.DLL
0x00007fff91990000 - 0x00007fff91a35000 	C:\Windows\System32\bcryptPrimitives.dll
0x00007fff7a4a0000 - 0x00007fff7a4ae000 	C:\Program Files\OpenLogic\jdk-17.0.14.7-hotspot\bin\instrument.dll
0x00007fff75000000 - 0x00007fff75025000 	C:\Program Files\OpenLogic\jdk-17.0.14.7-hotspot\bin\java.dll
0x00007fff74f20000 - 0x00007fff74ff6000 	C:\Program Files\OpenLogic\jdk-17.0.14.7-hotspot\bin\jsvml.dll
0x00007fff92030000 - 0x00007fff9278f000 	C:\Windows\System32\SHELL32.dll
0x00007fff91790000 - 0x00007fff918fa000 	C:\Windows\System32\wintypes.dll
0x00007fff90b20000 - 0x00007fff91384000 	C:\Windows\System32\windows.storage.dll
0x00007fff932f0000 - 0x00007fff933e7000 	C:\Windows\System32\SHCORE.dll
0x00007fff93650000 - 0x00007fff936b7000 	C:\Windows\System32\shlwapi.dll
0x00007fff904a0000 - 0x00007fff904c9000 	C:\Windows\SYSTEM32\profapi.dll
0x00007fff751d0000 - 0x00007fff751e8000 	C:\Program Files\OpenLogic\jdk-17.0.14.7-hotspot\bin\zip.dll
0x00007fff78110000 - 0x00007fff78129000 	C:\Program Files\OpenLogic\jdk-17.0.14.7-hotspot\bin\net.dll
0x00007fff86a00000 - 0x00007fff86b27000 	C:\Windows\SYSTEM32\WINHTTP.dll
0x00007fff8f820000 - 0x00007fff8f88b000 	C:\Windows\system32\mswsock.dll
0x00007fff767b0000 - 0x00007fff767c6000 	C:\Program Files\OpenLogic\jdk-17.0.14.7-hotspot\bin\nio.dll
0x00007fff7b850000 - 0x00007fff7b860000 	C:\Program Files\OpenLogic\jdk-17.0.14.7-hotspot\bin\verify.dll
0x00007fff6b620000 - 0x00007fff6b647000 	C:\Users\Vauras\.gradle\native\1def1411415f61bf3af743bc5b6707747c0891f09f0c88961ee8f79bc544acac\windows-amd64\native-platform.dll
0x00007fff66a60000 - 0x00007fff66ad8000 	C:\Users\Vauras\.gradle\native\0.2.7\x86_64-windows-gnu\gradle-fileevents.dll
0x00007fff7a370000 - 0x00007fff7a379000 	C:\Program Files\OpenLogic\jdk-17.0.14.7-hotspot\bin\management.dll
0x00007fff767f0000 - 0x00007fff767fb000 	C:\Program Files\OpenLogic\jdk-17.0.14.7-hotspot\bin\management_ext.dll
0x00007fff92ca0000 - 0x00007fff92ca8000 	C:\Windows\System32\PSAPI.DLL
0x00007fff8eb40000 - 0x00007fff8eb73000 	C:\Windows\SYSTEM32\IPHLPAPI.DLL
0x00007fff933f0000 - 0x00007fff933fa000 	C:\Windows\System32\NSI.dll
0x00007fff89b00000 - 0x00007fff89b1d000 	C:\Windows\SYSTEM32\dhcpcsvc6.DLL
0x00007fff86990000 - 0x00007fff869b3000 	C:\Windows\SYSTEM32\dhcpcsvc.DLL
0x00007fff8ec60000 - 0x00007fff8ed8a000 	C:\Windows\SYSTEM32\DNSAPI.dll
0x00007fff74f00000 - 0x00007fff74f08000 	C:\Program Files\OpenLogic\jdk-17.0.14.7-hotspot\bin\extnet.dll
0x00007fff8fc20000 - 0x00007fff8fc3b000 	C:\Windows\SYSTEM32\CRYPTSP.dll
0x00007fff8f230000 - 0x00007fff8f269000 	C:\Windows\system32\rsaenh.dll
0x00007fff8f8d0000 - 0x00007fff8f902000 	C:\Windows\SYSTEM32\USERENV.dll
0x00007fff90470000 - 0x00007fff9049a000 	C:\Windows\SYSTEM32\bcrypt.dll
0x00007fff8fa80000 - 0x00007fff8fa8c000 	C:\Windows\SYSTEM32\CRYPTBASE.dll
0x00007fff7a490000 - 0x00007fff7a49e000 	C:\Program Files\OpenLogic\jdk-17.0.14.7-hotspot\bin\sunmscapi.dll
0x00007fff906e0000 - 0x00007fff90857000 	C:\Windows\System32\CRYPT32.dll
0x00007fff8fd80000 - 0x00007fff8fdb0000 	C:\Windows\SYSTEM32\ncrypt.dll
0x00007fff8fd30000 - 0x00007fff8fd6f000 	C:\Windows\SYSTEM32\NTASN1.dll
0x00007fff3c980000 - 0x00007fff3c988000 	C:\Windows\system32\wshunix.dll
0x00007fff76b80000 - 0x00007fff76b98000 	C:\Windows\system32\napinsp.dll
0x00007fff76bd0000 - 0x00007fff76be2000 	C:\Windows\System32\winrnr.dll
0x00007fff76ba0000 - 0x00007fff76bc2000 	C:\Windows\system32\nlansp_c.dll
0x00007fff76930000 - 0x00007fff76946000 	C:\Windows\system32\wshbth.dll
0x00007fff86550000 - 0x00007fff8655b000 	C:\Windows\System32\rasadhlp.dll
0x00007fff866b0000 - 0x00007fff86736000 	C:\Windows\System32\fwpuclnt.dll
0x00007fff8f3f0000 - 0x00007fff8f426000 	C:\Windows\SYSTEM32\ntmarta.dll
0x00007fff800a0000 - 0x00007fff800a7000 	C:\Program Files\OpenLogic\jdk-17.0.14.7-hotspot\bin\rmi.dll

dbghelp: loaded successfully - version: 4.0.5 - missing functions: none
symbol engine: initialized successfully - sym options: 0x614 - pdb path: .;C:\Program Files\OpenLogic\jdk-17.0.14.7-hotspot\bin;C:\Windows\SYSTEM32;C:\Windows\WinSxS\amd64_microsoft.windows.common-controls_6595b64144ccf1df_6.0.26100.8037_none_3e092faae333b53b;C:\Program Files\OpenLogic\jdk-17.0.14.7-hotspot\bin\server;C:\Users\Vauras\.gradle\native\1def1411415f61bf3af743bc5b6707747c0891f09f0c88961ee8f79bc544acac\windows-amd64;C:\Users\Vauras\.gradle\native\0.2.7\x86_64-windows-gnu

VM Arguments:
jvm_args: --add-opens=java.base/java.lang=ALL-UNNAMED --add-opens=java.base/java.lang.invoke=ALL-UNNAMED --add-opens=java.base/java.util=ALL-UNNAMED --add-opens=java.prefs/java.util.prefs=ALL-UNNAMED --add-exports=jdk.compiler/com.sun.tools.javac.api=ALL-UNNAMED --add-exports=jdk.compiler/com.sun.tools.javac.util=ALL-UNNAMED --add-opens=java.base/java.util=ALL-UNNAMED --add-opens=java.prefs/java.util.prefs=ALL-UNNAMED --add-opens=java.base/java.nio.charset=ALL-UNNAMED --add-opens=java.base/java.net=ALL-UNNAMED --add-opens=java.base/java.util.concurrent.atomic=ALL-UNNAMED --add-opens=java.xml/javax.xml.namespace=ALL-UNNAMED -XX:MaxMetaspaceSize=1024m -Xmx4096m -Dfile.encoding=windows-1252 -Duser.country=IN -Duser.language=en -Duser.variant -javaagent:C:\Users\Vauras\.gradle\wrapper\dists\gradle-8.13-bin\5xuhj0ry160q40clulazy9h7d\gradle-8.13\lib\agents\gradle-instrumentation-agent-8.13.jar 
java_command: org.gradle.launcher.daemon.bootstrap.GradleDaemon 8.13
java_class_path (initial): C:\Users\Vauras\.gradle\wrapper\dists\gradle-8.13-bin\5xuhj0ry160q40clulazy9h7d\gradle-8.13\lib\gradle-daemon-main-8.13.jar
Launcher Type: SUN_STANDARD

[Global flags]
     intx CICompilerCount                          = 4                                         {product} {ergonomic}
   size_t CompressedClassSpaceSize                 = 872415232                                 {product} {ergonomic}
     uint ConcGCThreads                            = 2                                         {product} {ergonomic}
     uint G1ConcRefinementThreads                  = 8                                         {product} {ergonomic}
   size_t G1HeapRegionSize                         = 2097152                                   {product} {ergonomic}
    uintx GCDrainStackTargetSize                   = 64                                        {product} {ergonomic}
   size_t InitialHeapSize                          = 121634816                                 {product} {ergonomic}
   size_t MarkStackSize                            = 4194304                                   {product} {ergonomic}
   size_t MaxHeapSize                              = 4294967296                                {product} {command line}
   size_t MaxMetaspaceSize                         = 1073741824                                {product} {command line}
   size_t MaxNewSize                               = 2575302656                                {product} {ergonomic}
   size_t MinHeapDeltaBytes                        = 2097152                                   {product} {ergonomic}
   size_t MinHeapSize                              = 8388608                                   {product} {ergonomic}
    uintx NonNMethodCodeHeapSize                   = 5839372                                {pd product} {ergonomic}
    uintx NonProfiledCodeHeapSize                  = 122909434                              {pd product} {ergonomic}
    uintx ProfiledCodeHeapSize                     = 122909434                              {pd product} {ergonomic}
    uintx ReservedCodeCacheSize                    = 251658240                              {pd product} {ergonomic}
     bool SegmentedCodeCache                       = true                                      {product} {ergonomic}
   size_t SoftMaxHeapSize                          = 4294967296                             {manageable} {ergonomic}
     bool UseCompressedClassPointers               = true                           {product lp64_product} {ergonomic}
     bool UseCompressedOops                        = true                           {product lp64_product} {ergonomic}
     bool UseG1GC                                  = true                                      {product} {ergonomic}
     bool UseLargePagesIndividualAllocation        = false                                  {pd product} {ergonomic}

Logging:
Log output configuration:
 #0: stdout all=warning uptime,level,tags
 #1: stderr all=off uptime,level,tags

Environment Variables:
JAVA_HOME=C:\Program Files\OpenLogic\jdk-17.0.14.7-hotspot
CLASSPATH=D:\salarybooks_mobileapp\Salarybooks-App\android\\gradle\wrapper\gradle-wrapper.jar
PATH=c:\Users\Vauras\AppData\Roaming\Code\User\globalStorage\github.copilot-chat\debugCommand;c:\Users\Vauras\AppData\Roaming\Code\User\globalStorage\github.copilot-chat\copilotCli;C:\Program Files\OpenLogic\jdk-17.0.14.7-hotspot\bin;C:\Windows\system32;C:\Windows;C:\Windows\System32\Wbem;C:\Windows\System32\WindowsPowerShell\v1.0\;C:\Windows\System32\OpenSSH\;C:\Users\Vauras\AppData\Local\Android\Sdk;C:\Users\Vauras\AppData\Local\Android\Sdk\platform-tools;C:\node-v14.20.0-win-x86\node_modules\npm\bin;C:\Users\Vauras\AppData\Roaming\nvm;C:\Program Files\nodejs;C:\Program Files\nodejs\;C:\Program Files\MongoDB\Server\8.0\bin;C:\mongodb-database-tools-windows-x86_64-100.12.0\bin;C:\Program Files\Git\cmd;C:\Users\Vauras\AppData\Roaming\nvm\v18.20.8;C:\Users\Vauras\AppData\Local\Programs\Python\Python311\Scripts\;C:\Users\Vauras\AppData\Local\Programs\Python\Python311\;C:\Users\Vauras\AppData\Local\Microsoft\WindowsApps;C:\Program Files\OpenLogic\jdk-17.0.14.7-hotspot\bin;C:\Users\Vauras\AppData\Local\Android\Sdk\platform-tools;C:\Users\Vauras\AppData\Local\Android\Sdk;C:\Users\Vauras\AppData\Local\Android\Sdk\emulator;C:\Users\Vauras\AppData\Local\Android\Sdk\build-tools;C:\Users\Vauras\AppData\Roaming\nvm;C:\Program Files\nodejs;C:\Users\Vauras\AppData\Roaming\npm;C:\Program Files\nodejs;C:\Program Files\MongoDB\Server\8.0\bin;C:\mongodb-database-tools-windows-x86_64-100.12.0\bin;C:\Users\Vauras\AppData\Local\Programs\Microsoft VS Code\bin;C:\Users\Vauras\AppData\Roaming\nvm\v18.20.8;c:\Users\Vauras\.vscode\extensions\vscjava.vscode-java-debug-0.58.5\bundled\scripts\noConfigScripts
USERNAME=Vauras
LANG=en_US.UTF-8
OS=Windows_NT
PROCESSOR_IDENTIFIER=AMD64 Family 23 Model 160 Stepping 0, AuthenticAMD
TMP=C:\Users\Vauras\AppData\Local\Temp
TEMP=C:\Users\Vauras\AppData\Local\Temp



Periodic native trim disabled


---------------  S Y S T E M  ---------------

OS:
 Windows 11 , 64 bit Build 26100 (10.0.26100.7920)
OS uptime: 0 days 5:34 hours
Hyper-V role detected

CPU: total 8 (initial active 8) (8 cores per cpu, 2 threads per core) family 23 model 160 stepping 0 microcode 0x8a0000b, cx8, cmov, fxsr, ht, mmx, 3dnowpref, sse, sse2, sse3, ssse3, sse4a, sse4.1, sse4.2, popcnt, lzcnt, tsc, tscinvbit, avx, avx2, aes, clmul, bmi1, bmi2, adx, sha, fma, vzeroupper, clflush, clflushopt, hv
Processor Information for all 8 processors :
  Max Mhz: 2801, Current Mhz: 2801, Mhz Limit: 2801

Memory: 4k page, system-wide physical 7418M (715M free)
TotalPageFile size 29946M (AvailPageFile size 4M)
current process WorkingSet (physical memory assigned to process): 932M, peak: 1614M
current process commit charge ("private bytes"): 2551M, peak: 2553M

vm_info: OpenJDK 64-Bit Server VM (17.0.14+7-adhoc..jdk17u) for windows-amd64 JRE (17.0.14+7-adhoc..jdk17u), built on Jul  2 2025 17:59:17 by "" with MS VC++ 16.10 / 16.11 (VS2019)

END.
