#
# There is insufficient memory for the Java Runtime Environment to continue.
# Native memory allocation (malloc) failed to allocate 1069136 bytes. Error detail: Chunk::new
# Possible reasons:
#   The system is out of physical RAM or swap space
#   This process is running with CompressedOops enabled, and the Java Heap may be blocking the growth of the native heap
# Possible solutions:
#   Reduce memory load on the system
#   Increase physical memory or swap space
#   Check if swap backing store is full
#   Decrease Java heap size (-Xmx/-Xms)
#   Decrease number of Java threads
#   Decrease Java thread stack sizes (-Xss)
#   Set larger code cache with -XX:ReservedCodeCacheSize=
#   JVM is running with Zero Based Compressed Oops mode in which the Java heap is
#     placed in the first 32GB address space. The Java Heap base address is the
#     maximum limit for the native heap growth. Please use -XX:HeapBaseMinAddress
#     to set the Java Heap base and to place the Java Heap above 32GB virtual address.
# This output file may be truncated or incomplete.
#
#  Out of Memory Error (arena.cpp:191), pid=8276, tid=8920
#
# JRE version: OpenJDK Runtime Environment OpenLogic-OpenJDK (17.0.14+7) (build 17.0.14+7-adhoc..jdk17u)
# Java VM: OpenJDK 64-Bit Server VM OpenLogic-OpenJDK (17.0.14+7-adhoc..jdk17u, mixed mode, sharing, tiered, compressed oops, compressed class ptrs, g1 gc, windows-amd64)
# No core dump will be written. Minidumps are not enabled by default on client versions of Windows
#

---------------  S U M M A R Y ------------

Command Line: --add-opens=java.base/java.lang=ALL-UNNAMED --add-opens=java.base/java.lang.invoke=ALL-UNNAMED --add-opens=java.base/java.util=ALL-UNNAMED --add-opens=java.prefs/java.util.prefs=ALL-UNNAMED --add-exports=jdk.compiler/com.sun.tools.javac.api=ALL-UNNAMED --add-exports=jdk.compiler/com.sun.tools.javac.util=ALL-UNNAMED --add-opens=java.base/java.util=ALL-UNNAMED --add-opens=java.prefs/java.util.prefs=ALL-UNNAMED --add-opens=java.base/java.nio.charset=ALL-UNNAMED --add-opens=java.base/java.net=ALL-UNNAMED --add-opens=java.base/java.util.concurrent.atomic=ALL-UNNAMED --add-opens=java.xml/javax.xml.namespace=ALL-UNNAMED -XX:MaxMetaspaceSize=512m -Xmx4096m -Dfile.encoding=windows-1252 -Duser.country=IN -Duser.language=en -Duser.variant -javaagent:C:\Users\Vauras\.gradle\wrapper\dists\gradle-8.13-bin\5xuhj0ry160q40clulazy9h7d\gradle-8.13\lib\agents\gradle-instrumentation-agent-8.13.jar org.gradle.launcher.daemon.bootstrap.GradleDaemon 8.13

Host: AMD Ryzen 5 7520U with Radeon Graphics         , 8 cores, 7G,  Windows 11 , 64 bit Build 26100 (10.0.26100.8521)
Time: Wed Jul  8 15:35:36 2026 India Standard Time elapsed time: 101.358720 seconds (0d 0h 1m 41s)

---------------  T H R E A D  ---------------

Current thread (0x00000211307fbb10):  JavaThread "C2 CompilerThread1" daemon [_thread_in_native, id=8920, stack(0x000000c9b7c00000,0x000000c9b7d00000)]


Current CompileTask:
C2: 101358 21744   !   4       com.sun.org.apache.xerces.internal.impl.XMLDocumentFragmentScannerImpl$FragmentContentDriver::next (2331 bytes)

Stack: [0x000000c9b7c00000,0x000000c9b7d00000]
Native frames: (J=compiled Java code, j=interpreted, Vv=VM code, C=native code)
V  [jvm.dll+0x681069]
V  [jvm.dll+0x838cca]
V  [jvm.dll+0x83a78e]
V  [jvm.dll+0x83adf3]
V  [jvm.dll+0x24826f]
V  [jvm.dll+0xac9f4]
V  [jvm.dll+0xad03c]
V  [jvm.dll+0x3678e2]
V  [jvm.dll+0x331cda]
V  [jvm.dll+0x33117a]
V  [jvm.dll+0x21a7b1]
V  [jvm.dll+0x219bf1]
V  [jvm.dll+0x1a599d]
V  [jvm.dll+0x22994d]
V  [jvm.dll+0x227adc]
V  [jvm.dll+0x7edb77]
V  [jvm.dll+0x7e7f6c]
V  [jvm.dll+0x67ff37]
C  [ucrtbase.dll+0x2cd30]
C  [KERNEL32.DLL+0x2e957]
C  [ntdll.dll+0x87c1c]


---------------  P R O C E S S  ---------------

Threads class SMR info:
_java_thread_list=0x00000211302b3f80, length=155, elements={
0x000002115fd21080, 0x000002117fbfc530, 0x000002117fbff6b0, 0x000002117fc1dbf0,
0x000002117fc204d0, 0x000002117fc21540, 0x000002117fc2d310, 0x000002117fc306c0,
0x000002117fc31770, 0x0000021104348070, 0x0000021104460c80, 0x0000021104460260,
0x00000211044625d0, 0x00000211044616a0, 0x0000021104460770, 0x0000021104462ae0,
0x0000021104461190, 0x000002110445fd50, 0x0000021104462ff0, 0x00000211044620c0,
0x0000021104463500, 0x0000021125335db0, 0x0000021125333530, 0x0000021125333a40,
0x0000021125333020, 0x0000021125332b10, 0x0000021125334970, 0x0000021125334460,
0x0000021125332600, 0x00000211253367d0, 0x00000211253362c0, 0x0000021125336ce0,
0x0000021125338630, 0x0000021125334e80, 0x0000021125338b40, 0x0000021125339560,
0x0000021125339a70, 0x0000021125339f80, 0x0000021127f19e50, 0x0000021127f17ae0,
0x0000021127f17ff0, 0x0000021127f18500, 0x0000021127f1a360, 0x0000021127f19940,
0x0000021127f175d0, 0x0000021127f1a870, 0x0000021127f18f20, 0x0000021127f19430,
0x0000021127f170c0, 0x0000021127f1db10, 0x0000021127f1cbe0, 0x0000021127f1e020,
0x0000021127f1c6d0, 0x0000021127f1e530, 0x0000021127f1ad80, 0x0000021127f1ea40,
0x0000021127f1d0f0, 0x0000021127f1d600, 0x0000021127f1b290, 0x0000021127f1b7a0,
0x0000021127f1bcb0, 0x0000021127f1c1c0, 0x0000021126bba240, 0x0000021126bbc0a0,
0x0000021126bb88f0, 0x0000021126bbc5b0, 0x0000021126bb9310, 0x0000021126bb9820,
0x0000021126bb9d30, 0x0000021126bbb680, 0x0000021126bb8e00, 0x0000021126bbf850,
0x0000021126bbdf00, 0x0000021126bbd9f0, 0x0000021126bbd4e0, 0x0000021126bbe410,
0x0000021126bbfd60, 0x0000021126bbe920, 0x0000021126bc0270, 0x0000021126bbcfd0,
0x00000211265a9440, 0x00000211265a9950, 0x00000211265a8000, 0x00000211265a8510,
0x00000211265ab7b0, 0x00000211265aad90, 0x00000211265a9e60, 0x00000211265aa370,
0x00000211265abcc0, 0x00000211265ac1d0, 0x00000211265aa880, 0x00000211265ab2a0,
0x00000211265a8a20, 0x00000211265ac6e0, 0x00000211265a8f30, 0x00000211265acbf0,
0x00000211265ad100, 0x00000211265aea50, 0x00000211265ad610, 0x00000211265adb20,
0x00000211265ae540, 0x00000211265aef60, 0x00000211265af470, 0x00000211265ae030,
0x00000211265af980, 0x00000211261fc8e0, 0x00000211261fc3d0, 0x00000211261fcdf0,
0x00000211261fa570, 0x00000211261fd300, 0x00000211261fd810, 0x00000211261fb9b0,
0x00000211261fa060, 0x00000211261fb4a0, 0x00000211261faa80, 0x00000211261faf90,
0x00000211261fbec0, 0x00000211266809b0, 0x00000211266818e0, 0x00000211266813d0,
0x00000211266804a0, 0x0000021126680ec0, 0x0000021126682300, 0x0000021126681df0,
0x000002112667ff90, 0x0000021126682810, 0x000002112667f060, 0x0000021126682d20,
0x000002112667f570, 0x0000021126683230, 0x0000021126685fc0, 0x0000021126683740,
0x0000021126683c50, 0x00000211266855a0, 0x00000211266864d0, 0x0000021126685ab0,
0x0000021126684670, 0x0000021126bbbb90, 0x000002112a7b4100, 0x000002112a7b36e0,
0x000002112a7b0e60, 0x000002112a7b1370, 0x00000211273671e0, 0x0000021127367c00,
0x0000021127368110, 0x00000211343a9ff0, 0x00000211343a8bb0, 0x00000211343a9ae0,
0x00000211343ac360, 0x00000211343aaf20, 0x00000211343aa500, 0x00000211343ac870,
0x00000211343ab430, 0x00000211343acd80, 0x00000211307fbb10
}

Java Threads: ( => current thread )
  0x000002115fd21080 JavaThread "main" [_thread_blocked, id=7052, stack(0x000000c9ad300000,0x000000c9ad400000)]
  0x000002117fbfc530 JavaThread "Reference Handler" daemon [_thread_blocked, id=9104, stack(0x000000c9ada00000,0x000000c9adb00000)]
  0x000002117fbff6b0 JavaThread "Finalizer" daemon [_thread_blocked, id=16932, stack(0x000000c9adb00000,0x000000c9adc00000)]
  0x000002117fc1dbf0 JavaThread "Signal Dispatcher" daemon [_thread_blocked, id=3592, stack(0x000000c9adc00000,0x000000c9add00000)]
  0x000002117fc204d0 JavaThread "Attach Listener" daemon [_thread_blocked, id=10084, stack(0x000000c9add00000,0x000000c9ade00000)]
  0x000002117fc21540 JavaThread "Service Thread" daemon [_thread_blocked, id=22632, stack(0x000000c9ade00000,0x000000c9adf00000)]
  0x000002117fc2d310 JavaThread "Monitor Deflation Thread" daemon [_thread_blocked, id=6180, stack(0x000000c9adf00000,0x000000c9ae000000)]
  0x000002117fc306c0 JavaThread "C2 CompilerThread0" daemon [_thread_blocked, id=4160, stack(0x000000c9ae000000,0x000000c9ae100000)]
  0x000002117fc31770 JavaThread "C1 CompilerThread0" daemon [_thread_blocked, id=21800, stack(0x000000c9ae100000,0x000000c9ae200000)]
  0x0000021104348070 JavaThread "Sweeper thread" daemon [_thread_blocked, id=8712, stack(0x000000c9ae200000,0x000000c9ae300000)]
  0x0000021104460c80 JavaThread "Common-Cleaner" daemon [_thread_blocked, id=22204, stack(0x000000c9ae300000,0x000000c9ae400000)]
  0x0000021104460260 JavaThread "Notification Thread" daemon [_thread_blocked, id=23548, stack(0x000000c9ae500000,0x000000c9ae600000)]
  0x00000211044625d0 JavaThread "Daemon health stats" [_thread_blocked, id=10148, stack(0x000000c9aeb00000,0x000000c9aec00000)]
  0x00000211044616a0 JavaThread "Incoming local TCP Connector on port 55333" [_thread_in_native, id=21700, stack(0x000000c9ae400000,0x000000c9ae500000)]
  0x0000021104460770 JavaThread "Daemon periodic checks" [_thread_blocked, id=19428, stack(0x000000c9aec00000,0x000000c9aed00000)]
  0x0000021104462ae0 JavaThread "Daemon" [_thread_blocked, id=11520, stack(0x000000c9aed00000,0x000000c9aee00000)]
  0x0000021104461190 JavaThread "Handler for socket connection from /127.0.0.1:55333 to /127.0.0.1:55334" [_thread_in_native, id=8300, stack(0x000000c9aee00000,0x000000c9aef00000)]
  0x000002110445fd50 JavaThread "Cancel handler" [_thread_blocked, id=20784, stack(0x000000c9aef00000,0x000000c9af000000)]
  0x0000021104462ff0 JavaThread "Daemon worker" [_thread_blocked, id=20216, stack(0x000000c9af000000,0x000000c9af100000)]
  0x00000211044620c0 JavaThread "Asynchronous log dispatcher for DefaultDaemonConnection: socket connection from /127.0.0.1:55333 to /127.0.0.1:55334" [_thread_blocked, id=15576, stack(0x000000c9af100000,0x000000c9af200000)]
  0x0000021104463500 JavaThread "Stdin handler" [_thread_blocked, id=21904, stack(0x000000c9af200000,0x000000c9af300000)]
  0x0000021125335db0 JavaThread "Daemon client event forwarder" [_thread_blocked, id=7180, stack(0x000000c9af300000,0x000000c9af400000)]
  0x0000021125333530 JavaThread "Cache worker for journal cache (C:\Users\Vauras\.gradle\caches\journal-1)" [_thread_blocked, id=21892, stack(0x000000c9af400000,0x000000c9af500000)]
  0x0000021125333a40 JavaThread "File lock request listener" [_thread_in_native, id=22912, stack(0x000000c9af500000,0x000000c9af600000)]
  0x0000021125333020 JavaThread "Cache worker for file hash cache (C:\Users\Vauras\.gradle\caches\8.13\fileHashes)" [_thread_blocked, id=3280, stack(0x000000c9af600000,0x000000c9af700000)]
  0x0000021125332b10 JavaThread "Cache worker for file hash cache (D:\salarybooks_mobileapp\Salarybooks-App\android\.gradle\8.13\fileHashes)" [_thread_blocked, id=5808, stack(0x000000c9afb00000,0x000000c9afc00000)]
  0x0000021125334970 JavaThread "Cache worker for Build Output Cleanup Cache (D:\salarybooks_mobileapp\Salarybooks-App\android\.gradle\buildOutputCleanup)" [_thread_blocked, id=12080, stack(0x000000c9afc00000,0x000000c9afd00000)]
  0x0000021125334460 JavaThread "File watcher server" daemon [_thread_in_native, id=21752, stack(0x000000c9afe00000,0x000000c9aff00000)]
  0x0000021125332600 JavaThread "File watcher consumer" daemon [_thread_blocked, id=20972, stack(0x000000c9aff00000,0x000000c9b0000000)]
  0x00000211253367d0 JavaThread "jar transforms" [_thread_blocked, id=20304, stack(0x000000c9b0100000,0x000000c9b0200000)]
  0x00000211253362c0 JavaThread "Cache worker for checksums cache (D:\salarybooks_mobileapp\Salarybooks-App\android\.gradle\8.13\checksums)" [_thread_blocked, id=23468, stack(0x000000c9b0200000,0x000000c9b0300000)]
  0x0000021125336ce0 JavaThread "Cache worker for file content cache (C:\Users\Vauras\.gradle\caches\8.13\fileContent)" [_thread_blocked, id=13564, stack(0x000000c9b0300000,0x000000c9b0400000)]
  0x0000021125338630 JavaThread "Cache worker for cache directory md-supplier (C:\Users\Vauras\.gradle\caches\8.13\md-supplier)" [_thread_blocked, id=23248, stack(0x000000c9b0400000,0x000000c9b0500000)]
  0x0000021125334e80 JavaThread "Cache worker for cache directory md-rule (C:\Users\Vauras\.gradle\caches\8.13\md-rule)" [_thread_blocked, id=15292, stack(0x000000c9b0500000,0x000000c9b0600000)]
  0x0000021125338b40 JavaThread "Cache worker for Build Output Cleanup Cache (D:\salarybooks_mobileapp\Salarybooks-App\node_modules\@react-native\gradle-plugin\.gradle\buildOutputCleanup)" [_thread_blocked, id=23232, stack(0x000000c9b0600000,0x000000c9b0700000)]
  0x0000021125339560 JavaThread "Unconstrained build operations" [_thread_blocked, id=6300, stack(0x000000c9afa00000,0x000000c9afb00000)]
  0x0000021125339a70 JavaThread "Unconstrained build operations Thread 2" [_thread_blocked, id=17808, stack(0x000000c9b0000000,0x000000c9b0100000)]
  0x0000021125339f80 JavaThread "Unconstrained build operations Thread 3" [_thread_blocked, id=17664, stack(0x000000c9b0700000,0x000000c9b0800000)]
  0x0000021127f19e50 JavaThread "Unconstrained build operations Thread 4" [_thread_blocked, id=13716, stack(0x000000c9b0800000,0x000000c9b0900000)]
  0x0000021127f17ae0 JavaThread "Unconstrained build operations Thread 5" [_thread_blocked, id=8928, stack(0x000000c9b0900000,0x000000c9b0a00000)]
  0x0000021127f17ff0 JavaThread "Unconstrained build operations Thread 6" [_thread_blocked, id=21608, stack(0x000000c9b0a00000,0x000000c9b0b00000)]
  0x0000021127f18500 JavaThread "Unconstrained build operations Thread 7" [_thread_blocked, id=21052, stack(0x000000c9b0d00000,0x000000c9b0e00000)]
  0x0000021127f1a360 JavaThread "Unconstrained build operations Thread 8" [_thread_blocked, id=2320, stack(0x000000c9b0e00000,0x000000c9b0f00000)]
  0x0000021127f19940 JavaThread "Unconstrained build operations Thread 9" [_thread_blocked, id=23332, stack(0x000000c9b0f00000,0x000000c9b1000000)]
  0x0000021127f175d0 JavaThread "Unconstrained build operations Thread 10" [_thread_blocked, id=18388, stack(0x000000c9b1000000,0x000000c9b1100000)]
  0x0000021127f1a870 JavaThread "Unconstrained build operations Thread 11" [_thread_blocked, id=22304, stack(0x000000c9b1100000,0x000000c9b1200000)]
  0x0000021127f18f20 JavaThread "Unconstrained build operations Thread 12" [_thread_blocked, id=21820, stack(0x000000c9b1200000,0x000000c9b1300000)]
  0x0000021127f19430 JavaThread "Unconstrained build operations Thread 13" [_thread_blocked, id=1912, stack(0x000000c9b1300000,0x000000c9b1400000)]
  0x0000021127f170c0 JavaThread "Unconstrained build operations Thread 14" [_thread_blocked, id=10616, stack(0x000000c9b1400000,0x000000c9b1500000)]
  0x0000021127f1db10 JavaThread "Unconstrained build operations Thread 15" [_thread_blocked, id=22668, stack(0x000000c9b1500000,0x000000c9b1600000)]
  0x0000021127f1cbe0 JavaThread "Unconstrained build operations Thread 16" [_thread_blocked, id=2008, stack(0x000000c9b1600000,0x000000c9b1700000)]
  0x0000021127f1e020 JavaThread "Unconstrained build operations Thread 17" [_thread_blocked, id=10172, stack(0x000000c9b1700000,0x000000c9b1800000)]
  0x0000021127f1c6d0 JavaThread "Unconstrained build operations Thread 18" [_thread_blocked, id=20684, stack(0x000000c9b1800000,0x000000c9b1900000)]
  0x0000021127f1e530 JavaThread "Unconstrained build operations Thread 19" [_thread_blocked, id=8, stack(0x000000c9b1900000,0x000000c9b1a00000)]
  0x0000021127f1ad80 JavaThread "Unconstrained build operations Thread 20" [_thread_blocked, id=20012, stack(0x000000c9b1a00000,0x000000c9b1b00000)]
  0x0000021127f1ea40 JavaThread "Unconstrained build operations Thread 21" [_thread_blocked, id=22708, stack(0x000000c9b1b00000,0x000000c9b1c00000)]
  0x0000021127f1d0f0 JavaThread "Unconstrained build operations Thread 22" [_thread_blocked, id=9696, stack(0x000000c9b1c00000,0x000000c9b1d00000)]
  0x0000021127f1d600 JavaThread "Unconstrained build operations Thread 23" [_thread_blocked, id=9480, stack(0x000000c9b1d00000,0x000000c9b1e00000)]
  0x0000021127f1b290 JavaThread "Unconstrained build operations Thread 24" [_thread_blocked, id=3668, stack(0x000000c9b1e00000,0x000000c9b1f00000)]
  0x0000021127f1b7a0 JavaThread "Unconstrained build operations Thread 25" [_thread_blocked, id=13624, stack(0x000000c9b1f00000,0x000000c9b2000000)]
  0x0000021127f1bcb0 JavaThread "Unconstrained build operations Thread 26" [_thread_blocked, id=22268, stack(0x000000c9b2000000,0x000000c9b2100000)]
  0x0000021127f1c1c0 JavaThread "Unconstrained build operations Thread 27" [_thread_blocked, id=1008, stack(0x000000c9b2100000,0x000000c9b2200000)]
  0x0000021126bba240 JavaThread "build event listener" [_thread_blocked, id=16208, stack(0x000000c9b0b00000,0x000000c9b0c00000)]
  0x0000021126bbc0a0 JavaThread "Memory manager" [_thread_blocked, id=9028, stack(0x000000c9b2200000,0x000000c9b2300000)]
  0x0000021126bb88f0 JavaThread "ForkJoinPool.commonPool-worker-1" daemon [_thread_blocked, id=1452, stack(0x000000c9b2300000,0x000000c9b2400000)]
  0x0000021126bbc5b0 JavaThread "ForkJoinPool.commonPool-worker-2" daemon [_thread_blocked, id=5320, stack(0x000000c9b2400000,0x000000c9b2500000)]
  0x0000021126bb9310 JavaThread "ForkJoinPool.commonPool-worker-4" daemon [_thread_blocked, id=2960, stack(0x000000c9b2500000,0x000000c9b2600000)]
  0x0000021126bb9820 JavaThread "ForkJoinPool.commonPool-worker-3" daemon [_thread_blocked, id=22092, stack(0x000000c9b2600000,0x000000c9b2700000)]
  0x0000021126bb9d30 JavaThread "ForkJoinPool.commonPool-worker-5" daemon [_thread_blocked, id=23472, stack(0x000000c9b2700000,0x000000c9b2800000)]
  0x0000021126bbb680 JavaThread "ForkJoinPool.commonPool-worker-6" daemon [_thread_blocked, id=340, stack(0x000000c9b2800000,0x000000c9b2900000)]
  0x0000021126bb8e00 JavaThread "ForkJoinPool.commonPool-worker-7" daemon [_thread_blocked, id=21016, stack(0x000000c9b2900000,0x000000c9b2a00000)]
  0x0000021126bbf850 JavaThread "included builds" [_thread_blocked, id=22132, stack(0x000000c9b2d00000,0x000000c9b2e00000)]
  0x0000021126bbdf00 JavaThread "Execution worker" [_thread_in_Java, id=372, stack(0x000000c9b2e00000,0x000000c9b2f00000)]
  0x0000021126bbd9f0 JavaThread "Execution worker Thread 2" [_thread_blocked, id=1576, stack(0x000000c9b2f00000,0x000000c9b3000000)]
  0x0000021126bbd4e0 JavaThread "Execution worker Thread 3" [_thread_blocked, id=9160, stack(0x000000c9b3000000,0x000000c9b3100000)]
  0x0000021126bbe410 JavaThread "Execution worker Thread 4" [_thread_blocked, id=20276, stack(0x000000c9b3100000,0x000000c9b3200000)]
  0x0000021126bbfd60 JavaThread "Execution worker Thread 5" [_thread_blocked, id=11512, stack(0x000000c9b3200000,0x000000c9b3300000)]
  0x0000021126bbe920 JavaThread "Execution worker Thread 6" [_thread_blocked, id=19856, stack(0x000000c9b3300000,0x000000c9b3400000)]
  0x0000021126bc0270 JavaThread "Execution worker Thread 7" [_thread_blocked, id=6840, stack(0x000000c9b3400000,0x000000c9b3500000)]
  0x0000021126bbcfd0 JavaThread "Cache worker for execution history cache (D:\salarybooks_mobileapp\Salarybooks-App\node_modules\@react-native\gradle-plugin\.gradle\8.13\executionHistory)" [_thread_blocked, id=19088, stack(0x000000c9b3500000,0x000000c9b3600000)]
  0x00000211265a9440 JavaThread "Unconstrained build operations Thread 28" [_thread_blocked, id=23532, stack(0x000000c9b3600000,0x000000c9b3700000)]
  0x00000211265a9950 JavaThread "Unconstrained build operations Thread 29" [_thread_blocked, id=23204, stack(0x000000c9b3700000,0x000000c9b3800000)]
  0x00000211265a8000 JavaThread "Unconstrained build operations Thread 30" [_thread_blocked, id=6712, stack(0x000000c9b3800000,0x000000c9b3900000)]
  0x00000211265a8510 JavaThread "Unconstrained build operations Thread 31" [_thread_blocked, id=10608, stack(0x000000c9b3900000,0x000000c9b3a00000)]
  0x00000211265ab7b0 JavaThread "Unconstrained build operations Thread 32" [_thread_blocked, id=10520, stack(0x000000c9b3a00000,0x000000c9b3b00000)]
  0x00000211265aad90 JavaThread "Unconstrained build operations Thread 33" [_thread_blocked, id=18252, stack(0x000000c9b3b00000,0x000000c9b3c00000)]
  0x00000211265a9e60 JavaThread "Unconstrained build operations Thread 34" [_thread_blocked, id=20264, stack(0x000000c9b3c00000,0x000000c9b3d00000)]
  0x00000211265aa370 JavaThread "Unconstrained build operations Thread 35" [_thread_blocked, id=13936, stack(0x000000c9b3d00000,0x000000c9b3e00000)]
  0x00000211265abcc0 JavaThread "Unconstrained build operations Thread 36" [_thread_blocked, id=7176, stack(0x000000c9b3e00000,0x000000c9b3f00000)]
  0x00000211265ac1d0 JavaThread "Unconstrained build operations Thread 37" [_thread_blocked, id=23444, stack(0x000000c9b3f00000,0x000000c9b4000000)]
  0x00000211265aa880 JavaThread "Unconstrained build operations Thread 38" [_thread_blocked, id=13296, stack(0x000000c9b4000000,0x000000c9b4100000)]
  0x00000211265ab2a0 JavaThread "Unconstrained build operations Thread 39" [_thread_blocked, id=20148, stack(0x000000c9b4100000,0x000000c9b4200000)]
  0x00000211265a8a20 JavaThread "Unconstrained build operations Thread 40" [_thread_blocked, id=2440, stack(0x000000c9b4200000,0x000000c9b4300000)]
  0x00000211265ac6e0 JavaThread "Unconstrained build operations Thread 41" [_thread_blocked, id=9088, stack(0x000000c9b4300000,0x000000c9b4400000)]
  0x00000211265a8f30 JavaThread "Unconstrained build operations Thread 42" [_thread_blocked, id=20196, stack(0x000000c9b4400000,0x000000c9b4500000)]
  0x00000211265acbf0 JavaThread "Unconstrained build operations Thread 43" [_thread_blocked, id=19324, stack(0x000000c9b4500000,0x000000c9b4600000)]
  0x00000211265ad100 JavaThread "Unconstrained build operations Thread 44" [_thread_blocked, id=18260, stack(0x000000c9b4600000,0x000000c9b4700000)]
  0x00000211265aea50 JavaThread "Unconstrained build operations Thread 45" [_thread_blocked, id=17212, stack(0x000000c9b4700000,0x000000c9b4800000)]
  0x00000211265ad610 JavaThread "Unconstrained build operations Thread 46" [_thread_blocked, id=11832, stack(0x000000c9b4800000,0x000000c9b4900000)]
  0x00000211265adb20 JavaThread "Unconstrained build operations Thread 47" [_thread_blocked, id=14068, stack(0x000000c9b4900000,0x000000c9b4a00000)]
  0x00000211265ae540 JavaThread "Unconstrained build operations Thread 48" [_thread_blocked, id=2364, stack(0x000000c9b4a00000,0x000000c9b4b00000)]
  0x00000211265aef60 JavaThread "Unconstrained build operations Thread 49" [_thread_blocked, id=21284, stack(0x000000c9b0c00000,0x000000c9b0d00000)]
  0x00000211265af470 JavaThread "Unconstrained build operations Thread 50" [_thread_blocked, id=2136, stack(0x000000c9b4b00000,0x000000c9b4c00000)]
  0x00000211265ae030 JavaThread "Unconstrained build operations Thread 51" [_thread_blocked, id=20844, stack(0x000000c9b4c00000,0x000000c9b4d00000)]
  0x00000211265af980 JavaThread "Unconstrained build operations Thread 52" [_thread_blocked, id=18152, stack(0x000000c9b4d00000,0x000000c9b4e00000)]
  0x00000211261fc8e0 JavaThread "Unconstrained build operations Thread 53" [_thread_blocked, id=11064, stack(0x000000c9b4e00000,0x000000c9b4f00000)]
  0x00000211261fc3d0 JavaThread "Unconstrained build operations Thread 54" [_thread_blocked, id=20716, stack(0x000000c9b4f00000,0x000000c9b5000000)]
  0x00000211261fcdf0 JavaThread "Unconstrained build operations Thread 55" [_thread_blocked, id=9612, stack(0x000000c9b5000000,0x000000c9b5100000)]
  0x00000211261fa570 JavaThread "Unconstrained build operations Thread 56" [_thread_blocked, id=1352, stack(0x000000c9b5100000,0x000000c9b5200000)]
  0x00000211261fd300 JavaThread "Unconstrained build operations Thread 57" [_thread_blocked, id=22584, stack(0x000000c9b5200000,0x000000c9b5300000)]
  0x00000211261fd810 JavaThread "Unconstrained build operations Thread 58" [_thread_blocked, id=23016, stack(0x000000c9b5300000,0x000000c9b5400000)]
  0x00000211261fb9b0 JavaThread "Unconstrained build operations Thread 59" [_thread_blocked, id=21960, stack(0x000000c9b5400000,0x000000c9b5500000)]
  0x00000211261fa060 JavaThread "Unconstrained build operations Thread 60" [_thread_blocked, id=904, stack(0x000000c9b5500000,0x000000c9b5600000)]
  0x00000211261fb4a0 JavaThread "Unconstrained build operations Thread 61" [_thread_blocked, id=10112, stack(0x000000c9b5600000,0x000000c9b5700000)]
  0x00000211261faa80 JavaThread "Unconstrained build operations Thread 62" [_thread_blocked, id=19920, stack(0x000000c9b5700000,0x000000c9b5800000)]
  0x00000211261faf90 JavaThread "Unconstrained build operations Thread 63" [_thread_blocked, id=21760, stack(0x000000c9b5800000,0x000000c9b5900000)]
  0x00000211261fbec0 JavaThread "Unconstrained build operations Thread 64" [_thread_blocked, id=2772, stack(0x000000c9b5900000,0x000000c9b5a00000)]
  0x00000211266809b0 JavaThread "Unconstrained build operations Thread 65" [_thread_blocked, id=8944, stack(0x000000c9b5a00000,0x000000c9b5b00000)]
  0x00000211266818e0 JavaThread "Unconstrained build operations Thread 66" [_thread_blocked, id=6056, stack(0x000000c9b5b00000,0x000000c9b5c00000)]
  0x00000211266813d0 JavaThread "Unconstrained build operations Thread 67" [_thread_blocked, id=18984, stack(0x000000c9b5c00000,0x000000c9b5d00000)]
  0x00000211266804a0 JavaThread "Unconstrained build operations Thread 68" [_thread_blocked, id=19136, stack(0x000000c9b5d00000,0x000000c9b5e00000)]
  0x0000021126680ec0 JavaThread "Unconstrained build operations Thread 69" [_thread_blocked, id=19292, stack(0x000000c9b5e00000,0x000000c9b5f00000)]
  0x0000021126682300 JavaThread "Unconstrained build operations Thread 70" [_thread_blocked, id=5040, stack(0x000000c9b5f00000,0x000000c9b6000000)]
  0x0000021126681df0 JavaThread "Unconstrained build operations Thread 71" [_thread_blocked, id=20448, stack(0x000000c9b6100000,0x000000c9b6200000)]
  0x000002112667ff90 JavaThread "Unconstrained build operations Thread 72" [_thread_blocked, id=20280, stack(0x000000c9b6200000,0x000000c9b6300000)]
  0x0000021126682810 JavaThread "Unconstrained build operations Thread 73" [_thread_blocked, id=19340, stack(0x000000c9b6300000,0x000000c9b6400000)]
  0x000002112667f060 JavaThread "Unconstrained build operations Thread 74" [_thread_blocked, id=3184, stack(0x000000c9b6400000,0x000000c9b6500000)]
  0x0000021126682d20 JavaThread "Unconstrained build operations Thread 75" [_thread_blocked, id=18180, stack(0x000000c9b6500000,0x000000c9b6600000)]
  0x000002112667f570 JavaThread "Unconstrained build operations Thread 76" [_thread_blocked, id=20008, stack(0x000000c9b6600000,0x000000c9b6700000)]
  0x0000021126683230 JavaThread "Unconstrained build operations Thread 77" [_thread_blocked, id=21088, stack(0x000000c9b6700000,0x000000c9b6800000)]
  0x0000021126685fc0 JavaThread "jar transforms Thread 2" [_thread_blocked, id=924, stack(0x000000c9b6800000,0x000000c9b6900000)]
  0x0000021126683740 JavaThread "jar transforms Thread 3" [_thread_blocked, id=22836, stack(0x000000c9b6900000,0x000000c9b6a00000)]
  0x0000021126683c50 JavaThread "Unconstrained build operations Thread 78" [_thread_blocked, id=13852, stack(0x000000c9b6a00000,0x000000c9b6b00000)]
  0x00000211266855a0 JavaThread "Unconstrained build operations Thread 79" [_thread_blocked, id=22436, stack(0x000000c9b6b00000,0x000000c9b6c00000)]
  0x00000211266864d0 JavaThread "Unconstrained build operations Thread 80" [_thread_blocked, id=21336, stack(0x000000c9b6c00000,0x000000c9b6d00000)]
  0x0000021126685ab0 JavaThread "jar transforms Thread 4" [_thread_blocked, id=6208, stack(0x000000c9b6f00000,0x000000c9b7000000)]
  0x0000021126684670 JavaThread "jar transforms Thread 5" [_thread_blocked, id=19644, stack(0x000000c9b6000000,0x000000c9b6100000)]
  0x0000021126bbbb90 JavaThread "jar transforms Thread 6" [_thread_blocked, id=8456, stack(0x000000c9b7000000,0x000000c9b7100000)]
  0x000002112a7b4100 JavaThread "Problems report writer" [_thread_blocked, id=18980, stack(0x000000c9b7200000,0x000000c9b7300000)]
  0x000002112a7b36e0 JavaThread "build event listener" [_thread_blocked, id=1804, stack(0x000000c9b7300000,0x000000c9b7400000)]
  0x000002112a7b0e60 JavaThread "jar transforms Thread 7" [_thread_blocked, id=23192, stack(0x000000c9b7400000,0x000000c9b7500000)]
  0x000002112a7b1370 JavaThread "jar transforms Thread 8" [_thread_blocked, id=13952, stack(0x000000c9b7500000,0x000000c9b7600000)]
  0x00000211273671e0 JavaThread "Exec process" [_thread_blocked, id=6640, stack(0x000000c9b7600000,0x000000c9b7700000)]
  0x0000021127367c00 JavaThread "Exec process Thread 2" [_thread_blocked, id=1776, stack(0x000000c9b7700000,0x000000c9b7800000)]
  0x0000021127368110 JavaThread "Exec process Thread 3" [_thread_blocked, id=6976, stack(0x000000c9b7800000,0x000000c9b7900000)]
  0x00000211343a9ff0 JavaThread "Cache worker for execution history cache (D:\salarybooks_mobileapp\Salarybooks-App\android\.gradle\8.13\executionHistory)" [_thread_blocked, id=4124, stack(0x000000c9ad200000,0x000000c9ad300000)]
  0x00000211343a8bb0 JavaThread "WorkerExecutor Queue" [_thread_blocked, id=16800, stack(0x000000c9ad000000,0x000000c9ad100000)]
  0x00000211343a9ae0 JavaThread "WorkerExecutor Queue Thread 2" [_thread_blocked, id=19992, stack(0x000000c9b2b00000,0x000000c9b2c00000)]
  0x00000211343ac360 JavaThread "WorkerExecutor Queue Thread 3" [_thread_blocked, id=5328, stack(0x000000c9b2a00000,0x000000c9b2b00000)]
  0x00000211343aaf20 JavaThread "WorkerExecutor Queue Thread 4" [_thread_blocked, id=20384, stack(0x000000c9b2c00000,0x000000c9b2d00000)]
  0x00000211343aa500 JavaThread "WorkerExecutor Queue Thread 5" [_thread_blocked, id=22040, stack(0x000000c9b7100000,0x000000c9b7200000)]
  0x00000211343ac870 JavaThread "WorkerExecutor Queue Thread 6" [_thread_blocked, id=22784, stack(0x000000c9b7900000,0x000000c9b7a00000)]
  0x00000211343ab430 JavaThread "WorkerExecutor Queue Thread 7" [_thread_blocked, id=21804, stack(0x000000c9b7a00000,0x000000c9b7b00000)]
  0x00000211343acd80 JavaThread "WorkerExecutor Queue Thread 8" [_thread_blocked, id=17936, stack(0x000000c9b7b00000,0x000000c9b7c00000)]
=>0x00000211307fbb10 JavaThread "C2 CompilerThread1" daemon [_thread_in_native, id=8920, stack(0x000000c9b7c00000,0x000000c9b7d00000)]

Other Threads:
  0x000002117fbf7da0 VMThread "VM Thread" [stack: 0x000000c9ad900000,0x000000c9ada00000] [id=844]
  0x00000211045558d0 WatcherThread [stack: 0x000000c9ae600000,0x000000c9ae700000] [id=11032]
  0x000002115fd90cf0 GCTaskThread "GC Thread#0" [stack: 0x000000c9ad400000,0x000000c9ad500000] [id=3112]
  0x0000021104785800 GCTaskThread "GC Thread#1" [stack: 0x000000c9ae700000,0x000000c9ae800000] [id=18336]
  0x0000021104785d00 GCTaskThread "GC Thread#2" [stack: 0x000000c9ae800000,0x000000c9ae900000] [id=22616]
  0x00000211048fd630 GCTaskThread "GC Thread#3" [stack: 0x000000c9ae900000,0x000000c9aea00000] [id=21204]
  0x000002112436c160 GCTaskThread "GC Thread#4" [stack: 0x000000c9aea00000,0x000000c9aeb00000] [id=21108]
  0x000002112441ee30 GCTaskThread "GC Thread#5" [stack: 0x000000c9af700000,0x000000c9af800000] [id=8432]
  0x000002112441f670 GCTaskThread "GC Thread#6" [stack: 0x000000c9af800000,0x000000c9af900000] [id=5332]
  0x000002112441f3b0 GCTaskThread "GC Thread#7" [stack: 0x000000c9af900000,0x000000c9afa00000] [id=17228]
  0x000002115fda2720 ConcurrentGCThread "G1 Main Marker" [stack: 0x000000c9ad500000,0x000000c9ad600000] [id=6868]
  0x000002115fda37f0 ConcurrentGCThread "G1 Conc#0" [stack: 0x000000c9ad600000,0x000000c9ad700000] [id=21572]
  0x000002112441f0f0 ConcurrentGCThread "G1 Conc#1" [stack: 0x000000c9afd00000,0x000000c9afe00000] [id=16624]
  0x000002117fab5050 ConcurrentGCThread "G1 Refine#0" [stack: 0x000000c9ad700000,0x000000c9ad800000] [id=3612]
  0x000002117fab5830 ConcurrentGCThread "G1 Service" [stack: 0x000000c9ad800000,0x000000c9ad900000] [id=6084]

Threads with active compile tasks:
C2 CompilerThread0   101424 21808       4       com.sun.org.apache.xerces.internal.util.ParserConfigurationSettings::addRecognizedProperties (15 bytes)
C2 CompilerThread1   101424 21744   !   4       com.sun.org.apache.xerces.internal.impl.XMLDocumentFragmentScannerImpl$FragmentContentDriver::next (2331 bytes)

VM state: not at safepoint (normal execution)

VM Mutex/Monitor currently owned by a thread: None

Heap address: 0x0000000700000000, size: 4096 MB, Compressed Oops mode: Zero based, Oop shift amount: 3

CDS archive(s) mapped at: [0x0000021105000000-0x0000021105bc0000-0x0000021105bc0000), size 12320768, SharedBaseAddress: 0x0000021105000000, ArchiveRelocationMode: 1.
Compressed class space mapped at: 0x0000021106000000-0x0000021120000000, reserved size: 436207616
Narrow klass base: 0x0000021105000000, Narrow klass shift: 0, Narrow klass range: 0x100000000

GC Precious Log:
 CPUs: 8 total, 8 available
 Memory: 7418M
 Large Page Support: Disabled
 NUMA Support: Disabled
 Compressed Oops: Enabled (Zero based)
 Heap Region Size: 2M
 Heap Min Capacity: 8M
 Heap Initial Capacity: 116M
 Heap Max Capacity: 4G
 Pre-touch: Disabled
 Parallel Workers: 8
 Concurrent Workers: 2
 Concurrent Refinement Workers: 8
 Periodic GC: Disabled

Heap:
 garbage-first heap   total 643072K, used 420298K [0x0000000700000000, 0x0000000800000000)
  region size 2048K, 32 young (65536K), 6 survivors (12288K)
 Metaspace       used 124501K, committed 126656K, reserved 557056K
  class space    used 17206K, committed 18176K, reserved 425984K

Heap Regions: E=young(eden), S=young(survivor), O=old, HS=humongous(starts), HC=humongous(continues), CS=collection set, F=free, OA=open archive, CA=closed archive, TAMS=top-at-mark-start (previous, next)
|   0|0x0000000700000000, 0x0000000700200000, 0x0000000700200000|100%|HS|  |TAMS 0x0000000700200000, 0x0000000700000000| Complete 
|   1|0x0000000700200000, 0x0000000700400000, 0x0000000700400000|100%|HC|  |TAMS 0x0000000700400000, 0x0000000700200000| Complete 
|   2|0x0000000700400000, 0x0000000700600000, 0x0000000700600000|100%| O|  |TAMS 0x0000000700600000, 0x0000000700400000| Untracked 
|   3|0x0000000700600000, 0x0000000700800000, 0x0000000700800000|100%| O|  |TAMS 0x0000000700800000, 0x0000000700600000| Untracked 
|   4|0x0000000700800000, 0x0000000700a00000, 0x0000000700a00000|100%| O|  |TAMS 0x0000000700a00000, 0x0000000700800000| Untracked 
|   5|0x0000000700a00000, 0x0000000700c00000, 0x0000000700c00000|100%| O|  |TAMS 0x0000000700c00000, 0x0000000700a00000| Untracked 
|   6|0x0000000700c00000, 0x0000000700e00000, 0x0000000700e00000|100%|HS|  |TAMS 0x0000000700e00000, 0x0000000700c00000| Complete 
|   7|0x0000000700e00000, 0x0000000701000000, 0x0000000701000000|100%| O|  |TAMS 0x0000000701000000, 0x0000000700e00000| Untracked 
|   8|0x0000000701000000, 0x0000000701200000, 0x0000000701200000|100%| O|  |TAMS 0x0000000701200000, 0x0000000701000000| Untracked 
|   9|0x0000000701200000, 0x0000000701400000, 0x0000000701400000|100%| O|  |TAMS 0x0000000701400000, 0x0000000701200000| Untracked 
|  10|0x0000000701400000, 0x0000000701600000, 0x0000000701600000|100%| O|  |TAMS 0x0000000701600000, 0x0000000701400000| Untracked 
|  11|0x0000000701600000, 0x0000000701800000, 0x0000000701800000|100%| O|  |TAMS 0x0000000701800000, 0x0000000701600000| Untracked 
|  12|0x0000000701800000, 0x0000000701a00000, 0x0000000701a00000|100%| O|  |TAMS 0x0000000701a00000, 0x0000000701800000| Untracked 
|  13|0x0000000701a00000, 0x0000000701c00000, 0x0000000701c00000|100%| O|  |TAMS 0x0000000701c00000, 0x0000000701a00000| Untracked 
|  14|0x0000000701c00000, 0x0000000701e00000, 0x0000000701e00000|100%| O|  |TAMS 0x0000000701e00000, 0x0000000701c00000| Untracked 
|  15|0x0000000701e00000, 0x0000000702000000, 0x0000000702000000|100%| O|  |TAMS 0x0000000702000000, 0x0000000701e00000| Untracked 
|  16|0x0000000702000000, 0x0000000702200000, 0x0000000702200000|100%| O|  |TAMS 0x0000000702200000, 0x0000000702000000| Untracked 
|  17|0x0000000702200000, 0x0000000702400000, 0x0000000702400000|100%| O|  |TAMS 0x0000000702400000, 0x0000000702200000| Untracked 
|  18|0x0000000702400000, 0x0000000702600000, 0x0000000702600000|100%|HS|  |TAMS 0x0000000702600000, 0x0000000702400000| Complete 
|  19|0x0000000702600000, 0x0000000702800000, 0x0000000702800000|100%|HC|  |TAMS 0x0000000702800000, 0x0000000702600000| Complete 
|  20|0x0000000702800000, 0x0000000702a00000, 0x0000000702a00000|100%|HS|  |TAMS 0x0000000702a00000, 0x0000000702800000| Complete 
|  21|0x0000000702a00000, 0x0000000702c00000, 0x0000000702c00000|100%| O|  |TAMS 0x0000000702c00000, 0x0000000702a00000| Untracked 
|  22|0x0000000702c00000, 0x0000000702e00000, 0x0000000702e00000|100%|HS|  |TAMS 0x0000000702e00000, 0x0000000702c00000| Complete 
|  23|0x0000000702e00000, 0x0000000703000000, 0x0000000703000000|100%|HC|  |TAMS 0x0000000703000000, 0x0000000702e00000| Complete 
|  24|0x0000000703000000, 0x0000000703200000, 0x0000000703200000|100%| O|  |TAMS 0x0000000703200000, 0x0000000703000000| Untracked 
|  25|0x0000000703200000, 0x0000000703400000, 0x0000000703400000|100%| O|  |TAMS 0x0000000703400000, 0x0000000703200000| Untracked 
|  26|0x0000000703400000, 0x0000000703600000, 0x0000000703600000|100%| O|  |TAMS 0x0000000703600000, 0x0000000703400000| Untracked 
|  27|0x0000000703600000, 0x0000000703800000, 0x0000000703800000|100%| O|  |TAMS 0x0000000703800000, 0x0000000703600000| Untracked 
|  28|0x0000000703800000, 0x0000000703a00000, 0x0000000703a00000|100%| O|  |TAMS 0x0000000703a00000, 0x0000000703800000| Untracked 
|  29|0x0000000703a00000, 0x0000000703c00000, 0x0000000703c00000|100%| O|  |TAMS 0x0000000703c00000, 0x0000000703a00000| Untracked 
|  30|0x0000000703c00000, 0x0000000703e00000, 0x0000000703e00000|100%| O|  |TAMS 0x0000000703e00000, 0x0000000703c00000| Untracked 
|  31|0x0000000703e00000, 0x0000000704000000, 0x0000000704000000|100%| O|  |TAMS 0x0000000704000000, 0x0000000703e00000| Untracked 
|  32|0x0000000704000000, 0x0000000704200000, 0x0000000704200000|100%| O|  |TAMS 0x0000000704200000, 0x0000000704000000| Untracked 
|  33|0x0000000704200000, 0x0000000704400000, 0x0000000704400000|100%| O|  |TAMS 0x0000000704400000, 0x0000000704200000| Untracked 
|  34|0x0000000704400000, 0x0000000704600000, 0x0000000704600000|100%| O|  |TAMS 0x0000000704600000, 0x0000000704400000| Untracked 
|  35|0x0000000704600000, 0x0000000704800000, 0x0000000704800000|100%| O|  |TAMS 0x0000000704800000, 0x0000000704600000| Untracked 
|  36|0x0000000704800000, 0x0000000704a00000, 0x0000000704a00000|100%| O|  |TAMS 0x0000000704a00000, 0x0000000704800000| Untracked 
|  37|0x0000000704a00000, 0x0000000704c00000, 0x0000000704c00000|100%| O|  |TAMS 0x0000000704c00000, 0x0000000704a00000| Untracked 
|  38|0x0000000704c00000, 0x0000000704e00000, 0x0000000704e00000|100%| O|  |TAMS 0x0000000704e00000, 0x0000000704c00000| Untracked 
|  39|0x0000000704e00000, 0x0000000705000000, 0x0000000705000000|100%| O|  |TAMS 0x0000000705000000, 0x0000000704e00000| Untracked 
|  40|0x0000000705000000, 0x0000000705000000, 0x0000000705200000|  0%| F|  |TAMS 0x0000000705000000, 0x0000000705000000| Untracked 
|  41|0x0000000705200000, 0x0000000705200000, 0x0000000705400000|  0%| F|  |TAMS 0x0000000705200000, 0x0000000705200000| Untracked 
|  42|0x0000000705400000, 0x0000000705600000, 0x0000000705600000|100%| O|  |TAMS 0x0000000705600000, 0x0000000705400000| Untracked 
|  43|0x0000000705600000, 0x0000000705800000, 0x0000000705800000|100%| O|  |TAMS 0x0000000705800000, 0x0000000705600000| Untracked 
|  44|0x0000000705800000, 0x0000000705a00000, 0x0000000705a00000|100%| O|  |TAMS 0x0000000705a00000, 0x0000000705800000| Untracked 
|  45|0x0000000705a00000, 0x0000000705c00000, 0x0000000705c00000|100%| O|  |TAMS 0x0000000705c00000, 0x0000000705a00000| Untracked 
|  46|0x0000000705c00000, 0x0000000705e00000, 0x0000000705e00000|100%| O|  |TAMS 0x0000000705e00000, 0x0000000705c00000| Untracked 
|  47|0x0000000705e00000, 0x0000000706000000, 0x0000000706000000|100%| O|  |TAMS 0x0000000706000000, 0x0000000705e00000| Untracked 
|  48|0x0000000706000000, 0x0000000706200000, 0x0000000706200000|100%| O|  |TAMS 0x0000000706200000, 0x0000000706000000| Untracked 
|  49|0x0000000706200000, 0x0000000706400000, 0x0000000706400000|100%| O|  |TAMS 0x0000000706400000, 0x0000000706200000| Untracked 
|  50|0x0000000706400000, 0x0000000706600000, 0x0000000706600000|100%| O|  |TAMS 0x0000000706600000, 0x0000000706400000| Untracked 
|  51|0x0000000706600000, 0x0000000706800000, 0x0000000706800000|100%| O|  |TAMS 0x0000000706800000, 0x0000000706600000| Untracked 
|  52|0x0000000706800000, 0x0000000706a00000, 0x0000000706a00000|100%|HS|  |TAMS 0x0000000706a00000, 0x0000000706800000| Complete 
|  53|0x0000000706a00000, 0x0000000706c00000, 0x0000000706c00000|100%| O|  |TAMS 0x0000000706c00000, 0x0000000706a00000| Untracked 
|  54|0x0000000706c00000, 0x0000000706e00000, 0x0000000706e00000|100%| O|  |TAMS 0x0000000706e00000, 0x0000000706c00000| Untracked 
|  55|0x0000000706e00000, 0x0000000707000000, 0x0000000707000000|100%| O|  |TAMS 0x0000000707000000, 0x0000000706e00000| Untracked 
|  56|0x0000000707000000, 0x0000000707200000, 0x0000000707200000|100%| O|  |TAMS 0x0000000707200000, 0x0000000707000000| Untracked 
|  57|0x0000000707200000, 0x0000000707400000, 0x0000000707400000|100%| O|  |TAMS 0x0000000707400000, 0x0000000707200000| Untracked 
|  58|0x0000000707400000, 0x0000000707600000, 0x0000000707600000|100%| O|  |TAMS 0x0000000707600000, 0x0000000707400000| Untracked 
|  59|0x0000000707600000, 0x0000000707800000, 0x0000000707800000|100%| O|  |TAMS 0x0000000707800000, 0x0000000707600000| Untracked 
|  60|0x0000000707800000, 0x0000000707a00000, 0x0000000707a00000|100%| O|  |TAMS 0x0000000707a00000, 0x0000000707800000| Untracked 
|  61|0x0000000707a00000, 0x0000000707c00000, 0x0000000707c00000|100%| O|  |TAMS 0x0000000707c00000, 0x0000000707a00000| Untracked 
|  62|0x0000000707c00000, 0x0000000707e00000, 0x0000000707e00000|100%| O|  |TAMS 0x0000000707e00000, 0x0000000707c00000| Untracked 
|  63|0x0000000707e00000, 0x0000000708000000, 0x0000000708000000|100%| O|  |TAMS 0x0000000708000000, 0x0000000707e00000| Untracked 
|  64|0x0000000708000000, 0x0000000708200000, 0x0000000708200000|100%| O|  |TAMS 0x0000000708200000, 0x0000000708000000| Untracked 
|  65|0x0000000708200000, 0x0000000708400000, 0x0000000708400000|100%| O|  |TAMS 0x0000000708400000, 0x0000000708200000| Untracked 
|  66|0x0000000708400000, 0x0000000708600000, 0x0000000708600000|100%|HS|  |TAMS 0x0000000708600000, 0x0000000708400000| Complete 
|  67|0x0000000708600000, 0x0000000708800000, 0x0000000708800000|100%|HC|  |TAMS 0x0000000708800000, 0x0000000708600000| Complete 
|  68|0x0000000708800000, 0x0000000708a00000, 0x0000000708a00000|100%|HS|  |TAMS 0x0000000708a00000, 0x0000000708800000| Complete 
|  69|0x0000000708a00000, 0x0000000708c00000, 0x0000000708c00000|100%| O|  |TAMS 0x0000000708c00000, 0x0000000708a00000| Untracked 
|  70|0x0000000708c00000, 0x0000000708e00000, 0x0000000708e00000|100%| O|  |TAMS 0x0000000708e00000, 0x0000000708c00000| Untracked 
|  71|0x0000000708e00000, 0x0000000709000000, 0x0000000709000000|100%| O|  |TAMS 0x0000000709000000, 0x0000000708e00000| Untracked 
|  72|0x0000000709000000, 0x0000000709200000, 0x0000000709200000|100%| O|  |TAMS 0x0000000709200000, 0x0000000709000000| Untracked 
|  73|0x0000000709200000, 0x0000000709400000, 0x0000000709400000|100%| O|  |TAMS 0x0000000709400000, 0x0000000709200000| Untracked 
|  74|0x0000000709400000, 0x0000000709600000, 0x0000000709600000|100%| O|  |TAMS 0x0000000709600000, 0x0000000709400000| Untracked 
|  75|0x0000000709600000, 0x0000000709800000, 0x0000000709800000|100%| O|  |TAMS 0x0000000709800000, 0x0000000709600000| Untracked 
|  76|0x0000000709800000, 0x0000000709a00000, 0x0000000709a00000|100%| O|  |TAMS 0x0000000709a00000, 0x0000000709800000| Untracked 
|  77|0x0000000709a00000, 0x0000000709c00000, 0x0000000709c00000|100%| O|  |TAMS 0x0000000709c00000, 0x0000000709a00000| Untracked 
|  78|0x0000000709c00000, 0x0000000709e00000, 0x0000000709e00000|100%| O|  |TAMS 0x0000000709e00000, 0x0000000709c00000| Untracked 
|  79|0x0000000709e00000, 0x000000070a000000, 0x000000070a000000|100%| O|  |TAMS 0x000000070a000000, 0x0000000709e00000| Untracked 
|  80|0x000000070a000000, 0x000000070a200000, 0x000000070a200000|100%| O|  |TAMS 0x000000070a200000, 0x000000070a000000| Untracked 
|  81|0x000000070a200000, 0x000000070a400000, 0x000000070a400000|100%| O|  |TAMS 0x000000070a400000, 0x000000070a200000| Untracked 
|  82|0x000000070a400000, 0x000000070a600000, 0x000000070a600000|100%|HS|  |TAMS 0x000000070a600000, 0x000000070a400000| Complete 
|  83|0x000000070a600000, 0x000000070a800000, 0x000000070a800000|100%| O|  |TAMS 0x000000070a800000, 0x000000070a600000| Untracked 
|  84|0x000000070a800000, 0x000000070aa00000, 0x000000070aa00000|100%| O|  |TAMS 0x000000070aa00000, 0x000000070a800000| Untracked 
|  85|0x000000070aa00000, 0x000000070ac00000, 0x000000070ac00000|100%| O|  |TAMS 0x000000070ac00000, 0x000000070aa00000| Untracked 
|  86|0x000000070ac00000, 0x000000070ae00000, 0x000000070ae00000|100%| O|  |TAMS 0x000000070ae00000, 0x000000070ac00000| Untracked 
|  87|0x000000070ae00000, 0x000000070b000000, 0x000000070b000000|100%| O|  |TAMS 0x000000070b000000, 0x000000070ae00000| Untracked 
|  88|0x000000070b000000, 0x000000070b200000, 0x000000070b200000|100%| O|  |TAMS 0x000000070b200000, 0x000000070b000000| Untracked 
|  89|0x000000070b200000, 0x000000070b400000, 0x000000070b400000|100%| O|  |TAMS 0x000000070b400000, 0x000000070b200000| Untracked 
|  90|0x000000070b400000, 0x000000070b600000, 0x000000070b600000|100%| O|  |TAMS 0x000000070b600000, 0x000000070b400000| Untracked 
|  91|0x000000070b600000, 0x000000070b800000, 0x000000070b800000|100%| O|  |TAMS 0x000000070b800000, 0x000000070b600000| Untracked 
|  92|0x000000070b800000, 0x000000070ba00000, 0x000000070ba00000|100%| O|  |TAMS 0x000000070ba00000, 0x000000070b800000| Untracked 
|  93|0x000000070ba00000, 0x000000070bc00000, 0x000000070bc00000|100%| O|  |TAMS 0x000000070bc00000, 0x000000070ba00000| Untracked 
|  94|0x000000070bc00000, 0x000000070be00000, 0x000000070be00000|100%| O|  |TAMS 0x000000070be00000, 0x000000070bc00000| Untracked 
|  95|0x000000070be00000, 0x000000070be00000, 0x000000070c000000|  0%| F|  |TAMS 0x000000070be00000, 0x000000070be00000| Untracked 
|  96|0x000000070c000000, 0x000000070c200000, 0x000000070c200000|100%| O|  |TAMS 0x000000070c200000, 0x000000070c000000| Untracked 
|  97|0x000000070c200000, 0x000000070c400000, 0x000000070c400000|100%| O|  |TAMS 0x000000070c400000, 0x000000070c200000| Untracked 
|  98|0x000000070c400000, 0x000000070c600000, 0x000000070c600000|100%| O|  |TAMS 0x000000070c600000, 0x000000070c400000| Untracked 
|  99|0x000000070c600000, 0x000000070c800000, 0x000000070c800000|100%| O|  |TAMS 0x000000070c800000, 0x000000070c600000| Untracked 
| 100|0x000000070c800000, 0x000000070ca00000, 0x000000070ca00000|100%| O|  |TAMS 0x000000070ca00000, 0x000000070c800000| Untracked 
| 101|0x000000070ca00000, 0x000000070cc00000, 0x000000070cc00000|100%| O|  |TAMS 0x000000070cc00000, 0x000000070ca00000| Untracked 
| 102|0x000000070cc00000, 0x000000070ce00000, 0x000000070ce00000|100%| O|  |TAMS 0x000000070ce00000, 0x000000070cc00000| Untracked 
| 103|0x000000070ce00000, 0x000000070d000000, 0x000000070d000000|100%| O|  |TAMS 0x000000070d000000, 0x000000070ce00000| Untracked 
| 104|0x000000070d000000, 0x000000070d200000, 0x000000070d200000|100%| O|  |TAMS 0x000000070d200000, 0x000000070d000000| Untracked 
| 105|0x000000070d200000, 0x000000070d400000, 0x000000070d400000|100%| O|  |TAMS 0x000000070d400000, 0x000000070d200000| Untracked 
| 106|0x000000070d400000, 0x000000070d600000, 0x000000070d600000|100%| O|  |TAMS 0x000000070d600000, 0x000000070d400000| Untracked 
| 107|0x000000070d600000, 0x000000070d800000, 0x000000070d800000|100%| O|  |TAMS 0x000000070d800000, 0x000000070d600000| Untracked 
| 108|0x000000070d800000, 0x000000070d800000, 0x000000070da00000|  0%| F|  |TAMS 0x000000070d800000, 0x000000070d800000| Untracked 
| 109|0x000000070da00000, 0x000000070dc00000, 0x000000070dc00000|100%| O|  |TAMS 0x000000070dc00000, 0x000000070da00000| Untracked 
| 110|0x000000070dc00000, 0x000000070de00000, 0x000000070de00000|100%| O|  |TAMS 0x000000070de00000, 0x000000070dc00000| Untracked 
| 111|0x000000070de00000, 0x000000070e000000, 0x000000070e000000|100%| O|  |TAMS 0x000000070e000000, 0x000000070de00000| Untracked 
| 112|0x000000070e000000, 0x000000070e200000, 0x000000070e200000|100%| O|  |TAMS 0x000000070e200000, 0x000000070e000000| Untracked 
| 113|0x000000070e200000, 0x000000070e400000, 0x000000070e400000|100%| O|  |TAMS 0x000000070e400000, 0x000000070e200000| Untracked 
| 114|0x000000070e400000, 0x000000070e400000, 0x000000070e600000|  0%| F|  |TAMS 0x000000070e400000, 0x000000070e400000| Untracked 
| 115|0x000000070e600000, 0x000000070e600000, 0x000000070e800000|  0%| F|  |TAMS 0x000000070e600000, 0x000000070e600000| Untracked 
| 116|0x000000070e800000, 0x000000070ea00000, 0x000000070ea00000|100%| O|  |TAMS 0x000000070ea00000, 0x000000070e800000| Untracked 
| 117|0x000000070ea00000, 0x000000070ec00000, 0x000000070ec00000|100%| O|  |TAMS 0x000000070ec00000, 0x000000070ea00000| Untracked 
| 118|0x000000070ec00000, 0x000000070ee00000, 0x000000070ee00000|100%| O|  |TAMS 0x000000070ee00000, 0x000000070ec00000| Untracked 
| 119|0x000000070ee00000, 0x000000070f000000, 0x000000070f000000|100%| O|  |TAMS 0x000000070f000000, 0x000000070ee00000| Untracked 
| 120|0x000000070f000000, 0x000000070f200000, 0x000000070f200000|100%| O|  |TAMS 0x000000070f200000, 0x000000070f000000| Untracked 
| 121|0x000000070f200000, 0x000000070f400000, 0x000000070f400000|100%| O|  |TAMS 0x000000070f400000, 0x000000070f200000| Untracked 
| 122|0x000000070f400000, 0x000000070f600000, 0x000000070f600000|100%| O|  |TAMS 0x000000070f600000, 0x000000070f400000| Untracked 
| 123|0x000000070f600000, 0x000000070f800000, 0x000000070f800000|100%| O|  |TAMS 0x000000070f800000, 0x000000070f600000| Untracked 
| 124|0x000000070f800000, 0x000000070fa00000, 0x000000070fa00000|100%| O|  |TAMS 0x000000070fa00000, 0x000000070f800000| Untracked 
| 125|0x000000070fa00000, 0x000000070fc00000, 0x000000070fc00000|100%| O|  |TAMS 0x000000070fc00000, 0x000000070fa00000| Untracked 
| 126|0x000000070fc00000, 0x000000070fe00000, 0x000000070fe00000|100%| O|  |TAMS 0x000000070fe00000, 0x000000070fc00000| Untracked 
| 127|0x000000070fe00000, 0x0000000710000000, 0x0000000710000000|100%| O|  |TAMS 0x0000000710000000, 0x000000070fe00000| Untracked 
| 128|0x0000000710000000, 0x0000000710200000, 0x0000000710200000|100%| O|  |TAMS 0x0000000710200000, 0x0000000710000000| Untracked 
| 129|0x0000000710200000, 0x0000000710400000, 0x0000000710400000|100%| O|  |TAMS 0x0000000710400000, 0x0000000710200000| Untracked 
| 130|0x0000000710400000, 0x0000000710600000, 0x0000000710600000|100%| O|  |TAMS 0x0000000710600000, 0x0000000710400000| Untracked 
| 131|0x0000000710600000, 0x0000000710800000, 0x0000000710800000|100%| O|  |TAMS 0x0000000710800000, 0x0000000710600000| Untracked 
| 132|0x0000000710800000, 0x0000000710a00000, 0x0000000710a00000|100%| O|  |TAMS 0x0000000710a00000, 0x0000000710800000| Untracked 
| 133|0x0000000710a00000, 0x0000000710c00000, 0x0000000710c00000|100%| O|  |TAMS 0x0000000710c00000, 0x0000000710a00000| Untracked 
| 134|0x0000000710c00000, 0x0000000710e00000, 0x0000000710e00000|100%| O|  |TAMS 0x0000000710e00000, 0x0000000710c00000| Untracked 
| 135|0x0000000710e00000, 0x0000000711000000, 0x0000000711000000|100%| O|  |TAMS 0x0000000711000000, 0x0000000710e00000| Untracked 
| 136|0x0000000711000000, 0x0000000711200000, 0x0000000711200000|100%| O|  |TAMS 0x0000000711200000, 0x0000000711000000| Untracked 
| 137|0x0000000711200000, 0x0000000711400000, 0x0000000711400000|100%| O|  |TAMS 0x0000000711400000, 0x0000000711200000| Untracked 
| 138|0x0000000711400000, 0x0000000711600000, 0x0000000711600000|100%| O|  |TAMS 0x0000000711600000, 0x0000000711400000| Untracked 
| 139|0x0000000711600000, 0x0000000711800000, 0x0000000711800000|100%| O|  |TAMS 0x0000000711800000, 0x0000000711600000| Untracked 
| 140|0x0000000711800000, 0x0000000711a00000, 0x0000000711a00000|100%| O|  |TAMS 0x0000000711a00000, 0x0000000711800000| Untracked 
| 141|0x0000000711a00000, 0x0000000711c00000, 0x0000000711c00000|100%| O|  |TAMS 0x0000000711c00000, 0x0000000711a00000| Untracked 
| 142|0x0000000711c00000, 0x0000000711e00000, 0x0000000711e00000|100%| O|  |TAMS 0x0000000711e00000, 0x0000000711c00000| Untracked 
| 143|0x0000000711e00000, 0x0000000712000000, 0x0000000712000000|100%| O|  |TAMS 0x0000000712000000, 0x0000000711e00000| Untracked 
| 144|0x0000000712000000, 0x0000000712000000, 0x0000000712200000|  0%| F|  |TAMS 0x0000000712000000, 0x0000000712000000| Untracked 
| 145|0x0000000712200000, 0x0000000712400000, 0x0000000712400000|100%| O|  |TAMS 0x0000000712400000, 0x0000000712200000| Untracked 
| 146|0x0000000712400000, 0x0000000712600000, 0x0000000712600000|100%| O|  |TAMS 0x0000000712600000, 0x0000000712400000| Untracked 
| 147|0x0000000712600000, 0x0000000712800000, 0x0000000712800000|100%| O|  |TAMS 0x0000000712800000, 0x0000000712600000| Untracked 
| 148|0x0000000712800000, 0x0000000712a00000, 0x0000000712a00000|100%| O|  |TAMS 0x0000000712a00000, 0x0000000712800000| Untracked 
| 149|0x0000000712a00000, 0x0000000712c00000, 0x0000000712c00000|100%| O|  |TAMS 0x0000000712c00000, 0x0000000712a00000| Untracked 
| 150|0x0000000712c00000, 0x0000000712e00000, 0x0000000712e00000|100%| O|  |TAMS 0x0000000712e00000, 0x0000000712c00000| Untracked 
| 151|0x0000000712e00000, 0x0000000713000000, 0x0000000713000000|100%| O|  |TAMS 0x0000000713000000, 0x0000000712e00000| Untracked 
| 152|0x0000000713000000, 0x0000000713200000, 0x0000000713200000|100%| O|  |TAMS 0x0000000713200000, 0x0000000713000000| Untracked 
| 153|0x0000000713200000, 0x0000000713400000, 0x0000000713400000|100%| O|  |TAMS 0x0000000713400000, 0x0000000713200000| Untracked 
| 154|0x0000000713400000, 0x0000000713600000, 0x0000000713600000|100%| O|  |TAMS 0x0000000713600000, 0x0000000713400000| Untracked 
| 155|0x0000000713600000, 0x0000000713800000, 0x0000000713800000|100%| O|  |TAMS 0x0000000713800000, 0x0000000713600000| Untracked 
| 156|0x0000000713800000, 0x0000000713a00000, 0x0000000713a00000|100%| O|  |TAMS 0x0000000713a00000, 0x0000000713800000| Untracked 
| 157|0x0000000713a00000, 0x0000000713c00000, 0x0000000713c00000|100%| O|  |TAMS 0x0000000713c00000, 0x0000000713a00000| Untracked 
| 158|0x0000000713c00000, 0x0000000713e00000, 0x0000000713e00000|100%| O|  |TAMS 0x0000000713e00000, 0x0000000713c00000| Untracked 
| 159|0x0000000713e00000, 0x0000000714000000, 0x0000000714000000|100%| O|  |TAMS 0x0000000714000000, 0x0000000713e00000| Untracked 
| 160|0x0000000714000000, 0x0000000714200000, 0x0000000714200000|100%| O|  |TAMS 0x0000000714200000, 0x0000000714000000| Untracked 
| 161|0x0000000714200000, 0x0000000714400000, 0x0000000714400000|100%| O|  |TAMS 0x0000000714400000, 0x0000000714200000| Untracked 
| 162|0x0000000714400000, 0x0000000714600000, 0x0000000714600000|100%| O|  |TAMS 0x0000000714600000, 0x0000000714400000| Untracked 
| 163|0x0000000714600000, 0x0000000714800000, 0x0000000714800000|100%| O|  |TAMS 0x0000000714800000, 0x0000000714600000| Untracked 
| 164|0x0000000714800000, 0x0000000714a00000, 0x0000000714a00000|100%| O|  |TAMS 0x00000007149d4800, 0x0000000714800000| Untracked 
| 165|0x0000000714a00000, 0x0000000714c00000, 0x0000000714c00000|100%| O|  |TAMS 0x0000000714a00000, 0x0000000714a00000| Untracked 
| 166|0x0000000714c00000, 0x0000000714e00000, 0x0000000714e00000|100%| O|  |TAMS 0x0000000714c00000, 0x0000000714c00000| Untracked 
| 167|0x0000000714e00000, 0x0000000715000000, 0x0000000715000000|100%| O|  |TAMS 0x0000000714e00000, 0x0000000714e00000| Untracked 
| 168|0x0000000715000000, 0x0000000715200000, 0x0000000715200000|100%| O|  |TAMS 0x0000000715000000, 0x0000000715000000| Untracked 
| 169|0x0000000715200000, 0x0000000715400000, 0x0000000715400000|100%| O|  |TAMS 0x0000000715200000, 0x0000000715200000| Untracked 
| 170|0x0000000715400000, 0x0000000715600000, 0x0000000715600000|100%| O|  |TAMS 0x0000000715400000, 0x0000000715400000| Untracked 
| 171|0x0000000715600000, 0x0000000715800000, 0x0000000715800000|100%| O|  |TAMS 0x0000000715600000, 0x0000000715600000| Untracked 
| 172|0x0000000715800000, 0x0000000715a00000, 0x0000000715a00000|100%| O|  |TAMS 0x0000000715800000, 0x0000000715800000| Untracked 
| 173|0x0000000715a00000, 0x0000000715c00000, 0x0000000715c00000|100%| O|  |TAMS 0x0000000715a00000, 0x0000000715a00000| Untracked 
| 174|0x0000000715c00000, 0x0000000715e00000, 0x0000000715e00000|100%| O|  |TAMS 0x0000000715c00000, 0x0000000715c00000| Untracked 
| 175|0x0000000715e00000, 0x0000000716000000, 0x0000000716000000|100%| O|  |TAMS 0x0000000715e00000, 0x0000000715e00000| Untracked 
| 176|0x0000000716000000, 0x0000000716200000, 0x0000000716200000|100%| O|  |TAMS 0x0000000716000000, 0x0000000716000000| Untracked 
| 177|0x0000000716200000, 0x0000000716400000, 0x0000000716400000|100%| O|  |TAMS 0x0000000716200000, 0x0000000716200000| Untracked 
| 178|0x0000000716400000, 0x0000000716600000, 0x0000000716600000|100%| O|  |TAMS 0x0000000716400000, 0x0000000716400000| Untracked 
| 179|0x0000000716600000, 0x0000000716800000, 0x0000000716800000|100%| O|  |TAMS 0x0000000716600000, 0x0000000716600000| Untracked 
| 180|0x0000000716800000, 0x0000000716a00000, 0x0000000716a00000|100%| O|  |TAMS 0x0000000716800000, 0x0000000716800000| Untracked 
| 181|0x0000000716a00000, 0x0000000716c00000, 0x0000000716c00000|100%| O|  |TAMS 0x0000000716a00000, 0x0000000716a00000| Untracked 
| 182|0x0000000716c00000, 0x0000000716e00000, 0x0000000716e00000|100%| O|  |TAMS 0x0000000716c00000, 0x0000000716c00000| Untracked 
| 183|0x0000000716e00000, 0x0000000716e35a00, 0x0000000717000000| 10%| O|  |TAMS 0x0000000716e00000, 0x0000000716e00000| Untracked 
| 184|0x0000000717000000, 0x0000000717000000, 0x0000000717200000|  0%| F|  |TAMS 0x0000000717000000, 0x0000000717000000| Untracked 
| 185|0x0000000717200000, 0x0000000717200000, 0x0000000717400000|  0%| F|  |TAMS 0x0000000717200000, 0x0000000717200000| Untracked 
| 186|0x0000000717400000, 0x0000000717400000, 0x0000000717600000|  0%| F|  |TAMS 0x0000000717400000, 0x0000000717400000| Untracked 
| 187|0x0000000717600000, 0x0000000717600000, 0x0000000717800000|  0%| F|  |TAMS 0x0000000717600000, 0x0000000717600000| Untracked 
| 188|0x0000000717800000, 0x0000000717800000, 0x0000000717a00000|  0%| F|  |TAMS 0x0000000717800000, 0x0000000717800000| Untracked 
| 189|0x0000000717a00000, 0x0000000717a00000, 0x0000000717c00000|  0%| F|  |TAMS 0x0000000717a00000, 0x0000000717a00000| Untracked 
| 190|0x0000000717c00000, 0x0000000717c00000, 0x0000000717e00000|  0%| F|  |TAMS 0x0000000717c00000, 0x0000000717c00000| Untracked 
| 191|0x0000000717e00000, 0x0000000717e00000, 0x0000000718000000|  0%| F|  |TAMS 0x0000000717e00000, 0x0000000717e00000| Untracked 
| 192|0x0000000718000000, 0x0000000718000000, 0x0000000718200000|  0%| F|  |TAMS 0x0000000718000000, 0x0000000718000000| Untracked 
| 193|0x0000000718200000, 0x0000000718200000, 0x0000000718400000|  0%| F|  |TAMS 0x0000000718200000, 0x0000000718200000| Untracked 
| 194|0x0000000718400000, 0x0000000718400000, 0x0000000718600000|  0%| F|  |TAMS 0x0000000718400000, 0x0000000718400000| Untracked 
| 195|0x0000000718600000, 0x0000000718600000, 0x0000000718800000|  0%| F|  |TAMS 0x0000000718600000, 0x0000000718600000| Untracked 
| 196|0x0000000718800000, 0x0000000718800000, 0x0000000718a00000|  0%| F|  |TAMS 0x0000000718800000, 0x0000000718800000| Untracked 
| 197|0x0000000718a00000, 0x0000000718a00000, 0x0000000718c00000|  0%| F|  |TAMS 0x0000000718a00000, 0x0000000718a00000| Untracked 
| 198|0x0000000718c00000, 0x0000000718c00000, 0x0000000718e00000|  0%| F|  |TAMS 0x0000000718c00000, 0x0000000718c00000| Untracked 
| 199|0x0000000718e00000, 0x0000000718e00000, 0x0000000719000000|  0%| F|  |TAMS 0x0000000718e00000, 0x0000000718e00000| Untracked 
| 200|0x0000000719000000, 0x0000000719000000, 0x0000000719200000|  0%| F|  |TAMS 0x0000000719000000, 0x0000000719000000| Untracked 
| 201|0x0000000719200000, 0x0000000719200000, 0x0000000719400000|  0%| F|  |TAMS 0x0000000719200000, 0x0000000719200000| Untracked 
| 202|0x0000000719400000, 0x0000000719400000, 0x0000000719600000|  0%| F|  |TAMS 0x0000000719400000, 0x0000000719400000| Untracked 
| 203|0x0000000719600000, 0x0000000719600000, 0x0000000719800000|  0%| F|  |TAMS 0x0000000719600000, 0x0000000719600000| Untracked 
| 204|0x0000000719800000, 0x0000000719800000, 0x0000000719a00000|  0%| F|  |TAMS 0x0000000719800000, 0x0000000719800000| Untracked 
| 205|0x0000000719a00000, 0x0000000719a00000, 0x0000000719c00000|  0%| F|  |TAMS 0x0000000719a00000, 0x0000000719a00000| Untracked 
| 206|0x0000000719c00000, 0x0000000719c00000, 0x0000000719e00000|  0%| F|  |TAMS 0x0000000719c00000, 0x0000000719c00000| Untracked 
| 207|0x0000000719e00000, 0x0000000719e00000, 0x000000071a000000|  0%| F|  |TAMS 0x0000000719e00000, 0x0000000719e00000| Untracked 
| 208|0x000000071a000000, 0x000000071a000000, 0x000000071a200000|  0%| F|  |TAMS 0x000000071a000000, 0x000000071a000000| Untracked 
| 209|0x000000071a200000, 0x000000071a200000, 0x000000071a400000|  0%| F|  |TAMS 0x000000071a200000, 0x000000071a200000| Untracked 
| 210|0x000000071a400000, 0x000000071a400000, 0x000000071a600000|  0%| F|  |TAMS 0x000000071a400000, 0x000000071a400000| Untracked 
| 211|0x000000071a600000, 0x000000071a600000, 0x000000071a800000|  0%| F|  |TAMS 0x000000071a600000, 0x000000071a600000| Untracked 
| 212|0x000000071a800000, 0x000000071a800000, 0x000000071aa00000|  0%| F|  |TAMS 0x000000071a800000, 0x000000071a800000| Untracked 
| 213|0x000000071aa00000, 0x000000071aa00000, 0x000000071ac00000|  0%| F|  |TAMS 0x000000071aa00000, 0x000000071aa00000| Untracked 
| 214|0x000000071ac00000, 0x000000071ac00000, 0x000000071ae00000|  0%| F|  |TAMS 0x000000071ac00000, 0x000000071ac00000| Untracked 
| 215|0x000000071ae00000, 0x000000071ae00000, 0x000000071b000000|  0%| F|  |TAMS 0x000000071ae00000, 0x000000071ae00000| Untracked 
| 216|0x000000071b000000, 0x000000071b000000, 0x000000071b200000|  0%| F|  |TAMS 0x000000071b000000, 0x000000071b000000| Untracked 
| 217|0x000000071b200000, 0x000000071b200000, 0x000000071b400000|  0%| F|  |TAMS 0x000000071b200000, 0x000000071b200000| Untracked 
| 218|0x000000071b400000, 0x000000071b400000, 0x000000071b600000|  0%| F|  |TAMS 0x000000071b400000, 0x000000071b400000| Untracked 
| 219|0x000000071b600000, 0x000000071b600000, 0x000000071b800000|  0%| F|  |TAMS 0x000000071b600000, 0x000000071b600000| Untracked 
| 220|0x000000071b800000, 0x000000071b800000, 0x000000071ba00000|  0%| F|  |TAMS 0x000000071b800000, 0x000000071b800000| Untracked 
| 221|0x000000071ba00000, 0x000000071ba00000, 0x000000071bc00000|  0%| F|  |TAMS 0x000000071ba00000, 0x000000071ba00000| Untracked 
| 222|0x000000071bc00000, 0x000000071bc00000, 0x000000071be00000|  0%| F|  |TAMS 0x000000071bc00000, 0x000000071bc00000| Untracked 
| 223|0x000000071be00000, 0x000000071be00000, 0x000000071c000000|  0%| F|  |TAMS 0x000000071be00000, 0x000000071be00000| Untracked 
| 224|0x000000071c000000, 0x000000071c000000, 0x000000071c200000|  0%| F|  |TAMS 0x000000071c000000, 0x000000071c000000| Untracked 
| 225|0x000000071c200000, 0x000000071c200000, 0x000000071c400000|  0%| F|  |TAMS 0x000000071c200000, 0x000000071c200000| Untracked 
| 226|0x000000071c400000, 0x000000071c400000, 0x000000071c600000|  0%| F|  |TAMS 0x000000071c400000, 0x000000071c400000| Untracked 
| 227|0x000000071c600000, 0x000000071c63d0e0, 0x000000071c800000| 11%| S|CS|TAMS 0x000000071c600000, 0x000000071c600000| Complete 
| 228|0x000000071c800000, 0x000000071ca00000, 0x000000071ca00000|100%| S|CS|TAMS 0x000000071c800000, 0x000000071c800000| Complete 
| 229|0x000000071ca00000, 0x000000071cc00000, 0x000000071cc00000|100%| S|CS|TAMS 0x000000071ca00000, 0x000000071ca00000| Complete 
| 230|0x000000071cc00000, 0x000000071ce00000, 0x000000071ce00000|100%| S|CS|TAMS 0x000000071cc00000, 0x000000071cc00000| Complete 
| 231|0x000000071ce00000, 0x000000071d000000, 0x000000071d000000|100%| S|CS|TAMS 0x000000071ce00000, 0x000000071ce00000| Complete 
| 232|0x000000071d000000, 0x000000071d200000, 0x000000071d200000|100%| S|CS|TAMS 0x000000071d000000, 0x000000071d000000| Complete 
| 233|0x000000071d200000, 0x000000071d200000, 0x000000071d400000|  0%| F|  |TAMS 0x000000071d200000, 0x000000071d200000| Untracked 
| 234|0x000000071d400000, 0x000000071d400000, 0x000000071d600000|  0%| F|  |TAMS 0x000000071d400000, 0x000000071d400000| Untracked 
| 235|0x000000071d600000, 0x000000071d600000, 0x000000071d800000|  0%| F|  |TAMS 0x000000071d600000, 0x000000071d600000| Untracked 
| 236|0x000000071d800000, 0x000000071d800000, 0x000000071da00000|  0%| F|  |TAMS 0x000000071d800000, 0x000000071d800000| Untracked 
| 237|0x000000071da00000, 0x000000071da00000, 0x000000071dc00000|  0%| F|  |TAMS 0x000000071da00000, 0x000000071da00000| Untracked 
| 238|0x000000071dc00000, 0x000000071dc00000, 0x000000071de00000|  0%| F|  |TAMS 0x000000071dc00000, 0x000000071dc00000| Untracked 
| 239|0x000000071de00000, 0x000000071de00000, 0x000000071e000000|  0%| F|  |TAMS 0x000000071de00000, 0x000000071de00000| Untracked 
| 240|0x000000071e000000, 0x000000071e000000, 0x000000071e200000|  0%| F|  |TAMS 0x000000071e000000, 0x000000071e000000| Untracked 
| 241|0x000000071e200000, 0x000000071e200000, 0x000000071e400000|  0%| F|  |TAMS 0x000000071e200000, 0x000000071e200000| Untracked 
| 242|0x000000071e400000, 0x000000071e400000, 0x000000071e600000|  0%| F|  |TAMS 0x000000071e400000, 0x000000071e400000| Untracked 
| 243|0x000000071e600000, 0x000000071e600000, 0x000000071e800000|  0%| F|  |TAMS 0x000000071e600000, 0x000000071e600000| Untracked 
| 244|0x000000071e800000, 0x000000071e800000, 0x000000071ea00000|  0%| F|  |TAMS 0x000000071e800000, 0x000000071e800000| Untracked 
| 245|0x000000071ea00000, 0x000000071ea00000, 0x000000071ec00000|  0%| F|  |TAMS 0x000000071ea00000, 0x000000071ea00000| Untracked 
| 246|0x000000071ec00000, 0x000000071ec00000, 0x000000071ee00000|  0%| F|  |TAMS 0x000000071ec00000, 0x000000071ec00000| Untracked 
| 247|0x000000071ee00000, 0x000000071ee00000, 0x000000071f000000|  0%| F|  |TAMS 0x000000071ee00000, 0x000000071ee00000| Untracked 
| 248|0x000000071f000000, 0x000000071f000000, 0x000000071f200000|  0%| F|  |TAMS 0x000000071f000000, 0x000000071f000000| Untracked 
| 249|0x000000071f200000, 0x000000071f200000, 0x000000071f400000|  0%| F|  |TAMS 0x000000071f200000, 0x000000071f200000| Untracked 
| 250|0x000000071f400000, 0x000000071f400000, 0x000000071f600000|  0%| F|  |TAMS 0x000000071f400000, 0x000000071f400000| Untracked 
| 251|0x000000071f600000, 0x000000071f600000, 0x000000071f800000|  0%| F|  |TAMS 0x000000071f600000, 0x000000071f600000| Untracked 
| 252|0x000000071f800000, 0x000000071f800000, 0x000000071fa00000|  0%| F|  |TAMS 0x000000071f800000, 0x000000071f800000| Untracked 
| 253|0x000000071fa00000, 0x000000071fa00000, 0x000000071fc00000|  0%| F|  |TAMS 0x000000071fa00000, 0x000000071fa00000| Untracked 
| 254|0x000000071fc00000, 0x000000071fc00000, 0x000000071fe00000|  0%| F|  |TAMS 0x000000071fc00000, 0x000000071fc00000| Untracked 
| 255|0x000000071fe00000, 0x000000071fe00000, 0x0000000720000000|  0%| F|  |TAMS 0x000000071fe00000, 0x000000071fe00000| Untracked 
| 256|0x0000000720000000, 0x0000000720000000, 0x0000000720200000|  0%| F|  |TAMS 0x0000000720000000, 0x0000000720000000| Untracked 
| 257|0x0000000720200000, 0x0000000720200000, 0x0000000720400000|  0%| F|  |TAMS 0x0000000720200000, 0x0000000720200000| Untracked 
| 258|0x0000000720400000, 0x0000000720400000, 0x0000000720600000|  0%| F|  |TAMS 0x0000000720400000, 0x0000000720400000| Untracked 
| 259|0x0000000720600000, 0x0000000720600000, 0x0000000720800000|  0%| F|  |TAMS 0x0000000720600000, 0x0000000720600000| Untracked 
| 260|0x0000000720800000, 0x0000000720800000, 0x0000000720a00000|  0%| F|  |TAMS 0x0000000720800000, 0x0000000720800000| Untracked 
| 261|0x0000000720a00000, 0x0000000720a00000, 0x0000000720c00000|  0%| F|  |TAMS 0x0000000720a00000, 0x0000000720a00000| Untracked 
| 262|0x0000000720c00000, 0x0000000720c00000, 0x0000000720e00000|  0%| F|  |TAMS 0x0000000720c00000, 0x0000000720c00000| Untracked 
| 263|0x0000000720e00000, 0x0000000720e00000, 0x0000000721000000|  0%| F|  |TAMS 0x0000000720e00000, 0x0000000720e00000| Untracked 
| 264|0x0000000721000000, 0x0000000721000000, 0x0000000721200000|  0%| F|  |TAMS 0x0000000721000000, 0x0000000721000000| Untracked 
| 265|0x0000000721200000, 0x0000000721200000, 0x0000000721400000|  0%| F|  |TAMS 0x0000000721200000, 0x0000000721200000| Untracked 
| 266|0x0000000721400000, 0x0000000721400000, 0x0000000721600000|  0%| F|  |TAMS 0x0000000721400000, 0x0000000721400000| Untracked 
| 267|0x0000000721600000, 0x0000000721600000, 0x0000000721800000|  0%| F|  |TAMS 0x0000000721600000, 0x0000000721600000| Untracked 
| 268|0x0000000721800000, 0x0000000721800000, 0x0000000721a00000|  0%| F|  |TAMS 0x0000000721800000, 0x0000000721800000| Untracked 
| 269|0x0000000721a00000, 0x0000000721a00000, 0x0000000721c00000|  0%| F|  |TAMS 0x0000000721a00000, 0x0000000721a00000| Untracked 
| 270|0x0000000721c00000, 0x0000000721c00000, 0x0000000721e00000|  0%| F|  |TAMS 0x0000000721c00000, 0x0000000721c00000| Untracked 
| 271|0x0000000721e00000, 0x0000000721e00000, 0x0000000722000000|  0%| F|  |TAMS 0x0000000721e00000, 0x0000000721e00000| Untracked 
| 272|0x0000000722000000, 0x0000000722000000, 0x0000000722200000|  0%| F|  |TAMS 0x0000000722000000, 0x0000000722000000| Untracked 
| 273|0x0000000722200000, 0x0000000722200000, 0x0000000722400000|  0%| F|  |TAMS 0x0000000722200000, 0x0000000722200000| Untracked 
| 274|0x0000000722400000, 0x0000000722400000, 0x0000000722600000|  0%| F|  |TAMS 0x0000000722400000, 0x0000000722400000| Untracked 
| 275|0x0000000722600000, 0x0000000722600000, 0x0000000722800000|  0%| F|  |TAMS 0x0000000722600000, 0x0000000722600000| Untracked 
| 276|0x0000000722800000, 0x0000000722800000, 0x0000000722a00000|  0%| F|  |TAMS 0x0000000722800000, 0x0000000722800000| Untracked 
| 277|0x0000000722a00000, 0x0000000722a00000, 0x0000000722c00000|  0%| F|  |TAMS 0x0000000722a00000, 0x0000000722a00000| Untracked 
| 278|0x0000000722c00000, 0x0000000722c00000, 0x0000000722e00000|  0%| F|  |TAMS 0x0000000722c00000, 0x0000000722c00000| Untracked 
| 279|0x0000000722e00000, 0x0000000722e00000, 0x0000000723000000|  0%| F|  |TAMS 0x0000000722e00000, 0x0000000722e00000| Untracked 
| 280|0x0000000723000000, 0x0000000723000000, 0x0000000723200000|  0%| F|  |TAMS 0x0000000723000000, 0x0000000723000000| Untracked 
| 281|0x0000000723200000, 0x0000000723200000, 0x0000000723400000|  0%| F|  |TAMS 0x0000000723200000, 0x0000000723200000| Untracked 
| 282|0x0000000723400000, 0x0000000723400000, 0x0000000723600000|  0%| F|  |TAMS 0x0000000723400000, 0x0000000723400000| Untracked 
| 283|0x0000000723600000, 0x0000000723600000, 0x0000000723800000|  0%| F|  |TAMS 0x0000000723600000, 0x0000000723600000| Untracked 
| 284|0x0000000723800000, 0x0000000723800000, 0x0000000723a00000|  0%| F|  |TAMS 0x0000000723800000, 0x0000000723800000| Untracked 
| 285|0x0000000723a00000, 0x0000000723a00000, 0x0000000723c00000|  0%| F|  |TAMS 0x0000000723a00000, 0x0000000723a00000| Untracked 
| 286|0x0000000723c00000, 0x0000000723c00000, 0x0000000723e00000|  0%| F|  |TAMS 0x0000000723c00000, 0x0000000723c00000| Untracked 
| 287|0x0000000723e00000, 0x0000000723e00000, 0x0000000724000000|  0%| F|  |TAMS 0x0000000723e00000, 0x0000000723e00000| Untracked 
| 288|0x0000000724000000, 0x00000007240db778, 0x0000000724200000| 42%| E|  |TAMS 0x0000000724000000, 0x0000000724000000| Complete 
| 289|0x0000000724200000, 0x0000000724400000, 0x0000000724400000|100%| E|CS|TAMS 0x0000000724200000, 0x0000000724200000| Complete 
| 290|0x0000000724400000, 0x0000000724600000, 0x0000000724600000|100%| E|CS|TAMS 0x0000000724400000, 0x0000000724400000| Complete 
| 291|0x0000000724600000, 0x0000000724800000, 0x0000000724800000|100%| E|CS|TAMS 0x0000000724600000, 0x0000000724600000| Complete 
| 292|0x0000000724800000, 0x0000000724a00000, 0x0000000724a00000|100%| E|CS|TAMS 0x0000000724800000, 0x0000000724800000| Complete 
| 293|0x0000000724a00000, 0x0000000724c00000, 0x0000000724c00000|100%| E|CS|TAMS 0x0000000724a00000, 0x0000000724a00000| Complete 
| 294|0x0000000724c00000, 0x0000000724e00000, 0x0000000724e00000|100%| E|CS|TAMS 0x0000000724c00000, 0x0000000724c00000| Complete 
| 295|0x0000000724e00000, 0x0000000725000000, 0x0000000725000000|100%| E|CS|TAMS 0x0000000724e00000, 0x0000000724e00000| Complete 
| 296|0x0000000725000000, 0x0000000725200000, 0x0000000725200000|100%| E|CS|TAMS 0x0000000725000000, 0x0000000725000000| Complete 
| 297|0x0000000725200000, 0x0000000725400000, 0x0000000725400000|100%| E|CS|TAMS 0x0000000725200000, 0x0000000725200000| Complete 
| 298|0x0000000725400000, 0x0000000725600000, 0x0000000725600000|100%| E|CS|TAMS 0x0000000725400000, 0x0000000725400000| Complete 
| 299|0x0000000725600000, 0x0000000725800000, 0x0000000725800000|100%| E|CS|TAMS 0x0000000725600000, 0x0000000725600000| Complete 
| 300|0x0000000725800000, 0x0000000725a00000, 0x0000000725a00000|100%| E|CS|TAMS 0x0000000725800000, 0x0000000725800000| Complete 
| 301|0x0000000725a00000, 0x0000000725c00000, 0x0000000725c00000|100%| E|CS|TAMS 0x0000000725a00000, 0x0000000725a00000| Complete 
| 302|0x0000000725c00000, 0x0000000725e00000, 0x0000000725e00000|100%| E|CS|TAMS 0x0000000725c00000, 0x0000000725c00000| Complete 
| 303|0x0000000725e00000, 0x0000000726000000, 0x0000000726000000|100%| E|CS|TAMS 0x0000000725e00000, 0x0000000725e00000| Complete 
| 304|0x0000000726000000, 0x0000000726200000, 0x0000000726200000|100%| E|CS|TAMS 0x0000000726000000, 0x0000000726000000| Complete 
| 305|0x0000000726200000, 0x0000000726400000, 0x0000000726400000|100%| E|CS|TAMS 0x0000000726200000, 0x0000000726200000| Complete 
| 306|0x0000000726400000, 0x0000000726600000, 0x0000000726600000|100%| E|CS|TAMS 0x0000000726400000, 0x0000000726400000| Complete 
| 307|0x0000000726600000, 0x0000000726800000, 0x0000000726800000|100%| E|CS|TAMS 0x0000000726600000, 0x0000000726600000| Complete 
| 308|0x0000000726800000, 0x0000000726a00000, 0x0000000726a00000|100%| E|CS|TAMS 0x0000000726800000, 0x0000000726800000| Complete 
| 309|0x0000000726a00000, 0x0000000726c00000, 0x0000000726c00000|100%| E|  |TAMS 0x0000000726a00000, 0x0000000726a00000| Complete 
| 310|0x0000000726c00000, 0x0000000726e00000, 0x0000000726e00000|100%| E|CS|TAMS 0x0000000726c00000, 0x0000000726c00000| Complete 
| 311|0x0000000726e00000, 0x0000000727000000, 0x0000000727000000|100%| E|CS|TAMS 0x0000000726e00000, 0x0000000726e00000| Complete 
| 312|0x0000000727000000, 0x0000000727200000, 0x0000000727200000|100%| E|CS|TAMS 0x0000000727000000, 0x0000000727000000| Complete 
| 313|0x0000000727200000, 0x0000000727400000, 0x0000000727400000|100%| E|CS|TAMS 0x0000000727200000, 0x0000000727200000| Complete 

Card table byte_map: [0x0000021178710000,0x0000021178f10000] _byte_map_base: 0x0000021174f10000

Marking Bits (Prev, Next): (CMBitMap*) 0x000002115fd91120, (CMBitMap*) 0x000002115fd91160
 Prev Bits: [0x0000021179710000, 0x000002117d710000)
 Next Bits: [0x0000021100000000, 0x0000021104000000)

Polling page: 0x000002115dc60000

Metaspace:

Usage:
  Non-class:    104.78 MB used.
      Class:     16.80 MB used.
       Both:    121.58 MB used.

Virtual space:
  Non-class space:      128.00 MB reserved,     105.94 MB ( 83%) committed,  2 nodes.
      Class space:      416.00 MB reserved,      17.75 MB (  4%) committed,  1 nodes.
             Both:      544.00 MB reserved,     123.69 MB ( 23%) committed. 

Chunk freelists:
   Non-Class:  5.80 MB
       Class:  14.29 MB
        Both:  20.08 MB

MaxMetaspaceSize: 512.00 MB
CompressedClassSpaceSize: 416.00 MB
Initial GC threshold: 21.00 MB
Current GC threshold: 199.50 MB
CDS: on
MetaspaceReclaimPolicy: balanced
 - commit_granule_bytes: 65536.
 - commit_granule_words: 8192.
 - virtual_space_node_default_size: 8388608.
 - enlarge_chunks_in_place: 1.
 - new_chunks_are_fully_committed: 0.
 - uncommit_free_chunks: 1.
 - use_allocation_guard: 0.
 - handle_deallocations: 1.


Internal statistics:

num_allocs_failed_limit: 9.
num_arena_births: 2694.
num_arena_deaths: 0.
num_vsnodes_births: 3.
num_vsnodes_deaths: 0.
num_space_committed: 1978.
num_space_uncommitted: 0.
num_chunks_returned_to_freelist: 9.
num_chunks_taken_from_freelist: 8856.
num_chunk_merges: 9.
num_chunk_splits: 5384.
num_chunks_enlarged: 3020.
num_inconsistent_stats: 0.

CodeHeap 'non-profiled nmethods': size=120000Kb used=15154Kb max_used=15708Kb free=104845Kb
 bounds [0x00000211706b0000, 0x0000021171610000, 0x0000021177be0000]
CodeHeap 'profiled nmethods': size=120000Kb used=34145Kb max_used=34145Kb free=85854Kb
 bounds [0x0000021168be0000, 0x000002116ad40000, 0x0000021170110000]
CodeHeap 'non-nmethods': size=5760Kb used=2471Kb max_used=2562Kb free=3288Kb
 bounds [0x0000021170110000, 0x00000211703b0000, 0x00000211706b0000]
 total_blobs=18827 nmethods=17815 adapters=922
 compilation: enabled
              stopped_count=0, restarted_count=0
 full_count=0

Compilation events (20 events):
Event: 100.295 Thread 0x000002117fc31770 nmethod 21776 0x000002116ad28010 code [0x000002116ad281c0, 0x000002116ad28518]
Event: 100.307 Thread 0x000002117fc31770 21778       3       java.io.Reader::<init> (15 bytes)
Event: 100.307 Thread 0x000002117fc31770 nmethod 21778 0x000002116ad28610 code [0x000002116ad287a0, 0x000002116ad28998]
Event: 100.316 Thread 0x000002117fc306c0 nmethod 21777 0x0000021170face10 code [0x0000021170facfe0, 0x0000021170fad718]
Event: 100.316 Thread 0x000002117fc306c0 21780       4       com.sun.org.apache.xerces.internal.dom.ParentNode::internalInsertBefore (651 bytes)
Event: 100.336 Thread 0x000002117fc306c0 nmethod 21780 0x0000021170f02d10 code [0x0000021170f02f00, 0x0000021170f03998]
Event: 100.337 Thread 0x000002117fc306c0 21781       4       com.sun.org.apache.xerces.internal.dom.CoreDocumentImpl::isKidOK (63 bytes)
Event: 100.338 Thread 0x000002117fc306c0 nmethod 21781 0x0000021170ef2090 code [0x0000021170ef2220, 0x0000021170ef2338]
Event: 100.338 Thread 0x000002117fc306c0 21779       4       com.sun.org.apache.xerces.internal.parsers.AbstractSAXParser$AttributesProxy::getURI (22 bytes)
Event: 100.340 Thread 0x000002117fc306c0 nmethod 21779 0x0000021170ef1b10 code [0x0000021170ef1ca0, 0x0000021170ef1df8]
Event: 100.362 Thread 0x000002117fc306c0 21782       4       com.sun.org.apache.xerces.internal.impl.XMLEntityScanner::reset (43 bytes)
Event: 100.368 Thread 0x000002117fc31770 21783       3       java.io.StringReader::<init> (28 bytes)
Event: 100.368 Thread 0x000002117fc31770 nmethod 21783 0x000002116ad28a90 code [0x000002116ad28c60, 0x000002116ad29038]
Event: 100.368 Thread 0x000002117fc31770 21784  s    3       java.util.Vector::removeAllElements (43 bytes)
Event: 100.368 Thread 0x000002117fc31770 nmethod 21784 0x000002116ad29190 code [0x000002116ad29340, 0x000002116ad29778]
Event: 100.369 Thread 0x000002117fc31770 21785   !   3       com.sun.org.apache.xerces.internal.impl.XMLDocumentScannerImpl::reset (190 bytes)
Event: 100.370 Thread 0x000002117fc31770 nmethod 21785 0x000002116ad29910 code [0x000002116ad29c20, 0x000002116ad2b798]
Event: 100.381 Thread 0x000002117fc31770 21787       3       com.android.ide.common.resources.ResourceSet::getFolderData (149 bytes)
Event: 100.383 Thread 0x000002117fc31770 nmethod 21787 0x000002116ad2bf10 code [0x000002116ad2c2c0, 0x000002116ad2da68]
Event: 100.383 Thread 0x000002117fc31770 21789       3       com.android.ide.common.resources.ResourceSet::parseFolder (96 bytes)

GC Heap History (20 events):
Event: 76.647 GC heap before
{Heap before GC invocations=69 (full 0):
 garbage-first heap   total 425984K, used 359525K [0x0000000700000000, 0x0000000800000000)
  region size 2048K, 30 young (61440K), 5 survivors (10240K)
 Metaspace       used 113991K, committed 115712K, reserved 557056K
  class space    used 15923K, committed 16704K, reserved 425984K
}
Event: 76.655 GC heap after
{Heap after GC invocations=70 (full 0):
 garbage-first heap   total 425984K, used 312216K [0x0000000700000000, 0x0000000800000000)
  region size 2048K, 2 young (4096K), 2 survivors (4096K)
 Metaspace       used 113991K, committed 115712K, reserved 557056K
  class space    used 15923K, committed 16704K, reserved 425984K
}
Event: 77.181 GC heap before
{Heap before GC invocations=70 (full 0):
 garbage-first heap   total 425984K, used 361368K [0x0000000700000000, 0x0000000800000000)
  region size 2048K, 27 young (55296K), 2 survivors (4096K)
 Metaspace       used 114219K, committed 115968K, reserved 557056K
  class space    used 15952K, committed 16768K, reserved 425984K
}
Event: 77.188 GC heap after
{Heap after GC invocations=71 (full 0):
 garbage-first heap   total 512000K, used 315166K [0x0000000700000000, 0x0000000800000000)
  region size 2048K, 4 young (8192K), 4 survivors (8192K)
 Metaspace       used 114219K, committed 115968K, reserved 557056K
  class space    used 15952K, committed 16768K, reserved 425984K
}
Event: 79.636 GC heap before
{Heap before GC invocations=71 (full 0):
 garbage-first heap   total 512000K, used 425758K [0x0000000700000000, 0x0000000800000000)
  region size 2048K, 59 young (120832K), 4 survivors (8192K)
 Metaspace       used 114528K, committed 116352K, reserved 557056K
  class space    used 15994K, committed 16832K, reserved 425984K
}
Event: 79.649 GC heap after
{Heap after GC invocations=72 (full 0):
 garbage-first heap   total 512000K, used 320991K [0x0000000700000000, 0x0000000800000000)
  region size 2048K, 7 young (14336K), 7 survivors (14336K)
 Metaspace       used 114528K, committed 116352K, reserved 557056K
  class space    used 15994K, committed 16832K, reserved 425984K
}
Event: 82.297 GC heap before
{Heap before GC invocations=72 (full 0):
 garbage-first heap   total 512000K, used 427487K [0x0000000700000000, 0x0000000800000000)
  region size 2048K, 60 young (122880K), 7 survivors (14336K)
 Metaspace       used 118551K, committed 120256K, reserved 557056K
  class space    used 16572K, committed 17344K, reserved 425984K
}
Event: 82.318 GC heap after
{Heap after GC invocations=73 (full 0):
 garbage-first heap   total 512000K, used 330149K [0x0000000700000000, 0x0000000800000000)
  region size 2048K, 8 young (16384K), 8 survivors (16384K)
 Metaspace       used 118551K, committed 120256K, reserved 557056K
  class space    used 16572K, committed 17344K, reserved 425984K
}
Event: 85.492 GC heap before
{Heap before GC invocations=73 (full 0):
 garbage-first heap   total 512000K, used 428453K [0x0000000700000000, 0x0000000800000000)
  region size 2048K, 56 young (114688K), 8 survivors (16384K)
 Metaspace       used 119988K, committed 121856K, reserved 557056K
  class space    used 16721K, committed 17536K, reserved 425984K
}
Event: 85.530 GC heap after
{Heap after GC invocations=74 (full 0):
 garbage-first heap   total 512000K, used 352082K [0x0000000700000000, 0x0000000800000000)
  region size 2048K, 7 young (14336K), 7 survivors (14336K)
 Metaspace       used 119988K, committed 121856K, reserved 557056K
  class space    used 16721K, committed 17536K, reserved 425984K
}
Event: 87.270 GC heap before
{Heap before GC invocations=74 (full 0):
 garbage-first heap   total 512000K, used 427858K [0x0000000700000000, 0x0000000800000000)
  region size 2048K, 44 young (90112K), 7 survivors (14336K)
 Metaspace       used 120326K, committed 122240K, reserved 557056K
  class space    used 16750K, committed 17600K, reserved 425984K
}
Event: 87.292 GC heap after
{Heap after GC invocations=75 (full 0):
 garbage-first heap   total 512000K, used 361430K [0x0000000700000000, 0x0000000800000000)
  region size 2048K, 4 young (8192K), 4 survivors (8192K)
 Metaspace       used 120326K, committed 122240K, reserved 557056K
  class space    used 16750K, committed 17600K, reserved 425984K
}
Event: 90.822 GC heap before
{Heap before GC invocations=76 (full 0):
 garbage-first heap   total 643072K, used 420822K [0x0000000700000000, 0x0000000800000000)
  region size 2048K, 34 young (69632K), 4 survivors (8192K)
 Metaspace       used 122585K, committed 124736K, reserved 557056K
  class space    used 17040K, committed 18048K, reserved 425984K
}
Event: 90.841 GC heap after
{Heap after GC invocations=77 (full 0):
 garbage-first heap   total 643072K, used 371539K [0x0000000700000000, 0x0000000800000000)
  region size 2048K, 5 young (10240K), 5 survivors (10240K)
 Metaspace       used 122585K, committed 124736K, reserved 557056K
  class space    used 17040K, committed 18048K, reserved 425984K
}
Event: 91.117 GC heap before
{Heap before GC invocations=77 (full 0):
 garbage-first heap   total 643072K, used 392019K [0x0000000700000000, 0x0000000800000000)
  region size 2048K, 15 young (30720K), 5 survivors (10240K)
 Metaspace       used 122588K, committed 124736K, reserved 557056K
  class space    used 17041K, committed 18048K, reserved 425984K
}
Event: 91.132 GC heap after
{Heap after GC invocations=78 (full 0):
 garbage-first heap   total 643072K, used 364758K [0x0000000700000000, 0x0000000800000000)
  region size 2048K, 2 young (4096K), 2 survivors (4096K)
 Metaspace       used 122588K, committed 124736K, reserved 557056K
  class space    used 17041K, committed 18048K, reserved 425984K
}
Event: 92.734 GC heap before
{Heap before GC invocations=78 (full 0):
 garbage-first heap   total 643072K, used 510166K [0x0000000700000000, 0x0000000800000000)
  region size 2048K, 73 young (149504K), 2 survivors (4096K)
 Metaspace       used 122589K, committed 124736K, reserved 557056K
  class space    used 17041K, committed 18048K, reserved 425984K
}
Event: 92.742 GC heap after
{Heap after GC invocations=79 (full 0):
 garbage-first heap   total 643072K, used 366305K [0x0000000700000000, 0x0000000800000000)
  region size 2048K, 3 young (6144K), 3 survivors (6144K)
 Metaspace       used 122589K, committed 124736K, reserved 557056K
  class space    used 17041K, committed 18048K, reserved 425984K
}
Event: 97.897 GC heap before
{Heap before GC invocations=79 (full 0):
 garbage-first heap   total 643072K, used 524001K [0x0000000700000000, 0x0000000800000000)
  region size 2048K, 81 young (165888K), 3 survivors (6144K)
 Metaspace       used 124149K, committed 126208K, reserved 557056K
  class space    used 17203K, committed 18176K, reserved 425984K
}
Event: 97.912 GC heap after
{Heap after GC invocations=80 (full 0):
 garbage-first heap   total 643072K, used 371146K [0x0000000700000000, 0x0000000800000000)
  region size 2048K, 6 young (12288K), 6 survivors (12288K)
 Metaspace       used 124149K, committed 126208K, reserved 557056K
  class space    used 17203K, committed 18176K, reserved 425984K
}

Dll operation events (15 events):
Event: 0.020 Loaded shared library C:\Program Files\OpenLogic\jdk-17.0.14.7-hotspot\bin\java.dll
Event: 0.060 Loaded shared library C:\Program Files\OpenLogic\jdk-17.0.14.7-hotspot\bin\jsvml.dll
Event: 0.159 Loaded shared library C:\Program Files\OpenLogic\jdk-17.0.14.7-hotspot\bin\zip.dll
Event: 0.165 Loaded shared library C:\Program Files\OpenLogic\jdk-17.0.14.7-hotspot\bin\instrument.dll
Event: 0.172 Loaded shared library C:\Program Files\OpenLogic\jdk-17.0.14.7-hotspot\bin\net.dll
Event: 0.175 Loaded shared library C:\Program Files\OpenLogic\jdk-17.0.14.7-hotspot\bin\nio.dll
Event: 0.180 Loaded shared library C:\Program Files\OpenLogic\jdk-17.0.14.7-hotspot\bin\zip.dll
Event: 0.835 Loaded shared library C:\Program Files\OpenLogic\jdk-17.0.14.7-hotspot\bin\jimage.dll
Event: 1.291 Loaded shared library C:\Program Files\OpenLogic\jdk-17.0.14.7-hotspot\bin\verify.dll
Event: 1.548 Loaded shared library C:\Users\Vauras\.gradle\native\1def1411415f61bf3af743bc5b6707747c0891f09f0c88961ee8f79bc544acac\windows-amd64\native-platform.dll
Event: 1.585 Loaded shared library C:\Users\Vauras\.gradle\native\0.2.7\x86_64-windows-gnu\gradle-fileevents.dll
Event: 4.024 Loaded shared library C:\Program Files\OpenLogic\jdk-17.0.14.7-hotspot\bin\management.dll
Event: 4.028 Loaded shared library C:\Program Files\OpenLogic\jdk-17.0.14.7-hotspot\bin\management_ext.dll
Event: 4.483 Loaded shared library C:\Program Files\OpenLogic\jdk-17.0.14.7-hotspot\bin\extnet.dll
Event: 4.969 Loaded shared library C:\Program Files\OpenLogic\jdk-17.0.14.7-hotspot\bin\sunmscapi.dll

Deoptimization events (20 events):
Event: 100.283 Thread 0x0000021126bbdf00 DEOPT PACKING pc=0x000002116ad20d4a sp=0x000000c9b2efa660
Event: 100.283 Thread 0x0000021126bbdf00 DEOPT UNPACKING pc=0x0000021170167143 sp=0x000000c9b2ef9b20 mode 0
Event: 100.386 Thread 0x0000021126bbdf00 DEOPT PACKING pc=0x000002116ad20d4a sp=0x000000c9b2efa660
Event: 100.386 Thread 0x0000021126bbdf00 DEOPT UNPACKING pc=0x0000021170167143 sp=0x000000c9b2ef9b20 mode 0
Event: 100.437 Thread 0x0000021126bbdf00 DEOPT PACKING pc=0x000002116ad20d4a sp=0x000000c9b2efa660
Event: 100.437 Thread 0x0000021126bbdf00 DEOPT UNPACKING pc=0x0000021170167143 sp=0x000000c9b2ef9b20 mode 0
Event: 100.471 Thread 0x0000021126bbdf00 DEOPT PACKING pc=0x000002116ad20e66 sp=0x000000c9b2efa660
Event: 100.471 Thread 0x0000021126bbdf00 DEOPT UNPACKING pc=0x0000021170167143 sp=0x000000c9b2ef9b20 mode 0
Event: 100.500 Thread 0x0000021126bbdf00 DEOPT PACKING pc=0x000002116ad20d4a sp=0x000000c9b2efa660
Event: 100.500 Thread 0x0000021126bbdf00 DEOPT UNPACKING pc=0x0000021170167143 sp=0x000000c9b2ef9b20 mode 0
Event: 100.524 Thread 0x0000021126bbdf00 DEOPT PACKING pc=0x000002116ad20d4a sp=0x000000c9b2efa660
Event: 100.524 Thread 0x0000021126bbdf00 DEOPT UNPACKING pc=0x0000021170167143 sp=0x000000c9b2ef9b20 mode 0
Event: 100.569 Thread 0x0000021126bbdf00 DEOPT PACKING pc=0x000002116ad20e66 sp=0x000000c9b2efa660
Event: 100.570 Thread 0x0000021126bbdf00 DEOPT UNPACKING pc=0x0000021170167143 sp=0x000000c9b2ef9b20 mode 0
Event: 100.612 Thread 0x0000021126bbdf00 DEOPT PACKING pc=0x000002116ad20e66 sp=0x000000c9b2efa660
Event: 100.612 Thread 0x0000021126bbdf00 DEOPT UNPACKING pc=0x0000021170167143 sp=0x000000c9b2ef9b20 mode 0
Event: 100.649 Thread 0x0000021126bbdf00 DEOPT PACKING pc=0x000002116ad20e66 sp=0x000000c9b2efa660
Event: 100.649 Thread 0x0000021126bbdf00 DEOPT UNPACKING pc=0x0000021170167143 sp=0x000000c9b2ef9b20 mode 0
Event: 100.682 Thread 0x0000021126bbdf00 DEOPT PACKING pc=0x000002116ad20d4a sp=0x000000c9b2efa660
Event: 100.682 Thread 0x0000021126bbdf00 DEOPT UNPACKING pc=0x0000021170167143 sp=0x000000c9b2ef9b20 mode 0

Classes loaded (20 events):
Event: 94.531 Loading class java/util/stream/Node$Builder$OfInt done
Event: 94.531 Loading class java/util/stream/Nodes$IntArrayNode
Event: 94.532 Loading class java/util/stream/Nodes$IntArrayNode done
Event: 94.532 Loading class java/util/stream/Nodes$IntFixedNodeBuilder done
Event: 94.573 Loading class com/sun/org/apache/xerces/internal/dom/DOMImplementationImpl
Event: 94.575 Loading class org/w3c/dom/DOMImplementation
Event: 94.576 Loading class org/w3c/dom/DOMImplementation done
Event: 94.576 Loading class com/sun/org/apache/xerces/internal/dom/CoreDOMImplementationImpl
Event: 94.577 Loading class org/w3c/dom/ls/DOMImplementationLS
Event: 94.578 Loading class org/w3c/dom/ls/DOMImplementationLS done
Event: 94.578 Loading class com/sun/org/apache/xerces/internal/dom/CoreDOMImplementationImpl done
Event: 94.578 Loading class com/sun/org/apache/xerces/internal/dom/DOMImplementationImpl done
Event: 94.579 Loading class com/sun/org/apache/xerces/internal/dom/DeferredDOMImplementationImpl
Event: 94.580 Loading class com/sun/org/apache/xerces/internal/dom/DeferredDOMImplementationImpl done
Event: 94.589 Loading class java/nio/file/StandardCopyOption
Event: 94.592 Loading class java/nio/file/StandardCopyOption done
Event: 94.593 Loading class sun/nio/fs/WindowsFileCopy
Event: 94.595 Loading class sun/nio/fs/WindowsFileCopy done
Event: 94.944 Loading class com/sun/org/apache/xerces/internal/dom/AttrNSImpl
Event: 94.946 Loading class com/sun/org/apache/xerces/internal/dom/AttrNSImpl done

Classes unloaded (0 events):
No events

Classes redefined (0 events):
No events

Internal exceptions (20 events):
Event: 97.671 Thread 0x0000021126bbdf00 Exception <a 'sun/nio/fs/WindowsException'{0x000000071d7b3e10}> (0x000000071d7b3e10) 
thrown [s\src\hotspot\share\prims\jni.cpp, line 516]
Event: 97.689 Thread 0x0000021126bbdf00 Exception <a 'sun/nio/fs/WindowsException'{0x000000071d7ef7e0}> (0x000000071d7ef7e0) 
thrown [s\src\hotspot\share\prims\jni.cpp, line 516]
Event: 97.690 Thread 0x0000021126bbdf00 Exception <a 'sun/nio/fs/WindowsException'{0x000000071d7f06c0}> (0x000000071d7f06c0) 
thrown [s\src\hotspot\share\prims\jni.cpp, line 516]
Event: 97.690 Thread 0x0000021126bbdf00 Exception <a 'sun/nio/fs/WindowsException'{0x000000071d7f0868}> (0x000000071d7f0868) 
thrown [s\src\hotspot\share\prims\jni.cpp, line 516]
Event: 97.747 Thread 0x0000021126bbdf00 Exception <a 'sun/nio/fs/WindowsException'{0x000000071d4ba248}> (0x000000071d4ba248) 
thrown [s\src\hotspot\share\prims\jni.cpp, line 516]
Event: 97.748 Thread 0x0000021126bbdf00 Exception <a 'sun/nio/fs/WindowsException'{0x000000071d4bb1a0}> (0x000000071d4bb1a0) 
thrown [s\src\hotspot\share\prims\jni.cpp, line 516]
Event: 97.748 Thread 0x0000021126bbdf00 Exception <a 'sun/nio/fs/WindowsException'{0x000000071d4bb3c0}> (0x000000071d4bb3c0) 
thrown [s\src\hotspot\share\prims\jni.cpp, line 516]
Event: 97.748 Thread 0x0000021126bbdf00 Exception <a 'sun/nio/fs/WindowsException'{0x000000071d4bcea0}> (0x000000071d4bcea0) 
thrown [s\src\hotspot\share\prims\jni.cpp, line 516]
Event: 97.748 Thread 0x0000021126bbdf00 Exception <a 'sun/nio/fs/WindowsException'{0x000000071d4be7e0}> (0x000000071d4be7e0) 
thrown [s\src\hotspot\share\prims\jni.cpp, line 516]
Event: 97.766 Thread 0x0000021126bbdf00 Exception <a 'sun/nio/fs/WindowsException'{0x000000071d4fcf28}> (0x000000071d4fcf28) 
thrown [s\src\hotspot\share\prims\jni.cpp, line 516]
Event: 97.783 Thread 0x0000021126bbdf00 Exception <a 'sun/nio/fs/WindowsException'{0x000000071d5390e0}> (0x000000071d5390e0) 
thrown [s\src\hotspot\share\prims\jni.cpp, line 516]
Event: 97.784 Thread 0x0000021126bbdf00 Exception <a 'sun/nio/fs/WindowsException'{0x000000071d539fd8}> (0x000000071d539fd8) 
thrown [s\src\hotspot\share\prims\jni.cpp, line 516]
Event: 97.784 Thread 0x0000021126bbdf00 Exception <a 'sun/nio/fs/WindowsException'{0x000000071d53a198}> (0x000000071d53a198) 
thrown [s\src\hotspot\share\prims\jni.cpp, line 516]
Event: 98.148 Thread 0x0000021126bbdf00 Exception <a 'sun/nio/fs/WindowsException'{0x0000000725e8f4c0}> (0x0000000725e8f4c0) 
thrown [s\src\hotspot\share\prims\jni.cpp, line 516]
Event: 98.148 Thread 0x0000021126bbdf00 Exception <a 'sun/nio/fs/WindowsException'{0x0000000725e90388}> (0x0000000725e90388) 
thrown [s\src\hotspot\share\prims\jni.cpp, line 516]
Event: 98.149 Thread 0x0000021126bbdf00 Exception <a 'sun/nio/fs/WindowsException'{0x0000000725e90518}> (0x0000000725e90518) 
thrown [s\src\hotspot\share\prims\jni.cpp, line 516]
Event: 98.219 Thread 0x0000021126bbdf00 Exception <a 'sun/nio/fs/WindowsException'{0x0000000725c0d0b0}> (0x0000000725c0d0b0) 
thrown [s\src\hotspot\share\prims\jni.cpp, line 516]
Event: 98.219 Thread 0x0000021126bbdf00 Exception <a 'sun/nio/fs/WindowsException'{0x0000000725c0dfc0}> (0x0000000725c0dfc0) 
thrown [s\src\hotspot\share\prims\jni.cpp, line 516]
Event: 98.219 Thread 0x0000021126bbdf00 Exception <a 'sun/nio/fs/WindowsException'{0x0000000725c0e198}> (0x0000000725c0e198) 
thrown [s\src\hotspot\share\prims\jni.cpp, line 516]
Event: 98.220 Thread 0x0000021126bbdf00 Exception <a 'sun/nio/fs/WindowsException'{0x0000000725c10320}> (0x0000000725c10320) 
thrown [s\src\hotspot\share\prims\jni.cpp, line 516]

VM Operations (20 events):
Event: 93.746 Executing VM operation: Cleanup done
Event: 93.959 Executing VM operation: HandshakeAllThreads
Event: 93.960 Executing VM operation: HandshakeAllThreads done
Event: 94.964 Executing VM operation: Cleanup
Event: 94.964 Executing VM operation: Cleanup done
Event: 95.976 Executing VM operation: Cleanup
Event: 95.976 Executing VM operation: Cleanup done
Event: 96.990 Executing VM operation: Cleanup
Event: 96.990 Executing VM operation: Cleanup done
Event: 97.849 Executing VM operation: HandshakeAllThreads
Event: 97.849 Executing VM operation: HandshakeAllThreads done
Event: 97.897 Executing VM operation: G1CollectForAllocation
Event: 97.912 Executing VM operation: G1CollectForAllocation done
Event: 97.947 Executing VM operation: HandshakeAllThreads
Event: 97.950 Executing VM operation: HandshakeAllThreads done
Event: 98.954 Executing VM operation: Cleanup
Event: 98.954 Executing VM operation: Cleanup done
Event: 99.964 Executing VM operation: Cleanup
Event: 99.964 Executing VM operation: Cleanup done
Event: 100.977 Executing VM operation: Cleanup

Memory protections (0 events):
No events

Nmethod flushes (20 events):
Event: 98.004 Thread 0x0000021104348070 flushing  nmethod 0x000002116a8eeb10
Event: 98.004 Thread 0x0000021104348070 flushing  nmethod 0x000002116a8efb90
Event: 98.005 Thread 0x0000021104348070 flushing  nmethod 0x000002116a96e790
Event: 98.005 Thread 0x0000021104348070 flushing  nmethod 0x000002116a96ec10
Event: 98.005 Thread 0x0000021104348070 flushing  nmethod 0x000002116a970e10
Event: 98.005 Thread 0x0000021104348070 flushing  nmethod 0x000002116a989710
Event: 98.005 Thread 0x0000021104348070 flushing  nmethod 0x000002116a9a0690
Event: 98.006 Thread 0x0000021104348070 flushing  nmethod 0x000002116aa01d10
Event: 98.006 Thread 0x0000021104348070 flushing  nmethod 0x000002116aa21410
Event: 98.006 Thread 0x0000021104348070 flushing  nmethod 0x000002116aa21790
Event: 98.006 Thread 0x0000021104348070 flushing  nmethod 0x000002116aa3a410
Event: 98.006 Thread 0x0000021104348070 flushing  nmethod 0x000002116aa45410
Event: 98.006 Thread 0x0000021104348070 flushing  nmethod 0x000002116aa4eb90
Event: 98.006 Thread 0x0000021104348070 flushing  nmethod 0x000002116aa4ef10
Event: 98.006 Thread 0x0000021104348070 flushing  nmethod 0x000002116aa50910
Event: 98.006 Thread 0x0000021104348070 flushing  nmethod 0x000002116aa52e90
Event: 98.006 Thread 0x0000021104348070 flushing  nmethod 0x000002116aa58890
Event: 98.006 Thread 0x0000021104348070 flushing  nmethod 0x000002116aa59d10
Event: 98.006 Thread 0x0000021104348070 flushing  nmethod 0x000002116aa5b110
Event: 98.006 Thread 0x0000021104348070 flushing  nmethod 0x000002116aa5bb10

Events (20 events):
Event: 88.947 Thread 0x0000021126bbf340 Thread exited: 0x0000021126bbf340
Event: 88.949 Thread 0x0000021126bbd4e0 Thread added: 0x00000211343a9ae0
Event: 88.973 Thread 0x0000021126bbdf00 Thread added: 0x00000211343ac360
Event: 88.995 Thread 0x0000021126bbfd60 Thread added: 0x00000211343aaf20
Event: 89.015 Thread 0x0000021126bbe410 Thread added: 0x00000211343aa500
Event: 89.040 Thread 0x0000021126bbf850 Thread added: 0x00000211343ac870
Event: 89.068 Thread 0x0000021126bbdf00 Thread added: 0x00000211343ab430
Event: 89.093 Thread 0x0000021126bc0270 Thread added: 0x00000211343acd80
Event: 89.611 Thread 0x0000021128d34180 Thread exited: 0x0000021128d34180
Event: 91.630 Thread 0x000002117fc31770 Thread added: 0x0000021128d34180
Event: 92.058 Thread 0x0000021128d34180 Thread exited: 0x0000021128d34180
Event: 94.712 Thread 0x000002117fc31770 Thread added: 0x0000021128d346d0
Event: 94.943 Thread 0x0000021128d346d0 Thread exited: 0x0000021128d346d0
Event: 95.244 Thread 0x000002117fc31770 Thread added: 0x0000021125583040
Event: 95.535 Thread 0x0000021125583040 Thread exited: 0x0000021125583040
Event: 95.700 Thread 0x000002117fc31770 Thread added: 0x0000021125583040
Event: 96.124 Thread 0x0000021125583040 Thread exited: 0x0000021125583040
Event: 96.731 Thread 0x000002117fc31770 Thread added: 0x00000211307fcb00
Event: 96.917 Thread 0x00000211307fcb00 Thread exited: 0x00000211307fcb00
Event: 97.773 Thread 0x000002117fc31770 Thread added: 0x00000211307fbb10


Dynamic libraries:
0x00007ff789cf0000 - 0x00007ff789cfe000 	C:\Program Files\OpenLogic\jdk-17.0.14.7-hotspot\bin\java.exe
0x00007ffe30960000 - 0x00007ffe30bc6000 	C:\Windows\SYSTEM32\ntdll.dll
0x00007ffe2fde0000 - 0x00007ffe2fea9000 	C:\Windows\System32\KERNEL32.DLL
0x00007ffe2dec0000 - 0x00007ffe2e2ba000 	C:\Windows\System32\KERNELBASE.dll
0x00007ffe2e2c0000 - 0x00007ffe2e40c000 	C:\Windows\System32\ucrtbase.dll
0x00007ffe0fcc0000 - 0x00007ffe0fcd7000 	C:\Program Files\OpenLogic\jdk-17.0.14.7-hotspot\bin\jli.dll
0x00007ffe2eed0000 - 0x00007ffe2f097000 	C:\Windows\System32\USER32.dll
0x00007ffe2de90000 - 0x00007ffe2deb7000 	C:\Windows\System32\win32u.dll
0x00007ffe2fb80000 - 0x00007ffe2fbab000 	C:\Windows\System32\GDI32.dll
0x00007ffe2dbf0000 - 0x00007ffe2dd1b000 	C:\Windows\System32\gdi32full.dll
0x00007ffe2dd20000 - 0x00007ffe2ddc3000 	C:\Windows\System32\msvcp_win.dll
0x00007ffe18d70000 - 0x00007ffe19002000 	C:\Windows\WinSxS\amd64_microsoft.windows.common-controls_6595b64144ccf1df_6.0.26100.8521_none_3e08b75ce33403b3\COMCTL32.dll
0x00007ffe0fca0000 - 0x00007ffe0fcbb000 	C:\Program Files\OpenLogic\jdk-17.0.14.7-hotspot\bin\VCRUNTIME140.dll
0x00007ffe2fc90000 - 0x00007ffe2fd39000 	C:\Windows\System32\msvcrt.dll
0x00007ffe2fd40000 - 0x00007ffe2fd72000 	C:\Windows\System32\IMM32.DLL
0x00007ffe0fc90000 - 0x00007ffe0fc9c000 	C:\Program Files\OpenLogic\jdk-17.0.14.7-hotspot\bin\vcruntime140_1.dll
0x00007ffd8bd30000 - 0x00007ffd8bdbd000 	C:\Program Files\OpenLogic\jdk-17.0.14.7-hotspot\bin\msvcp140.dll
0x00007ffd52d30000 - 0x00007ffd5399c000 	C:\Program Files\OpenLogic\jdk-17.0.14.7-hotspot\bin\server\jvm.dll
0x00007ffe306b0000 - 0x00007ffe30766000 	C:\Windows\System32\ADVAPI32.dll
0x00007ffe30600000 - 0x00007ffe306aa000 	C:\Windows\System32\sechost.dll
0x00007ffe2ff30000 - 0x00007ffe30048000 	C:\Windows\System32\RPCRT4.dll
0x00007ffe30880000 - 0x00007ffe30900000 	C:\Windows\System32\WS2_32.dll
0x00007ffe211d0000 - 0x00007ffe211db000 	C:\Windows\SYSTEM32\VERSION.dll
0x00007ffe2da50000 - 0x00007ffe2daae000 	C:\Windows\SYSTEM32\POWRPROF.dll
0x00007ffe248c0000 - 0x00007ffe248f6000 	C:\Windows\SYSTEM32\WINMM.dll
0x00007ffe2da30000 - 0x00007ffe2da44000 	C:\Windows\SYSTEM32\UMPDC.dll
0x00007ffe2c940000 - 0x00007ffe2c95b000 	C:\Windows\SYSTEM32\kernel.appcore.dll
0x00007ffe0fc80000 - 0x00007ffe0fc8a000 	C:\Program Files\OpenLogic\jdk-17.0.14.7-hotspot\bin\jimage.dll
0x00007ffe1e9f0000 - 0x00007ffe1ec32000 	C:\Windows\SYSTEM32\DBGHELP.DLL
0x00007ffe2f2e0000 - 0x00007ffe2f663000 	C:\Windows\System32\combase.dll
0x00007ffe2fbb0000 - 0x00007ffe2fc89000 	C:\Windows\System32\OLEAUT32.dll
0x00007ffe1b410000 - 0x00007ffe1b44b000 	C:\Windows\SYSTEM32\dbgcore.DLL
0x00007ffe2e620000 - 0x00007ffe2e6c8000 	C:\Windows\System32\bcryptPrimitives.dll
0x00007ffe24090000 - 0x00007ffe2409e000 	C:\Program Files\OpenLogic\jdk-17.0.14.7-hotspot\bin\instrument.dll
0x00007ffdd8a30000 - 0x00007ffdd8a55000 	C:\Program Files\OpenLogic\jdk-17.0.14.7-hotspot\bin\java.dll
0x00007ffd8b9f0000 - 0x00007ffd8bac6000 	C:\Program Files\OpenLogic\jdk-17.0.14.7-hotspot\bin\jsvml.dll
0x00007ffe2e6d0000 - 0x00007ffe2ee54000 	C:\Windows\System32\SHELL32.dll
0x00007ffe2b730000 - 0x00007ffe2bfb0000 	C:\Windows\SYSTEM32\windows.storage.dll
0x00007ffe30770000 - 0x00007ffe30866000 	C:\Windows\System32\SHCORE.dll
0x00007ffe2ee60000 - 0x00007ffe2eec7000 	C:\Windows\System32\shlwapi.dll
0x00007ffe2db10000 - 0x00007ffe2db39000 	C:\Windows\SYSTEM32\profapi.dll
0x00007ffdfcd50000 - 0x00007ffdfcd68000 	C:\Program Files\OpenLogic\jdk-17.0.14.7-hotspot\bin\zip.dll
0x00007ffdffb80000 - 0x00007ffdffb99000 	C:\Program Files\OpenLogic\jdk-17.0.14.7-hotspot\bin\net.dll
0x00007ffe27b50000 - 0x00007ffe27c79000 	C:\Windows\SYSTEM32\WINHTTP.dll
0x00007ffe2ce90000 - 0x00007ffe2cefc000 	C:\Windows\system32\mswsock.dll
0x00007ffdfea40000 - 0x00007ffdfea56000 	C:\Program Files\OpenLogic\jdk-17.0.14.7-hotspot\bin\nio.dll
0x00007ffe034e0000 - 0x00007ffe034f0000 	C:\Program Files\OpenLogic\jdk-17.0.14.7-hotspot\bin\verify.dll
0x00007ffdf9870000 - 0x00007ffdf9897000 	C:\Users\Vauras\.gradle\native\1def1411415f61bf3af743bc5b6707747c0891f09f0c88961ee8f79bc544acac\windows-amd64\native-platform.dll
0x00007ffdb22e0000 - 0x00007ffdb2358000 	C:\Users\Vauras\.gradle\native\0.2.7\x86_64-windows-gnu\gradle-fileevents.dll
0x00007ffdf9860000 - 0x00007ffdf9869000 	C:\Program Files\OpenLogic\jdk-17.0.14.7-hotspot\bin\management.dll
0x00007ffdf97c0000 - 0x00007ffdf97cb000 	C:\Program Files\OpenLogic\jdk-17.0.14.7-hotspot\bin\management_ext.dll
0x00007ffe30050000 - 0x00007ffe30058000 	C:\Windows\System32\PSAPI.DLL
0x00007ffe2c2d0000 - 0x00007ffe2c303000 	C:\Windows\SYSTEM32\IPHLPAPI.DLL
0x00007ffe30910000 - 0x00007ffe3091a000 	C:\Windows\System32\NSI.dll
0x00007ffe27d40000 - 0x00007ffe27d5d000 	C:\Windows\SYSTEM32\dhcpcsvc6.DLL
0x00007ffe27cf0000 - 0x00007ffe27d15000 	C:\Windows\SYSTEM32\dhcpcsvc.DLL
0x00007ffe2c310000 - 0x00007ffe2c45a000 	C:\Windows\SYSTEM32\DNSAPI.dll
0x00007ffe2ccb0000 - 0x00007ffe2ccbd000 	C:\Windows\SYSTEM32\DSPARSE.dll
0x00007ffe240a0000 - 0x00007ffe240a8000 	C:\Program Files\OpenLogic\jdk-17.0.14.7-hotspot\bin\extnet.dll
0x00007ffe2d290000 - 0x00007ffe2d2ab000 	C:\Windows\SYSTEM32\CRYPTSP.dll
0x00007ffe2c8a0000 - 0x00007ffe2c8d9000 	C:\Windows\system32\rsaenh.dll
0x00007ffe2cf40000 - 0x00007ffe2cf73000 	C:\Windows\SYSTEM32\USERENV.dll
0x00007ffe2dae0000 - 0x00007ffe2db0a000 	C:\Windows\SYSTEM32\bcrypt.dll
0x00007ffe2d0f0000 - 0x00007ffe2d0fc000 	C:\Windows\SYSTEM32\CRYPTBASE.dll
0x00007ffe13d30000 - 0x00007ffe13d3e000 	C:\Program Files\OpenLogic\jdk-17.0.14.7-hotspot\bin\sunmscapi.dll
0x00007ffe2e410000 - 0x00007ffe2e588000 	C:\Windows\System32\CRYPT32.dll
0x00007ffe2d3f0000 - 0x00007ffe2d420000 	C:\Windows\SYSTEM32\ncrypt.dll
0x00007ffe2d3a0000 - 0x00007ffe2d3df000 	C:\Windows\SYSTEM32\NTASN1.dll
0x00007ffe05e60000 - 0x00007ffe05e68000 	C:\Windows\system32\wshunix.dll
0x00007ffe13ba0000 - 0x00007ffe13bb8000 	C:\Windows\system32\napinsp.dll
0x00007ffe13980000 - 0x00007ffe13993000 	C:\Windows\System32\winrnr.dll
0x00007ffe13950000 - 0x00007ffe13972000 	C:\Windows\system32\nlansp_c.dll
0x00007ffe13930000 - 0x00007ffe13946000 	C:\Windows\system32\wshbth.dll
0x00007ffe239d0000 - 0x00007ffe239db000 	C:\Windows\System32\rasadhlp.dll
0x00007ffe28280000 - 0x00007ffe28306000 	C:\Windows\System32\fwpuclnt.dll
0x00007ffe2ca60000 - 0x00007ffe2ca96000 	C:\Windows\SYSTEM32\ntmarta.dll

dbghelp: loaded successfully - version: 4.0.5 - missing functions: none
symbol engine: initialized successfully - sym options: 0x614 - pdb path: .;C:\Program Files\OpenLogic\jdk-17.0.14.7-hotspot\bin;C:\Windows\SYSTEM32;C:\Windows\WinSxS\amd64_microsoft.windows.common-controls_6595b64144ccf1df_6.0.26100.8521_none_3e08b75ce33403b3;C:\Program Files\OpenLogic\jdk-17.0.14.7-hotspot\bin\server;C:\Users\Vauras\.gradle\native\1def1411415f61bf3af743bc5b6707747c0891f09f0c88961ee8f79bc544acac\windows-amd64;C:\Users\Vauras\.gradle\native\0.2.7\x86_64-windows-gnu

VM Arguments:
jvm_args: --add-opens=java.base/java.lang=ALL-UNNAMED --add-opens=java.base/java.lang.invoke=ALL-UNNAMED --add-opens=java.base/java.util=ALL-UNNAMED --add-opens=java.prefs/java.util.prefs=ALL-UNNAMED --add-exports=jdk.compiler/com.sun.tools.javac.api=ALL-UNNAMED --add-exports=jdk.compiler/com.sun.tools.javac.util=ALL-UNNAMED --add-opens=java.base/java.util=ALL-UNNAMED --add-opens=java.prefs/java.util.prefs=ALL-UNNAMED --add-opens=java.base/java.nio.charset=ALL-UNNAMED --add-opens=java.base/java.net=ALL-UNNAMED --add-opens=java.base/java.util.concurrent.atomic=ALL-UNNAMED --add-opens=java.xml/javax.xml.namespace=ALL-UNNAMED -XX:MaxMetaspaceSize=512m -Xmx4096m -Dfile.encoding=windows-1252 -Duser.country=IN -Duser.language=en -Duser.variant -javaagent:C:\Users\Vauras\.gradle\wrapper\dists\gradle-8.13-bin\5xuhj0ry160q40clulazy9h7d\gradle-8.13\lib\agents\gradle-instrumentation-agent-8.13.jar 
java_command: org.gradle.launcher.daemon.bootstrap.GradleDaemon 8.13
java_class_path (initial): C:\Users\Vauras\.gradle\wrapper\dists\gradle-8.13-bin\5xuhj0ry160q40clulazy9h7d\gradle-8.13\lib\gradle-daemon-main-8.13.jar
Launcher Type: SUN_STANDARD

[Global flags]
     intx CICompilerCount                          = 4                                         {product} {ergonomic}
   size_t CompressedClassSpaceSize                 = 436207616                                 {product} {ergonomic}
     uint ConcGCThreads                            = 2                                         {product} {ergonomic}
     uint G1ConcRefinementThreads                  = 8                                         {product} {ergonomic}
   size_t G1HeapRegionSize                         = 2097152                                   {product} {ergonomic}
    uintx GCDrainStackTargetSize                   = 64                                        {product} {ergonomic}
   size_t InitialHeapSize                          = 121634816                                 {product} {ergonomic}
   size_t MarkStackSize                            = 4194304                                   {product} {ergonomic}
   size_t MaxHeapSize                              = 4294967296                                {product} {command line}
   size_t MaxMetaspaceSize                         = 536870912                                 {product} {command line}
   size_t MaxNewSize                               = 2575302656                                {product} {ergonomic}
   size_t MinHeapDeltaBytes                        = 2097152                                   {product} {ergonomic}
   size_t MinHeapSize                              = 8388608                                   {product} {ergonomic}
    uintx NonNMethodCodeHeapSize                   = 5839372                                {pd product} {ergonomic}
    uintx NonProfiledCodeHeapSize                  = 122909434                              {pd product} {ergonomic}
    uintx ProfiledCodeHeapSize                     = 122909434                              {pd product} {ergonomic}
    uintx ReservedCodeCacheSize                    = 251658240                              {pd product} {ergonomic}
     bool SegmentedCodeCache                       = true                                      {product} {ergonomic}
   size_t SoftMaxHeapSize                          = 4294967296                             {manageable} {ergonomic}
     bool UseCompressedClassPointers               = true                           {product lp64_product} {ergonomic}
     bool UseCompressedOops                        = true                           {product lp64_product} {ergonomic}
     bool UseG1GC                                  = true                                      {product} {ergonomic}
     bool UseLargePagesIndividualAllocation        = false                                  {pd product} {ergonomic}

Logging:
Log output configuration:
 #0: stdout all=warning uptime,level,tags
 #1: stderr all=off uptime,level,tags

Environment Variables:
JAVA_HOME=C:\Program Files\OpenLogic\jdk-17.0.14.7-hotspot
CLASSPATH=D:\salarybooks_mobileapp\Salarybooks-App\android\\gradle\wrapper\gradle-wrapper.jar
PATH=D:\salarybooks_mobileapp\Salarybooks-App\node_modules\.bin;D:\salarybooks_mobileapp\Salarybooks-App\node_modules\.bin;D:\salarybooks_mobileapp\node_modules\.bin;D:\node_modules\.bin;C:\Users\Vauras\AppData\Roaming\nvm\v22.22.1\node_modules\npm\node_modules\@npmcli\run-script\lib\node-gyp-bin;c:\Users\Vauras\AppData\Roaming\Code\User\globalStorage\github.copilot-chat\debugCommand;c:\Users\Vauras\AppData\Roaming\Code\User\globalStorage\github.copilot-chat\copilotCli;C:\Program Files\OpenLogic\jdk-17.0.14.7-hotspot\bin;C:\Windows\system32;C:\Windows;C:\Windows\System32\Wbem;C:\Windows\System32\WindowsPowerShell\v1.0\;C:\Windows\System32\OpenSSH\;C:\Users\Vauras\AppData\Local\Android\Sdk;C:\Users\Vauras\AppData\Local\Android\Sdk\platform-tools;C:\node-v14.20.0-win-x86\node_modules\npm\bin;C:\Users\Vauras\AppData\Roaming\nvm;C:\Program Files\nodejs;C:\Program Files\nodejs\;C:\Program Files\MongoDB\Server\8.0\bin;C:\mongodb-database-tools-windows-x86_64-100.12.0\bin;C:\Program Files\Git\cmd;C:\Users\Vauras\AppData\Roaming\nvm\v18.20.8;;C:\Program Files\Docker\Docker\resources\bin;C:\Users\Vauras\AppData\Local\Programs\Python\Python311\Scripts\;C:\Users\Vauras\AppData\Local\Programs\Python\Python311\;C:\Users\Vauras\AppData\Local\Microsoft\WindowsApps;C:\Program Files\OpenLogic\jdk-17.0.14.7-hotspot\bin;C:\Users\Vauras\AppData\Local\Android\Sdk\platform-tools;C:\Users\Vauras\AppData\Local\Android\Sdk;C:\Users\Vauras\AppData\Local\Android\Sdk\emulator;C:\Users\Vauras\AppData\Local\Android\Sdk\build-tools;C:\Users\Vauras\AppData\Roaming\nvm;C:\Program Files\nodejs;C:\Users\Vauras\AppData\Roaming\npm;C:\Program Files\nodejs;C:\Program Files\MongoDB\Server\8.0\bin;C:\mongodb-database-tools-windows-x86_64-100.12.0\bin;C:\Users\Vauras\AppData\Local\Programs\Microsoft VS Code\bin;C:\Users\Vauras\AppData\Roaming\nvm\v18.20.8;C:\Users\Vauras\AppData\Local\Programs\cursor\resources\app\bin;c:\Users\Vauras\.vscode\extensions\vscjava.vscode-java-debug-0.59.0\bundled\scripts\noConfigScripts
USERNAME=Vauras
LANG=en_US.UTF-8
OS=Windows_NT
PROCESSOR_IDENTIFIER=AMD64 Family 23 Model 160 Stepping 0, AuthenticAMD
TMP=C:\Users\Vauras\AppData\Local\Temp
TEMP=C:\Users\Vauras\AppData\Local\Temp



Periodic native trim disabled


---------------  S Y S T E M  ---------------

OS:
 Windows 11 , 64 bit Build 26100 (10.0.26100.8521)
OS uptime: 0 days 3:07 hours
Hyper-V role detected

CPU: total 8 (initial active 8) (8 cores per cpu, 2 threads per core) family 23 model 160 stepping 0 microcode 0x8a0000b, cx8, cmov, fxsr, ht, mmx, 3dnowpref, sse, sse2, sse3, ssse3, sse4a, sse4.1, sse4.2, popcnt, lzcnt, tsc, tscinvbit, avx, avx2, aes, clmul, bmi1, bmi2, adx, sha, fma, vzeroupper, clflush, clflushopt, hv
Processor Information for all 8 processors :
  Max Mhz: 2801, Current Mhz: 2801, Mhz Limit: 2801

Memory: 4k page, system-wide physical 7418M (725M free)
TotalPageFile size 29946M (AvailPageFile size 0M)
current process WorkingSet (physical memory assigned to process): 513M, peak: 685M
current process commit charge ("private bytes"): 1097M, peak: 1111M

vm_info: OpenJDK 64-Bit Server VM (17.0.14+7-adhoc..jdk17u) for windows-amd64 JRE (17.0.14+7-adhoc..jdk17u), built on Jul  2 2025 17:59:17 by "" with MS VC++ 16.10 / 16.11 (VS2019)

END.
