#
# There is insufficient memory for the Java Runtime Environment to continue.
# Native memory allocation (malloc) failed to allocate 1119728 bytes. Error detail: Chunk::new
# Possible reasons:
#   The system is out of physical RAM or swap space
#   This process is running with CompressedOops enabled, and the Java Heap may be blocking the growth of the native heap
# Possible solutions:
#   Reduce memory load on the system
#   Increase physical memory or swap space
#   Check if swap backing store is full
#   Decrease Java heap size (-Xmx/-Xms)
#   Decrease number of Java threads
#   Decrease Java thread stack sizes (-Xss)
#   Set larger code cache with -XX:ReservedCodeCacheSize=
#   JVM is running with Unscaled Compressed Oops mode in which the Java heap is
#     placed in the first 4GB address space. The Java Heap base address is the
#     maximum limit for the native heap growth. Please use -XX:HeapBaseMinAddress
#     to set the Java Heap base and to place the Java Heap above 4GB virtual address.
# This output file may be truncated or incomplete.
#
#  Out of Memory Error (arena.cpp:191), pid=19724, tid=6676
#
# JRE version: OpenJDK Runtime Environment OpenLogic-OpenJDK (17.0.14+7) (build 17.0.14+7-adhoc..jdk17u)
# Java VM: OpenJDK 64-Bit Server VM OpenLogic-OpenJDK (17.0.14+7-adhoc..jdk17u, mixed mode, sharing, tiered, compressed oops, compressed class ptrs, g1 gc, windows-amd64)
# No core dump will be written. Minidumps are not enabled by default on client versions of Windows
#

---------------  S U M M A R Y ------------

Command Line: --add-opens=java.base/java.lang=ALL-UNNAMED --add-opens=java.base/java.lang.invoke=ALL-UNNAMED --add-opens=java.base/java.util=ALL-UNNAMED --add-opens=java.prefs/java.util.prefs=ALL-UNNAMED --add-exports=jdk.compiler/com.sun.tools.javac.api=ALL-UNNAMED --add-exports=jdk.compiler/com.sun.tools.javac.util=ALL-UNNAMED --add-opens=java.base/java.util=ALL-UNNAMED --add-opens=java.prefs/java.util.prefs=ALL-UNNAMED --add-opens=java.base/java.nio.charset=ALL-UNNAMED --add-opens=java.base/java.net=ALL-UNNAMED --add-opens=java.base/java.util.concurrent.atomic=ALL-UNNAMED --add-opens=java.xml/javax.xml.namespace=ALL-UNNAMED -XX:MaxMetaspaceSize=1024m -Xmx2048m -Dfile.encoding=windows-1252 -Duser.country=IN -Duser.language=en -Duser.variant -javaagent:C:\Users\Vauras\.gradle\wrapper\dists\gradle-8.13-bin\5xuhj0ry160q40clulazy9h7d\gradle-8.13\lib\agents\gradle-instrumentation-agent-8.13.jar org.gradle.launcher.daemon.bootstrap.GradleDaemon 8.13

Host: AMD Ryzen 5 7520U with Radeon Graphics         , 8 cores, 7G,  Windows 11 , 64 bit Build 26100 (10.0.26100.7920)
Time: Fri Apr  3 18:29:02 2026 India Standard Time elapsed time: 63.450373 seconds (0d 0h 1m 3s)

---------------  T H R E A D  ---------------

Current thread (0x000002520fb411b0):  JavaThread "C2 CompilerThread1" daemon [_thread_in_native, id=6676, stack(0x00000066c7200000,0x00000066c7300000)]


Current CompileTask:
C2:  63450 16282   !   4       org.gradle.api.internal.artifacts.ivyservice.ResolvedArtifactCollectingVisitor::visitArtifact (77 bytes)

Stack: [0x00000066c7200000,0x00000066c7300000]
Native frames: (J=compiled Java code, j=interpreted, Vv=VM code, C=native code)
V  [jvm.dll+0x681069]
V  [jvm.dll+0x838cca]
V  [jvm.dll+0x83a78e]
V  [jvm.dll+0x83adf3]
V  [jvm.dll+0x24826f]
V  [jvm.dll+0xac9f4]
V  [jvm.dll+0xad03c]
V  [jvm.dll+0x367937]
V  [jvm.dll+0x1bd472]
V  [jvm.dll+0x21a909]
V  [jvm.dll+0x219bf1]
V  [jvm.dll+0x1a599d]
V  [jvm.dll+0x22994d]
V  [jvm.dll+0x227adc]
V  [jvm.dll+0x7edb77]
V  [jvm.dll+0x7e7f6c]
V  [jvm.dll+0x67ff37]
C  [ucrtbase.dll+0x37b0]
C  [KERNEL32.DLL+0x2e8d7]
C  [ntdll.dll+0x8c48c]


---------------  P R O C E S S  ---------------

Threads class SMR info:
_java_thread_list=0x000002520e1fdf50, length=149, elements={
0x00000251af0cdb70, 0x00000251d0844410, 0x00000251d0845a50, 0x00000251d08638b0,
0x00000251d0864180, 0x00000251d08675d0, 0x00000251d0868a10, 0x00000251d086bdc0,
0x00000251d0874680, 0x00000251d08be9f0, 0x00000251d08317b0, 0x00000251d0af6f00,
0x000002520ad08b40, 0x000002520b479e20, 0x000002520b45dec0, 0x000002520b620040,
0x000002520b65b540, 0x000002520b6cb810, 0x000002520b6cbd20, 0x000002520b6ca8e0,
0x000002520b6c94a0, 0x000002520b6c8a80, 0x000002520b6c8570, 0x000002520b6c8f90,
0x000002520b6c99b0, 0x000002520b6ca3d0, 0x000002520b6cb300, 0x000002520b6cadf0,
0x000002520e780620, 0x000002520e782990, 0x000002520e783dd0, 0x000002520e7838c0,
0x000002520e781550, 0x000002520e782ea0, 0x000002520e782480, 0x000002520e780b30,
0x000002520e7847f0, 0x000002520e784d00, 0x000002520e785210, 0x000002520e781a60,
0x000002520e786650, 0x000002520e787fa0, 0x000002520e786140, 0x000002520e786b60,
0x000002520e787070, 0x000002520e787580, 0x000002520e787a90, 0x000002520f0c09b0,
0x000002520f0c0ec0, 0x000002520f0c13d0, 0x000002520f0bff90, 0x000002520f0c18e0,
0x000002520f0c1df0, 0x000002520f0c04a0, 0x000002520f0beb50, 0x000002520f0be640,
0x000002520f0bf570, 0x000002520f0c2300, 0x000002520f0c2810, 0x000002520f0bf060,
0x000002520f0c2d20, 0x000002520f0c3230, 0x000002520f0c5fc0, 0x000002520f0c4160,
0x000002520f0c3c50, 0x000002520f0c5ab0, 0x000002520f0c4670, 0x000002520f0c4b80,
0x000002520f0c5090, 0x000002520f0c55a0, 0x000002520ec88ec0, 0x000002520ec89df0,
0x000002520ec893d0, 0x000002520ec898e0, 0x000002520ec87f90, 0x000002520ec87570,
0x000002520ec87060, 0x000002520ec8a300, 0x000002520ec889b0, 0x000002520ec884a0,
0x000002520ec8b230, 0x000002520ec8a810, 0x000002520ec87a80, 0x000002520ec8b740,
0x000002520ec8c670, 0x000002520ec8d5a0, 0x000002520ec8d090, 0x000002520ec8c160,
0x000002520ec8dab0, 0x000002520ec8bc50, 0x000002520ec8dfc0, 0x000002520ec8e4d0,
0x000002520ec8ad20, 0x000002520ec8cb80, 0x000002520ec8e9e0, 0x000002520d8d4140,
0x000002520d8d3210, 0x000002520d8d3c30, 0x000002520d8d64b0, 0x000002520d8d69c0,
0x000002520d8d5070, 0x000002520d8d6ed0, 0x000002520d8d5fa0, 0x000002520d8d4650,
0x000002520d8d4b60, 0x000002520d8d3720, 0x000002520d8d8310, 0x000002520d8d7e00,
0x000002520d8d73e0, 0x000002520d8d8820, 0x000002520d8d5580, 0x000002520d8d9240,
0x000002520d8d8d30, 0x000002520d8d78f0, 0x000002520d8d5a90, 0x000002520d8da170,
0x000002520d8d9750, 0x000002520d8d9c60, 0x000002520d8da680, 0x000002520f4a5fa0,
0x000002520f4a7e00, 0x000002520f4a8310, 0x000002520f4a4b60, 0x000002520f4a5a90,
0x000002520f4a5070, 0x000002520f4a78f0, 0x000002520f4a5580, 0x000002520f4a6ed0,
0x000002520f4a8d30, 0x000002520f4a9240, 0x000002520f4a9c60, 0x000002520f4a9750,
0x000002520f4a64b0, 0x000002520f4aa170, 0x000002520f4aa680, 0x000002520f4aab90,
0x000002520f4a73e0, 0x000002520f4ab0a0, 0x000002520f4abac0, 0x000002520f4abfd0,
0x000002520f4ac4e0, 0x000002520bc831d0, 0x000002520bc80440, 0x000002520bc836e0,
0x000002520bc81d90, 0x000002520bc84100, 0x000002520bc84610, 0x000002520bc84b20,
0x000002520fb411b0
}

Java Threads: ( => current thread )
  0x00000251af0cdb70 JavaThread "main" [_thread_blocked, id=7128, stack(0x00000066bd600000,0x00000066bd700000)]
  0x00000251d0844410 JavaThread "Reference Handler" daemon [_thread_blocked, id=19352, stack(0x00000066bdd00000,0x00000066bde00000)]
  0x00000251d0845a50 JavaThread "Finalizer" daemon [_thread_blocked, id=24436, stack(0x00000066bde00000,0x00000066bdf00000)]
  0x00000251d08638b0 JavaThread "Signal Dispatcher" daemon [_thread_blocked, id=11784, stack(0x00000066bdf00000,0x00000066be000000)]
  0x00000251d0864180 JavaThread "Attach Listener" daemon [_thread_blocked, id=18960, stack(0x00000066be000000,0x00000066be100000)]
  0x00000251d08675d0 JavaThread "Service Thread" daemon [_thread_blocked, id=16916, stack(0x00000066be100000,0x00000066be200000)]
  0x00000251d0868a10 JavaThread "Monitor Deflation Thread" daemon [_thread_blocked, id=13412, stack(0x00000066be200000,0x00000066be300000)]
  0x00000251d086bdc0 JavaThread "C2 CompilerThread0" daemon [_thread_blocked, id=20772, stack(0x00000066be300000,0x00000066be400000)]
  0x00000251d0874680 JavaThread "C1 CompilerThread0" daemon [_thread_blocked, id=7616, stack(0x00000066be400000,0x00000066be500000)]
  0x00000251d08be9f0 JavaThread "Sweeper thread" daemon [_thread_blocked, id=20936, stack(0x00000066be500000,0x00000066be600000)]
  0x00000251d08317b0 JavaThread "Common-Cleaner" daemon [_thread_blocked, id=20044, stack(0x00000066be600000,0x00000066be700000)]
  0x00000251d0af6f00 JavaThread "Notification Thread" daemon [_thread_blocked, id=10756, stack(0x00000066be700000,0x00000066be800000)]
  0x000002520ad08b40 JavaThread "Daemon health stats" [_thread_blocked, id=22696, stack(0x00000066bee00000,0x00000066bef00000)]
  0x000002520b479e20 JavaThread "Incoming local TCP Connector on port 65205" [_thread_in_native, id=24424, stack(0x00000066bed00000,0x00000066bee00000)]
  0x000002520b45dec0 JavaThread "Daemon periodic checks" [_thread_blocked, id=4828, stack(0x00000066bef00000,0x00000066bf000000)]
  0x000002520b620040 JavaThread "Daemon" [_thread_blocked, id=23288, stack(0x00000066bf000000,0x00000066bf100000)]
  0x000002520b65b540 JavaThread "Handler for socket connection from /127.0.0.1:65205 to /127.0.0.1:65206" [_thread_in_native, id=6080, stack(0x00000066bf100000,0x00000066bf200000)]
  0x000002520b6cb810 JavaThread "Cancel handler" [_thread_blocked, id=24572, stack(0x00000066bf200000,0x00000066bf300000)]
  0x000002520b6cbd20 JavaThread "Daemon worker" [_thread_in_vm, id=24568, stack(0x00000066bf300000,0x00000066bf400000)]
  0x000002520b6ca8e0 JavaThread "Asynchronous log dispatcher for DefaultDaemonConnection: socket connection from /127.0.0.1:65205 to /127.0.0.1:65206" [_thread_blocked, id=21972, stack(0x00000066bf400000,0x00000066bf500000)]
  0x000002520b6c94a0 JavaThread "Stdin handler" [_thread_blocked, id=11736, stack(0x00000066bf500000,0x00000066bf600000)]
  0x000002520b6c8a80 JavaThread "Daemon client event forwarder" [_thread_blocked, id=6700, stack(0x00000066bf600000,0x00000066bf700000)]
  0x000002520b6c8570 JavaThread "Cache worker for journal cache (C:\Users\Vauras\.gradle\caches\journal-1)" [_thread_blocked, id=16096, stack(0x00000066bf800000,0x00000066bf900000)]
  0x000002520b6c8f90 JavaThread "File lock request listener" [_thread_in_native, id=1232, stack(0x00000066bf900000,0x00000066bfa00000)]
  0x000002520b6c99b0 JavaThread "Cache worker for file hash cache (C:\Users\Vauras\.gradle\caches\8.13\fileHashes)" [_thread_blocked, id=22320, stack(0x00000066bfa00000,0x00000066bfb00000)]
  0x000002520b6ca3d0 JavaThread "Cache worker for file hash cache (D:\salarybooks_mobileapp\Salarybooks-App\android\.gradle\8.13\fileHashes)" [_thread_blocked, id=19220, stack(0x00000066bfe00000,0x00000066bff00000)]
  0x000002520b6cb300 JavaThread "Cache worker for Build Output Cleanup Cache (D:\salarybooks_mobileapp\Salarybooks-App\android\.gradle\buildOutputCleanup)" [_thread_blocked, id=12432, stack(0x00000066bff00000,0x00000066c0000000)]
  0x000002520b6cadf0 JavaThread "File watcher server" daemon [_thread_in_native, id=14216, stack(0x00000066c0100000,0x00000066c0200000)]
  0x000002520e780620 JavaThread "File watcher consumer" daemon [_thread_blocked, id=15140, stack(0x00000066c0200000,0x00000066c0300000)]
  0x000002520e782990 JavaThread "jar transforms" [_thread_blocked, id=24452, stack(0x00000066c0400000,0x00000066c0500000)]
  0x000002520e783dd0 JavaThread "Cache worker for checksums cache (D:\salarybooks_mobileapp\Salarybooks-App\android\.gradle\8.13\checksums)" [_thread_blocked, id=17756, stack(0x00000066c0500000,0x00000066c0600000)]
  0x000002520e7838c0 JavaThread "Cache worker for file content cache (C:\Users\Vauras\.gradle\caches\8.13\fileContent)" [_thread_blocked, id=21748, stack(0x00000066c0600000,0x00000066c0700000)]
  0x000002520e781550 JavaThread "Cache worker for cache directory md-supplier (C:\Users\Vauras\.gradle\caches\8.13\md-supplier)" [_thread_blocked, id=8916, stack(0x00000066bf700000,0x00000066bf800000)]
  0x000002520e782ea0 JavaThread "Cache worker for cache directory md-rule (C:\Users\Vauras\.gradle\caches\8.13\md-rule)" [_thread_blocked, id=18280, stack(0x00000066c0300000,0x00000066c0400000)]
  0x000002520e782480 JavaThread "Cache worker for Build Output Cleanup Cache (D:\salarybooks_mobileapp\Salarybooks-App\node_modules\@react-native\gradle-plugin\.gradle\buildOutputCleanup)" [_thread_blocked, id=6816, stack(0x00000066c0700000,0x00000066c0800000)]
  0x000002520e780b30 JavaThread "Unconstrained build operations" [_thread_blocked, id=14944, stack(0x00000066c0900000,0x00000066c0a00000)]
  0x000002520e7847f0 JavaThread "Unconstrained build operations Thread 2" [_thread_blocked, id=17512, stack(0x00000066c0a00000,0x00000066c0b00000)]
  0x000002520e784d00 JavaThread "Unconstrained build operations Thread 3" [_thread_blocked, id=13476, stack(0x00000066c0b00000,0x00000066c0c00000)]
  0x000002520e785210 JavaThread "Unconstrained build operations Thread 4" [_thread_blocked, id=12408, stack(0x00000066c0c00000,0x00000066c0d00000)]
  0x000002520e781a60 JavaThread "Unconstrained build operations Thread 5" [_thread_blocked, id=11332, stack(0x00000066c0d00000,0x00000066c0e00000)]
  0x000002520e786650 JavaThread "Unconstrained build operations Thread 6" [_thread_blocked, id=20800, stack(0x00000066c0e00000,0x00000066c0f00000)]
  0x000002520e787fa0 JavaThread "Unconstrained build operations Thread 7" [_thread_blocked, id=18012, stack(0x00000066c0f00000,0x00000066c1000000)]
  0x000002520e786140 JavaThread "Unconstrained build operations Thread 8" [_thread_blocked, id=11092, stack(0x00000066c1000000,0x00000066c1100000)]
  0x000002520e786b60 JavaThread "Unconstrained build operations Thread 9" [_thread_blocked, id=11276, stack(0x00000066c1100000,0x00000066c1200000)]
  0x000002520e787070 JavaThread "Unconstrained build operations Thread 10" [_thread_blocked, id=19156, stack(0x00000066c1200000,0x00000066c1300000)]
  0x000002520e787580 JavaThread "Unconstrained build operations Thread 11" [_thread_blocked, id=16380, stack(0x00000066c1300000,0x00000066c1400000)]
  0x000002520e787a90 JavaThread "Unconstrained build operations Thread 12" [_thread_blocked, id=23704, stack(0x00000066c1400000,0x00000066c1500000)]
  0x000002520f0c09b0 JavaThread "Unconstrained build operations Thread 13" [_thread_blocked, id=6096, stack(0x00000066c1500000,0x00000066c1600000)]
  0x000002520f0c0ec0 JavaThread "Unconstrained build operations Thread 14" [_thread_blocked, id=4752, stack(0x00000066c1600000,0x00000066c1700000)]
  0x000002520f0c13d0 JavaThread "Unconstrained build operations Thread 15" [_thread_blocked, id=3980, stack(0x00000066c1700000,0x00000066c1800000)]
  0x000002520f0bff90 JavaThread "Unconstrained build operations Thread 16" [_thread_blocked, id=10476, stack(0x00000066c1800000,0x00000066c1900000)]
  0x000002520f0c18e0 JavaThread "Unconstrained build operations Thread 17" [_thread_blocked, id=21500, stack(0x00000066c1900000,0x00000066c1a00000)]
  0x000002520f0c1df0 JavaThread "Unconstrained build operations Thread 18" [_thread_blocked, id=13076, stack(0x00000066c1a00000,0x00000066c1b00000)]
  0x000002520f0c04a0 JavaThread "Unconstrained build operations Thread 19" [_thread_blocked, id=19512, stack(0x00000066c1b00000,0x00000066c1c00000)]
  0x000002520f0beb50 JavaThread "Unconstrained build operations Thread 20" [_thread_blocked, id=10016, stack(0x00000066c1c00000,0x00000066c1d00000)]
  0x000002520f0be640 JavaThread "Unconstrained build operations Thread 21" [_thread_blocked, id=12720, stack(0x00000066c1d00000,0x00000066c1e00000)]
  0x000002520f0bf570 JavaThread "Unconstrained build operations Thread 22" [_thread_blocked, id=24252, stack(0x00000066c1e00000,0x00000066c1f00000)]
  0x000002520f0c2300 JavaThread "Unconstrained build operations Thread 23" [_thread_blocked, id=11880, stack(0x00000066c1f00000,0x00000066c2000000)]
  0x000002520f0c2810 JavaThread "Unconstrained build operations Thread 24" [_thread_blocked, id=5828, stack(0x00000066c2000000,0x00000066c2100000)]
  0x000002520f0bf060 JavaThread "Unconstrained build operations Thread 25" [_thread_blocked, id=23644, stack(0x00000066c2100000,0x00000066c2200000)]
  0x000002520f0c2d20 JavaThread "Unconstrained build operations Thread 26" [_thread_blocked, id=15988, stack(0x00000066c2200000,0x00000066c2300000)]
  0x000002520f0c3230 JavaThread "Unconstrained build operations Thread 27" [_thread_blocked, id=22212, stack(0x00000066c2300000,0x00000066c2400000)]
  0x000002520f0c5fc0 JavaThread "build event listener" [_thread_blocked, id=23780, stack(0x00000066c2400000,0x00000066c2500000)]
  0x000002520f0c4160 JavaThread "Memory manager" [_thread_blocked, id=24216, stack(0x00000066c0800000,0x00000066c0900000)]
  0x000002520f0c3c50 JavaThread "ForkJoinPool.commonPool-worker-1" daemon [_thread_blocked, id=6400, stack(0x00000066c2600000,0x00000066c2700000)]
  0x000002520f0c5ab0 JavaThread "ForkJoinPool.commonPool-worker-2" daemon [_thread_blocked, id=18640, stack(0x00000066c2700000,0x00000066c2800000)]
  0x000002520f0c4670 JavaThread "ForkJoinPool.commonPool-worker-3" daemon [_thread_blocked, id=14676, stack(0x00000066c2800000,0x00000066c2900000)]
  0x000002520f0c4b80 JavaThread "ForkJoinPool.commonPool-worker-4" daemon [_thread_blocked, id=13324, stack(0x00000066c2900000,0x00000066c2a00000)]
  0x000002520f0c5090 JavaThread "ForkJoinPool.commonPool-worker-5" daemon [_thread_blocked, id=19404, stack(0x00000066c2a00000,0x00000066c2b00000)]
  0x000002520f0c55a0 JavaThread "ForkJoinPool.commonPool-worker-6" daemon [_thread_blocked, id=11988, stack(0x00000066c2b00000,0x00000066c2c00000)]
  0x000002520ec88ec0 JavaThread "ForkJoinPool.commonPool-worker-7" daemon [_thread_blocked, id=24180, stack(0x00000066c2c00000,0x00000066c2d00000)]
  0x000002520ec89df0 JavaThread "Exec process" daemon [_thread_blocked, id=19128, stack(0x00000066c2d00000,0x00000066c2e00000)]
  0x000002520ec893d0 JavaThread "Exec process Thread 2" daemon [_thread_blocked, id=15512, stack(0x00000066c2e00000,0x00000066c2f00000)]
  0x000002520ec898e0 JavaThread "Exec process Thread 3" daemon [_thread_blocked, id=1512, stack(0x00000066c2f00000,0x00000066c3000000)]
  0x000002520ec87f90 JavaThread "included builds" [_thread_blocked, id=13436, stack(0x00000066c3000000,0x00000066c3100000)]
  0x000002520ec87570 JavaThread "Execution worker" [_thread_blocked, id=23348, stack(0x00000066c3100000,0x00000066c3200000)]
  0x000002520ec87060 JavaThread "Execution worker Thread 2" [_thread_blocked, id=16132, stack(0x00000066c3200000,0x00000066c3300000)]
  0x000002520ec8a300 JavaThread "Execution worker Thread 3" [_thread_blocked, id=3952, stack(0x00000066c3300000,0x00000066c3400000)]
  0x000002520ec889b0 JavaThread "Execution worker Thread 4" [_thread_blocked, id=7860, stack(0x00000066c3400000,0x00000066c3500000)]
  0x000002520ec884a0 JavaThread "Execution worker Thread 5" [_thread_blocked, id=17616, stack(0x00000066c3500000,0x00000066c3600000)]
  0x000002520ec8b230 JavaThread "Execution worker Thread 6" [_thread_blocked, id=21072, stack(0x00000066c3600000,0x00000066c3700000)]
  0x000002520ec8a810 JavaThread "Execution worker Thread 7" [_thread_blocked, id=12140, stack(0x00000066c3700000,0x00000066c3800000)]
  0x000002520ec87a80 JavaThread "Cache worker for execution history cache (D:\salarybooks_mobileapp\Salarybooks-App\node_modules\@react-native\gradle-plugin\.gradle\8.13\executionHistory)" [_thread_blocked, id=10588, stack(0x00000066c3800000,0x00000066c3900000)]
  0x000002520ec8b740 JavaThread "Unconstrained build operations Thread 28" [_thread_blocked, id=15884, stack(0x00000066c3900000,0x00000066c3a00000)]
  0x000002520ec8c670 JavaThread "Unconstrained build operations Thread 29" [_thread_blocked, id=5348, stack(0x00000066c3a00000,0x00000066c3b00000)]
  0x000002520ec8d5a0 JavaThread "Unconstrained build operations Thread 30" [_thread_blocked, id=20740, stack(0x00000066c3b00000,0x00000066c3c00000)]
  0x000002520ec8d090 JavaThread "Unconstrained build operations Thread 31" [_thread_blocked, id=22052, stack(0x00000066c3c00000,0x00000066c3d00000)]
  0x000002520ec8c160 JavaThread "Unconstrained build operations Thread 32" [_thread_blocked, id=10876, stack(0x00000066c3d00000,0x00000066c3e00000)]
  0x000002520ec8dab0 JavaThread "Unconstrained build operations Thread 33" [_thread_blocked, id=8512, stack(0x00000066c3e00000,0x00000066c3f00000)]
  0x000002520ec8bc50 JavaThread "Unconstrained build operations Thread 34" [_thread_blocked, id=21280, stack(0x00000066c3f00000,0x00000066c4000000)]
  0x000002520ec8dfc0 JavaThread "Unconstrained build operations Thread 35" [_thread_blocked, id=18076, stack(0x00000066c4000000,0x00000066c4100000)]
  0x000002520ec8e4d0 JavaThread "Unconstrained build operations Thread 36" [_thread_blocked, id=13600, stack(0x00000066c4100000,0x00000066c4200000)]
  0x000002520ec8ad20 JavaThread "Unconstrained build operations Thread 37" [_thread_blocked, id=23264, stack(0x00000066c4200000,0x00000066c4300000)]
  0x000002520ec8cb80 JavaThread "Unconstrained build operations Thread 38" [_thread_blocked, id=9780, stack(0x00000066c4300000,0x00000066c4400000)]
  0x000002520ec8e9e0 JavaThread "Unconstrained build operations Thread 39" [_thread_blocked, id=21460, stack(0x00000066c4400000,0x00000066c4500000)]
  0x000002520d8d4140 JavaThread "Unconstrained build operations Thread 40" [_thread_blocked, id=9764, stack(0x00000066c4500000,0x00000066c4600000)]
  0x000002520d8d3210 JavaThread "Unconstrained build operations Thread 41" [_thread_blocked, id=7580, stack(0x00000066c4600000,0x00000066c4700000)]
  0x000002520d8d3c30 JavaThread "Unconstrained build operations Thread 42" [_thread_blocked, id=3740, stack(0x00000066c4700000,0x00000066c4800000)]
  0x000002520d8d64b0 JavaThread "Unconstrained build operations Thread 43" [_thread_blocked, id=17788, stack(0x00000066c4800000,0x00000066c4900000)]
  0x000002520d8d69c0 JavaThread "Unconstrained build operations Thread 44" [_thread_blocked, id=15640, stack(0x00000066c4900000,0x00000066c4a00000)]
  0x000002520d8d5070 JavaThread "Unconstrained build operations Thread 45" [_thread_blocked, id=13980, stack(0x00000066c4a00000,0x00000066c4b00000)]
  0x000002520d8d6ed0 JavaThread "Unconstrained build operations Thread 46" [_thread_blocked, id=23360, stack(0x00000066c4b00000,0x00000066c4c00000)]
  0x000002520d8d5fa0 JavaThread "Unconstrained build operations Thread 47" [_thread_blocked, id=23636, stack(0x00000066c4c00000,0x00000066c4d00000)]
  0x000002520d8d4650 JavaThread "Unconstrained build operations Thread 48" [_thread_blocked, id=21788, stack(0x00000066c4d00000,0x00000066c4e00000)]
  0x000002520d8d4b60 JavaThread "Unconstrained build operations Thread 49" [_thread_blocked, id=16424, stack(0x00000066c4e00000,0x00000066c4f00000)]
  0x000002520d8d3720 JavaThread "Unconstrained build operations Thread 50" [_thread_blocked, id=3916, stack(0x00000066c4f00000,0x00000066c5000000)]
  0x000002520d8d8310 JavaThread "Unconstrained build operations Thread 51" [_thread_blocked, id=7160, stack(0x00000066c5000000,0x00000066c5100000)]
  0x000002520d8d7e00 JavaThread "Unconstrained build operations Thread 52" [_thread_blocked, id=6520, stack(0x00000066c5100000,0x00000066c5200000)]
  0x000002520d8d73e0 JavaThread "Unconstrained build operations Thread 53" [_thread_blocked, id=8760, stack(0x00000066c5200000,0x00000066c5300000)]
  0x000002520d8d8820 JavaThread "Unconstrained build operations Thread 54" [_thread_blocked, id=17436, stack(0x00000066c5300000,0x00000066c5400000)]
  0x000002520d8d5580 JavaThread "Unconstrained build operations Thread 55" [_thread_blocked, id=4116, stack(0x00000066c5400000,0x00000066c5500000)]
  0x000002520d8d9240 JavaThread "Unconstrained build operations Thread 56" [_thread_blocked, id=10608, stack(0x00000066c5500000,0x00000066c5600000)]
  0x000002520d8d8d30 JavaThread "Unconstrained build operations Thread 57" [_thread_blocked, id=19544, stack(0x00000066c5600000,0x00000066c5700000)]
  0x000002520d8d78f0 JavaThread "Unconstrained build operations Thread 58" [_thread_blocked, id=10012, stack(0x00000066c5700000,0x00000066c5800000)]
  0x000002520d8d5a90 JavaThread "Unconstrained build operations Thread 59" [_thread_blocked, id=9784, stack(0x00000066c5800000,0x00000066c5900000)]
  0x000002520d8da170 JavaThread "Unconstrained build operations Thread 60" [_thread_blocked, id=22012, stack(0x00000066c5900000,0x00000066c5a00000)]
  0x000002520d8d9750 JavaThread "Unconstrained build operations Thread 61" [_thread_blocked, id=1264, stack(0x00000066c5a00000,0x00000066c5b00000)]
  0x000002520d8d9c60 JavaThread "Unconstrained build operations Thread 62" [_thread_blocked, id=19268, stack(0x00000066c5b00000,0x00000066c5c00000)]
  0x000002520d8da680 JavaThread "Unconstrained build operations Thread 63" [_thread_blocked, id=15044, stack(0x00000066c5c00000,0x00000066c5d00000)]
  0x000002520f4a5fa0 JavaThread "Unconstrained build operations Thread 64" [_thread_blocked, id=3608, stack(0x00000066c5d00000,0x00000066c5e00000)]
  0x000002520f4a7e00 JavaThread "Unconstrained build operations Thread 65" [_thread_blocked, id=14940, stack(0x00000066c5e00000,0x00000066c5f00000)]
  0x000002520f4a8310 JavaThread "Unconstrained build operations Thread 66" [_thread_blocked, id=6380, stack(0x00000066c5f00000,0x00000066c6000000)]
  0x000002520f4a4b60 JavaThread "Unconstrained build operations Thread 67" [_thread_blocked, id=21536, stack(0x00000066c6000000,0x00000066c6100000)]
  0x000002520f4a5a90 JavaThread "Unconstrained build operations Thread 68" [_thread_blocked, id=16416, stack(0x00000066c6100000,0x00000066c6200000)]
  0x000002520f4a5070 JavaThread "Unconstrained build operations Thread 69" [_thread_blocked, id=14252, stack(0x00000066c6200000,0x00000066c6300000)]
  0x000002520f4a78f0 JavaThread "Unconstrained build operations Thread 70" [_thread_blocked, id=14688, stack(0x00000066c6300000,0x00000066c6400000)]
  0x000002520f4a5580 JavaThread "Unconstrained build operations Thread 71" [_thread_blocked, id=24084, stack(0x00000066c6400000,0x00000066c6500000)]
  0x000002520f4a6ed0 JavaThread "Unconstrained build operations Thread 72" [_thread_blocked, id=24384, stack(0x00000066c6500000,0x00000066c6600000)]
  0x000002520f4a8d30 JavaThread "Unconstrained build operations Thread 73" [_thread_blocked, id=14592, stack(0x00000066c6600000,0x00000066c6700000)]
  0x000002520f4a9240 JavaThread "Unconstrained build operations Thread 74" [_thread_blocked, id=1196, stack(0x00000066c6700000,0x00000066c6800000)]
  0x000002520f4a9c60 JavaThread "Unconstrained build operations Thread 75" [_thread_blocked, id=24444, stack(0x00000066c6800000,0x00000066c6900000)]
  0x000002520f4a9750 JavaThread "Unconstrained build operations Thread 76" [_thread_blocked, id=11104, stack(0x00000066c6900000,0x00000066c6a00000)]
  0x000002520f4a64b0 JavaThread "Unconstrained build operations Thread 77" [_thread_blocked, id=3408, stack(0x00000066c6a00000,0x00000066c6b00000)]
  0x000002520f4aa170 JavaThread "jar transforms Thread 2" [_thread_blocked, id=21036, stack(0x00000066c6b00000,0x00000066c6c00000)]
  0x000002520f4aa680 JavaThread "jar transforms Thread 3" [_thread_blocked, id=2800, stack(0x00000066c6c00000,0x00000066c6d00000)]
  0x000002520f4aab90 JavaThread "Unconstrained build operations Thread 78" [_thread_blocked, id=23720, stack(0x00000066c6d00000,0x00000066c6e00000)]
  0x000002520f4a73e0 JavaThread "Unconstrained build operations Thread 79" [_thread_blocked, id=13356, stack(0x00000066c6e00000,0x00000066c6f00000)]
  0x000002520f4ab0a0 JavaThread "Unconstrained build operations Thread 80" [_thread_blocked, id=17092, stack(0x00000066c6f00000,0x00000066c7000000)]
  0x000002520f4abac0 JavaThread "jar transforms Thread 4" [_thread_blocked, id=11308, stack(0x00000066c7000000,0x00000066c7100000)]
  0x000002520f4abfd0 JavaThread "jar transforms Thread 5" [_thread_blocked, id=23952, stack(0x00000066c2500000,0x00000066c2600000)]
  0x000002520f4ac4e0 JavaThread "jar transforms Thread 6" [_thread_blocked, id=18340, stack(0x00000066c7100000,0x00000066c7200000)]
  0x000002520bc831d0 JavaThread "Problems report writer" [_thread_blocked, id=11692, stack(0x00000066c7500000,0x00000066c7600000)]
  0x000002520bc80440 JavaThread "build event listener" [_thread_blocked, id=10600, stack(0x00000066c7600000,0x00000066c7700000)]
  0x000002520bc836e0 JavaThread "jar transforms Thread 7" [_thread_blocked, id=3888, stack(0x00000066c7700000,0x00000066c7800000)]
  0x000002520bc81d90 JavaThread "jar transforms Thread 8" [_thread_blocked, id=6952, stack(0x00000066c7800000,0x00000066c7900000)]
  0x000002520bc84100 JavaThread "Exec process" [_thread_blocked, id=11640, stack(0x00000066c7900000,0x00000066c7a00000)]
  0x000002520bc84610 JavaThread "Exec process Thread 2" [_thread_blocked, id=19256, stack(0x00000066c7a00000,0x00000066c7b00000)]
  0x000002520bc84b20 JavaThread "Exec process Thread 3" [_thread_blocked, id=24456, stack(0x00000066c7b00000,0x00000066c7c00000)]
=>0x000002520fb411b0 JavaThread "C2 CompilerThread1" daemon [_thread_in_native, id=6676, stack(0x00000066c7200000,0x00000066c7300000)]

Other Threads:
  0x00000251d083d100 VMThread "VM Thread" [stack: 0x00000066bdc00000,0x00000066bdd00000] [id=21356]
  0x00000251d0b6dd60 WatcherThread [stack: 0x00000066be800000,0x00000066be900000] [id=22328]
  0x00000251af12d9c0 GCTaskThread "GC Thread#0" [stack: 0x00000066bd700000,0x00000066bd800000] [id=10244]
  0x00000251d0ddd990 GCTaskThread "GC Thread#1" [stack: 0x00000066be900000,0x00000066bea00000] [id=12528]
  0x000002520a0818c0 GCTaskThread "GC Thread#2" [stack: 0x00000066bea00000,0x00000066beb00000] [id=6708]
  0x000002520a20dfb0 GCTaskThread "GC Thread#3" [stack: 0x00000066beb00000,0x00000066bec00000] [id=23880]
  0x000002520abca4d0 GCTaskThread "GC Thread#4" [stack: 0x00000066bec00000,0x00000066bed00000] [id=9720]
  0x000002520b5cab60 GCTaskThread "GC Thread#5" [stack: 0x00000066bfb00000,0x00000066bfc00000] [id=15316]
  0x000002520b5ca320 GCTaskThread "GC Thread#6" [stack: 0x00000066bfc00000,0x00000066bfd00000] [id=19408]
  0x000002520b5ca060 GCTaskThread "GC Thread#7" [stack: 0x00000066bfd00000,0x00000066bfe00000] [id=24124]
  0x00000251af13e820 ConcurrentGCThread "G1 Main Marker" [stack: 0x00000066bd800000,0x00000066bd900000] [id=2420]
  0x00000251af13fe20 ConcurrentGCThread "G1 Conc#0" [stack: 0x00000066bd900000,0x00000066bda00000] [id=8808]
  0x000002520b5ca5e0 ConcurrentGCThread "G1 Conc#1" [stack: 0x00000066c0000000,0x00000066c0100000] [id=2892]
  0x00000251af17e9e0 ConcurrentGCThread "G1 Refine#0" [stack: 0x00000066bda00000,0x00000066bdb00000] [id=20548]
  0x00000251d06f94f0 ConcurrentGCThread "G1 Service" [stack: 0x00000066bdb00000,0x00000066bdc00000] [id=5296]

Threads with active compile tasks:
C2 CompilerThread1    65509 16282   !   4       org.gradle.api.internal.artifacts.ivyservice.ResolvedArtifactCollectingVisitor::visitArtifact (77 bytes)

VM state: not at safepoint (normal execution)

VM Mutex/Monitor currently owned by a thread: None

Heap address: 0x0000000080000000, size: 2048 MB, Compressed Oops mode: 32-bit

CDS archive(s) mapped at: [0x00000251d1000000-0x00000251d1bc0000-0x00000251d1bc0000), size 12320768, SharedBaseAddress: 0x00000251d1000000, ArchiveRelocationMode: 1.
Compressed class space mapped at: 0x00000251d2000000-0x0000025206000000, reserved size: 872415232
Narrow klass base: 0x00000251d1000000, Narrow klass shift: 0, Narrow klass range: 0x100000000

GC Precious Log:
 CPUs: 8 total, 8 available
 Memory: 7418M
 Large Page Support: Disabled
 NUMA Support: Disabled
 Compressed Oops: Enabled (32-bit)
 Heap Region Size: 1M
 Heap Min Capacity: 8M
 Heap Initial Capacity: 116M
 Heap Max Capacity: 2G
 Pre-touch: Disabled
 Parallel Workers: 8
 Concurrent Workers: 2
 Concurrent Refinement Workers: 8
 Periodic GC: Disabled

Heap:
 garbage-first heap   total 658432K, used 466217K [0x0000000080000000, 0x0000000100000000)
  region size 1024K, 237 young (242688K), 21 survivors (21504K)
 Metaspace       used 111782K, committed 113344K, reserved 983040K
  class space    used 15474K, committed 16192K, reserved 851968K

Heap Regions: E=young(eden), S=young(survivor), O=old, HS=humongous(starts), HC=humongous(continues), CS=collection set, F=free, OA=open archive, CA=closed archive, TAMS=top-at-mark-start (previous, next)
|   0|0x0000000080000000, 0x0000000080100000, 0x0000000080100000|100%|HS|  |TAMS 0x0000000080100000, 0x0000000080000000| Complete 
|   1|0x0000000080100000, 0x0000000080200000, 0x0000000080200000|100%|HC|  |TAMS 0x0000000080200000, 0x0000000080100000| Complete 
|   2|0x0000000080200000, 0x0000000080300000, 0x0000000080300000|100%|HC|  |TAMS 0x0000000080300000, 0x0000000080200000| Complete 
|   3|0x0000000080300000, 0x0000000080400000, 0x0000000080400000|100%| O|  |TAMS 0x0000000080400000, 0x0000000080300000| Untracked 
|   4|0x0000000080400000, 0x0000000080500000, 0x0000000080500000|100%| O|  |TAMS 0x0000000080500000, 0x0000000080400000| Untracked 
|   5|0x0000000080500000, 0x0000000080600000, 0x0000000080600000|100%| O|  |TAMS 0x0000000080600000, 0x0000000080500000| Untracked 
|   6|0x0000000080600000, 0x0000000080700000, 0x0000000080700000|100%|HS|  |TAMS 0x0000000080700000, 0x0000000080600000| Complete 
|   7|0x0000000080700000, 0x0000000080800000, 0x0000000080800000|100%| O|  |TAMS 0x0000000080800000, 0x0000000080700000| Untracked 
|   8|0x0000000080800000, 0x0000000080900000, 0x0000000080900000|100%| O|  |TAMS 0x0000000080900000, 0x0000000080800000| Untracked 
|   9|0x0000000080900000, 0x0000000080a00000, 0x0000000080a00000|100%| O|  |TAMS 0x0000000080a00000, 0x0000000080900000| Untracked 
|  10|0x0000000080a00000, 0x0000000080b00000, 0x0000000080b00000|100%| O|  |TAMS 0x0000000080b00000, 0x0000000080a00000| Untracked 
|  11|0x0000000080b00000, 0x0000000080c00000, 0x0000000080c00000|100%| O|  |TAMS 0x0000000080c00000, 0x0000000080b00000| Untracked 
|  12|0x0000000080c00000, 0x0000000080d00000, 0x0000000080d00000|100%| O|  |TAMS 0x0000000080d00000, 0x0000000080c00000| Untracked 
|  13|0x0000000080d00000, 0x0000000080e00000, 0x0000000080e00000|100%| O|  |TAMS 0x0000000080e00000, 0x0000000080d00000| Untracked 
|  14|0x0000000080e00000, 0x0000000080f00000, 0x0000000080f00000|100%| O|  |TAMS 0x0000000080f00000, 0x0000000080e00000| Untracked 
|  15|0x0000000080f00000, 0x0000000081000000, 0x0000000081000000|100%| O|  |TAMS 0x0000000081000000, 0x0000000080f00000| Untracked 
|  16|0x0000000081000000, 0x0000000081100000, 0x0000000081100000|100%| O|  |TAMS 0x0000000081100000, 0x0000000081000000| Untracked 
|  17|0x0000000081100000, 0x0000000081200000, 0x0000000081200000|100%| O|  |TAMS 0x0000000081200000, 0x0000000081100000| Untracked 
|  18|0x0000000081200000, 0x0000000081300000, 0x0000000081300000|100%| O|  |TAMS 0x0000000081300000, 0x0000000081200000| Untracked 
|  19|0x0000000081300000, 0x0000000081400000, 0x0000000081400000|100%| O|  |TAMS 0x0000000081400000, 0x0000000081300000| Untracked 
|  20|0x0000000081400000, 0x0000000081500000, 0x0000000081500000|100%| O|  |TAMS 0x0000000081500000, 0x0000000081400000| Untracked 
|  21|0x0000000081500000, 0x0000000081600000, 0x0000000081600000|100%| O|  |TAMS 0x0000000081600000, 0x0000000081500000| Untracked 
|  22|0x0000000081600000, 0x0000000081700000, 0x0000000081700000|100%| O|  |TAMS 0x0000000081700000, 0x0000000081600000| Untracked 
|  23|0x0000000081700000, 0x0000000081800000, 0x0000000081800000|100%| O|  |TAMS 0x0000000081800000, 0x0000000081700000| Untracked 
|  24|0x0000000081800000, 0x0000000081900000, 0x0000000081900000|100%| O|  |TAMS 0x0000000081900000, 0x0000000081800000| Untracked 
|  25|0x0000000081900000, 0x0000000081a00000, 0x0000000081a00000|100%| O|  |TAMS 0x0000000081a00000, 0x0000000081900000| Untracked 
|  26|0x0000000081a00000, 0x0000000081b00000, 0x0000000081b00000|100%| O|  |TAMS 0x0000000081b00000, 0x0000000081a00000| Untracked 
|  27|0x0000000081b00000, 0x0000000081c00000, 0x0000000081c00000|100%| O|  |TAMS 0x0000000081c00000, 0x0000000081b00000| Untracked 
|  28|0x0000000081c00000, 0x0000000081d00000, 0x0000000081d00000|100%| O|  |TAMS 0x0000000081d00000, 0x0000000081c00000| Untracked 
|  29|0x0000000081d00000, 0x0000000081e00000, 0x0000000081e00000|100%| O|  |TAMS 0x0000000081e00000, 0x0000000081d00000| Untracked 
|  30|0x0000000081e00000, 0x0000000081f00000, 0x0000000081f00000|100%|HS|  |TAMS 0x0000000081f00000, 0x0000000081e00000| Complete 
|  31|0x0000000081f00000, 0x0000000082000000, 0x0000000082000000|100%|HC|  |TAMS 0x0000000082000000, 0x0000000081f00000| Complete 
|  32|0x0000000082000000, 0x0000000082100000, 0x0000000082100000|100%| O|  |TAMS 0x0000000082100000, 0x0000000082000000| Untracked 
|  33|0x0000000082100000, 0x0000000082200000, 0x0000000082200000|100%| O|  |TAMS 0x0000000082200000, 0x0000000082100000| Untracked 
|  34|0x0000000082200000, 0x0000000082300000, 0x0000000082300000|100%| O|  |TAMS 0x0000000082300000, 0x0000000082200000| Untracked 
|  35|0x0000000082300000, 0x0000000082400000, 0x0000000082400000|100%|HS|  |TAMS 0x0000000082400000, 0x0000000082300000| Complete 
|  36|0x0000000082400000, 0x0000000082500000, 0x0000000082500000|100%|HC|  |TAMS 0x0000000082500000, 0x0000000082400000| Complete 
|  37|0x0000000082500000, 0x0000000082600000, 0x0000000082600000|100%|HC|  |TAMS 0x0000000082600000, 0x0000000082500000| Complete 
|  38|0x0000000082600000, 0x0000000082700000, 0x0000000082700000|100%|HS|  |TAMS 0x0000000082700000, 0x0000000082600000| Complete 
|  39|0x0000000082700000, 0x0000000082800000, 0x0000000082800000|100%|HC|  |TAMS 0x0000000082800000, 0x0000000082700000| Complete 
|  40|0x0000000082800000, 0x0000000082900000, 0x0000000082900000|100%| O|  |TAMS 0x0000000082900000, 0x0000000082800000| Untracked 
|  41|0x0000000082900000, 0x0000000082a00000, 0x0000000082a00000|100%| O|  |TAMS 0x0000000082a00000, 0x0000000082900000| Untracked 
|  42|0x0000000082a00000, 0x0000000082b00000, 0x0000000082b00000|100%| O|  |TAMS 0x0000000082b00000, 0x0000000082a00000| Untracked 
|  43|0x0000000082b00000, 0x0000000082c00000, 0x0000000082c00000|100%| O|  |TAMS 0x0000000082c00000, 0x0000000082b00000| Untracked 
|  44|0x0000000082c00000, 0x0000000082d00000, 0x0000000082d00000|100%| O|  |TAMS 0x0000000082d00000, 0x0000000082c00000| Untracked 
|  45|0x0000000082d00000, 0x0000000082e00000, 0x0000000082e00000|100%| O|  |TAMS 0x0000000082e00000, 0x0000000082d00000| Untracked 
|  46|0x0000000082e00000, 0x0000000082f00000, 0x0000000082f00000|100%| O|  |TAMS 0x0000000082f00000, 0x0000000082e00000| Untracked 
|  47|0x0000000082f00000, 0x0000000083000000, 0x0000000083000000|100%| O|  |TAMS 0x0000000083000000, 0x0000000082f00000| Untracked 
|  48|0x0000000083000000, 0x0000000083100000, 0x0000000083100000|100%| O|  |TAMS 0x0000000083100000, 0x0000000083000000| Untracked 
|  49|0x0000000083100000, 0x0000000083200000, 0x0000000083200000|100%| O|  |TAMS 0x0000000083200000, 0x0000000083100000| Untracked 
|  50|0x0000000083200000, 0x0000000083300000, 0x0000000083300000|100%| O|  |TAMS 0x0000000083300000, 0x0000000083200000| Untracked 
|  51|0x0000000083300000, 0x0000000083400000, 0x0000000083400000|100%| O|  |TAMS 0x0000000083400000, 0x0000000083300000| Untracked 
|  52|0x0000000083400000, 0x0000000083500000, 0x0000000083500000|100%| O|  |TAMS 0x0000000083500000, 0x0000000083400000| Untracked 
|  53|0x0000000083500000, 0x0000000083600000, 0x0000000083600000|100%|HS|  |TAMS 0x0000000083600000, 0x0000000083500000| Complete 
|  54|0x0000000083600000, 0x0000000083700000, 0x0000000083700000|100%|HC|  |TAMS 0x0000000083700000, 0x0000000083600000| Complete 
|  55|0x0000000083700000, 0x0000000083800000, 0x0000000083800000|100%|HC|  |TAMS 0x0000000083800000, 0x0000000083700000| Complete 
|  56|0x0000000083800000, 0x0000000083900000, 0x0000000083900000|100%| O|  |TAMS 0x0000000083900000, 0x0000000083800000| Untracked 
|  57|0x0000000083900000, 0x0000000083a00000, 0x0000000083a00000|100%| O|  |TAMS 0x0000000083a00000, 0x0000000083900000| Untracked 
|  58|0x0000000083a00000, 0x0000000083b00000, 0x0000000083b00000|100%| O|  |TAMS 0x0000000083b00000, 0x0000000083a00000| Untracked 
|  59|0x0000000083b00000, 0x0000000083c00000, 0x0000000083c00000|100%| O|  |TAMS 0x0000000083c00000, 0x0000000083b00000| Untracked 
|  60|0x0000000083c00000, 0x0000000083d00000, 0x0000000083d00000|100%| O|  |TAMS 0x0000000083d00000, 0x0000000083c00000| Untracked 
|  61|0x0000000083d00000, 0x0000000083e00000, 0x0000000083e00000|100%| O|  |TAMS 0x0000000083e00000, 0x0000000083d00000| Untracked 
|  62|0x0000000083e00000, 0x0000000083f00000, 0x0000000083f00000|100%| O|  |TAMS 0x0000000083f00000, 0x0000000083e00000| Untracked 
|  63|0x0000000083f00000, 0x0000000084000000, 0x0000000084000000|100%| O|  |TAMS 0x0000000084000000, 0x0000000083f00000| Untracked 
|  64|0x0000000084000000, 0x0000000084100000, 0x0000000084100000|100%| O|  |TAMS 0x0000000084100000, 0x0000000084000000| Untracked 
|  65|0x0000000084100000, 0x0000000084200000, 0x0000000084200000|100%| O|  |TAMS 0x0000000084200000, 0x0000000084100000| Untracked 
|  66|0x0000000084200000, 0x0000000084300000, 0x0000000084300000|100%| O|  |TAMS 0x0000000084300000, 0x0000000084200000| Untracked 
|  67|0x0000000084300000, 0x0000000084400000, 0x0000000084400000|100%| O|  |TAMS 0x0000000084400000, 0x0000000084300000| Untracked 
|  68|0x0000000084400000, 0x0000000084500000, 0x0000000084500000|100%| O|  |TAMS 0x0000000084500000, 0x0000000084400000| Untracked 
|  69|0x0000000084500000, 0x0000000084600000, 0x0000000084600000|100%| O|  |TAMS 0x0000000084600000, 0x0000000084500000| Untracked 
|  70|0x0000000084600000, 0x0000000084700000, 0x0000000084700000|100%| O|  |TAMS 0x0000000084700000, 0x0000000084600000| Untracked 
|  71|0x0000000084700000, 0x0000000084800000, 0x0000000084800000|100%| O|  |TAMS 0x0000000084800000, 0x0000000084700000| Untracked 
|  72|0x0000000084800000, 0x0000000084900000, 0x0000000084900000|100%| O|  |TAMS 0x0000000084900000, 0x0000000084800000| Untracked 
|  73|0x0000000084900000, 0x0000000084a00000, 0x0000000084a00000|100%| O|  |TAMS 0x0000000084a00000, 0x0000000084900000| Untracked 
|  74|0x0000000084a00000, 0x0000000084b00000, 0x0000000084b00000|100%| O|  |TAMS 0x0000000084b00000, 0x0000000084a00000| Untracked 
|  75|0x0000000084b00000, 0x0000000084c00000, 0x0000000084c00000|100%| O|  |TAMS 0x0000000084c00000, 0x0000000084b00000| Untracked 
|  76|0x0000000084c00000, 0x0000000084d00000, 0x0000000084d00000|100%| O|  |TAMS 0x0000000084d00000, 0x0000000084c00000| Untracked 
|  77|0x0000000084d00000, 0x0000000084e00000, 0x0000000084e00000|100%| O|  |TAMS 0x0000000084e00000, 0x0000000084d00000| Untracked 
|  78|0x0000000084e00000, 0x0000000084f00000, 0x0000000084f00000|100%| O|  |TAMS 0x0000000084f00000, 0x0000000084e00000| Untracked 
|  79|0x0000000084f00000, 0x0000000085000000, 0x0000000085000000|100%| O|  |TAMS 0x0000000085000000, 0x0000000084f00000| Untracked 
|  80|0x0000000085000000, 0x0000000085100000, 0x0000000085100000|100%|HS|  |TAMS 0x0000000085100000, 0x0000000085000000| Complete 
|  81|0x0000000085100000, 0x0000000085200000, 0x0000000085200000|100%|HS|  |TAMS 0x0000000085200000, 0x0000000085100000| Complete 
|  82|0x0000000085200000, 0x0000000085300000, 0x0000000085300000|100%|HS|  |TAMS 0x0000000085300000, 0x0000000085200000| Complete 
|  83|0x0000000085300000, 0x0000000085400000, 0x0000000085400000|100%| O|  |TAMS 0x0000000085400000, 0x0000000085300000| Untracked 
|  84|0x0000000085400000, 0x0000000085500000, 0x0000000085500000|100%| O|  |TAMS 0x0000000085500000, 0x0000000085400000| Untracked 
|  85|0x0000000085500000, 0x0000000085600000, 0x0000000085600000|100%| O|  |TAMS 0x0000000085600000, 0x0000000085500000| Untracked 
|  86|0x0000000085600000, 0x0000000085700000, 0x0000000085700000|100%| O|  |TAMS 0x0000000085700000, 0x0000000085600000| Untracked 
|  87|0x0000000085700000, 0x0000000085800000, 0x0000000085800000|100%| O|  |TAMS 0x0000000085800000, 0x0000000085700000| Untracked 
|  88|0x0000000085800000, 0x0000000085900000, 0x0000000085900000|100%| O|  |TAMS 0x0000000085900000, 0x0000000085800000| Untracked 
|  89|0x0000000085900000, 0x0000000085a00000, 0x0000000085a00000|100%| O|  |TAMS 0x0000000085a00000, 0x0000000085900000| Untracked 
|  90|0x0000000085a00000, 0x0000000085b00000, 0x0000000085b00000|100%| O|  |TAMS 0x0000000085b00000, 0x0000000085a00000| Untracked 
|  91|0x0000000085b00000, 0x0000000085c00000, 0x0000000085c00000|100%|HS|  |TAMS 0x0000000085c00000, 0x0000000085b00000| Complete 
|  92|0x0000000085c00000, 0x0000000085d00000, 0x0000000085d00000|100%| O|  |TAMS 0x0000000085d00000, 0x0000000085c00000| Untracked 
|  93|0x0000000085d00000, 0x0000000085e00000, 0x0000000085e00000|100%|HS|  |TAMS 0x0000000085e00000, 0x0000000085d00000| Complete 
|  94|0x0000000085e00000, 0x0000000085f00000, 0x0000000085f00000|100%|HS|  |TAMS 0x0000000085f00000, 0x0000000085e00000| Complete 
|  95|0x0000000085f00000, 0x0000000086000000, 0x0000000086000000|100%| O|  |TAMS 0x0000000086000000, 0x0000000085f00000| Untracked 
|  96|0x0000000086000000, 0x0000000086100000, 0x0000000086100000|100%| O|  |TAMS 0x0000000086100000, 0x0000000086000000| Untracked 
|  97|0x0000000086100000, 0x0000000086200000, 0x0000000086200000|100%| O|  |TAMS 0x0000000086200000, 0x0000000086100000| Untracked 
|  98|0x0000000086200000, 0x0000000086300000, 0x0000000086300000|100%| O|  |TAMS 0x0000000086300000, 0x0000000086200000| Untracked 
|  99|0x0000000086300000, 0x0000000086400000, 0x0000000086400000|100%|HS|  |TAMS 0x0000000086400000, 0x0000000086300000| Complete 
| 100|0x0000000086400000, 0x0000000086500000, 0x0000000086500000|100%|HC|  |TAMS 0x0000000086500000, 0x0000000086400000| Complete 
| 101|0x0000000086500000, 0x0000000086600000, 0x0000000086600000|100%|HS|  |TAMS 0x0000000086600000, 0x0000000086500000| Complete 
| 102|0x0000000086600000, 0x0000000086700000, 0x0000000086700000|100%| O|  |TAMS 0x0000000086700000, 0x0000000086600000| Untracked 
| 103|0x0000000086700000, 0x0000000086800000, 0x0000000086800000|100%| O|  |TAMS 0x0000000086800000, 0x0000000086700000| Untracked 
| 104|0x0000000086800000, 0x0000000086900000, 0x0000000086900000|100%| O|  |TAMS 0x0000000086900000, 0x0000000086800000| Untracked 
| 105|0x0000000086900000, 0x0000000086a00000, 0x0000000086a00000|100%| O|  |TAMS 0x0000000086a00000, 0x0000000086900000| Untracked 
| 106|0x0000000086a00000, 0x0000000086b00000, 0x0000000086b00000|100%| O|  |TAMS 0x0000000086b00000, 0x0000000086a00000| Untracked 
| 107|0x0000000086b00000, 0x0000000086c00000, 0x0000000086c00000|100%| O|  |TAMS 0x0000000086c00000, 0x0000000086b00000| Untracked 
| 108|0x0000000086c00000, 0x0000000086d00000, 0x0000000086d00000|100%| O|  |TAMS 0x0000000086d00000, 0x0000000086c00000| Untracked 
| 109|0x0000000086d00000, 0x0000000086e00000, 0x0000000086e00000|100%| O|  |TAMS 0x0000000086e00000, 0x0000000086d00000| Untracked 
| 110|0x0000000086e00000, 0x0000000086f00000, 0x0000000086f00000|100%| O|  |TAMS 0x0000000086f00000, 0x0000000086e00000| Untracked 
| 111|0x0000000086f00000, 0x0000000087000000, 0x0000000087000000|100%| O|  |TAMS 0x0000000087000000, 0x0000000086f00000| Untracked 
| 112|0x0000000087000000, 0x0000000087100000, 0x0000000087100000|100%| O|  |TAMS 0x0000000087100000, 0x0000000087000000| Untracked 
| 113|0x0000000087100000, 0x0000000087200000, 0x0000000087200000|100%| O|  |TAMS 0x0000000087200000, 0x0000000087100000| Untracked 
| 114|0x0000000087200000, 0x0000000087300000, 0x0000000087300000|100%| O|  |TAMS 0x0000000087300000, 0x0000000087200000| Untracked 
| 115|0x0000000087300000, 0x0000000087400000, 0x0000000087400000|100%| O|  |TAMS 0x0000000087400000, 0x0000000087300000| Untracked 
| 116|0x0000000087400000, 0x0000000087500000, 0x0000000087500000|100%| O|  |TAMS 0x0000000087500000, 0x0000000087400000| Untracked 
| 117|0x0000000087500000, 0x0000000087600000, 0x0000000087600000|100%| O|  |TAMS 0x0000000087600000, 0x0000000087500000| Untracked 
| 118|0x0000000087600000, 0x0000000087700000, 0x0000000087700000|100%| O|  |TAMS 0x0000000087700000, 0x0000000087600000| Untracked 
| 119|0x0000000087700000, 0x0000000087800000, 0x0000000087800000|100%| O|  |TAMS 0x0000000087800000, 0x0000000087700000| Untracked 
| 120|0x0000000087800000, 0x0000000087900000, 0x0000000087900000|100%| O|  |TAMS 0x0000000087900000, 0x0000000087800000| Untracked 
| 121|0x0000000087900000, 0x0000000087a00000, 0x0000000087a00000|100%| O|  |TAMS 0x0000000087a00000, 0x0000000087900000| Untracked 
| 122|0x0000000087a00000, 0x0000000087b00000, 0x0000000087b00000|100%|HS|  |TAMS 0x0000000087b00000, 0x0000000087a00000| Complete 
| 123|0x0000000087b00000, 0x0000000087c00000, 0x0000000087c00000|100%| O|  |TAMS 0x0000000087c00000, 0x0000000087b00000| Untracked 
| 124|0x0000000087c00000, 0x0000000087d00000, 0x0000000087d00000|100%| O|  |TAMS 0x0000000087d00000, 0x0000000087c00000| Untracked 
| 125|0x0000000087d00000, 0x0000000087e00000, 0x0000000087e00000|100%| O|  |TAMS 0x0000000087e00000, 0x0000000087d00000| Untracked 
| 126|0x0000000087e00000, 0x0000000087f00000, 0x0000000087f00000|100%| O|  |TAMS 0x0000000087f00000, 0x0000000087e00000| Untracked 
| 127|0x0000000087f00000, 0x0000000088000000, 0x0000000088000000|100%| O|  |TAMS 0x0000000088000000, 0x0000000087f00000| Untracked 
| 128|0x0000000088000000, 0x0000000088100000, 0x0000000088100000|100%| O|  |TAMS 0x0000000088100000, 0x0000000088000000| Untracked 
| 129|0x0000000088100000, 0x0000000088200000, 0x0000000088200000|100%| O|  |TAMS 0x0000000088200000, 0x0000000088100000| Untracked 
| 130|0x0000000088200000, 0x0000000088300000, 0x0000000088300000|100%|HS|  |TAMS 0x0000000088300000, 0x0000000088200000| Complete 
| 131|0x0000000088300000, 0x0000000088400000, 0x0000000088400000|100%| O|  |TAMS 0x0000000088400000, 0x0000000088300000| Untracked 
| 132|0x0000000088400000, 0x0000000088500000, 0x0000000088500000|100%| O|  |TAMS 0x0000000088500000, 0x0000000088400000| Untracked 
| 133|0x0000000088500000, 0x0000000088600000, 0x0000000088600000|100%|HS|  |TAMS 0x0000000088600000, 0x0000000088500000| Complete 
| 134|0x0000000088600000, 0x0000000088700000, 0x0000000088700000|100%|HC|  |TAMS 0x0000000088700000, 0x0000000088600000| Complete 
| 135|0x0000000088700000, 0x0000000088800000, 0x0000000088800000|100%|HC|  |TAMS 0x0000000088800000, 0x0000000088700000| Complete 
| 136|0x0000000088800000, 0x0000000088900000, 0x0000000088900000|100%|HS|  |TAMS 0x0000000088900000, 0x0000000088800000| Complete 
| 137|0x0000000088900000, 0x0000000088a00000, 0x0000000088a00000|100%|HC|  |TAMS 0x0000000088a00000, 0x0000000088900000| Complete 
| 138|0x0000000088a00000, 0x0000000088b00000, 0x0000000088b00000|100%| O|  |TAMS 0x0000000088b00000, 0x0000000088a00000| Untracked 
| 139|0x0000000088b00000, 0x0000000088c00000, 0x0000000088c00000|100%| O|  |TAMS 0x0000000088c00000, 0x0000000088b00000| Untracked 
| 140|0x0000000088c00000, 0x0000000088d00000, 0x0000000088d00000|100%| O|  |TAMS 0x0000000088d00000, 0x0000000088c00000| Untracked 
| 141|0x0000000088d00000, 0x0000000088e00000, 0x0000000088e00000|100%| O|  |TAMS 0x0000000088e00000, 0x0000000088d00000| Untracked 
| 142|0x0000000088e00000, 0x0000000088f00000, 0x0000000088f00000|100%| O|  |TAMS 0x0000000088f00000, 0x0000000088e00000| Untracked 
| 143|0x0000000088f00000, 0x0000000089000000, 0x0000000089000000|100%|HS|  |TAMS 0x0000000088f00000, 0x0000000088f00000| Complete 
| 144|0x0000000089000000, 0x0000000089100000, 0x0000000089100000|100%| O|  |TAMS 0x0000000089100000, 0x0000000089000000| Untracked 
| 145|0x0000000089100000, 0x0000000089200000, 0x0000000089200000|100%| O|  |TAMS 0x0000000089200000, 0x0000000089100000| Untracked 
| 146|0x0000000089200000, 0x0000000089300000, 0x0000000089300000|100%| O|  |TAMS 0x0000000089300000, 0x0000000089200000| Untracked 
| 147|0x0000000089300000, 0x0000000089400000, 0x0000000089400000|100%| O|  |TAMS 0x0000000089400000, 0x0000000089300000| Untracked 
| 148|0x0000000089400000, 0x0000000089500000, 0x0000000089500000|100%| O|  |TAMS 0x0000000089500000, 0x0000000089400000| Untracked 
| 149|0x0000000089500000, 0x0000000089600000, 0x0000000089600000|100%| O|  |TAMS 0x0000000089600000, 0x0000000089500000| Untracked 
| 150|0x0000000089600000, 0x0000000089700000, 0x0000000089700000|100%| O|  |TAMS 0x0000000089700000, 0x0000000089600000| Untracked 
| 151|0x0000000089700000, 0x0000000089800000, 0x0000000089800000|100%| O|  |TAMS 0x0000000089800000, 0x0000000089700000| Untracked 
| 152|0x0000000089800000, 0x0000000089900000, 0x0000000089900000|100%| O|  |TAMS 0x0000000089900000, 0x0000000089800000| Untracked 
| 153|0x0000000089900000, 0x0000000089a00000, 0x0000000089a00000|100%| O|  |TAMS 0x0000000089a00000, 0x0000000089900000| Untracked 
| 154|0x0000000089a00000, 0x0000000089b00000, 0x0000000089b00000|100%| O|  |TAMS 0x0000000089b00000, 0x0000000089a00000| Untracked 
| 155|0x0000000089b00000, 0x0000000089c00000, 0x0000000089c00000|100%| O|  |TAMS 0x0000000089c00000, 0x0000000089b00000| Untracked 
| 156|0x0000000089c00000, 0x0000000089d00000, 0x0000000089d00000|100%| O|  |TAMS 0x0000000089d00000, 0x0000000089c00000| Untracked 
| 157|0x0000000089d00000, 0x0000000089e00000, 0x0000000089e00000|100%| O|  |TAMS 0x0000000089e00000, 0x0000000089d00000| Untracked 
| 158|0x0000000089e00000, 0x0000000089f00000, 0x0000000089f00000|100%|HS|  |TAMS 0x0000000089e00000, 0x0000000089e00000| Complete 
| 159|0x0000000089f00000, 0x000000008a000000, 0x000000008a000000|100%| O|  |TAMS 0x000000008a000000, 0x0000000089f00000| Untracked 
| 160|0x000000008a000000, 0x000000008a100000, 0x000000008a100000|100%| O|  |TAMS 0x000000008a100000, 0x000000008a000000| Untracked 
| 161|0x000000008a100000, 0x000000008a200000, 0x000000008a200000|100%| O|  |TAMS 0x000000008a200000, 0x000000008a100000| Untracked 
| 162|0x000000008a200000, 0x000000008a300000, 0x000000008a300000|100%| O|  |TAMS 0x000000008a300000, 0x000000008a200000| Untracked 
| 163|0x000000008a300000, 0x000000008a400000, 0x000000008a400000|100%|HS|  |TAMS 0x000000008a300000, 0x000000008a300000| Complete 
| 164|0x000000008a400000, 0x000000008a500000, 0x000000008a500000|100%|HS|  |TAMS 0x000000008a400000, 0x000000008a400000| Complete 
| 165|0x000000008a500000, 0x000000008a600000, 0x000000008a600000|100%|HS|  |TAMS 0x000000008a600000, 0x000000008a500000| Complete 
| 166|0x000000008a600000, 0x000000008a700000, 0x000000008a700000|100%|HC|  |TAMS 0x000000008a700000, 0x000000008a600000| Complete 
| 167|0x000000008a700000, 0x000000008a800000, 0x000000008a800000|100%| O|  |TAMS 0x000000008a800000, 0x000000008a700000| Untracked 
| 168|0x000000008a800000, 0x000000008a900000, 0x000000008a900000|100%| O|  |TAMS 0x000000008a900000, 0x000000008a800000| Untracked 
| 169|0x000000008a900000, 0x000000008aa00000, 0x000000008aa00000|100%| O|  |TAMS 0x000000008aa00000, 0x000000008a900000| Untracked 
| 170|0x000000008aa00000, 0x000000008ab00000, 0x000000008ab00000|100%| O|  |TAMS 0x000000008ab00000, 0x000000008aa00000| Untracked 
| 171|0x000000008ab00000, 0x000000008ac00000, 0x000000008ac00000|100%| O|  |TAMS 0x000000008ac00000, 0x000000008ab00000| Untracked 
| 172|0x000000008ac00000, 0x000000008ad00000, 0x000000008ad00000|100%| O|  |TAMS 0x000000008ad00000, 0x000000008ac00000| Untracked 
| 173|0x000000008ad00000, 0x000000008ae00000, 0x000000008ae00000|100%| O|  |TAMS 0x000000008ae00000, 0x000000008ad00000| Untracked 
| 174|0x000000008ae00000, 0x000000008af00000, 0x000000008af00000|100%|HS|  |TAMS 0x000000008ae00000, 0x000000008ae00000| Complete 
| 175|0x000000008af00000, 0x000000008b000000, 0x000000008b000000|100%| O|  |TAMS 0x000000008af00000, 0x000000008af00000| Untracked 
| 176|0x000000008b000000, 0x000000008b100000, 0x000000008b100000|100%| O|  |TAMS 0x000000008b000000, 0x000000008b000000| Untracked 
| 177|0x000000008b100000, 0x000000008b200000, 0x000000008b200000|100%| O|  |TAMS 0x000000008b100000, 0x000000008b100000| Untracked 
| 178|0x000000008b200000, 0x000000008b300000, 0x000000008b300000|100%| O|  |TAMS 0x000000008b200000, 0x000000008b200000| Untracked 
| 179|0x000000008b300000, 0x000000008b400000, 0x000000008b400000|100%| O|  |TAMS 0x000000008b300000, 0x000000008b300000| Untracked 
| 180|0x000000008b400000, 0x000000008b500000, 0x000000008b500000|100%| O|  |TAMS 0x000000008b400000, 0x000000008b400000| Untracked 
| 181|0x000000008b500000, 0x000000008b600000, 0x000000008b600000|100%| O|  |TAMS 0x000000008b500000, 0x000000008b500000| Untracked 
| 182|0x000000008b600000, 0x000000008b700000, 0x000000008b700000|100%| O|  |TAMS 0x000000008b600000, 0x000000008b600000| Untracked 
| 183|0x000000008b700000, 0x000000008b800000, 0x000000008b800000|100%| O|  |TAMS 0x000000008b700000, 0x000000008b700000| Untracked 
| 184|0x000000008b800000, 0x000000008b900000, 0x000000008b900000|100%| O|  |TAMS 0x000000008b800000, 0x000000008b800000| Untracked 
| 185|0x000000008b900000, 0x000000008ba00000, 0x000000008ba00000|100%| O|  |TAMS 0x000000008b900000, 0x000000008b900000| Untracked 
| 186|0x000000008ba00000, 0x000000008bb00000, 0x000000008bb00000|100%| O|  |TAMS 0x000000008ba00000, 0x000000008ba00000| Untracked 
| 187|0x000000008bb00000, 0x000000008bc00000, 0x000000008bc00000|100%| O|  |TAMS 0x000000008bb00000, 0x000000008bb00000| Untracked 
| 188|0x000000008bc00000, 0x000000008bd00000, 0x000000008bd00000|100%| O|  |TAMS 0x000000008bc00000, 0x000000008bc00000| Untracked 
| 189|0x000000008bd00000, 0x000000008be00000, 0x000000008be00000|100%| O|  |TAMS 0x000000008bd00000, 0x000000008bd00000| Untracked 
| 190|0x000000008be00000, 0x000000008bf00000, 0x000000008bf00000|100%| O|  |TAMS 0x000000008be00000, 0x000000008be00000| Untracked 
| 191|0x000000008bf00000, 0x000000008c000000, 0x000000008c000000|100%| O|  |TAMS 0x000000008bf00000, 0x000000008bf00000| Untracked 
| 192|0x000000008c000000, 0x000000008c100000, 0x000000008c100000|100%| O|  |TAMS 0x000000008c000000, 0x000000008c000000| Untracked 
| 193|0x000000008c100000, 0x000000008c200000, 0x000000008c200000|100%|HS|  |TAMS 0x000000008c100000, 0x000000008c100000| Complete 
| 194|0x000000008c200000, 0x000000008c300000, 0x000000008c300000|100%|HS|  |TAMS 0x000000008c200000, 0x000000008c200000| Complete 
| 195|0x000000008c300000, 0x000000008c400000, 0x000000008c400000|100%|HS|  |TAMS 0x000000008c300000, 0x000000008c300000| Complete 
| 196|0x000000008c400000, 0x000000008c500000, 0x000000008c500000|100%|HS|  |TAMS 0x000000008c400000, 0x000000008c400000| Complete 
| 197|0x000000008c500000, 0x000000008c600000, 0x000000008c600000|100%|HS|  |TAMS 0x000000008c500000, 0x000000008c500000| Complete 
| 198|0x000000008c600000, 0x000000008c700000, 0x000000008c700000|100%|HS|  |TAMS 0x000000008c600000, 0x000000008c600000| Complete 
| 199|0x000000008c700000, 0x000000008c800000, 0x000000008c800000|100%| O|  |TAMS 0x000000008c700000, 0x000000008c700000| Untracked 
| 200|0x000000008c800000, 0x000000008c900000, 0x000000008c900000|100%| O|  |TAMS 0x000000008c800000, 0x000000008c800000| Untracked 
| 201|0x000000008c900000, 0x000000008ca00000, 0x000000008ca00000|100%| O|  |TAMS 0x000000008c900000, 0x000000008c900000| Untracked 
| 202|0x000000008ca00000, 0x000000008cb00000, 0x000000008cb00000|100%| O|  |TAMS 0x000000008ca00000, 0x000000008ca00000| Untracked 
| 203|0x000000008cb00000, 0x000000008cc00000, 0x000000008cc00000|100%| O|  |TAMS 0x000000008cb00000, 0x000000008cb00000| Untracked 
| 204|0x000000008cc00000, 0x000000008cd00000, 0x000000008cd00000|100%| O|  |TAMS 0x000000008cc00000, 0x000000008cc00000| Untracked 
| 205|0x000000008cd00000, 0x000000008ce00000, 0x000000008ce00000|100%| O|  |TAMS 0x000000008cd00000, 0x000000008cd00000| Untracked 
| 206|0x000000008ce00000, 0x000000008cf00000, 0x000000008cf00000|100%| O|  |TAMS 0x000000008ce00000, 0x000000008ce00000| Untracked 
| 207|0x000000008cf00000, 0x000000008d000000, 0x000000008d000000|100%| O|  |TAMS 0x000000008cf00000, 0x000000008cf00000| Untracked 
| 208|0x000000008d000000, 0x000000008d100000, 0x000000008d100000|100%| O|  |TAMS 0x000000008d000000, 0x000000008d000000| Untracked 
| 209|0x000000008d100000, 0x000000008d200000, 0x000000008d200000|100%| O|  |TAMS 0x000000008d100000, 0x000000008d100000| Untracked 
| 210|0x000000008d200000, 0x000000008d300000, 0x000000008d300000|100%| O|  |TAMS 0x000000008d200000, 0x000000008d200000| Untracked 
| 211|0x000000008d300000, 0x000000008d400000, 0x000000008d400000|100%| O|  |TAMS 0x000000008d300000, 0x000000008d300000| Untracked 
| 212|0x000000008d400000, 0x000000008d500000, 0x000000008d500000|100%| O|  |TAMS 0x000000008d400000, 0x000000008d400000| Untracked 
| 213|0x000000008d500000, 0x000000008d600000, 0x000000008d600000|100%| O|  |TAMS 0x000000008d500000, 0x000000008d500000| Untracked 
| 214|0x000000008d600000, 0x000000008d700000, 0x000000008d700000|100%| O|  |TAMS 0x000000008d600000, 0x000000008d600000| Untracked 
| 215|0x000000008d700000, 0x000000008d800000, 0x000000008d800000|100%| O|  |TAMS 0x000000008d700000, 0x000000008d700000| Untracked 
| 216|0x000000008d800000, 0x000000008d900000, 0x000000008d900000|100%| O|  |TAMS 0x000000008d800000, 0x000000008d800000| Untracked 
| 217|0x000000008d900000, 0x000000008d94a400, 0x000000008da00000| 29%| O|  |TAMS 0x000000008d900000, 0x000000008d900000| Untracked 
| 218|0x000000008da00000, 0x000000008db00000, 0x000000008db00000|100%|HS|  |TAMS 0x000000008da00000, 0x000000008da00000| Complete 
| 219|0x000000008db00000, 0x000000008dc00000, 0x000000008dc00000|100%|HS|  |TAMS 0x000000008db00000, 0x000000008db00000| Complete 
| 220|0x000000008dc00000, 0x000000008dd00000, 0x000000008dd00000|100%|HS|  |TAMS 0x000000008dc00000, 0x000000008dc00000| Complete 
| 221|0x000000008dd00000, 0x000000008dd00000, 0x000000008de00000|  0%| F|  |TAMS 0x000000008dd00000, 0x000000008dd00000| Untracked 
| 222|0x000000008de00000, 0x000000008de00000, 0x000000008df00000|  0%| F|  |TAMS 0x000000008de00000, 0x000000008de00000| Untracked 
| 223|0x000000008df00000, 0x000000008df00000, 0x000000008e000000|  0%| F|  |TAMS 0x000000008df00000, 0x000000008df00000| Untracked 
| 224|0x000000008e000000, 0x000000008e000000, 0x000000008e100000|  0%| F|  |TAMS 0x000000008e000000, 0x000000008e000000| Untracked 
| 225|0x000000008e100000, 0x000000008e100000, 0x000000008e200000|  0%| F|  |TAMS 0x000000008e100000, 0x000000008e100000| Untracked 
| 226|0x000000008e200000, 0x000000008e200000, 0x000000008e300000|  0%| F|  |TAMS 0x000000008e200000, 0x000000008e200000| Untracked 
| 227|0x000000008e300000, 0x000000008e300000, 0x000000008e400000|  0%| F|  |TAMS 0x000000008e300000, 0x000000008e300000| Untracked 
| 228|0x000000008e400000, 0x000000008e400000, 0x000000008e500000|  0%| F|  |TAMS 0x000000008e400000, 0x000000008e400000| Untracked 
| 229|0x000000008e500000, 0x000000008e500000, 0x000000008e600000|  0%| F|  |TAMS 0x000000008e500000, 0x000000008e500000| Untracked 
| 230|0x000000008e600000, 0x000000008e600000, 0x000000008e700000|  0%| F|  |TAMS 0x000000008e600000, 0x000000008e600000| Untracked 
| 231|0x000000008e700000, 0x000000008e700000, 0x000000008e800000|  0%| F|  |TAMS 0x000000008e700000, 0x000000008e700000| Untracked 
| 232|0x000000008e800000, 0x000000008e800000, 0x000000008e900000|  0%| F|  |TAMS 0x000000008e800000, 0x000000008e800000| Untracked 
| 233|0x000000008e900000, 0x000000008e900000, 0x000000008ea00000|  0%| F|  |TAMS 0x000000008e900000, 0x000000008e900000| Untracked 
| 234|0x000000008ea00000, 0x000000008ea00000, 0x000000008eb00000|  0%| F|  |TAMS 0x000000008ea00000, 0x000000008ea00000| Untracked 
| 235|0x000000008eb00000, 0x000000008eb00000, 0x000000008ec00000|  0%| F|  |TAMS 0x000000008eb00000, 0x000000008eb00000| Untracked 
| 236|0x000000008ec00000, 0x000000008ec00000, 0x000000008ed00000|  0%| F|  |TAMS 0x000000008ec00000, 0x000000008ec00000| Untracked 
| 237|0x000000008ed00000, 0x000000008ed00000, 0x000000008ee00000|  0%| F|  |TAMS 0x000000008ed00000, 0x000000008ed00000| Untracked 
| 238|0x000000008ee00000, 0x000000008ee00000, 0x000000008ef00000|  0%| F|  |TAMS 0x000000008ee00000, 0x000000008ee00000| Untracked 
| 239|0x000000008ef00000, 0x000000008ef00000, 0x000000008f000000|  0%| F|  |TAMS 0x000000008ef00000, 0x000000008ef00000| Untracked 
| 240|0x000000008f000000, 0x000000008f000000, 0x000000008f100000|  0%| F|  |TAMS 0x000000008f000000, 0x000000008f000000| Untracked 
| 241|0x000000008f100000, 0x000000008f100000, 0x000000008f200000|  0%| F|  |TAMS 0x000000008f100000, 0x000000008f100000| Untracked 
| 242|0x000000008f200000, 0x000000008f200000, 0x000000008f300000|  0%| F|  |TAMS 0x000000008f200000, 0x000000008f200000| Untracked 
| 243|0x000000008f300000, 0x000000008f300000, 0x000000008f400000|  0%| F|  |TAMS 0x000000008f300000, 0x000000008f300000| Untracked 
| 244|0x000000008f400000, 0x000000008f400000, 0x000000008f500000|  0%| F|  |TAMS 0x000000008f400000, 0x000000008f400000| Untracked 
| 245|0x000000008f500000, 0x000000008f500000, 0x000000008f600000|  0%| F|  |TAMS 0x000000008f500000, 0x000000008f500000| Untracked 
| 246|0x000000008f600000, 0x000000008f600000, 0x000000008f700000|  0%| F|  |TAMS 0x000000008f600000, 0x000000008f600000| Untracked 
| 247|0x000000008f700000, 0x000000008f700000, 0x000000008f800000|  0%| F|  |TAMS 0x000000008f700000, 0x000000008f700000| Untracked 
| 248|0x000000008f800000, 0x000000008f800000, 0x000000008f900000|  0%| F|  |TAMS 0x000000008f800000, 0x000000008f800000| Untracked 
| 249|0x000000008f900000, 0x000000008f900000, 0x000000008fa00000|  0%| F|  |TAMS 0x000000008f900000, 0x000000008f900000| Untracked 
| 250|0x000000008fa00000, 0x000000008fa00000, 0x000000008fb00000|  0%| F|  |TAMS 0x000000008fa00000, 0x000000008fa00000| Untracked 
| 251|0x000000008fb00000, 0x000000008fb00000, 0x000000008fc00000|  0%| F|  |TAMS 0x000000008fb00000, 0x000000008fb00000| Untracked 
| 252|0x000000008fc00000, 0x000000008fc00000, 0x000000008fd00000|  0%| F|  |TAMS 0x000000008fc00000, 0x000000008fc00000| Untracked 
| 253|0x000000008fd00000, 0x000000008fd00000, 0x000000008fe00000|  0%| F|  |TAMS 0x000000008fd00000, 0x000000008fd00000| Untracked 
| 254|0x000000008fe00000, 0x000000008fe00000, 0x000000008ff00000|  0%| F|  |TAMS 0x000000008fe00000, 0x000000008fe00000| Untracked 
| 255|0x000000008ff00000, 0x000000008ff00000, 0x0000000090000000|  0%| F|  |TAMS 0x000000008ff00000, 0x000000008ff00000| Untracked 
| 256|0x0000000090000000, 0x0000000090000000, 0x0000000090100000|  0%| F|  |TAMS 0x0000000090000000, 0x0000000090000000| Untracked 
| 257|0x0000000090100000, 0x0000000090100000, 0x0000000090200000|  0%| F|  |TAMS 0x0000000090100000, 0x0000000090100000| Untracked 
| 258|0x0000000090200000, 0x0000000090200000, 0x0000000090300000|  0%| F|  |TAMS 0x0000000090200000, 0x0000000090200000| Untracked 
| 259|0x0000000090300000, 0x0000000090300000, 0x0000000090400000|  0%| F|  |TAMS 0x0000000090300000, 0x0000000090300000| Untracked 
| 260|0x0000000090400000, 0x0000000090400000, 0x0000000090500000|  0%| F|  |TAMS 0x0000000090400000, 0x0000000090400000| Untracked 
| 261|0x0000000090500000, 0x0000000090500000, 0x0000000090600000|  0%| F|  |TAMS 0x0000000090500000, 0x0000000090500000| Untracked 
| 262|0x0000000090600000, 0x0000000090600000, 0x0000000090700000|  0%| F|  |TAMS 0x0000000090600000, 0x0000000090600000| Untracked 
| 263|0x0000000090700000, 0x0000000090700000, 0x0000000090800000|  0%| F|  |TAMS 0x0000000090700000, 0x0000000090700000| Untracked 
| 264|0x0000000090800000, 0x0000000090800000, 0x0000000090900000|  0%| F|  |TAMS 0x0000000090800000, 0x0000000090800000| Untracked 
| 265|0x0000000090900000, 0x0000000090900000, 0x0000000090a00000|  0%| F|  |TAMS 0x0000000090900000, 0x0000000090900000| Untracked 
| 266|0x0000000090a00000, 0x0000000090a00000, 0x0000000090b00000|  0%| F|  |TAMS 0x0000000090a00000, 0x0000000090a00000| Untracked 
| 267|0x0000000090b00000, 0x0000000090b00000, 0x0000000090c00000|  0%| F|  |TAMS 0x0000000090b00000, 0x0000000090b00000| Untracked 
| 268|0x0000000090c00000, 0x0000000090c00000, 0x0000000090d00000|  0%| F|  |TAMS 0x0000000090c00000, 0x0000000090c00000| Untracked 
| 269|0x0000000090d00000, 0x0000000090d00000, 0x0000000090e00000|  0%| F|  |TAMS 0x0000000090d00000, 0x0000000090d00000| Untracked 
| 270|0x0000000090e00000, 0x0000000090e00000, 0x0000000090f00000|  0%| F|  |TAMS 0x0000000090e00000, 0x0000000090e00000| Untracked 
| 271|0x0000000090f00000, 0x0000000090f00000, 0x0000000091000000|  0%| F|  |TAMS 0x0000000090f00000, 0x0000000090f00000| Untracked 
| 272|0x0000000091000000, 0x0000000091000000, 0x0000000091100000|  0%| F|  |TAMS 0x0000000091000000, 0x0000000091000000| Untracked 
| 273|0x0000000091100000, 0x0000000091100000, 0x0000000091200000|  0%| F|  |TAMS 0x0000000091100000, 0x0000000091100000| Untracked 
| 274|0x0000000091200000, 0x0000000091200000, 0x0000000091300000|  0%| F|  |TAMS 0x0000000091200000, 0x0000000091200000| Untracked 
| 275|0x0000000091300000, 0x0000000091300000, 0x0000000091400000|  0%| F|  |TAMS 0x0000000091300000, 0x0000000091300000| Untracked 
| 276|0x0000000091400000, 0x0000000091400000, 0x0000000091500000|  0%| F|  |TAMS 0x0000000091400000, 0x0000000091400000| Untracked 
| 277|0x0000000091500000, 0x0000000091500000, 0x0000000091600000|  0%| F|  |TAMS 0x0000000091500000, 0x0000000091500000| Untracked 
| 278|0x0000000091600000, 0x0000000091600000, 0x0000000091700000|  0%| F|  |TAMS 0x0000000091600000, 0x0000000091600000| Untracked 
| 279|0x0000000091700000, 0x0000000091700000, 0x0000000091800000|  0%| F|  |TAMS 0x0000000091700000, 0x0000000091700000| Untracked 
| 280|0x0000000091800000, 0x0000000091800000, 0x0000000091900000|  0%| F|  |TAMS 0x0000000091800000, 0x0000000091800000| Untracked 
| 281|0x0000000091900000, 0x0000000091900000, 0x0000000091a00000|  0%| F|  |TAMS 0x0000000091900000, 0x0000000091900000| Untracked 
| 282|0x0000000091a00000, 0x0000000091a00000, 0x0000000091b00000|  0%| F|  |TAMS 0x0000000091a00000, 0x0000000091a00000| Untracked 
| 283|0x0000000091b00000, 0x0000000091b00000, 0x0000000091c00000|  0%| F|  |TAMS 0x0000000091b00000, 0x0000000091b00000| Untracked 
| 284|0x0000000091c00000, 0x0000000091c00000, 0x0000000091d00000|  0%| F|  |TAMS 0x0000000091c00000, 0x0000000091c00000| Untracked 
| 285|0x0000000091d00000, 0x0000000091d00000, 0x0000000091e00000|  0%| F|  |TAMS 0x0000000091d00000, 0x0000000091d00000| Untracked 
| 286|0x0000000091e00000, 0x0000000091e00000, 0x0000000091f00000|  0%| F|  |TAMS 0x0000000091e00000, 0x0000000091e00000| Untracked 
| 287|0x0000000091f00000, 0x0000000091f00000, 0x0000000092000000|  0%| F|  |TAMS 0x0000000091f00000, 0x0000000091f00000| Untracked 
| 288|0x0000000092000000, 0x0000000092000000, 0x0000000092100000|  0%| F|  |TAMS 0x0000000092000000, 0x0000000092000000| Untracked 
| 289|0x0000000092100000, 0x0000000092100000, 0x0000000092200000|  0%| F|  |TAMS 0x0000000092100000, 0x0000000092100000| Untracked 
| 290|0x0000000092200000, 0x0000000092200000, 0x0000000092300000|  0%| F|  |TAMS 0x0000000092200000, 0x0000000092200000| Untracked 
| 291|0x0000000092300000, 0x0000000092300000, 0x0000000092400000|  0%| F|  |TAMS 0x0000000092300000, 0x0000000092300000| Untracked 
| 292|0x0000000092400000, 0x0000000092400000, 0x0000000092500000|  0%| F|  |TAMS 0x0000000092400000, 0x0000000092400000| Untracked 
| 293|0x0000000092500000, 0x0000000092500000, 0x0000000092600000|  0%| F|  |TAMS 0x0000000092500000, 0x0000000092500000| Untracked 
| 294|0x0000000092600000, 0x0000000092600000, 0x0000000092700000|  0%| F|  |TAMS 0x0000000092600000, 0x0000000092600000| Untracked 
| 295|0x0000000092700000, 0x0000000092700000, 0x0000000092800000|  0%| F|  |TAMS 0x0000000092700000, 0x0000000092700000| Untracked 
| 296|0x0000000092800000, 0x0000000092800000, 0x0000000092900000|  0%| F|  |TAMS 0x0000000092800000, 0x0000000092800000| Untracked 
| 297|0x0000000092900000, 0x0000000092900000, 0x0000000092a00000|  0%| F|  |TAMS 0x0000000092900000, 0x0000000092900000| Untracked 
| 298|0x0000000092a00000, 0x0000000092a00000, 0x0000000092b00000|  0%| F|  |TAMS 0x0000000092a00000, 0x0000000092a00000| Untracked 
| 299|0x0000000092b00000, 0x0000000092b00000, 0x0000000092c00000|  0%| F|  |TAMS 0x0000000092b00000, 0x0000000092b00000| Untracked 
| 300|0x0000000092c00000, 0x0000000092c00000, 0x0000000092d00000|  0%| F|  |TAMS 0x0000000092c00000, 0x0000000092c00000| Untracked 
| 301|0x0000000092d00000, 0x0000000092d00000, 0x0000000092e00000|  0%| F|  |TAMS 0x0000000092d00000, 0x0000000092d00000| Untracked 
| 302|0x0000000092e00000, 0x0000000092e00000, 0x0000000092f00000|  0%| F|  |TAMS 0x0000000092e00000, 0x0000000092e00000| Untracked 
| 303|0x0000000092f00000, 0x0000000092f00000, 0x0000000093000000|  0%| F|  |TAMS 0x0000000092f00000, 0x0000000092f00000| Untracked 
| 304|0x0000000093000000, 0x0000000093000000, 0x0000000093100000|  0%| F|  |TAMS 0x0000000093000000, 0x0000000093000000| Untracked 
| 305|0x0000000093100000, 0x0000000093100000, 0x0000000093200000|  0%| F|  |TAMS 0x0000000093100000, 0x0000000093100000| Untracked 
| 306|0x0000000093200000, 0x0000000093200000, 0x0000000093300000|  0%| F|  |TAMS 0x0000000093200000, 0x0000000093200000| Untracked 
| 307|0x0000000093300000, 0x0000000093300000, 0x0000000093400000|  0%| F|  |TAMS 0x0000000093300000, 0x0000000093300000| Untracked 
| 308|0x0000000093400000, 0x0000000093400000, 0x0000000093500000|  0%| F|  |TAMS 0x0000000093400000, 0x0000000093400000| Untracked 
| 309|0x0000000093500000, 0x0000000093500000, 0x0000000093600000|  0%| F|  |TAMS 0x0000000093500000, 0x0000000093500000| Untracked 
| 310|0x0000000093600000, 0x0000000093600000, 0x0000000093700000|  0%| F|  |TAMS 0x0000000093600000, 0x0000000093600000| Untracked 
| 311|0x0000000093700000, 0x0000000093700000, 0x0000000093800000|  0%| F|  |TAMS 0x0000000093700000, 0x0000000093700000| Untracked 
| 312|0x0000000093800000, 0x0000000093800000, 0x0000000093900000|  0%| F|  |TAMS 0x0000000093800000, 0x0000000093800000| Untracked 
| 313|0x0000000093900000, 0x0000000093900000, 0x0000000093a00000|  0%| F|  |TAMS 0x0000000093900000, 0x0000000093900000| Untracked 
| 314|0x0000000093a00000, 0x0000000093a00000, 0x0000000093b00000|  0%| F|  |TAMS 0x0000000093a00000, 0x0000000093a00000| Untracked 
| 315|0x0000000093b00000, 0x0000000093b00000, 0x0000000093c00000|  0%| F|  |TAMS 0x0000000093b00000, 0x0000000093b00000| Untracked 
| 316|0x0000000093c00000, 0x0000000093c00000, 0x0000000093d00000|  0%| F|  |TAMS 0x0000000093c00000, 0x0000000093c00000| Untracked 
| 317|0x0000000093d00000, 0x0000000093d00000, 0x0000000093e00000|  0%| F|  |TAMS 0x0000000093d00000, 0x0000000093d00000| Untracked 
| 318|0x0000000093e00000, 0x0000000093e00000, 0x0000000093f00000|  0%| F|  |TAMS 0x0000000093e00000, 0x0000000093e00000| Untracked 
| 319|0x0000000093f00000, 0x0000000093f00000, 0x0000000094000000|  0%| F|  |TAMS 0x0000000093f00000, 0x0000000093f00000| Untracked 
| 320|0x0000000094000000, 0x0000000094000000, 0x0000000094100000|  0%| F|  |TAMS 0x0000000094000000, 0x0000000094000000| Untracked 
| 321|0x0000000094100000, 0x0000000094100000, 0x0000000094200000|  0%| F|  |TAMS 0x0000000094100000, 0x0000000094100000| Untracked 
| 322|0x0000000094200000, 0x0000000094200000, 0x0000000094300000|  0%| F|  |TAMS 0x0000000094200000, 0x0000000094200000| Untracked 
| 323|0x0000000094300000, 0x0000000094300000, 0x0000000094400000|  0%| F|  |TAMS 0x0000000094300000, 0x0000000094300000| Untracked 
| 324|0x0000000094400000, 0x0000000094400000, 0x0000000094500000|  0%| F|  |TAMS 0x0000000094400000, 0x0000000094400000| Untracked 
| 325|0x0000000094500000, 0x0000000094500000, 0x0000000094600000|  0%| F|  |TAMS 0x0000000094500000, 0x0000000094500000| Untracked 
| 326|0x0000000094600000, 0x0000000094600000, 0x0000000094700000|  0%| F|  |TAMS 0x0000000094600000, 0x0000000094600000| Untracked 
| 327|0x0000000094700000, 0x0000000094700000, 0x0000000094800000|  0%| F|  |TAMS 0x0000000094700000, 0x0000000094700000| Untracked 
| 328|0x0000000094800000, 0x0000000094800000, 0x0000000094900000|  0%| F|  |TAMS 0x0000000094800000, 0x0000000094800000| Untracked 
| 329|0x0000000094900000, 0x0000000094900000, 0x0000000094a00000|  0%| F|  |TAMS 0x0000000094900000, 0x0000000094900000| Untracked 
| 330|0x0000000094a00000, 0x0000000094a00000, 0x0000000094b00000|  0%| F|  |TAMS 0x0000000094a00000, 0x0000000094a00000| Untracked 
| 331|0x0000000094b00000, 0x0000000094b00000, 0x0000000094c00000|  0%| F|  |TAMS 0x0000000094b00000, 0x0000000094b00000| Untracked 
| 332|0x0000000094c00000, 0x0000000094c00000, 0x0000000094d00000|  0%| F|  |TAMS 0x0000000094c00000, 0x0000000094c00000| Untracked 
| 333|0x0000000094d00000, 0x0000000094d00000, 0x0000000094e00000|  0%| F|  |TAMS 0x0000000094d00000, 0x0000000094d00000| Untracked 
| 334|0x0000000094e00000, 0x0000000094e00000, 0x0000000094f00000|  0%| F|  |TAMS 0x0000000094e00000, 0x0000000094e00000| Untracked 
| 335|0x0000000094f00000, 0x0000000094f00000, 0x0000000095000000|  0%| F|  |TAMS 0x0000000094f00000, 0x0000000094f00000| Untracked 
| 336|0x0000000095000000, 0x0000000095000000, 0x0000000095100000|  0%| F|  |TAMS 0x0000000095000000, 0x0000000095000000| Untracked 
| 337|0x0000000095100000, 0x0000000095100000, 0x0000000095200000|  0%| F|  |TAMS 0x0000000095100000, 0x0000000095100000| Untracked 
| 338|0x0000000095200000, 0x0000000095200000, 0x0000000095300000|  0%| F|  |TAMS 0x0000000095200000, 0x0000000095200000| Untracked 
| 339|0x0000000095300000, 0x0000000095300000, 0x0000000095400000|  0%| F|  |TAMS 0x0000000095300000, 0x0000000095300000| Untracked 
| 340|0x0000000095400000, 0x0000000095400000, 0x0000000095500000|  0%| F|  |TAMS 0x0000000095400000, 0x0000000095400000| Untracked 
| 341|0x0000000095500000, 0x0000000095500000, 0x0000000095600000|  0%| F|  |TAMS 0x0000000095500000, 0x0000000095500000| Untracked 
| 342|0x0000000095600000, 0x0000000095600000, 0x0000000095700000|  0%| F|  |TAMS 0x0000000095600000, 0x0000000095600000| Untracked 
| 343|0x0000000095700000, 0x0000000095700000, 0x0000000095800000|  0%| F|  |TAMS 0x0000000095700000, 0x0000000095700000| Untracked 
| 344|0x0000000095800000, 0x0000000095900000, 0x0000000095900000|100%| S|CS|TAMS 0x0000000095800000, 0x0000000095800000| Complete 
| 345|0x0000000095900000, 0x0000000095a00000, 0x0000000095a00000|100%| S|CS|TAMS 0x0000000095900000, 0x0000000095900000| Complete 
| 346|0x0000000095a00000, 0x0000000095b00000, 0x0000000095b00000|100%| S|CS|TAMS 0x0000000095a00000, 0x0000000095a00000| Complete 
| 347|0x0000000095b00000, 0x0000000095c00000, 0x0000000095c00000|100%| S|CS|TAMS 0x0000000095b00000, 0x0000000095b00000| Complete 
| 348|0x0000000095c00000, 0x0000000095d00000, 0x0000000095d00000|100%| S|CS|TAMS 0x0000000095c00000, 0x0000000095c00000| Complete 
| 349|0x0000000095d00000, 0x0000000095e00000, 0x0000000095e00000|100%| S|CS|TAMS 0x0000000095d00000, 0x0000000095d00000| Complete 
| 350|0x0000000095e00000, 0x0000000095f00000, 0x0000000095f00000|100%| S|CS|TAMS 0x0000000095e00000, 0x0000000095e00000| Complete 
| 351|0x0000000095f00000, 0x0000000096000000, 0x0000000096000000|100%| S|CS|TAMS 0x0000000095f00000, 0x0000000095f00000| Complete 
| 352|0x0000000096000000, 0x0000000096100000, 0x0000000096100000|100%| S|CS|TAMS 0x0000000096000000, 0x0000000096000000| Complete 
| 353|0x0000000096100000, 0x0000000096200000, 0x0000000096200000|100%| S|CS|TAMS 0x0000000096100000, 0x0000000096100000| Complete 
| 354|0x0000000096200000, 0x0000000096300000, 0x0000000096300000|100%| S|CS|TAMS 0x0000000096200000, 0x0000000096200000| Complete 
| 355|0x0000000096300000, 0x0000000096300000, 0x0000000096400000|  0%| F|  |TAMS 0x0000000096300000, 0x0000000096300000| Untracked 
| 356|0x0000000096400000, 0x0000000096400000, 0x0000000096500000|  0%| F|  |TAMS 0x0000000096400000, 0x0000000096400000| Untracked 
| 357|0x0000000096500000, 0x0000000096500000, 0x0000000096600000|  0%| F|  |TAMS 0x0000000096500000, 0x0000000096500000| Untracked 
| 358|0x0000000096600000, 0x0000000096600000, 0x0000000096700000|  0%| F|  |TAMS 0x0000000096600000, 0x0000000096600000| Untracked 
| 359|0x0000000096700000, 0x0000000096700000, 0x0000000096800000|  0%| F|  |TAMS 0x0000000096700000, 0x0000000096700000| Untracked 
| 360|0x0000000096800000, 0x0000000096800000, 0x0000000096900000|  0%| F|  |TAMS 0x0000000096800000, 0x0000000096800000| Untracked 
| 361|0x0000000096900000, 0x0000000096900000, 0x0000000096a00000|  0%| F|  |TAMS 0x0000000096900000, 0x0000000096900000| Untracked 
| 362|0x0000000096a00000, 0x0000000096a00000, 0x0000000096b00000|  0%| F|  |TAMS 0x0000000096a00000, 0x0000000096a00000| Untracked 
| 363|0x0000000096b00000, 0x0000000096b00000, 0x0000000096c00000|  0%| F|  |TAMS 0x0000000096b00000, 0x0000000096b00000| Untracked 
| 364|0x0000000096c00000, 0x0000000096c00000, 0x0000000096d00000|  0%| F|  |TAMS 0x0000000096c00000, 0x0000000096c00000| Untracked 
| 365|0x0000000096d00000, 0x0000000096d00000, 0x0000000096e00000|  0%| F|  |TAMS 0x0000000096d00000, 0x0000000096d00000| Untracked 
| 366|0x0000000096e00000, 0x0000000096e00000, 0x0000000096f00000|  0%| F|  |TAMS 0x0000000096e00000, 0x0000000096e00000| Untracked 
| 367|0x0000000096f00000, 0x0000000096f00000, 0x0000000097000000|  0%| F|  |TAMS 0x0000000096f00000, 0x0000000096f00000| Untracked 
| 368|0x0000000097000000, 0x0000000097000000, 0x0000000097100000|  0%| F|  |TAMS 0x0000000097000000, 0x0000000097000000| Untracked 
| 369|0x0000000097100000, 0x0000000097100000, 0x0000000097200000|  0%| F|  |TAMS 0x0000000097100000, 0x0000000097100000| Untracked 
| 370|0x0000000097200000, 0x0000000097200000, 0x0000000097300000|  0%| F|  |TAMS 0x0000000097200000, 0x0000000097200000| Untracked 
| 371|0x0000000097300000, 0x0000000097300000, 0x0000000097400000|  0%| F|  |TAMS 0x0000000097300000, 0x0000000097300000| Untracked 
| 372|0x0000000097400000, 0x0000000097400000, 0x0000000097500000|  0%| F|  |TAMS 0x0000000097400000, 0x0000000097400000| Untracked 
| 373|0x0000000097500000, 0x0000000097500000, 0x0000000097600000|  0%| F|  |TAMS 0x0000000097500000, 0x0000000097500000| Untracked 
| 374|0x0000000097600000, 0x0000000097600000, 0x0000000097700000|  0%| F|  |TAMS 0x0000000097600000, 0x0000000097600000| Untracked 
| 375|0x0000000097700000, 0x0000000097700000, 0x0000000097800000|  0%| F|  |TAMS 0x0000000097700000, 0x0000000097700000| Untracked 
| 376|0x0000000097800000, 0x0000000097800000, 0x0000000097900000|  0%| F|  |TAMS 0x0000000097800000, 0x0000000097800000| Untracked 
| 377|0x0000000097900000, 0x0000000097a00000, 0x0000000097a00000|100%| S|CS|TAMS 0x0000000097900000, 0x0000000097900000| Complete 
| 378|0x0000000097a00000, 0x0000000097b00000, 0x0000000097b00000|100%| S|CS|TAMS 0x0000000097a00000, 0x0000000097a00000| Complete 
| 379|0x0000000097b00000, 0x0000000097c00000, 0x0000000097c00000|100%| S|CS|TAMS 0x0000000097b00000, 0x0000000097b00000| Complete 
| 380|0x0000000097c00000, 0x0000000097d00000, 0x0000000097d00000|100%| S|CS|TAMS 0x0000000097c00000, 0x0000000097c00000| Complete 
| 381|0x0000000097d00000, 0x0000000097e00000, 0x0000000097e00000|100%| S|CS|TAMS 0x0000000097d00000, 0x0000000097d00000| Complete 
| 382|0x0000000097e00000, 0x0000000097f00000, 0x0000000097f00000|100%| S|CS|TAMS 0x0000000097e00000, 0x0000000097e00000| Complete 
| 383|0x0000000097f00000, 0x0000000098000000, 0x0000000098000000|100%| S|CS|TAMS 0x0000000097f00000, 0x0000000097f00000| Complete 
| 384|0x0000000098000000, 0x0000000098100000, 0x0000000098100000|100%| S|CS|TAMS 0x0000000098000000, 0x0000000098000000| Complete 
| 385|0x0000000098100000, 0x0000000098200000, 0x0000000098200000|100%| S|CS|TAMS 0x0000000098100000, 0x0000000098100000| Complete 
| 386|0x0000000098200000, 0x0000000098300000, 0x0000000098300000|100%| S|CS|TAMS 0x0000000098200000, 0x0000000098200000| Complete 
| 387|0x0000000098300000, 0x0000000098300000, 0x0000000098400000|  0%| F|  |TAMS 0x0000000098300000, 0x0000000098300000| Untracked 
| 388|0x0000000098400000, 0x0000000098400000, 0x0000000098500000|  0%| F|  |TAMS 0x0000000098400000, 0x0000000098400000| Untracked 
| 389|0x0000000098500000, 0x0000000098500000, 0x0000000098600000|  0%| F|  |TAMS 0x0000000098500000, 0x0000000098500000| Untracked 
| 390|0x0000000098600000, 0x0000000098600000, 0x0000000098700000|  0%| F|  |TAMS 0x0000000098600000, 0x0000000098600000| Untracked 
| 391|0x0000000098700000, 0x0000000098700000, 0x0000000098800000|  0%| F|  |TAMS 0x0000000098700000, 0x0000000098700000| Untracked 
| 392|0x0000000098800000, 0x0000000098800000, 0x0000000098900000|  0%| F|  |TAMS 0x0000000098800000, 0x0000000098800000| Untracked 
| 393|0x0000000098900000, 0x0000000098900000, 0x0000000098a00000|  0%| F|  |TAMS 0x0000000098900000, 0x0000000098900000| Untracked 
| 394|0x0000000098a00000, 0x0000000098a00000, 0x0000000098b00000|  0%| F|  |TAMS 0x0000000098a00000, 0x0000000098a00000| Untracked 
| 395|0x0000000098b00000, 0x0000000098b00000, 0x0000000098c00000|  0%| F|  |TAMS 0x0000000098b00000, 0x0000000098b00000| Untracked 
| 396|0x0000000098c00000, 0x0000000098c00000, 0x0000000098d00000|  0%| F|  |TAMS 0x0000000098c00000, 0x0000000098c00000| Untracked 
| 397|0x0000000098d00000, 0x0000000098d00000, 0x0000000098e00000|  0%| F|  |TAMS 0x0000000098d00000, 0x0000000098d00000| Untracked 
| 398|0x0000000098e00000, 0x0000000098e00000, 0x0000000098f00000|  0%| F|  |TAMS 0x0000000098e00000, 0x0000000098e00000| Untracked 
| 399|0x0000000098f00000, 0x0000000098f00000, 0x0000000099000000|  0%| F|  |TAMS 0x0000000098f00000, 0x0000000098f00000| Untracked 
| 400|0x0000000099000000, 0x0000000099000000, 0x0000000099100000|  0%| F|  |TAMS 0x0000000099000000, 0x0000000099000000| Untracked 
| 401|0x0000000099100000, 0x0000000099100000, 0x0000000099200000|  0%| F|  |TAMS 0x0000000099100000, 0x0000000099100000| Untracked 
| 402|0x0000000099200000, 0x0000000099200000, 0x0000000099300000|  0%| F|  |TAMS 0x0000000099200000, 0x0000000099200000| Untracked 
| 403|0x0000000099300000, 0x0000000099300000, 0x0000000099400000|  0%| F|  |TAMS 0x0000000099300000, 0x0000000099300000| Untracked 
| 404|0x0000000099400000, 0x0000000099400000, 0x0000000099500000|  0%| F|  |TAMS 0x0000000099400000, 0x0000000099400000| Untracked 
| 405|0x0000000099500000, 0x0000000099500000, 0x0000000099600000|  0%| F|  |TAMS 0x0000000099500000, 0x0000000099500000| Untracked 
| 406|0x0000000099600000, 0x0000000099600000, 0x0000000099700000|  0%| F|  |TAMS 0x0000000099600000, 0x0000000099600000| Untracked 
| 407|0x0000000099700000, 0x0000000099700000, 0x0000000099800000|  0%| F|  |TAMS 0x0000000099700000, 0x0000000099700000| Untracked 
| 408|0x0000000099800000, 0x0000000099800000, 0x0000000099900000|  0%| F|  |TAMS 0x0000000099800000, 0x0000000099800000| Untracked 
| 409|0x0000000099900000, 0x0000000099900000, 0x0000000099a00000|  0%| F|  |TAMS 0x0000000099900000, 0x0000000099900000| Untracked 
| 410|0x0000000099a00000, 0x0000000099a00000, 0x0000000099b00000|  0%| F|  |TAMS 0x0000000099a00000, 0x0000000099a00000| Untracked 
| 411|0x0000000099b00000, 0x0000000099b00000, 0x0000000099c00000|  0%| F|  |TAMS 0x0000000099b00000, 0x0000000099b00000| Untracked 
| 412|0x0000000099c00000, 0x0000000099c00000, 0x0000000099d00000|  0%| F|  |TAMS 0x0000000099c00000, 0x0000000099c00000| Untracked 
| 413|0x0000000099d00000, 0x0000000099d00000, 0x0000000099e00000|  0%| F|  |TAMS 0x0000000099d00000, 0x0000000099d00000| Untracked 
| 414|0x0000000099e00000, 0x0000000099e00000, 0x0000000099f00000|  0%| F|  |TAMS 0x0000000099e00000, 0x0000000099e00000| Untracked 
| 415|0x0000000099f00000, 0x0000000099f00000, 0x000000009a000000|  0%| F|  |TAMS 0x0000000099f00000, 0x0000000099f00000| Untracked 
| 416|0x000000009a000000, 0x000000009a000000, 0x000000009a100000|  0%| F|  |TAMS 0x000000009a000000, 0x000000009a000000| Untracked 
| 417|0x000000009a100000, 0x000000009a100000, 0x000000009a200000|  0%| F|  |TAMS 0x000000009a100000, 0x000000009a100000| Untracked 
| 418|0x000000009a200000, 0x000000009a200000, 0x000000009a300000|  0%| F|  |TAMS 0x000000009a200000, 0x000000009a200000| Untracked 
| 419|0x000000009a300000, 0x000000009a300000, 0x000000009a400000|  0%| F|  |TAMS 0x000000009a300000, 0x000000009a300000| Untracked 
| 420|0x000000009a400000, 0x000000009a400000, 0x000000009a500000|  0%| F|  |TAMS 0x000000009a400000, 0x000000009a400000| Untracked 
| 421|0x000000009a500000, 0x000000009a500000, 0x000000009a600000|  0%| F|  |TAMS 0x000000009a500000, 0x000000009a500000| Untracked 
| 422|0x000000009a600000, 0x000000009a600000, 0x000000009a700000|  0%| F|  |TAMS 0x000000009a600000, 0x000000009a600000| Untracked 
| 423|0x000000009a700000, 0x000000009a700000, 0x000000009a800000|  0%| F|  |TAMS 0x000000009a700000, 0x000000009a700000| Untracked 
| 424|0x000000009a800000, 0x000000009a800000, 0x000000009a900000|  0%| F|  |TAMS 0x000000009a800000, 0x000000009a800000| Untracked 
| 425|0x000000009a900000, 0x000000009a900000, 0x000000009aa00000|  0%| F|  |TAMS 0x000000009a900000, 0x000000009a900000| Untracked 
| 426|0x000000009aa00000, 0x000000009aa00000, 0x000000009ab00000|  0%| F|  |TAMS 0x000000009aa00000, 0x000000009aa00000| Untracked 
| 427|0x000000009ab00000, 0x000000009ac00000, 0x000000009ac00000|100%| E|  |TAMS 0x000000009ab00000, 0x000000009ab00000| Complete 
| 428|0x000000009ac00000, 0x000000009ad00000, 0x000000009ad00000|100%| E|CS|TAMS 0x000000009ac00000, 0x000000009ac00000| Complete 
| 429|0x000000009ad00000, 0x000000009ae00000, 0x000000009ae00000|100%| E|CS|TAMS 0x000000009ad00000, 0x000000009ad00000| Complete 
| 430|0x000000009ae00000, 0x000000009af00000, 0x000000009af00000|100%| E|CS|TAMS 0x000000009ae00000, 0x000000009ae00000| Complete 
| 431|0x000000009af00000, 0x000000009b000000, 0x000000009b000000|100%| E|CS|TAMS 0x000000009af00000, 0x000000009af00000| Complete 
| 432|0x000000009b000000, 0x000000009b100000, 0x000000009b100000|100%| E|CS|TAMS 0x000000009b000000, 0x000000009b000000| Complete 
| 433|0x000000009b100000, 0x000000009b200000, 0x000000009b200000|100%| E|CS|TAMS 0x000000009b100000, 0x000000009b100000| Complete 
| 434|0x000000009b200000, 0x000000009b300000, 0x000000009b300000|100%| E|CS|TAMS 0x000000009b200000, 0x000000009b200000| Complete 
| 435|0x000000009b300000, 0x000000009b400000, 0x000000009b400000|100%| E|CS|TAMS 0x000000009b300000, 0x000000009b300000| Complete 
| 436|0x000000009b400000, 0x000000009b500000, 0x000000009b500000|100%| E|CS|TAMS 0x000000009b400000, 0x000000009b400000| Complete 
| 437|0x000000009b500000, 0x000000009b600000, 0x000000009b600000|100%| E|CS|TAMS 0x000000009b500000, 0x000000009b500000| Complete 
| 438|0x000000009b600000, 0x000000009b700000, 0x000000009b700000|100%| E|CS|TAMS 0x000000009b600000, 0x000000009b600000| Complete 
| 439|0x000000009b700000, 0x000000009b800000, 0x000000009b800000|100%| E|CS|TAMS 0x000000009b700000, 0x000000009b700000| Complete 
| 440|0x000000009b800000, 0x000000009b900000, 0x000000009b900000|100%| E|CS|TAMS 0x000000009b800000, 0x000000009b800000| Complete 
| 441|0x000000009b900000, 0x000000009ba00000, 0x000000009ba00000|100%| E|  |TAMS 0x000000009b900000, 0x000000009b900000| Complete 
| 442|0x000000009ba00000, 0x000000009bb00000, 0x000000009bb00000|100%| E|CS|TAMS 0x000000009ba00000, 0x000000009ba00000| Complete 
| 443|0x000000009bb00000, 0x000000009bc00000, 0x000000009bc00000|100%| E|CS|TAMS 0x000000009bb00000, 0x000000009bb00000| Complete 
| 444|0x000000009bc00000, 0x000000009bd00000, 0x000000009bd00000|100%| E|CS|TAMS 0x000000009bc00000, 0x000000009bc00000| Complete 
| 445|0x000000009bd00000, 0x000000009be00000, 0x000000009be00000|100%| E|CS|TAMS 0x000000009bd00000, 0x000000009bd00000| Complete 
| 446|0x000000009be00000, 0x000000009bf00000, 0x000000009bf00000|100%| E|CS|TAMS 0x000000009be00000, 0x000000009be00000| Complete 
| 447|0x000000009bf00000, 0x000000009c000000, 0x000000009c000000|100%| E|CS|TAMS 0x000000009bf00000, 0x000000009bf00000| Complete 
| 448|0x000000009c000000, 0x000000009c100000, 0x000000009c100000|100%| E|CS|TAMS 0x000000009c000000, 0x000000009c000000| Complete 
| 449|0x000000009c100000, 0x000000009c200000, 0x000000009c200000|100%| E|CS|TAMS 0x000000009c100000, 0x000000009c100000| Complete 
| 450|0x000000009c200000, 0x000000009c300000, 0x000000009c300000|100%| E|CS|TAMS 0x000000009c200000, 0x000000009c200000| Complete 
| 451|0x000000009c300000, 0x000000009c400000, 0x000000009c400000|100%| E|CS|TAMS 0x000000009c300000, 0x000000009c300000| Complete 
| 452|0x000000009c400000, 0x000000009c500000, 0x000000009c500000|100%| E|CS|TAMS 0x000000009c400000, 0x000000009c400000| Complete 
| 453|0x000000009c500000, 0x000000009c600000, 0x000000009c600000|100%| E|CS|TAMS 0x000000009c500000, 0x000000009c500000| Complete 
| 454|0x000000009c600000, 0x000000009c700000, 0x000000009c700000|100%| E|CS|TAMS 0x000000009c600000, 0x000000009c600000| Complete 
| 455|0x000000009c700000, 0x000000009c800000, 0x000000009c800000|100%| E|CS|TAMS 0x000000009c700000, 0x000000009c700000| Complete 
| 456|0x000000009c800000, 0x000000009c900000, 0x000000009c900000|100%| E|CS|TAMS 0x000000009c800000, 0x000000009c800000| Complete 
| 457|0x000000009c900000, 0x000000009ca00000, 0x000000009ca00000|100%| E|CS|TAMS 0x000000009c900000, 0x000000009c900000| Complete 
| 458|0x000000009ca00000, 0x000000009cb00000, 0x000000009cb00000|100%| E|CS|TAMS 0x000000009ca00000, 0x000000009ca00000| Complete 
| 459|0x000000009cb00000, 0x000000009cc00000, 0x000000009cc00000|100%| E|CS|TAMS 0x000000009cb00000, 0x000000009cb00000| Complete 
| 460|0x000000009cc00000, 0x000000009cd00000, 0x000000009cd00000|100%| E|CS|TAMS 0x000000009cc00000, 0x000000009cc00000| Complete 
| 461|0x000000009cd00000, 0x000000009ce00000, 0x000000009ce00000|100%| E|CS|TAMS 0x000000009cd00000, 0x000000009cd00000| Complete 
| 462|0x000000009ce00000, 0x000000009cf00000, 0x000000009cf00000|100%| E|CS|TAMS 0x000000009ce00000, 0x000000009ce00000| Complete 
| 463|0x000000009cf00000, 0x000000009d000000, 0x000000009d000000|100%| E|CS|TAMS 0x000000009cf00000, 0x000000009cf00000| Complete 
| 464|0x000000009d000000, 0x000000009d100000, 0x000000009d100000|100%| E|CS|TAMS 0x000000009d000000, 0x000000009d000000| Complete 
| 465|0x000000009d100000, 0x000000009d200000, 0x000000009d200000|100%| E|CS|TAMS 0x000000009d100000, 0x000000009d100000| Complete 
| 466|0x000000009d200000, 0x000000009d300000, 0x000000009d300000|100%| E|CS|TAMS 0x000000009d200000, 0x000000009d200000| Complete 
| 467|0x000000009d300000, 0x000000009d400000, 0x000000009d400000|100%| E|CS|TAMS 0x000000009d300000, 0x000000009d300000| Complete 
| 468|0x000000009d400000, 0x000000009d500000, 0x000000009d500000|100%| E|CS|TAMS 0x000000009d400000, 0x000000009d400000| Complete 
| 469|0x000000009d500000, 0x000000009d600000, 0x000000009d600000|100%| E|CS|TAMS 0x000000009d500000, 0x000000009d500000| Complete 
| 470|0x000000009d600000, 0x000000009d700000, 0x000000009d700000|100%| E|CS|TAMS 0x000000009d600000, 0x000000009d600000| Complete 
| 471|0x000000009d700000, 0x000000009d800000, 0x000000009d800000|100%| E|CS|TAMS 0x000000009d700000, 0x000000009d700000| Complete 
| 472|0x000000009d800000, 0x000000009d900000, 0x000000009d900000|100%| E|CS|TAMS 0x000000009d800000, 0x000000009d800000| Complete 
| 473|0x000000009d900000, 0x000000009da00000, 0x000000009da00000|100%| E|CS|TAMS 0x000000009d900000, 0x000000009d900000| Complete 
| 474|0x000000009da00000, 0x000000009db00000, 0x000000009db00000|100%| E|CS|TAMS 0x000000009da00000, 0x000000009da00000| Complete 
| 475|0x000000009db00000, 0x000000009dc00000, 0x000000009dc00000|100%| E|CS|TAMS 0x000000009db00000, 0x000000009db00000| Complete 
| 476|0x000000009dc00000, 0x000000009dd00000, 0x000000009dd00000|100%| E|CS|TAMS 0x000000009dc00000, 0x000000009dc00000| Complete 
| 477|0x000000009dd00000, 0x000000009de00000, 0x000000009de00000|100%| E|CS|TAMS 0x000000009dd00000, 0x000000009dd00000| Complete 
| 478|0x000000009de00000, 0x000000009df00000, 0x000000009df00000|100%| E|CS|TAMS 0x000000009de00000, 0x000000009de00000| Complete 
| 479|0x000000009df00000, 0x000000009e000000, 0x000000009e000000|100%| E|CS|TAMS 0x000000009df00000, 0x000000009df00000| Complete 
| 480|0x000000009e000000, 0x000000009e100000, 0x000000009e100000|100%| E|CS|TAMS 0x000000009e000000, 0x000000009e000000| Complete 
| 481|0x000000009e100000, 0x000000009e200000, 0x000000009e200000|100%| E|CS|TAMS 0x000000009e100000, 0x000000009e100000| Complete 
| 482|0x000000009e200000, 0x000000009e300000, 0x000000009e300000|100%| E|CS|TAMS 0x000000009e200000, 0x000000009e200000| Complete 
| 483|0x000000009e300000, 0x000000009e400000, 0x000000009e400000|100%| E|CS|TAMS 0x000000009e300000, 0x000000009e300000| Complete 
| 484|0x000000009e400000, 0x000000009e500000, 0x000000009e500000|100%| E|CS|TAMS 0x000000009e400000, 0x000000009e400000| Complete 
| 485|0x000000009e500000, 0x000000009e600000, 0x000000009e600000|100%| E|CS|TAMS 0x000000009e500000, 0x000000009e500000| Complete 
| 486|0x000000009e600000, 0x000000009e700000, 0x000000009e700000|100%| E|CS|TAMS 0x000000009e600000, 0x000000009e600000| Complete 
| 487|0x000000009e700000, 0x000000009e800000, 0x000000009e800000|100%| E|CS|TAMS 0x000000009e700000, 0x000000009e700000| Complete 
| 488|0x000000009e800000, 0x000000009e900000, 0x000000009e900000|100%| E|CS|TAMS 0x000000009e800000, 0x000000009e800000| Complete 
| 489|0x000000009e900000, 0x000000009ea00000, 0x000000009ea00000|100%| E|CS|TAMS 0x000000009e900000, 0x000000009e900000| Complete 
| 490|0x000000009ea00000, 0x000000009eb00000, 0x000000009eb00000|100%| E|CS|TAMS 0x000000009ea00000, 0x000000009ea00000| Complete 
| 491|0x000000009eb00000, 0x000000009ec00000, 0x000000009ec00000|100%| E|CS|TAMS 0x000000009eb00000, 0x000000009eb00000| Complete 
| 492|0x000000009ec00000, 0x000000009ed00000, 0x000000009ed00000|100%| E|CS|TAMS 0x000000009ec00000, 0x000000009ec00000| Complete 
| 493|0x000000009ed00000, 0x000000009ee00000, 0x000000009ee00000|100%| E|CS|TAMS 0x000000009ed00000, 0x000000009ed00000| Complete 
| 494|0x000000009ee00000, 0x000000009ef00000, 0x000000009ef00000|100%| E|CS|TAMS 0x000000009ee00000, 0x000000009ee00000| Complete 
| 495|0x000000009ef00000, 0x000000009f000000, 0x000000009f000000|100%| E|CS|TAMS 0x000000009ef00000, 0x000000009ef00000| Complete 
| 496|0x000000009f000000, 0x000000009f100000, 0x000000009f100000|100%| E|CS|TAMS 0x000000009f000000, 0x000000009f000000| Complete 
| 497|0x000000009f100000, 0x000000009f200000, 0x000000009f200000|100%| E|CS|TAMS 0x000000009f100000, 0x000000009f100000| Complete 
| 498|0x000000009f200000, 0x000000009f300000, 0x000000009f300000|100%| E|CS|TAMS 0x000000009f200000, 0x000000009f200000| Complete 
| 499|0x000000009f300000, 0x000000009f400000, 0x000000009f400000|100%| E|CS|TAMS 0x000000009f300000, 0x000000009f300000| Complete 
| 500|0x000000009f400000, 0x000000009f500000, 0x000000009f500000|100%| E|CS|TAMS 0x000000009f400000, 0x000000009f400000| Complete 
| 501|0x000000009f500000, 0x000000009f600000, 0x000000009f600000|100%| E|CS|TAMS 0x000000009f500000, 0x000000009f500000| Complete 
| 502|0x000000009f600000, 0x000000009f700000, 0x000000009f700000|100%| E|CS|TAMS 0x000000009f600000, 0x000000009f600000| Complete 
| 503|0x000000009f700000, 0x000000009f800000, 0x000000009f800000|100%| E|CS|TAMS 0x000000009f700000, 0x000000009f700000| Complete 
| 504|0x000000009f800000, 0x000000009f900000, 0x000000009f900000|100%| E|CS|TAMS 0x000000009f800000, 0x000000009f800000| Complete 
| 505|0x000000009f900000, 0x000000009fa00000, 0x000000009fa00000|100%| E|CS|TAMS 0x000000009f900000, 0x000000009f900000| Complete 
| 506|0x000000009fa00000, 0x000000009fb00000, 0x000000009fb00000|100%| E|CS|TAMS 0x000000009fa00000, 0x000000009fa00000| Complete 
| 507|0x000000009fb00000, 0x000000009fc00000, 0x000000009fc00000|100%| E|CS|TAMS 0x000000009fb00000, 0x000000009fb00000| Complete 
| 508|0x000000009fc00000, 0x000000009fd00000, 0x000000009fd00000|100%| E|CS|TAMS 0x000000009fc00000, 0x000000009fc00000| Complete 
| 509|0x000000009fd00000, 0x000000009fe00000, 0x000000009fe00000|100%| E|CS|TAMS 0x000000009fd00000, 0x000000009fd00000| Complete 
| 510|0x000000009fe00000, 0x000000009ff00000, 0x000000009ff00000|100%| E|CS|TAMS 0x000000009fe00000, 0x000000009fe00000| Complete 
| 511|0x000000009ff00000, 0x00000000a0000000, 0x00000000a0000000|100%| E|CS|TAMS 0x000000009ff00000, 0x000000009ff00000| Complete 
| 512|0x00000000a0000000, 0x00000000a0100000, 0x00000000a0100000|100%| E|CS|TAMS 0x00000000a0000000, 0x00000000a0000000| Complete 
| 513|0x00000000a0100000, 0x00000000a0200000, 0x00000000a0200000|100%| E|CS|TAMS 0x00000000a0100000, 0x00000000a0100000| Complete 
| 514|0x00000000a0200000, 0x00000000a0300000, 0x00000000a0300000|100%| E|CS|TAMS 0x00000000a0200000, 0x00000000a0200000| Complete 
| 515|0x00000000a0300000, 0x00000000a0400000, 0x00000000a0400000|100%| E|CS|TAMS 0x00000000a0300000, 0x00000000a0300000| Complete 
| 516|0x00000000a0400000, 0x00000000a0500000, 0x00000000a0500000|100%| E|CS|TAMS 0x00000000a0400000, 0x00000000a0400000| Complete 
| 517|0x00000000a0500000, 0x00000000a0600000, 0x00000000a0600000|100%| E|CS|TAMS 0x00000000a0500000, 0x00000000a0500000| Complete 
| 518|0x00000000a0600000, 0x00000000a0700000, 0x00000000a0700000|100%| E|CS|TAMS 0x00000000a0600000, 0x00000000a0600000| Complete 
| 519|0x00000000a0700000, 0x00000000a0800000, 0x00000000a0800000|100%| E|CS|TAMS 0x00000000a0700000, 0x00000000a0700000| Complete 
| 520|0x00000000a0800000, 0x00000000a0900000, 0x00000000a0900000|100%| E|CS|TAMS 0x00000000a0800000, 0x00000000a0800000| Complete 
| 521|0x00000000a0900000, 0x00000000a0a00000, 0x00000000a0a00000|100%| E|CS|TAMS 0x00000000a0900000, 0x00000000a0900000| Complete 
| 522|0x00000000a0a00000, 0x00000000a0b00000, 0x00000000a0b00000|100%| E|CS|TAMS 0x00000000a0a00000, 0x00000000a0a00000| Complete 
| 523|0x00000000a0b00000, 0x00000000a0c00000, 0x00000000a0c00000|100%| E|CS|TAMS 0x00000000a0b00000, 0x00000000a0b00000| Complete 
| 524|0x00000000a0c00000, 0x00000000a0d00000, 0x00000000a0d00000|100%| E|CS|TAMS 0x00000000a0c00000, 0x00000000a0c00000| Complete 
| 525|0x00000000a0d00000, 0x00000000a0e00000, 0x00000000a0e00000|100%| E|CS|TAMS 0x00000000a0d00000, 0x00000000a0d00000| Complete 
| 526|0x00000000a0e00000, 0x00000000a0f00000, 0x00000000a0f00000|100%| E|CS|TAMS 0x00000000a0e00000, 0x00000000a0e00000| Complete 
| 527|0x00000000a0f00000, 0x00000000a1000000, 0x00000000a1000000|100%| E|CS|TAMS 0x00000000a0f00000, 0x00000000a0f00000| Complete 
| 528|0x00000000a1000000, 0x00000000a1100000, 0x00000000a1100000|100%| E|CS|TAMS 0x00000000a1000000, 0x00000000a1000000| Complete 
| 529|0x00000000a1100000, 0x00000000a1200000, 0x00000000a1200000|100%| E|CS|TAMS 0x00000000a1100000, 0x00000000a1100000| Complete 
| 530|0x00000000a1200000, 0x00000000a1300000, 0x00000000a1300000|100%| E|CS|TAMS 0x00000000a1200000, 0x00000000a1200000| Complete 
| 531|0x00000000a1300000, 0x00000000a1400000, 0x00000000a1400000|100%| E|CS|TAMS 0x00000000a1300000, 0x00000000a1300000| Complete 
| 532|0x00000000a1400000, 0x00000000a1500000, 0x00000000a1500000|100%| E|CS|TAMS 0x00000000a1400000, 0x00000000a1400000| Complete 
| 533|0x00000000a1500000, 0x00000000a1600000, 0x00000000a1600000|100%| E|CS|TAMS 0x00000000a1500000, 0x00000000a1500000| Complete 
| 534|0x00000000a1600000, 0x00000000a1700000, 0x00000000a1700000|100%| E|CS|TAMS 0x00000000a1600000, 0x00000000a1600000| Complete 
| 535|0x00000000a1700000, 0x00000000a1800000, 0x00000000a1800000|100%| E|CS|TAMS 0x00000000a1700000, 0x00000000a1700000| Complete 
| 536|0x00000000a1800000, 0x00000000a1900000, 0x00000000a1900000|100%| E|CS|TAMS 0x00000000a1800000, 0x00000000a1800000| Complete 
| 537|0x00000000a1900000, 0x00000000a1a00000, 0x00000000a1a00000|100%| E|CS|TAMS 0x00000000a1900000, 0x00000000a1900000| Complete 
| 538|0x00000000a1a00000, 0x00000000a1b00000, 0x00000000a1b00000|100%| E|CS|TAMS 0x00000000a1a00000, 0x00000000a1a00000| Complete 
| 539|0x00000000a1b00000, 0x00000000a1c00000, 0x00000000a1c00000|100%| E|CS|TAMS 0x00000000a1b00000, 0x00000000a1b00000| Complete 
| 540|0x00000000a1c00000, 0x00000000a1d00000, 0x00000000a1d00000|100%| E|CS|TAMS 0x00000000a1c00000, 0x00000000a1c00000| Complete 
| 541|0x00000000a1d00000, 0x00000000a1e00000, 0x00000000a1e00000|100%| E|CS|TAMS 0x00000000a1d00000, 0x00000000a1d00000| Complete 
| 542|0x00000000a1e00000, 0x00000000a1f00000, 0x00000000a1f00000|100%| E|CS|TAMS 0x00000000a1e00000, 0x00000000a1e00000| Complete 
| 543|0x00000000a1f00000, 0x00000000a2000000, 0x00000000a2000000|100%| E|CS|TAMS 0x00000000a1f00000, 0x00000000a1f00000| Complete 
| 544|0x00000000a2000000, 0x00000000a2100000, 0x00000000a2100000|100%| E|CS|TAMS 0x00000000a2000000, 0x00000000a2000000| Complete 
| 545|0x00000000a2100000, 0x00000000a2200000, 0x00000000a2200000|100%| E|CS|TAMS 0x00000000a2100000, 0x00000000a2100000| Complete 
| 546|0x00000000a2200000, 0x00000000a2300000, 0x00000000a2300000|100%| E|CS|TAMS 0x00000000a2200000, 0x00000000a2200000| Complete 
| 547|0x00000000a2300000, 0x00000000a2400000, 0x00000000a2400000|100%| E|CS|TAMS 0x00000000a2300000, 0x00000000a2300000| Complete 
| 548|0x00000000a2400000, 0x00000000a2500000, 0x00000000a2500000|100%| E|CS|TAMS 0x00000000a2400000, 0x00000000a2400000| Complete 
| 549|0x00000000a2500000, 0x00000000a2600000, 0x00000000a2600000|100%| E|CS|TAMS 0x00000000a2500000, 0x00000000a2500000| Complete 
| 550|0x00000000a2600000, 0x00000000a2700000, 0x00000000a2700000|100%| E|CS|TAMS 0x00000000a2600000, 0x00000000a2600000| Complete 
| 551|0x00000000a2700000, 0x00000000a2800000, 0x00000000a2800000|100%| E|CS|TAMS 0x00000000a2700000, 0x00000000a2700000| Complete 
| 552|0x00000000a2800000, 0x00000000a2900000, 0x00000000a2900000|100%| E|CS|TAMS 0x00000000a2800000, 0x00000000a2800000| Complete 
| 553|0x00000000a2900000, 0x00000000a2a00000, 0x00000000a2a00000|100%| E|CS|TAMS 0x00000000a2900000, 0x00000000a2900000| Complete 
| 554|0x00000000a2a00000, 0x00000000a2b00000, 0x00000000a2b00000|100%| E|CS|TAMS 0x00000000a2a00000, 0x00000000a2a00000| Complete 
| 555|0x00000000a2b00000, 0x00000000a2c00000, 0x00000000a2c00000|100%| E|CS|TAMS 0x00000000a2b00000, 0x00000000a2b00000| Complete 
| 556|0x00000000a2c00000, 0x00000000a2d00000, 0x00000000a2d00000|100%| E|CS|TAMS 0x00000000a2c00000, 0x00000000a2c00000| Complete 
| 557|0x00000000a2d00000, 0x00000000a2e00000, 0x00000000a2e00000|100%| E|CS|TAMS 0x00000000a2d00000, 0x00000000a2d00000| Complete 
| 558|0x00000000a2e00000, 0x00000000a2f00000, 0x00000000a2f00000|100%| E|CS|TAMS 0x00000000a2e00000, 0x00000000a2e00000| Complete 
| 559|0x00000000a2f00000, 0x00000000a3000000, 0x00000000a3000000|100%| E|CS|TAMS 0x00000000a2f00000, 0x00000000a2f00000| Complete 
| 560|0x00000000a3000000, 0x00000000a3100000, 0x00000000a3100000|100%| E|CS|TAMS 0x00000000a3000000, 0x00000000a3000000| Complete 
| 561|0x00000000a3100000, 0x00000000a3200000, 0x00000000a3200000|100%| E|CS|TAMS 0x00000000a3100000, 0x00000000a3100000| Complete 
| 562|0x00000000a3200000, 0x00000000a3300000, 0x00000000a3300000|100%| E|CS|TAMS 0x00000000a3200000, 0x00000000a3200000| Complete 
| 563|0x00000000a3300000, 0x00000000a3400000, 0x00000000a3400000|100%| E|CS|TAMS 0x00000000a3300000, 0x00000000a3300000| Complete 
| 564|0x00000000a3400000, 0x00000000a3500000, 0x00000000a3500000|100%| E|CS|TAMS 0x00000000a3400000, 0x00000000a3400000| Complete 
| 565|0x00000000a3500000, 0x00000000a3600000, 0x00000000a3600000|100%| E|CS|TAMS 0x00000000a3500000, 0x00000000a3500000| Complete 
| 566|0x00000000a3600000, 0x00000000a3700000, 0x00000000a3700000|100%| E|CS|TAMS 0x00000000a3600000, 0x00000000a3600000| Complete 
| 567|0x00000000a3700000, 0x00000000a3800000, 0x00000000a3800000|100%| E|CS|TAMS 0x00000000a3700000, 0x00000000a3700000| Complete 
| 568|0x00000000a3800000, 0x00000000a3900000, 0x00000000a3900000|100%| E|CS|TAMS 0x00000000a3800000, 0x00000000a3800000| Complete 
| 569|0x00000000a3900000, 0x00000000a3a00000, 0x00000000a3a00000|100%| E|CS|TAMS 0x00000000a3900000, 0x00000000a3900000| Complete 
| 570|0x00000000a3a00000, 0x00000000a3b00000, 0x00000000a3b00000|100%| E|CS|TAMS 0x00000000a3a00000, 0x00000000a3a00000| Complete 
| 571|0x00000000a3b00000, 0x00000000a3c00000, 0x00000000a3c00000|100%| E|CS|TAMS 0x00000000a3b00000, 0x00000000a3b00000| Complete 
| 572|0x00000000a3c00000, 0x00000000a3d00000, 0x00000000a3d00000|100%| E|CS|TAMS 0x00000000a3c00000, 0x00000000a3c00000| Complete 
| 573|0x00000000a3d00000, 0x00000000a3e00000, 0x00000000a3e00000|100%| E|CS|TAMS 0x00000000a3d00000, 0x00000000a3d00000| Complete 
| 574|0x00000000a3e00000, 0x00000000a3f00000, 0x00000000a3f00000|100%| E|CS|TAMS 0x00000000a3e00000, 0x00000000a3e00000| Complete 
| 575|0x00000000a3f00000, 0x00000000a4000000, 0x00000000a4000000|100%| E|CS|TAMS 0x00000000a3f00000, 0x00000000a3f00000| Complete 
| 576|0x00000000a4000000, 0x00000000a4100000, 0x00000000a4100000|100%| E|CS|TAMS 0x00000000a4000000, 0x00000000a4000000| Complete 
| 577|0x00000000a4100000, 0x00000000a4200000, 0x00000000a4200000|100%| E|CS|TAMS 0x00000000a4100000, 0x00000000a4100000| Complete 
| 578|0x00000000a4200000, 0x00000000a4300000, 0x00000000a4300000|100%| E|CS|TAMS 0x00000000a4200000, 0x00000000a4200000| Complete 
| 579|0x00000000a4300000, 0x00000000a4400000, 0x00000000a4400000|100%| E|CS|TAMS 0x00000000a4300000, 0x00000000a4300000| Complete 
| 580|0x00000000a4400000, 0x00000000a4500000, 0x00000000a4500000|100%| E|CS|TAMS 0x00000000a4400000, 0x00000000a4400000| Complete 
| 581|0x00000000a4500000, 0x00000000a4600000, 0x00000000a4600000|100%| E|CS|TAMS 0x00000000a4500000, 0x00000000a4500000| Complete 
| 582|0x00000000a4600000, 0x00000000a4700000, 0x00000000a4700000|100%| E|CS|TAMS 0x00000000a4600000, 0x00000000a4600000| Complete 
| 583|0x00000000a4700000, 0x00000000a4800000, 0x00000000a4800000|100%| E|CS|TAMS 0x00000000a4700000, 0x00000000a4700000| Complete 
| 584|0x00000000a4800000, 0x00000000a4900000, 0x00000000a4900000|100%| E|CS|TAMS 0x00000000a4800000, 0x00000000a4800000| Complete 
| 585|0x00000000a4900000, 0x00000000a4a00000, 0x00000000a4a00000|100%| E|CS|TAMS 0x00000000a4900000, 0x00000000a4900000| Complete 
| 586|0x00000000a4a00000, 0x00000000a4b00000, 0x00000000a4b00000|100%| E|CS|TAMS 0x00000000a4a00000, 0x00000000a4a00000| Complete 
| 587|0x00000000a4b00000, 0x00000000a4c00000, 0x00000000a4c00000|100%| E|CS|TAMS 0x00000000a4b00000, 0x00000000a4b00000| Complete 
| 588|0x00000000a4c00000, 0x00000000a4d00000, 0x00000000a4d00000|100%| E|CS|TAMS 0x00000000a4c00000, 0x00000000a4c00000| Complete 
| 589|0x00000000a4d00000, 0x00000000a4e00000, 0x00000000a4e00000|100%| E|CS|TAMS 0x00000000a4d00000, 0x00000000a4d00000| Complete 
| 590|0x00000000a4e00000, 0x00000000a4f00000, 0x00000000a4f00000|100%| E|CS|TAMS 0x00000000a4e00000, 0x00000000a4e00000| Complete 
| 591|0x00000000a4f00000, 0x00000000a5000000, 0x00000000a5000000|100%| E|CS|TAMS 0x00000000a4f00000, 0x00000000a4f00000| Complete 
| 592|0x00000000a5000000, 0x00000000a5100000, 0x00000000a5100000|100%| E|CS|TAMS 0x00000000a5000000, 0x00000000a5000000| Complete 
| 593|0x00000000a5100000, 0x00000000a5200000, 0x00000000a5200000|100%| E|CS|TAMS 0x00000000a5100000, 0x00000000a5100000| Complete 
| 594|0x00000000a5200000, 0x00000000a5300000, 0x00000000a5300000|100%| E|CS|TAMS 0x00000000a5200000, 0x00000000a5200000| Complete 
| 595|0x00000000a5300000, 0x00000000a5400000, 0x00000000a5400000|100%| E|CS|TAMS 0x00000000a5300000, 0x00000000a5300000| Complete 
| 596|0x00000000a5400000, 0x00000000a5500000, 0x00000000a5500000|100%| E|CS|TAMS 0x00000000a5400000, 0x00000000a5400000| Complete 
| 597|0x00000000a5500000, 0x00000000a5600000, 0x00000000a5600000|100%| E|CS|TAMS 0x00000000a5500000, 0x00000000a5500000| Complete 
| 598|0x00000000a5600000, 0x00000000a5700000, 0x00000000a5700000|100%| E|CS|TAMS 0x00000000a5600000, 0x00000000a5600000| Complete 
| 599|0x00000000a5700000, 0x00000000a5800000, 0x00000000a5800000|100%| E|CS|TAMS 0x00000000a5700000, 0x00000000a5700000| Complete 
| 600|0x00000000a5800000, 0x00000000a5900000, 0x00000000a5900000|100%| E|CS|TAMS 0x00000000a5800000, 0x00000000a5800000| Complete 
| 601|0x00000000a5900000, 0x00000000a5a00000, 0x00000000a5a00000|100%| E|CS|TAMS 0x00000000a5900000, 0x00000000a5900000| Complete 
| 602|0x00000000a5a00000, 0x00000000a5b00000, 0x00000000a5b00000|100%| E|CS|TAMS 0x00000000a5a00000, 0x00000000a5a00000| Complete 
| 603|0x00000000a5b00000, 0x00000000a5c00000, 0x00000000a5c00000|100%| E|CS|TAMS 0x00000000a5b00000, 0x00000000a5b00000| Complete 
| 604|0x00000000a5c00000, 0x00000000a5d00000, 0x00000000a5d00000|100%| E|CS|TAMS 0x00000000a5c00000, 0x00000000a5c00000| Complete 
| 605|0x00000000a5d00000, 0x00000000a5e00000, 0x00000000a5e00000|100%| E|CS|TAMS 0x00000000a5d00000, 0x00000000a5d00000| Complete 
| 606|0x00000000a5e00000, 0x00000000a5f00000, 0x00000000a5f00000|100%| E|CS|TAMS 0x00000000a5e00000, 0x00000000a5e00000| Complete 
| 607|0x00000000a5f00000, 0x00000000a6000000, 0x00000000a6000000|100%| E|CS|TAMS 0x00000000a5f00000, 0x00000000a5f00000| Complete 
| 608|0x00000000a6000000, 0x00000000a6100000, 0x00000000a6100000|100%| E|CS|TAMS 0x00000000a6000000, 0x00000000a6000000| Complete 
| 609|0x00000000a6100000, 0x00000000a6200000, 0x00000000a6200000|100%| E|CS|TAMS 0x00000000a6100000, 0x00000000a6100000| Complete 
| 610|0x00000000a6200000, 0x00000000a6300000, 0x00000000a6300000|100%| E|CS|TAMS 0x00000000a6200000, 0x00000000a6200000| Complete 
| 611|0x00000000a6300000, 0x00000000a6400000, 0x00000000a6400000|100%| E|CS|TAMS 0x00000000a6300000, 0x00000000a6300000| Complete 
| 612|0x00000000a6400000, 0x00000000a6500000, 0x00000000a6500000|100%| E|CS|TAMS 0x00000000a6400000, 0x00000000a6400000| Complete 
| 613|0x00000000a6500000, 0x00000000a6600000, 0x00000000a6600000|100%| E|CS|TAMS 0x00000000a6500000, 0x00000000a6500000| Complete 
| 614|0x00000000a6600000, 0x00000000a6700000, 0x00000000a6700000|100%| E|CS|TAMS 0x00000000a6600000, 0x00000000a6600000| Complete 
| 615|0x00000000a6700000, 0x00000000a6800000, 0x00000000a6800000|100%| E|CS|TAMS 0x00000000a6700000, 0x00000000a6700000| Complete 
| 616|0x00000000a6800000, 0x00000000a6900000, 0x00000000a6900000|100%| E|CS|TAMS 0x00000000a6800000, 0x00000000a6800000| Complete 
| 617|0x00000000a6900000, 0x00000000a6a00000, 0x00000000a6a00000|100%| E|CS|TAMS 0x00000000a6900000, 0x00000000a6900000| Complete 
| 618|0x00000000a6a00000, 0x00000000a6b00000, 0x00000000a6b00000|100%| E|CS|TAMS 0x00000000a6a00000, 0x00000000a6a00000| Complete 
| 619|0x00000000a6b00000, 0x00000000a6c00000, 0x00000000a6c00000|100%| E|CS|TAMS 0x00000000a6b00000, 0x00000000a6b00000| Complete 
| 620|0x00000000a6c00000, 0x00000000a6d00000, 0x00000000a6d00000|100%| E|CS|TAMS 0x00000000a6c00000, 0x00000000a6c00000| Complete 
| 621|0x00000000a6d00000, 0x00000000a6e00000, 0x00000000a6e00000|100%| E|CS|TAMS 0x00000000a6d00000, 0x00000000a6d00000| Complete 
| 622|0x00000000a6e00000, 0x00000000a6f00000, 0x00000000a6f00000|100%| E|CS|TAMS 0x00000000a6e00000, 0x00000000a6e00000| Complete 
| 623|0x00000000a6f00000, 0x00000000a7000000, 0x00000000a7000000|100%| E|CS|TAMS 0x00000000a6f00000, 0x00000000a6f00000| Complete 
| 624|0x00000000a7000000, 0x00000000a7100000, 0x00000000a7100000|100%| E|CS|TAMS 0x00000000a7000000, 0x00000000a7000000| Complete 
| 625|0x00000000a7100000, 0x00000000a7200000, 0x00000000a7200000|100%| E|CS|TAMS 0x00000000a7100000, 0x00000000a7100000| Complete 
| 626|0x00000000a7200000, 0x00000000a7300000, 0x00000000a7300000|100%| E|CS|TAMS 0x00000000a7200000, 0x00000000a7200000| Complete 
| 627|0x00000000a7300000, 0x00000000a7400000, 0x00000000a7400000|100%| E|CS|TAMS 0x00000000a7300000, 0x00000000a7300000| Complete 
| 628|0x00000000a7400000, 0x00000000a7500000, 0x00000000a7500000|100%| E|CS|TAMS 0x00000000a7400000, 0x00000000a7400000| Complete 
| 629|0x00000000a7500000, 0x00000000a7600000, 0x00000000a7600000|100%| E|CS|TAMS 0x00000000a7500000, 0x00000000a7500000| Complete 
| 630|0x00000000a7600000, 0x00000000a7700000, 0x00000000a7700000|100%| E|CS|TAMS 0x00000000a7600000, 0x00000000a7600000| Complete 
| 631|0x00000000a7700000, 0x00000000a7800000, 0x00000000a7800000|100%| E|CS|TAMS 0x00000000a7700000, 0x00000000a7700000| Complete 
| 632|0x00000000a7800000, 0x00000000a7900000, 0x00000000a7900000|100%| E|CS|TAMS 0x00000000a7800000, 0x00000000a7800000| Complete 
| 633|0x00000000a7900000, 0x00000000a7a00000, 0x00000000a7a00000|100%| E|CS|TAMS 0x00000000a7900000, 0x00000000a7900000| Complete 
| 634|0x00000000a7a00000, 0x00000000a7b00000, 0x00000000a7b00000|100%| E|CS|TAMS 0x00000000a7a00000, 0x00000000a7a00000| Complete 
| 635|0x00000000a7b00000, 0x00000000a7c00000, 0x00000000a7c00000|100%| E|CS|TAMS 0x00000000a7b00000, 0x00000000a7b00000| Complete 
| 636|0x00000000a7c00000, 0x00000000a7d00000, 0x00000000a7d00000|100%| E|CS|TAMS 0x00000000a7c00000, 0x00000000a7c00000| Complete 
| 637|0x00000000a7d00000, 0x00000000a7e00000, 0x00000000a7e00000|100%| E|CS|TAMS 0x00000000a7d00000, 0x00000000a7d00000| Complete 
| 638|0x00000000a7e00000, 0x00000000a7f00000, 0x00000000a7f00000|100%| E|CS|TAMS 0x00000000a7e00000, 0x00000000a7e00000| Complete 
| 639|0x00000000a7f00000, 0x00000000a8000000, 0x00000000a8000000|100%| E|CS|TAMS 0x00000000a7f00000, 0x00000000a7f00000| Complete 
| 640|0x00000000a8000000, 0x00000000a8100000, 0x00000000a8100000|100%| E|CS|TAMS 0x00000000a8000000, 0x00000000a8000000| Complete 
| 641|0x00000000a8100000, 0x00000000a8200000, 0x00000000a8200000|100%| E|CS|TAMS 0x00000000a8100000, 0x00000000a8100000| Complete 
| 642|0x00000000a8200000, 0x00000000a8300000, 0x00000000a8300000|100%| E|CS|TAMS 0x00000000a8200000, 0x00000000a8200000| Complete 

Card table byte_map: [0x00000251c95a0000,0x00000251c99a0000] _byte_map_base: 0x00000251c91a0000

Marking Bits (Prev, Next): (CMBitMap*) 0x00000251af12def0, (CMBitMap*) 0x00000251af12df30
 Prev Bits: [0x00000251c9da0000, 0x00000251cbda0000)
 Next Bits: [0x00000251cbda0000, 0x00000251cdda0000)

Polling page: 0x00000251af040000

Metaspace:

Usage:
  Non-class:     94.07 MB used.
      Class:     15.12 MB used.
       Both:    109.18 MB used.

Virtual space:
  Non-class space:      128.00 MB reserved,      94.88 MB ( 74%) committed,  2 nodes.
      Class space:      832.00 MB reserved,      15.81 MB (  2%) committed,  1 nodes.
             Both:      960.00 MB reserved,     110.69 MB ( 12%) committed. 

Chunk freelists:
   Non-Class:  976.00 KB
       Class:  144.00 KB
        Both:  1.09 MB

MaxMetaspaceSize: 1.00 GB
CompressedClassSpaceSize: 832.00 MB
Initial GC threshold: 21.00 MB
Current GC threshold: 181.25 MB
CDS: on
MetaspaceReclaimPolicy: balanced
 - commit_granule_bytes: 65536.
 - commit_granule_words: 8192.
 - virtual_space_node_default_size: 8388608.
 - enlarge_chunks_in_place: 1.
 - new_chunks_are_fully_committed: 0.
 - uncommit_free_chunks: 1.
 - use_allocation_guard: 0.
 - handle_deallocations: 1.


Internal statistics:

num_allocs_failed_limit: 9.
num_arena_births: 1864.
num_arena_deaths: 0.
num_vsnodes_births: 3.
num_vsnodes_deaths: 0.
num_space_committed: 1771.
num_space_uncommitted: 0.
num_chunks_returned_to_freelist: 9.
num_chunks_taken_from_freelist: 7137.
num_chunk_merges: 9.
num_chunk_splits: 4500.
num_chunks_enlarged: 2720.
num_inconsistent_stats: 0.

CodeHeap 'non-profiled nmethods': size=120000Kb used=10862Kb max_used=10862Kb free=109137Kb
 bounds [0x00000251c1210000, 0x00000251c1cb0000, 0x00000251c8740000]
CodeHeap 'profiled nmethods': size=120000Kb used=27924Kb max_used=27924Kb free=92075Kb
 bounds [0x00000251b9740000, 0x00000251bb290000, 0x00000251c0c70000]
CodeHeap 'non-nmethods': size=5760Kb used=2443Kb max_used=2517Kb free=3316Kb
 bounds [0x00000251c0c70000, 0x00000251c0f00000, 0x00000251c1210000]
 total_blobs=14987 nmethods=14004 adapters=894
 compilation: enabled
              stopped_count=0, restarted_count=0
 full_count=0

Compilation events (20 events):
Event: 61.090 Thread 0x000002520fb411b0 16280       4       java.util.ArrayList::remove (76 bytes)
Event: 61.093 Thread 0x00000251d0874680 16281   !   3       org.gradle.internal.operations.DefaultBuildOperationQueue$WorkerRunnable::shutDown (45 bytes)
Event: 61.094 Thread 0x000002520fb411b0 nmethod 16280 0x00000251c1c8fb10 code [0x00000251c1c8fca0, 0x00000251c1c8ff78]
Event: 61.094 Thread 0x00000251d0874680 nmethod 16281 0x00000251bb279f90 code [0x00000251bb27a1c0, 0x00000251bb27ab78]
Event: 61.095 Thread 0x000002520fb411b0 16282   !   4       org.gradle.api.internal.artifacts.ivyservice.ResolvedArtifactCollectingVisitor::visitArtifact (77 bytes)
Event: 61.108 Thread 0x00000251d086bdc0 16283       4       java.net.URI$Parser::checkChars (44 bytes)
Event: 61.120 Thread 0x00000251d086bdc0 nmethod 16283 0x00000251c1c90110 code [0x00000251c1c902a0, 0x00000251c1c909d8]
Event: 61.121 Thread 0x00000251d086bdc0 16284       4       java.net.URLStreamHandler::parseURL (1201 bytes)
Event: 61.191 Thread 0x00000251d0874680 16287       3       groovyjarjarasm.asm.MethodWriter::addSuccessorToCurrentBasicBlock (24 bytes)
Event: 61.191 Thread 0x00000251d0874680 nmethod 16287 0x00000251bb27af10 code [0x00000251bb27b0c0, 0x00000251bb27b418]
Event: 61.192 Thread 0x00000251d0874680 16288       3       org.codehaus.groovy.classgen.asm.BytecodeHelper::doCast (58 bytes)
Event: 61.192 Thread 0x00000251d0874680 nmethod 16288 0x00000251bb27b590 code [0x00000251bb27b860, 0x00000251bb27c378]
Event: 61.193 Thread 0x00000251d0874680 16289       1       groovyjarjarasm.asm.SymbolTable::getClassName (5 bytes)
Event: 61.193 Thread 0x00000251d0874680 nmethod 16289 0x00000251c1c90d90 code [0x00000251c1c90f20, 0x00000251c1c90ff8]
Event: 61.206 Thread 0x000002520fb44180 nmethod 16168 0x00000251c1c91090 code [0x00000251c1c91900, 0x00000251c1c99e80]
Event: 61.208 Thread 0x000002520fb44180 16285       4       org.gradle.internal.instantiation.generator.AbstractClassGenerator$AbstractInjectedPropertyHandler::claimPropertyImplementation (61 bytes)
Event: 61.238 Thread 0x000002520fb44180 nmethod 16285 0x00000251c1c9ef90 code [0x00000251c1c9f1a0, 0x00000251c1ca0040]
Event: 61.238 Thread 0x000002520fb44180 16286       4       org.gradle.internal.instantiation.generator.AbstractClassGenerator::isLazyAttachProperty (55 bytes)
Event: 62.326 Thread 0x00000251d086bdc0 nmethod 16284 0x00000251c1ca0b90 code [0x00000251c1ca0ea0, 0x00000251c1ca5460]
Event: 62.340 Thread 0x000002520fb44180 nmethod 16286 0x00000251c1ca7710 code [0x00000251c1ca79c0, 0x00000251c1ca8d20]

GC Heap History (20 events):
Event: 49.254 GC heap before
{Heap before GC invocations=51 (full 0):
 garbage-first heap   total 252928K, used 206291K [0x0000000080000000, 0x0000000100000000)
  region size 1024K, 49 young (50176K), 7 survivors (7168K)
 Metaspace       used 108047K, committed 109312K, reserved 983040K
  class space    used 15010K, committed 15616K, reserved 851968K
}
Event: 49.261 GC heap after
{Heap after GC invocations=52 (full 0):
 garbage-first heap   total 252928K, used 166945K [0x0000000080000000, 0x0000000100000000)
  region size 1024K, 4 young (4096K), 4 survivors (4096K)
 Metaspace       used 108047K, committed 109312K, reserved 983040K
  class space    used 15010K, committed 15616K, reserved 851968K
}
Event: 49.661 GC heap before
{Heap before GC invocations=53 (full 0):
 garbage-first heap   total 301056K, used 204833K [0x0000000080000000, 0x0000000100000000)
  region size 1024K, 42 young (43008K), 4 survivors (4096K)
 Metaspace       used 108047K, committed 109312K, reserved 983040K
  class space    used 15010K, committed 15616K, reserved 851968K
}
Event: 49.665 GC heap after
{Heap after GC invocations=54 (full 0):
 garbage-first heap   total 301056K, used 167835K [0x0000000080000000, 0x0000000100000000)
  region size 1024K, 4 young (4096K), 4 survivors (4096K)
 Metaspace       used 108047K, committed 109312K, reserved 983040K
  class space    used 15010K, committed 15616K, reserved 851968K
}
Event: 49.709 GC heap before
{Heap before GC invocations=54 (full 0):
 garbage-first heap   total 301056K, used 177051K [0x0000000080000000, 0x0000000100000000)
  region size 1024K, 14 young (14336K), 4 survivors (4096K)
 Metaspace       used 108047K, committed 109312K, reserved 983040K
  class space    used 15010K, committed 15616K, reserved 851968K
}
Event: 49.713 GC heap after
{Heap after GC invocations=55 (full 0):
 garbage-first heap   total 301056K, used 166044K [0x0000000080000000, 0x0000000100000000)
  region size 1024K, 2 young (2048K), 2 survivors (2048K)
 Metaspace       used 108047K, committed 109312K, reserved 983040K
  class space    used 15010K, committed 15616K, reserved 851968K
}
Event: 50.667 GC heap before
{Heap before GC invocations=55 (full 0):
 garbage-first heap   total 301056K, used 238748K [0x0000000080000000, 0x0000000100000000)
  region size 1024K, 70 young (71680K), 2 survivors (2048K)
 Metaspace       used 109560K, committed 110848K, reserved 983040K
  class space    used 15173K, committed 15808K, reserved 851968K
}
Event: 50.674 GC heap after
{Heap after GC invocations=56 (full 0):
 garbage-first heap   total 301056K, used 180564K [0x0000000080000000, 0x0000000100000000)
  region size 1024K, 9 young (9216K), 9 survivors (9216K)
 Metaspace       used 109560K, committed 110848K, reserved 983040K
  class space    used 15173K, committed 15808K, reserved 851968K
}
Event: 51.311 GC heap before
{Heap before GC invocations=56 (full 0):
 garbage-first heap   total 301056K, used 238932K [0x0000000080000000, 0x0000000100000000)
  region size 1024K, 67 young (68608K), 9 survivors (9216K)
 Metaspace       used 109697K, committed 110976K, reserved 983040K
  class space    used 15187K, committed 15808K, reserved 851968K
}
Event: 51.319 GC heap after
{Heap after GC invocations=57 (full 0):
 garbage-first heap   total 301056K, used 184869K [0x0000000080000000, 0x0000000100000000)
  region size 1024K, 6 young (6144K), 6 survivors (6144K)
 Metaspace       used 109697K, committed 110976K, reserved 983040K
  class space    used 15187K, committed 15808K, reserved 851968K
}
Event: 52.287 GC heap before
{Heap before GC invocations=57 (full 0):
 garbage-first heap   total 301056K, used 242213K [0x0000000080000000, 0x0000000100000000)
  region size 1024K, 63 young (64512K), 6 survivors (6144K)
 Metaspace       used 109925K, committed 111360K, reserved 983040K
  class space    used 15213K, committed 15872K, reserved 851968K
}
Event: 52.298 GC heap after
{Heap after GC invocations=58 (full 0):
 garbage-first heap   total 301056K, used 192123K [0x0000000080000000, 0x0000000100000000)
  region size 1024K, 8 young (8192K), 8 survivors (8192K)
 Metaspace       used 109925K, committed 111360K, reserved 983040K
  class space    used 15213K, committed 15872K, reserved 851968K
}
Event: 52.621 GC heap before
{Heap before GC invocations=59 (full 0):
 garbage-first heap   total 358400K, used 240251K [0x0000000080000000, 0x0000000100000000)
  region size 1024K, 56 young (57344K), 8 survivors (8192K)
 Metaspace       used 109925K, committed 111360K, reserved 983040K
  class space    used 15213K, committed 15872K, reserved 851968K
}
Event: 52.629 GC heap after
{Heap after GC invocations=60 (full 0):
 garbage-first heap   total 358400K, used 196618K [0x0000000080000000, 0x0000000100000000)
  region size 1024K, 5 young (5120K), 5 survivors (5120K)
 Metaspace       used 109925K, committed 111360K, reserved 983040K
  class space    used 15213K, committed 15872K, reserved 851968K
}
Event: 52.672 GC heap before
{Heap before GC invocations=60 (full 0):
 garbage-first heap   total 358400K, used 207882K [0x0000000080000000, 0x0000000100000000)
  region size 1024K, 17 young (17408K), 5 survivors (5120K)
 Metaspace       used 109925K, committed 111360K, reserved 983040K
  class space    used 15213K, committed 15872K, reserved 851968K
}
Event: 52.681 GC heap after
{Heap after GC invocations=61 (full 0):
 garbage-first heap   total 658432K, used 194495K [0x0000000080000000, 0x0000000100000000)
  region size 1024K, 3 young (3072K), 3 survivors (3072K)
 Metaspace       used 109925K, committed 111360K, reserved 983040K
  class space    used 15213K, committed 15872K, reserved 851968K
}
Event: 56.861 GC heap before
{Heap before GC invocations=61 (full 0):
 garbage-first heap   total 658432K, used 470975K [0x0000000080000000, 0x0000000100000000)
  region size 1024K, 269 young (275456K), 3 survivors (3072K)
 Metaspace       used 110971K, committed 112448K, reserved 983040K
  class space    used 15363K, committed 16064K, reserved 851968K
}
Event: 56.883 GC heap after
{Heap after GC invocations=62 (full 0):
 garbage-first heap   total 658432K, used 218042K [0x0000000080000000, 0x0000000100000000)
  region size 1024K, 22 young (22528K), 22 survivors (22528K)
 Metaspace       used 110971K, committed 112448K, reserved 983040K
  class space    used 15363K, committed 16064K, reserved 851968K
}
Event: 59.556 GC heap before
{Heap before GC invocations=62 (full 0):
 garbage-first heap   total 658432K, used 486330K [0x0000000080000000, 0x0000000100000000)
  region size 1024K, 278 young (284672K), 22 survivors (22528K)
 Metaspace       used 111537K, committed 113152K, reserved 983040K
  class space    used 15440K, committed 16192K, reserved 851968K
}
Event: 59.596 GC heap after
{Heap after GC invocations=63 (full 0):
 garbage-first heap   total 658432K, used 241961K [0x0000000080000000, 0x0000000100000000)
  region size 1024K, 21 young (21504K), 21 survivors (21504K)
 Metaspace       used 111537K, committed 113152K, reserved 983040K
  class space    used 15440K, committed 16192K, reserved 851968K
}

Dll operation events (15 events):
Event: 0.093 Loaded shared library C:\Program Files\OpenLogic\jdk-17.0.14.7-hotspot\bin\java.dll
Event: 0.487 Loaded shared library C:\Program Files\OpenLogic\jdk-17.0.14.7-hotspot\bin\jsvml.dll
Event: 0.790 Loaded shared library C:\Program Files\OpenLogic\jdk-17.0.14.7-hotspot\bin\zip.dll
Event: 0.797 Loaded shared library C:\Program Files\OpenLogic\jdk-17.0.14.7-hotspot\bin\instrument.dll
Event: 0.811 Loaded shared library C:\Program Files\OpenLogic\jdk-17.0.14.7-hotspot\bin\net.dll
Event: 0.818 Loaded shared library C:\Program Files\OpenLogic\jdk-17.0.14.7-hotspot\bin\nio.dll
Event: 0.823 Loaded shared library C:\Program Files\OpenLogic\jdk-17.0.14.7-hotspot\bin\zip.dll
Event: 1.624 Loaded shared library C:\Program Files\OpenLogic\jdk-17.0.14.7-hotspot\bin\jimage.dll
Event: 2.479 Loaded shared library C:\Program Files\OpenLogic\jdk-17.0.14.7-hotspot\bin\verify.dll
Event: 2.754 Loaded shared library C:\Users\Vauras\.gradle\native\1def1411415f61bf3af743bc5b6707747c0891f09f0c88961ee8f79bc544acac\windows-amd64\native-platform.dll
Event: 2.809 Loaded shared library C:\Users\Vauras\.gradle\native\0.2.7\x86_64-windows-gnu\gradle-fileevents.dll
Event: 7.441 Loaded shared library C:\Program Files\OpenLogic\jdk-17.0.14.7-hotspot\bin\management.dll
Event: 7.472 Loaded shared library C:\Program Files\OpenLogic\jdk-17.0.14.7-hotspot\bin\management_ext.dll
Event: 8.105 Loaded shared library C:\Program Files\OpenLogic\jdk-17.0.14.7-hotspot\bin\extnet.dll
Event: 8.631 Loaded shared library C:\Program Files\OpenLogic\jdk-17.0.14.7-hotspot\bin\sunmscapi.dll

Deoptimization events (20 events):
Event: 59.862 Thread 0x000002520b6cbd20 DEOPT PACKING pc=0x00000251c1c27868 sp=0x00000066bf3f9260
Event: 59.863 Thread 0x000002520b6cbd20 DEOPT UNPACKING pc=0x00000251c0cc69a3 sp=0x00000066bf3f9148 mode 2
Event: 59.892 Thread 0x000002520b6cbd20 Uncommon trap: trap_request=0xffffffd6 fr.pc=0x00000251c1c27868 relative=0x00000000000005a8
Event: 59.892 Thread 0x000002520b6cbd20 Uncommon trap: reason=array_check action=maybe_recompile pc=0x00000251c1c27868 method=java.util.stream.Nodes$FixedNodeBuilder.accept(Ljava/lang/Object;)V @ 28 c2
Event: 59.892 Thread 0x000002520b6cbd20 DEOPT PACKING pc=0x00000251c1c27868 sp=0x00000066bf3f9a80
Event: 59.892 Thread 0x000002520b6cbd20 DEOPT UNPACKING pc=0x00000251c0cc69a3 sp=0x00000066bf3f9968 mode 2
Event: 59.898 Thread 0x000002520b6cbd20 Uncommon trap: trap_request=0xffffffd6 fr.pc=0x00000251c1c27868 relative=0x00000000000005a8
Event: 59.898 Thread 0x000002520b6cbd20 Uncommon trap: reason=array_check action=maybe_recompile pc=0x00000251c1c27868 method=java.util.stream.Nodes$FixedNodeBuilder.accept(Ljava/lang/Object;)V @ 28 c2
Event: 59.898 Thread 0x000002520b6cbd20 DEOPT PACKING pc=0x00000251c1c27868 sp=0x00000066bf3f82c0
Event: 59.898 Thread 0x000002520b6cbd20 DEOPT UNPACKING pc=0x00000251c0cc69a3 sp=0x00000066bf3f81a8 mode 2
Event: 60.060 Thread 0x000002520b6cbd20 Uncommon trap: trap_request=0xffffffd6 fr.pc=0x00000251c1c27868 relative=0x00000000000005a8
Event: 60.060 Thread 0x000002520b6cbd20 Uncommon trap: reason=array_check action=maybe_recompile pc=0x00000251c1c27868 method=java.util.stream.Nodes$FixedNodeBuilder.accept(Ljava/lang/Object;)V @ 28 c2
Event: 60.060 Thread 0x000002520b6cbd20 DEOPT PACKING pc=0x00000251c1c27868 sp=0x00000066bf3f82c0
Event: 60.060 Thread 0x000002520b6cbd20 DEOPT UNPACKING pc=0x00000251c0cc69a3 sp=0x00000066bf3f81a8 mode 2
Event: 60.150 Thread 0x000002520b6cbd20 DEOPT PACKING pc=0x00000251babc7c2b sp=0x00000066bf3f8d80
Event: 60.150 Thread 0x000002520b6cbd20 DEOPT UNPACKING pc=0x00000251c0cc7143 sp=0x00000066bf3f82d0 mode 0
Event: 61.006 Thread 0x000002520b6c8570 Uncommon trap: trap_request=0xffffff45 fr.pc=0x00000251c1a1b674 relative=0x0000000000000e14
Event: 61.006 Thread 0x000002520b6c8570 Uncommon trap: reason=unstable_if action=reinterpret pc=0x00000251c1a1b674 method=java.math.BigInteger.makePositive([BII)[I @ 40 c2
Event: 61.006 Thread 0x000002520b6c8570 DEOPT PACKING pc=0x00000251c1a1b674 sp=0x00000066bf8fef60
Event: 61.007 Thread 0x000002520b6c8570 DEOPT UNPACKING pc=0x00000251c0cc69a3 sp=0x00000066bf8fee78 mode 2

Classes loaded (20 events):
Event: 54.440 Loading class java/util/DictionaryCustomizer
Event: 54.440 Loading class java/util/DictionaryCustomizer done
Event: 54.441 Loading class java/util/HashtableCustomizer
Event: 54.441 Loading class java/util/HashtableCustomizer done
Event: 54.441 Loading class java/util/HashtableCustomizer
Event: 54.441 Loading class java/util/HashtableCustomizer done
Event: 54.443 Loading class java/util/PropertiesCustomizer
Event: 54.443 Loading class java/util/PropertiesCustomizer done
Event: 54.444 Loading class java/util/PropertiesCustomizer
Event: 54.444 Loading class java/util/PropertiesCustomizer done
Event: 54.578 Loading class java/io/LineNumberReader
Event: 54.579 Loading class java/io/LineNumberReader done
Event: 56.824 Loading class jdk/internal/misc/ScopedMemoryAccess$Scope$Handle
Event: 56.826 Loading class jdk/internal/misc/ScopedMemoryAccess$Scope$Handle done
Event: 60.033 Loading class jdk/internal/reflect/UnsafeStaticBooleanFieldAccessorImpl
Event: 60.036 Loading class jdk/internal/reflect/UnsafeStaticBooleanFieldAccessorImpl done
Event: 62.319 Loading class java/lang/ProcessBuilder$Redirect
Event: 62.322 Loading class java/lang/ProcessBuilder$Redirect done
Event: 62.323 Loading class java/lang/ProcessImplBeanInfo
Event: 62.323 Loading class java/lang/ProcessImplBeanInfo done

Classes unloaded (0 events):
No events

Classes redefined (0 events):
No events

Internal exceptions (20 events):
Event: 58.534 Thread 0x000002520b6cbd20 Exception <a 'java/lang/ClassNotFoundException'{0x000000009d425df8}: build_9088bz7ol88le8me0vo3yjp4qBeanInfo> (0x000000009d425df8) 
thrown [s\src\hotspot\share\classfile\systemDictionary.cpp, line 256]
Event: 58.535 Thread 0x000002520b6cbd20 Exception <a 'java/lang/ClassNotFoundException'{0x000000009d42d240}: build_9088bz7ol88le8me0vo3yjp4qCustomizer> (0x000000009d42d240) 
thrown [s\src\hotspot\share\classfile\systemDictionary.cpp, line 256]
Event: 58.874 Thread 0x000002520b6cbd20 Exception <a 'java/lang/ClassNotFoundException'{0x000000009cb80a18}: build_9088bz7ol88le8me0vo3yjp4q$_run_closure1BeanInfo> (0x000000009cb80a18) 
thrown [s\src\hotspot\share\classfile\systemDictionary.cpp, line 256]
Event: 58.875 Thread 0x000002520b6cbd20 Exception <a 'java/lang/ClassNotFoundException'{0x000000009cb8b108}: build_9088bz7ol88le8me0vo3yjp4q$_run_closure1Customizer> (0x000000009cb8b108) 
thrown [s\src\hotspot\share\classfile\systemDictionary.cpp, line 256]
Event: 59.121 Thread 0x000002520b6cbd20 Exception <a 'java/lang/ClassNotFoundException'{0x000000009c4d0d78}: build_8ztcbj8atjizdzcs7jnhwxk68BeanInfo> (0x000000009c4d0d78) 
thrown [s\src\hotspot\share\classfile\systemDictionary.cpp, line 256]
Event: 59.122 Thread 0x000002520b6cbd20 Exception <a 'java/lang/ClassNotFoundException'{0x000000009c4d8240}: build_8ztcbj8atjizdzcs7jnhwxk68Customizer> (0x000000009c4d8240) 
thrown [s\src\hotspot\share\classfile\systemDictionary.cpp, line 256]
Event: 59.865 Thread 0x000002520b6cbd20 Exception <a 'java/lang/ClassNotFoundException'{0x00000000a4cce7e8}: build_8ztcbj8atjizdzcs7jnhwxk68BeanInfo> (0x00000000a4cce7e8) 
thrown [s\src\hotspot\share\classfile\systemDictionary.cpp, line 256]
Event: 59.866 Thread 0x000002520b6cbd20 Exception <a 'java/lang/ClassNotFoundException'{0x00000000a4cd5c30}: build_8ztcbj8atjizdzcs7jnhwxk68Customizer> (0x00000000a4cd5c30) 
thrown [s\src\hotspot\share\classfile\systemDictionary.cpp, line 256]
Event: 60.029 Thread 0x000002520b6cbd20 Exception <a 'java/lang/ClassNotFoundException'{0x00000000a46f7bf0}: build_8ztcbj8atjizdzcs7jnhwxk68$_run_closure1BeanInfo> (0x00000000a46f7bf0) 
thrown [s\src\hotspot\share\classfile\systemDictionary.cpp, line 256]
Event: 60.030 Thread 0x000002520b6cbd20 Exception <a 'java/lang/ClassNotFoundException'{0x00000000a4505318}: build_8ztcbj8atjizdzcs7jnhwxk68$_run_closure1Customizer> (0x00000000a4505318) 
thrown [s\src\hotspot\share\classfile\systemDictionary.cpp, line 256]
Event: 60.049 Thread 0x000002520b6cbd20 Exception <a 'java/lang/ClassNotFoundException'{0x00000000a4431700}: com/android/build/gradle/internal/dsl/VectorDrawablesOptions_DecoratedBeanInfo> (0x00000000a4431700) 
thrown [s\src\hotspot\share\classfile\systemDictionary.cpp, line 256]
Event: 60.050 Thread 0x000002520b6cbd20 Exception <a 'java/lang/ClassNotFoundException'{0x00000000a44435f8}: com/android/build/gradle/internal/dsl/VectorDrawablesOptionsBeanInfo> (0x00000000a44435f8) 
thrown [s\src\hotspot\share\classfile\systemDictionary.cpp, line 256]
Event: 60.052 Thread 0x000002520b6cbd20 Exception <a 'java/lang/ClassNotFoundException'{0x00000000a4455178}: com/android/builder/core/DefaultVectorDrawablesOptionsBeanInfo> (0x00000000a4455178) 
thrown [s\src\hotspot\share\classfile\systemDictionary.cpp, line 256]
Event: 60.053 Thread 0x000002520b6cbd20 Exception <a 'java/lang/ClassNotFoundException'{0x00000000a4466db0}: com/android/builder/core/DefaultVectorDrawablesOptionsCustomizer> (0x00000000a4466db0) 
thrown [s\src\hotspot\share\classfile\systemDictionary.cpp, line 256]
Event: 60.056 Thread 0x000002520b6cbd20 Exception <a 'java/lang/ClassNotFoundException'{0x00000000a447f370}: com/android/build/gradle/internal/dsl/VectorDrawablesOptionsCustomizer> (0x00000000a447f370) 
thrown [s\src\hotspot\share\classfile\systemDictionary.cpp, line 256]
Event: 60.057 Thread 0x000002520b6cbd20 Exception <a 'java/lang/ClassNotFoundException'{0x00000000a4495840}: com/android/build/gradle/internal/dsl/VectorDrawablesOptions_DecoratedCustomizer> (0x00000000a4495840) 
thrown [s\src\hotspot\share\classfile\systemDictionary.cpp, line 256]
Event: 60.148 Thread 0x000002520b6cbd20 Exception <a 'java/lang/ClassNotFoundException'{0x00000000a40d6918}: build_6l0jb1yoy1536d2ph6l9qvef7BeanInfo> (0x00000000a40d6918) 
thrown [s\src\hotspot\share\classfile\systemDictionary.cpp, line 256]
Event: 60.149 Thread 0x000002520b6cbd20 Exception <a 'java/lang/ClassNotFoundException'{0x00000000a40ddde0}: build_6l0jb1yoy1536d2ph6l9qvef7Customizer> (0x00000000a40ddde0) 
thrown [s\src\hotspot\share\classfile\systemDictionary.cpp, line 256]
Event: 61.175 Thread 0x000002520b6cbd20 Exception <a 'java/lang/ClassNotFoundException'{0x000000009b3e45a8}: build_6l0jb1yoy1536d2ph6l9qvef7BeanInfo> (0x000000009b3e45a8) 
thrown [s\src\hotspot\share\classfile\systemDictionary.cpp, line 256]
Event: 61.189 Thread 0x000002520b6cbd20 Exception <a 'java/lang/ClassNotFoundException'{0x000000009b3eb9f0}: build_6l0jb1yoy1536d2ph6l9qvef7Customizer> (0x000000009b3eb9f0) 
thrown [s\src\hotspot\share\classfile\systemDictionary.cpp, line 256]

VM Operations (20 events):
Event: 54.587 Executing VM operation: HandshakeAllThreads
Event: 54.588 Executing VM operation: HandshakeAllThreads done
Event: 55.489 Executing VM operation: ICBufferFull
Event: 55.489 Executing VM operation: ICBufferFull done
Event: 56.860 Executing VM operation: G1CollectForAllocation
Event: 56.883 Executing VM operation: G1CollectForAllocation done
Event: 57.895 Executing VM operation: Cleanup
Event: 57.895 Executing VM operation: Cleanup done
Event: 58.908 Executing VM operation: Cleanup
Event: 58.925 Executing VM operation: Cleanup done
Event: 59.555 Executing VM operation: G1CollectForAllocation
Event: 59.596 Executing VM operation: G1CollectForAllocation done
Event: 60.141 Executing VM operation: HandshakeAllThreads
Event: 60.141 Executing VM operation: HandshakeAllThreads done
Event: 61.155 Executing VM operation: Cleanup
Event: 61.155 Executing VM operation: Cleanup done
Event: 62.155 Executing VM operation: Cleanup
Event: 62.155 Executing VM operation: Cleanup done
Event: 63.165 Executing VM operation: Cleanup
Event: 63.165 Executing VM operation: Cleanup done

Memory protections (0 events):
No events

Nmethod flushes (20 events):
Event: 48.524 Thread 0x00000251d08be9f0 flushing  nmethod 0x00000251babe3090
Event: 48.524 Thread 0x00000251d08be9f0 flushing  nmethod 0x00000251bac06710
Event: 48.524 Thread 0x00000251d08be9f0 flushing  nmethod 0x00000251bac1ef90
Event: 48.524 Thread 0x00000251d08be9f0 flushing  nmethod 0x00000251bac22a10
Event: 48.524 Thread 0x00000251d08be9f0 flushing  nmethod 0x00000251bac25510
Event: 48.524 Thread 0x00000251d08be9f0 flushing  nmethod 0x00000251bac29210
Event: 48.524 Thread 0x00000251d08be9f0 flushing  nmethod 0x00000251bac2b410
Event: 48.524 Thread 0x00000251d08be9f0 flushing  nmethod 0x00000251bac2cd10
Event: 48.524 Thread 0x00000251d08be9f0 flushing  nmethod 0x00000251bac3b690
Event: 48.524 Thread 0x00000251d08be9f0 flushing  nmethod 0x00000251bac45d10
Event: 48.525 Thread 0x00000251d08be9f0 flushing  nmethod 0x00000251bac8f390
Event: 48.525 Thread 0x00000251d08be9f0 flushing  nmethod 0x00000251bad15190
Event: 48.526 Thread 0x00000251d08be9f0 flushing  nmethod 0x00000251bad6af90
Event: 48.526 Thread 0x00000251d08be9f0 flushing  nmethod 0x00000251bad73890
Event: 48.527 Thread 0x00000251d08be9f0 flushing  nmethod 0x00000251baf12710
Event: 54.484 Thread 0x00000251d08be9f0 flushing  nmethod 0x00000251b9de2290
Event: 54.485 Thread 0x00000251d08be9f0 flushing  nmethod 0x00000251b9f26890
Event: 54.491 Thread 0x00000251d08be9f0 flushing  nmethod 0x00000251ba415410
Event: 54.500 Thread 0x00000251d08be9f0 flushing  nmethod 0x00000251baba5f90
Event: 54.505 Thread 0x00000251d08be9f0 flushing  nmethod 0x00000251baffa210

Events (20 events):
Event: 36.292 Thread 0x000002520e83aba0 Thread exited: 0x000002520e83aba0
Event: 36.456 Thread 0x00000251d0874680 Thread added: 0x000002520e83aba0
Event: 37.906 Thread 0x000002520b6cbd20 Thread added: 0x000002520bc831d0
Event: 38.352 Thread 0x000002520b6cbd20 Thread added: 0x000002520bc80440
Event: 39.761 Thread 0x000002520b6cbd20 Thread added: 0x000002520bc836e0
Event: 39.780 Thread 0x000002520b6cbd20 Thread added: 0x000002520bc81d90
Event: 40.141 Thread 0x00000251d0874680 Thread added: 0x000002520e839660
Event: 41.208 Thread 0x000002520e839660 Thread exited: 0x000002520e839660
Event: 41.322 Thread 0x000002520e83aba0 Thread exited: 0x000002520e83aba0
Event: 41.991 Thread 0x00000251d0874680 Thread added: 0x000002520fb40710
Event: 53.873 Thread 0x000002520b6cbd20 Thread added: 0x000002520bc84100
Event: 54.232 Thread 0x000002520fb40710 Thread exited: 0x000002520fb40710
Event: 54.232 Thread 0x000002520bc84100 Thread added: 0x000002520bc84610
Event: 54.233 Thread 0x000002520bc84100 Thread added: 0x000002520bc84b20
Event: 55.774 Thread 0x00000251d0874680 Thread added: 0x000002520fb44180
Event: 56.366 Thread 0x00000251d0874680 Thread added: 0x000002520fb41c50
Event: 57.024 Thread 0x000002520fb41c50 Thread exited: 0x000002520fb41c50
Event: 57.151 Thread 0x000002520fb44180 Thread exited: 0x000002520fb44180
Event: 57.397 Thread 0x00000251d0874680 Thread added: 0x000002520fb411b0
Event: 57.929 Thread 0x00000251d086bdc0 Thread added: 0x000002520fb44180


Dynamic libraries:
0x00007ff799ac0000 - 0x00007ff799ace000 	C:\Program Files\OpenLogic\jdk-17.0.14.7-hotspot\bin\java.exe
0x00007ffd03180000 - 0x00007ffd033e7000 	C:\Windows\SYSTEM32\ntdll.dll
0x00007ffd01a60000 - 0x00007ffd01b29000 	C:\Windows\System32\KERNEL32.DLL
0x00007ffcffa60000 - 0x00007ffcffe51000 	C:\Windows\System32\KERNELBASE.dll
0x00007ffd00c60000 - 0x00007ffd00dab000 	C:\Windows\System32\ucrtbase.dll
0x00007ffcead10000 - 0x00007ffcead27000 	C:\Program Files\OpenLogic\jdk-17.0.14.7-hotspot\bin\jli.dll
0x00007ffcfb0a0000 - 0x00007ffcfb0bb000 	C:\Program Files\OpenLogic\jdk-17.0.14.7-hotspot\bin\VCRUNTIME140.dll
0x00007ffd01dc0000 - 0x00007ffd01f85000 	C:\Windows\System32\USER32.dll
0x00007ffcffe60000 - 0x00007ffcffe87000 	C:\Windows\System32\win32u.dll
0x00007ffcec6c0000 - 0x00007ffcec953000 	C:\Windows\WinSxS\amd64_microsoft.windows.common-controls_6595b64144ccf1df_6.0.26100.8037_none_3e092faae333b53b\COMCTL32.dll
0x00007ffd00f30000 - 0x00007ffd00f5b000 	C:\Windows\System32\GDI32.dll
0x00007ffd00930000 - 0x00007ffd00a5b000 	C:\Windows\System32\gdi32full.dll
0x00007ffd00e70000 - 0x00007ffd00f13000 	C:\Windows\System32\msvcp_win.dll
0x00007ffd018b0000 - 0x00007ffd01959000 	C:\Windows\System32\msvcrt.dll
0x00007ffd02dc0000 - 0x00007ffd02df1000 	C:\Windows\System32\IMM32.DLL
0x00007ffceacf0000 - 0x00007ffceacfc000 	C:\Program Files\OpenLogic\jdk-17.0.14.7-hotspot\bin\vcruntime140_1.dll
0x00007ffcd7220000 - 0x00007ffcd72ad000 	C:\Program Files\OpenLogic\jdk-17.0.14.7-hotspot\bin\msvcp140.dll
0x00007ffc4fac0000 - 0x00007ffc5072c000 	C:\Program Files\OpenLogic\jdk-17.0.14.7-hotspot\bin\server\jvm.dll
0x00007ffd017f0000 - 0x00007ffd018ab000 	C:\Windows\System32\ADVAPI32.dll
0x00007ffd02cf0000 - 0x00007ffd02d97000 	C:\Windows\System32\sechost.dll
0x00007ffd01240000 - 0x00007ffd01358000 	C:\Windows\System32\RPCRT4.dll
0x00007ffd03060000 - 0x00007ffd030d4000 	C:\Windows\System32\WS2_32.dll
0x00007ffcff710000 - 0x00007ffcff76e000 	C:\Windows\SYSTEM32\POWRPROF.dll
0x00007ffcf6990000 - 0x00007ffcf69c5000 	C:\Windows\SYSTEM32\WINMM.dll
0x00007ffcf4700000 - 0x00007ffcf470b000 	C:\Windows\SYSTEM32\VERSION.dll
0x00007ffcff6f0000 - 0x00007ffcff704000 	C:\Windows\SYSTEM32\UMPDC.dll
0x00007ffcfe7b0000 - 0x00007ffcfe7cb000 	C:\Windows\SYSTEM32\kernel.appcore.dll
0x00007ffce81b0000 - 0x00007ffce81ba000 	C:\Program Files\OpenLogic\jdk-17.0.14.7-hotspot\bin\jimage.dll
0x00007ffcf3390000 - 0x00007ffcf35d2000 	C:\Windows\SYSTEM32\DBGHELP.DLL
0x00007ffd027b0000 - 0x00007ffd02b32000 	C:\Windows\System32\combase.dll
0x00007ffd01b40000 - 0x00007ffd01c17000 	C:\Windows\System32\OLEAUT32.dll
0x00007ffce7360000 - 0x00007ffce739b000 	C:\Windows\SYSTEM32\dbgcore.DLL
0x00007ffcffe90000 - 0x00007ffcfff35000 	C:\Windows\System32\bcryptPrimitives.dll
0x00007ffce1fd0000 - 0x00007ffce1fde000 	C:\Program Files\OpenLogic\jdk-17.0.14.7-hotspot\bin\instrument.dll
0x00007ffcdc310000 - 0x00007ffcdc335000 	C:\Program Files\OpenLogic\jdk-17.0.14.7-hotspot\bin\java.dll
0x00007ffcd7140000 - 0x00007ffcd7216000 	C:\Program Files\OpenLogic\jdk-17.0.14.7-hotspot\bin\jsvml.dll
0x00007ffd01fa0000 - 0x00007ffd026ff000 	C:\Windows\System32\SHELL32.dll
0x00007ffd00af0000 - 0x00007ffd00c5a000 	C:\Windows\System32\wintypes.dll
0x00007ffd000c0000 - 0x00007ffd00924000 	C:\Windows\System32\windows.storage.dll
0x00007ffd01960000 - 0x00007ffd01a57000 	C:\Windows\System32\SHCORE.dll
0x00007ffd02740000 - 0x00007ffd027a7000 	C:\Windows\System32\shlwapi.dll
0x00007ffcff980000 - 0x00007ffcff9a9000 	C:\Windows\SYSTEM32\profapi.dll
0x00007ffce25e0000 - 0x00007ffce25f8000 	C:\Program Files\OpenLogic\jdk-17.0.14.7-hotspot\bin\zip.dll
0x00007ffce8010000 - 0x00007ffce8029000 	C:\Program Files\OpenLogic\jdk-17.0.14.7-hotspot\bin\net.dll
0x00007ffcf59d0000 - 0x00007ffcf5af7000 	C:\Windows\SYSTEM32\WINHTTP.dll
0x00007ffcfed00000 - 0x00007ffcfed6b000 	C:\Windows\system32\mswsock.dll
0x00007ffce7f00000 - 0x00007ffce7f16000 	C:\Program Files\OpenLogic\jdk-17.0.14.7-hotspot\bin\nio.dll
0x00007ffcedf50000 - 0x00007ffcedf60000 	C:\Program Files\OpenLogic\jdk-17.0.14.7-hotspot\bin\verify.dll
0x00007ffcee260000 - 0x00007ffcee287000 	C:\Users\Vauras\.gradle\native\1def1411415f61bf3af743bc5b6707747c0891f09f0c88961ee8f79bc544acac\windows-amd64\native-platform.dll
0x00007ffcc4c20000 - 0x00007ffcc4c98000 	C:\Users\Vauras\.gradle\native\0.2.7\x86_64-windows-gnu\gradle-fileevents.dll
0x00007ffcedf80000 - 0x00007ffcedf89000 	C:\Program Files\OpenLogic\jdk-17.0.14.7-hotspot\bin\management.dll
0x00007ffce81e0000 - 0x00007ffce81eb000 	C:\Program Files\OpenLogic\jdk-17.0.14.7-hotspot\bin\management_ext.dll
0x00007ffd01b30000 - 0x00007ffd01b38000 	C:\Windows\System32\PSAPI.DLL
0x00007ffcfe040000 - 0x00007ffcfe073000 	C:\Windows\SYSTEM32\IPHLPAPI.DLL
0x00007ffd00f20000 - 0x00007ffd00f2a000 	C:\Windows\System32\NSI.dll
0x00007ffcfa570000 - 0x00007ffcfa58d000 	C:\Windows\SYSTEM32\dhcpcsvc6.DLL
0x00007ffcfa540000 - 0x00007ffcfa563000 	C:\Windows\SYSTEM32\dhcpcsvc.DLL
0x00007ffcfe160000 - 0x00007ffcfe28a000 	C:\Windows\SYSTEM32\DNSAPI.dll
0x00007ffcedfa0000 - 0x00007ffcedfa8000 	C:\Program Files\OpenLogic\jdk-17.0.14.7-hotspot\bin\extnet.dll
0x00007ffcff100000 - 0x00007ffcff11b000 	C:\Windows\SYSTEM32\CRYPTSP.dll
0x00007ffcfe710000 - 0x00007ffcfe749000 	C:\Windows\system32\rsaenh.dll
0x00007ffcfedb0000 - 0x00007ffcfede2000 	C:\Windows\SYSTEM32\USERENV.dll
0x00007ffcff950000 - 0x00007ffcff97a000 	C:\Windows\SYSTEM32\bcrypt.dll
0x00007ffcfef60000 - 0x00007ffcfef6c000 	C:\Windows\SYSTEM32\CRYPTBASE.dll
0x00007ffce2020000 - 0x00007ffce202e000 	C:\Program Files\OpenLogic\jdk-17.0.14.7-hotspot\bin\sunmscapi.dll
0x00007ffcfff40000 - 0x00007ffd000b7000 	C:\Windows\System32\CRYPT32.dll
0x00007ffcff260000 - 0x00007ffcff290000 	C:\Windows\SYSTEM32\ncrypt.dll
0x00007ffcff210000 - 0x00007ffcff24f000 	C:\Windows\SYSTEM32\NTASN1.dll
0x00007ffccbc20000 - 0x00007ffccbc28000 	C:\Windows\system32\wshunix.dll
0x00007ffce7340000 - 0x00007ffce7358000 	C:\Windows\system32\napinsp.dll
0x00007ffce7320000 - 0x00007ffce7332000 	C:\Windows\System32\winrnr.dll
0x00007ffce72f0000 - 0x00007ffce7312000 	C:\Windows\system32\nlansp_c.dll
0x00007ffce72d0000 - 0x00007ffce72e6000 	C:\Windows\system32\wshbth.dll
0x00007ffcf5240000 - 0x00007ffcf524b000 	C:\Windows\System32\rasadhlp.dll
0x00007ffcfac10000 - 0x00007ffcfac96000 	C:\Windows\System32\fwpuclnt.dll

dbghelp: loaded successfully - version: 4.0.5 - missing functions: none
symbol engine: initialized successfully - sym options: 0x614 - pdb path: .;C:\Program Files\OpenLogic\jdk-17.0.14.7-hotspot\bin;C:\Windows\SYSTEM32;C:\Windows\WinSxS\amd64_microsoft.windows.common-controls_6595b64144ccf1df_6.0.26100.8037_none_3e092faae333b53b;C:\Program Files\OpenLogic\jdk-17.0.14.7-hotspot\bin\server;C:\Users\Vauras\.gradle\native\1def1411415f61bf3af743bc5b6707747c0891f09f0c88961ee8f79bc544acac\windows-amd64;C:\Users\Vauras\.gradle\native\0.2.7\x86_64-windows-gnu

VM Arguments:
jvm_args: --add-opens=java.base/java.lang=ALL-UNNAMED --add-opens=java.base/java.lang.invoke=ALL-UNNAMED --add-opens=java.base/java.util=ALL-UNNAMED --add-opens=java.prefs/java.util.prefs=ALL-UNNAMED --add-exports=jdk.compiler/com.sun.tools.javac.api=ALL-UNNAMED --add-exports=jdk.compiler/com.sun.tools.javac.util=ALL-UNNAMED --add-opens=java.base/java.util=ALL-UNNAMED --add-opens=java.prefs/java.util.prefs=ALL-UNNAMED --add-opens=java.base/java.nio.charset=ALL-UNNAMED --add-opens=java.base/java.net=ALL-UNNAMED --add-opens=java.base/java.util.concurrent.atomic=ALL-UNNAMED --add-opens=java.xml/javax.xml.namespace=ALL-UNNAMED -XX:MaxMetaspaceSize=1024m -Xmx2048m -Dfile.encoding=windows-1252 -Duser.country=IN -Duser.language=en -Duser.variant -javaagent:C:\Users\Vauras\.gradle\wrapper\dists\gradle-8.13-bin\5xuhj0ry160q40clulazy9h7d\gradle-8.13\lib\agents\gradle-instrumentation-agent-8.13.jar 
java_command: org.gradle.launcher.daemon.bootstrap.GradleDaemon 8.13
java_class_path (initial): C:\Users\Vauras\.gradle\wrapper\dists\gradle-8.13-bin\5xuhj0ry160q40clulazy9h7d\gradle-8.13\lib\gradle-daemon-main-8.13.jar
Launcher Type: SUN_STANDARD

[Global flags]
     intx CICompilerCount                          = 4                                         {product} {ergonomic}
   size_t CompressedClassSpaceSize                 = 872415232                                 {product} {ergonomic}
     uint ConcGCThreads                            = 2                                         {product} {ergonomic}
     uint G1ConcRefinementThreads                  = 8                                         {product} {ergonomic}
   size_t G1HeapRegionSize                         = 1048576                                   {product} {ergonomic}
    uintx GCDrainStackTargetSize                   = 64                                        {product} {ergonomic}
   size_t InitialHeapSize                          = 121634816                                 {product} {ergonomic}
   size_t MarkStackSize                            = 4194304                                   {product} {ergonomic}
   size_t MaxHeapSize                              = 2147483648                                {product} {command line}
   size_t MaxMetaspaceSize                         = 1073741824                                {product} {command line}
   size_t MaxNewSize                               = 1287651328                                {product} {ergonomic}
   size_t MinHeapDeltaBytes                        = 1048576                                   {product} {ergonomic}
   size_t MinHeapSize                              = 8388608                                   {product} {ergonomic}
    uintx NonNMethodCodeHeapSize                   = 5839372                                {pd product} {ergonomic}
    uintx NonProfiledCodeHeapSize                  = 122909434                              {pd product} {ergonomic}
    uintx ProfiledCodeHeapSize                     = 122909434                              {pd product} {ergonomic}
    uintx ReservedCodeCacheSize                    = 251658240                              {pd product} {ergonomic}
     bool SegmentedCodeCache                       = true                                      {product} {ergonomic}
   size_t SoftMaxHeapSize                          = 2147483648                             {manageable} {ergonomic}
     bool UseCompressedClassPointers               = true                           {product lp64_product} {ergonomic}
     bool UseCompressedOops                        = true                           {product lp64_product} {ergonomic}
     bool UseG1GC                                  = true                                      {product} {ergonomic}
     bool UseLargePagesIndividualAllocation        = false                                  {pd product} {ergonomic}

Logging:
Log output configuration:
 #0: stdout all=warning uptime,level,tags
 #1: stderr all=off uptime,level,tags

Environment Variables:
JAVA_HOME=C:\Program Files\OpenLogic\jdk-17.0.14.7-hotspot
CLASSPATH=D:\salarybooks_mobileapp\Salarybooks-App\android\\gradle\wrapper\gradle-wrapper.jar
PATH=D:\salarybooks_mobileapp\Salarybooks-App\node_modules\.bin;D:\salarybooks_mobileapp\Salarybooks-App\node_modules\.bin;D:\salarybooks_mobileapp\node_modules\.bin;D:\node_modules\.bin;C:\Users\Vauras\AppData\Roaming\nvm\v22.22.1\node_modules\npm\node_modules\@npmcli\run-script\lib\node-gyp-bin;c:\Users\Vauras\AppData\Roaming\Code\User\globalStorage\github.copilot-chat\debugCommand;c:\Users\Vauras\AppData\Roaming\Code\User\globalStorage\github.copilot-chat\copilotCli;C:\Program Files\OpenLogic\jdk-17.0.14.7-hotspot\bin;C:\Windows\system32;C:\Windows;C:\Windows\System32\Wbem;C:\Windows\System32\WindowsPowerShell\v1.0\;C:\Windows\System32\OpenSSH\;C:\Users\Vauras\AppData\Local\Android\Sdk;C:\Users\Vauras\AppData\Local\Android\Sdk\platform-tools;C:\node-v14.20.0-win-x86\node_modules\npm\bin;C:\Users\Vauras\AppData\Roaming\nvm;C:\Program Files\nodejs;C:\Program Files\nodejs\;C:\Program Files\MongoDB\Server\8.0\bin;C:\mongodb-database-tools-windows-x86_64-100.12.0\bin;C:\Program Files\Git\cmd;C:\Users\Vauras\AppData\Roaming\nvm\v18.20.8;C:\Users\Vauras\AppData\Local\Programs\Python\Python311\Scripts\;C:\Users\Vauras\AppData\Local\Programs\Python\Python311\;C:\Users\Vauras\AppData\Local\Microsoft\WindowsApps;C:\Program Files\OpenLogic\jdk-17.0.14.7-hotspot\bin;C:\Users\Vauras\AppData\Local\Android\Sdk\platform-tools;C:\Users\Vauras\AppData\Local\Android\Sdk;C:\Users\Vauras\AppData\Local\Android\Sdk\emulator;C:\Users\Vauras\AppData\Local\Android\Sdk\build-tools;C:\Users\Vauras\AppData\Roaming\nvm;C:\Program Files\nodejs;C:\Users\Vauras\AppData\Roaming\npm;C:\Program Files\nodejs;C:\Program Files\MongoDB\Server\8.0\bin;C:\mongodb-database-tools-windows-x86_64-100.12.0\bin;C:\Users\Vauras\AppData\Local\Programs\Microsoft VS Code\bin;C:\Users\Vauras\AppData\Roaming\nvm\v18.20.8;c:\Users\Vauras\.vscode\extensions\vscjava.vscode-java-debug-0.58.5\bundled\scripts\noConfigScripts
USERNAME=Vauras
LANG=en_US.UTF-8
OS=Windows_NT
PROCESSOR_IDENTIFIER=AMD64 Family 23 Model 160 Stepping 0, AuthenticAMD
TMP=C:\Users\Vauras\AppData\Local\Temp
TEMP=C:\Users\Vauras\AppData\Local\Temp



Periodic native trim disabled


---------------  S Y S T E M  ---------------

OS:
 Windows 11 , 64 bit Build 26100 (10.0.26100.7920)
OS uptime: 1 days 2:56 hours
Hyper-V role detected

CPU: total 8 (initial active 8) (8 cores per cpu, 2 threads per core) family 23 model 160 stepping 0 microcode 0x8a0000b, cx8, cmov, fxsr, ht, mmx, 3dnowpref, sse, sse2, sse3, ssse3, sse4a, sse4.1, sse4.2, popcnt, lzcnt, tsc, tscinvbit, avx, avx2, aes, clmul, bmi1, bmi2, adx, sha, fma, vzeroupper, clflush, clflushopt, hv
Processor Information for all 8 processors :
  Max Mhz: 2801, Current Mhz: 2801, Mhz Limit: 2801

Memory: 4k page, system-wide physical 7418M (537M free)
TotalPageFile size 29946M (AvailPageFile size 0M)
current process WorkingSet (physical memory assigned to process): 758M, peak: 778M
current process commit charge ("private bytes"): 1055M, peak: 1078M

vm_info: OpenJDK 64-Bit Server VM (17.0.14+7-adhoc..jdk17u) for windows-amd64 JRE (17.0.14+7-adhoc..jdk17u), built on Jul  2 2025 17:59:17 by "" with MS VC++ 16.10 / 16.11 (VS2019)

END.
