#
# There is insufficient memory for the Java Runtime Environment to continue.
# Native memory allocation (mmap) failed to map 218103808 bytes. Error detail: G1 virtual space
# Possible reasons:
#   The system is out of physical RAM or swap space
#   This process is running with CompressedOops enabled, and the Java Heap may be blocking the growth of the native heap
# Possible solutions:
#   Reduce memory load on the system
#   Increase physical memory or swap space
#   Check if swap backing store is full
#   Decrease Java heap size (-Xmx/-Xms)
#   Decrease number of Java threads
#   Decrease Java thread stack sizes (-Xss)
#   Set larger code cache with -XX:ReservedCodeCacheSize=
#   JVM is running with Zero Based Compressed Oops mode in which the Java heap is
#     placed in the first 32GB address space. The Java Heap base address is the
#     maximum limit for the native heap growth. Please use -XX:HeapBaseMinAddress
#     to set the Java Heap base and to place the Java Heap above 32GB virtual address.
# This output file may be truncated or incomplete.
#
#  Out of Memory Error (os_windows.cpp:3618), pid=12004, tid=24148
#
# JRE version: OpenJDK Runtime Environment OpenLogic-OpenJDK (17.0.14+7) (build 17.0.14+7-adhoc..jdk17u)
# Java VM: OpenJDK 64-Bit Server VM OpenLogic-OpenJDK (17.0.14+7-adhoc..jdk17u, mixed mode, sharing, tiered, compressed oops, compressed class ptrs, g1 gc, windows-amd64)
# No core dump will be written. Minidumps are not enabled by default on client versions of Windows
#

---------------  S U M M A R Y ------------

Command Line: --add-opens=java.base/java.lang=ALL-UNNAMED --add-opens=java.base/java.lang.invoke=ALL-UNNAMED --add-opens=java.base/java.util=ALL-UNNAMED --add-opens=java.prefs/java.util.prefs=ALL-UNNAMED --add-exports=jdk.compiler/com.sun.tools.javac.api=ALL-UNNAMED --add-exports=jdk.compiler/com.sun.tools.javac.util=ALL-UNNAMED --add-opens=java.base/java.util=ALL-UNNAMED --add-opens=java.prefs/java.util.prefs=ALL-UNNAMED --add-opens=java.base/java.nio.charset=ALL-UNNAMED --add-opens=java.base/java.net=ALL-UNNAMED --add-opens=java.base/java.util.concurrent.atomic=ALL-UNNAMED --add-opens=java.xml/javax.xml.namespace=ALL-UNNAMED -XX:MaxMetaspaceSize=1024m -Xmx4096m -Dfile.encoding=windows-1252 -Duser.country=IN -Duser.language=en -Duser.variant -javaagent:C:\Users\Vauras\.gradle\wrapper\dists\gradle-8.13-bin\5xuhj0ry160q40clulazy9h7d\gradle-8.13\lib\agents\gradle-instrumentation-agent-8.13.jar org.gradle.launcher.daemon.bootstrap.GradleDaemon 8.13

Host: AMD Ryzen 5 7520U with Radeon Graphics         , 8 cores, 7G,  Windows 11 , 64 bit Build 26100 (10.0.26100.8246)
Time: Wed Apr 22 13:52:22 2026 India Standard Time elapsed time: 499.749036 seconds (0d 0h 8m 19s)

---------------  T H R E A D  ---------------

Current thread (0x0000017948960080):  VMThread "VM Thread" [stack: 0x00000001d0900000,0x00000001d0a00000] [id=24148]

Stack: [0x00000001d0900000,0x00000001d0a00000]
Native frames: (J=compiled Java code, j=interpreted, Vv=VM code, C=native code)
V  [jvm.dll+0x681069]
V  [jvm.dll+0x838cca]
V  [jvm.dll+0x83a78e]
V  [jvm.dll+0x83adf3]
V  [jvm.dll+0x24826f]
V  [jvm.dll+0x67dd99]
V  [jvm.dll+0x67286a]
V  [jvm.dll+0x30826b]
V  [jvm.dll+0x30f756]
V  [jvm.dll+0x35face]
V  [jvm.dll+0x35fd0f]
V  [jvm.dll+0x2df21c]
V  [jvm.dll+0x2dd5df]
V  [jvm.dll+0x2dcd0c]
V  [jvm.dll+0x3204ab]
V  [jvm.dll+0x83f2ed]
V  [jvm.dll+0x840032]
V  [jvm.dll+0x84055f]
V  [jvm.dll+0x840944]
V  [jvm.dll+0x840a10]
V  [jvm.dll+0x7e7f6c]
V  [jvm.dll+0x67ff37]
C  [ucrtbase.dll+0x37b0]
C  [KERNEL32.DLL+0x2e8d7]
C  [ntdll.dll+0x8c3fc]

VM_Operation (0x00000001db5fcb30): G1CollectForAllocation, mode: safepoint, requested by thread 0x000001790fb19810


---------------  P R O C E S S  ---------------

Threads class SMR info:
_java_thread_list=0x0000017915e79ba0, length=180, elements={
0x000001792455f130, 0x0000017948964070, 0x0000017948966b50, 0x0000017948981160,
0x0000017948981a30, 0x0000017948982300, 0x0000017948982bd0, 0x0000017948986cd0,
0x000001794898f6a0, 0x00000179489a1780, 0x00000179489500e0, 0x0000017948c3fe90,
0x00000179041304d0, 0x000001797edefeb0, 0x000001790431d730, 0x000001797f6f2c90,
0x000001797e7fd0f0, 0x00000179042e6220, 0x000001797ee24f00, 0x00000179044177f0,
0x0000017904418210, 0x0000017904419650, 0x0000017904419140, 0x0000017904415ea0,
0x00000179044163b0, 0x0000017904418c30, 0x00000179044168c0, 0x0000017904416dd0,
0x00000179044172e0, 0x000001797ec6f4d0, 0x000001797ec6efc0, 0x000001797ec6bd20,
0x000001797ec6d670, 0x000001797ec6fef0, 0x000001797ec6e090, 0x000001797ec6db80,
0x000001797ec6e5a0, 0x000001797ec70400, 0x000001797ec6eab0, 0x000001797ec6cc50,
0x000001797ec71330, 0x000001797ec70910, 0x000001797ec70e20, 0x000001797ec71840,
0x000001797ec72c80, 0x000001797ec71d50, 0x000001797ec72260, 0x000001797ec72770,
0x000001797ec73190, 0x0000017907281fc0, 0x00000179072824d0, 0x00000179072829e0,
0x0000017907283400, 0x0000017907282ef0, 0x0000017907283910, 0x0000017907280160,
0x0000017907281090, 0x0000017907280670, 0x0000017907280b80, 0x00000179072815a0,
0x0000017907281ab0, 0x0000017907121360, 0x0000017907121d80, 0x0000017907120430,
0x0000017907122290, 0x0000017907123be0, 0x0000017907124b10, 0x0000017907125020,
0x0000017907126970, 0x0000017907125530, 0x0000017907125a40, 0x0000017907126460,
0x0000017907125f50, 0x00000179071278a0, 0x0000017948d23b40, 0x0000017948d23630,
0x0000017948d24050, 0x0000017948d23120, 0x0000017948d208a0, 0x0000017948d22c10,
0x0000017948d24560, 0x0000017948d221f0, 0x0000017948d21ce0, 0x0000017948d20db0,
0x0000017948d22700, 0x0000017948d217d0, 0x0000017948d24a70, 0x0000017948d212c0,
0x0000017948d268d0, 0x0000017948d24f80, 0x0000017948d25490, 0x0000017948d263c0,
0x0000017948d25eb0, 0x0000017948d259a0, 0x0000017948d26de0, 0x0000017948d272f0,
0x0000017948d27800, 0x0000017948d27d10, 0x0000017948d28220, 0x0000017906538270,
0x0000017906539bc0, 0x0000017906537850, 0x00000179065391a0, 0x00000179065396b0,
0x000001790653a0d0, 0x0000017906537d60, 0x0000017906536920, 0x0000017906538780,
0x000001790653a5e0, 0x0000017906537340, 0x0000017906538c90, 0x0000017906536e30,
0x000001790653c950, 0x000001790653c440, 0x000001790653b000, 0x000001790653e2a0,
0x000001790653ce60, 0x000001790653aaf0, 0x000001790653b510, 0x000001790653ba20,
0x000001790653d880, 0x000001790653d370, 0x000001790653dd90, 0x000001790653bf30,
0x00000179072c1870, 0x00000179072beff0, 0x00000179072c1360, 0x00000179072c0430,
0x00000179072bff20, 0x00000179072bf500, 0x00000179072bfa10, 0x00000179072c2290,
0x00000179067a8270, 0x00000179067a8c90, 0x00000179067a91a0, 0x00000179067a96b0,
0x00000179067aba20, 0x00000179111b2720, 0x00000179120bf9e0, 0x00000179120c2c80,
0x00000179120c3190, 0x00000179120c36a0, 0x00000179120c3bb0, 0x00000179120c0400,
0x00000179120c5a10, 0x00000179120c40c0, 0x00000179120c5500, 0x0000017907127390,
0x0000017907126e80, 0x00000179120c4ff0, 0x00000179111b3b60, 0x000001790fb19810,
0x000001790fb16570, 0x000001790fb174a0, 0x000001790fb16f90, 0x000001790fb183d0,
0x000001790fb18df0, 0x0000017907122cb0, 0x000001790600dc20, 0x00000179135c05a0,
0x00000179135c2030, 0x0000017906016ef0, 0x0000017906017e20, 0x000001790601ca10,
0x000001790fb1a230, 0x00000179111b2210, 0x000001790f0f1310, 0x000001790fb179b0,
0x00000179071236d0, 0x00000179134e1880, 0x00000179134e1d90, 0x00000179134df000,
0x00000179134e2cc0, 0x00000179134e5a50, 0x00000179134e3bf0, 0x00000179134ecec0,
0x00000179134ee810, 0x00000179134eb060, 0x000001790600ff90, 0x000001790f0efed0
}

Java Threads: ( => current thread )
  0x000001792455f130 JavaThread "main" [_thread_blocked, id=21508, stack(0x00000001d0300000,0x00000001d0400000)]
  0x0000017948964070 JavaThread "Reference Handler" daemon [_thread_blocked, id=11332, stack(0x00000001d0a00000,0x00000001d0b00000)]
  0x0000017948966b50 JavaThread "Finalizer" daemon [_thread_blocked, id=22884, stack(0x00000001d0b00000,0x00000001d0c00000)]
  0x0000017948981160 JavaThread "Signal Dispatcher" daemon [_thread_blocked, id=20948, stack(0x00000001d0c00000,0x00000001d0d00000)]
  0x0000017948981a30 JavaThread "Attach Listener" daemon [_thread_blocked, id=9332, stack(0x00000001d0d00000,0x00000001d0e00000)]
  0x0000017948982300 JavaThread "Service Thread" daemon [_thread_blocked, id=8776, stack(0x00000001d0e00000,0x00000001d0f00000)]
  0x0000017948982bd0 JavaThread "Monitor Deflation Thread" daemon [_thread_blocked, id=24268, stack(0x00000001d0f00000,0x00000001d1000000)]
  0x0000017948986cd0 JavaThread "C2 CompilerThread0" daemon [_thread_blocked, id=22512, stack(0x00000001d1000000,0x00000001d1100000)]
  0x000001794898f6a0 JavaThread "C1 CompilerThread0" daemon [_thread_blocked, id=4884, stack(0x00000001d1100000,0x00000001d1200000)]
  0x00000179489a1780 JavaThread "Sweeper thread" daemon [_thread_blocked, id=20968, stack(0x00000001d1200000,0x00000001d1300000)]
  0x00000179489500e0 JavaThread "Common-Cleaner" daemon [_thread_blocked, id=17924, stack(0x00000001d1300000,0x00000001d1400000)]
  0x0000017948c3fe90 JavaThread "Notification Thread" daemon [_thread_blocked, id=23520, stack(0x00000001d1400000,0x00000001d1500000)]
  0x00000179041304d0 JavaThread "Daemon health stats" [_thread_blocked, id=21660, stack(0x00000001d1c00000,0x00000001d1d00000)]
  0x000001797edefeb0 JavaThread "Incoming local TCP Connector on port 55927" [_thread_in_native, id=10724, stack(0x00000001d1d00000,0x00000001d1e00000)]
  0x000001790431d730 JavaThread "Daemon periodic checks" [_thread_blocked, id=23332, stack(0x00000001d1e00000,0x00000001d1f00000)]
  0x000001797f6f2c90 JavaThread "Daemon" [_thread_blocked, id=19344, stack(0x00000001d1f00000,0x00000001d2000000)]
  0x000001797e7fd0f0 JavaThread "Handler for socket connection from /127.0.0.1:55927 to /127.0.0.1:55928" [_thread_in_native, id=18596, stack(0x00000001d2000000,0x00000001d2100000)]
  0x00000179042e6220 JavaThread "Cancel handler" [_thread_blocked, id=23292, stack(0x00000001d2100000,0x00000001d2200000)]
  0x000001797ee24f00 JavaThread "Daemon worker" [_thread_blocked, id=4300, stack(0x00000001d2200000,0x00000001d2300000)]
  0x00000179044177f0 JavaThread "Asynchronous log dispatcher for DefaultDaemonConnection: socket connection from /127.0.0.1:55927 to /127.0.0.1:55928" [_thread_blocked, id=1328, stack(0x00000001d2300000,0x00000001d2400000)]
  0x0000017904418210 JavaThread "Stdin handler" [_thread_blocked, id=23696, stack(0x00000001d2400000,0x00000001d2500000)]
  0x0000017904419650 JavaThread "Daemon client event forwarder" [_thread_blocked, id=21804, stack(0x00000001d2500000,0x00000001d2600000)]
  0x0000017904419140 JavaThread "Cache worker for journal cache (C:\Users\Vauras\.gradle\caches\journal-1)" [_thread_blocked, id=9780, stack(0x00000001d1b00000,0x00000001d1c00000)]
  0x0000017904415ea0 JavaThread "File lock request listener" [_thread_in_native, id=23528, stack(0x00000001d2600000,0x00000001d2700000)]
  0x00000179044163b0 JavaThread "Cache worker for file hash cache (C:\Users\Vauras\.gradle\caches\8.13\fileHashes)" [_thread_blocked, id=16044, stack(0x00000001d2700000,0x00000001d2800000)]
  0x0000017904418c30 JavaThread "Cache worker for file hash cache (D:\salarybooks_mobileapp\Salarybooks-App\android\.gradle\8.13\fileHashes)" [_thread_blocked, id=1860, stack(0x00000001d2a00000,0x00000001d2b00000)]
  0x00000179044168c0 JavaThread "Cache worker for Build Output Cleanup Cache (D:\salarybooks_mobileapp\Salarybooks-App\android\.gradle\buildOutputCleanup)" [_thread_blocked, id=3192, stack(0x00000001d2b00000,0x00000001d2c00000)]
  0x0000017904416dd0 JavaThread "File watcher server" daemon [_thread_blocked, id=21100, stack(0x00000001d2e00000,0x00000001d2f00000)]
  0x00000179044172e0 JavaThread "File watcher consumer" daemon [_thread_blocked, id=6288, stack(0x00000001d2f00000,0x00000001d3000000)]
  0x000001797ec6f4d0 JavaThread "jar transforms" [_thread_blocked, id=21620, stack(0x00000001d3000000,0x00000001d3100000)]
  0x000001797ec6efc0 JavaThread "Cache worker for checksums cache (D:\salarybooks_mobileapp\Salarybooks-App\android\.gradle\8.13\checksums)" [_thread_blocked, id=21476, stack(0x00000001d3100000,0x00000001d3200000)]
  0x000001797ec6bd20 JavaThread "Cache worker for file content cache (C:\Users\Vauras\.gradle\caches\8.13\fileContent)" [_thread_blocked, id=7336, stack(0x00000001d3200000,0x00000001d3300000)]
  0x000001797ec6d670 JavaThread "Cache worker for cache directory md-supplier (C:\Users\Vauras\.gradle\caches\8.13\md-supplier)" [_thread_blocked, id=22192, stack(0x00000001d3300000,0x00000001d3400000)]
  0x000001797ec6fef0 JavaThread "Cache worker for cache directory md-rule (C:\Users\Vauras\.gradle\caches\8.13\md-rule)" [_thread_blocked, id=22472, stack(0x00000001d3400000,0x00000001d3500000)]
  0x000001797ec6e090 JavaThread "Cache worker for Build Output Cleanup Cache (D:\salarybooks_mobileapp\Salarybooks-App\node_modules\@react-native\gradle-plugin\.gradle\buildOutputCleanup)" [_thread_blocked, id=23496, stack(0x00000001d3500000,0x00000001d3600000)]
  0x000001797ec6db80 JavaThread "Unconstrained build operations" [_thread_blocked, id=21632, stack(0x00000001d2c00000,0x00000001d2d00000)]
  0x000001797ec6e5a0 JavaThread "Unconstrained build operations Thread 2" [_thread_blocked, id=20276, stack(0x00000001d3600000,0x00000001d3700000)]
  0x000001797ec70400 JavaThread "Unconstrained build operations Thread 3" [_thread_blocked, id=21444, stack(0x00000001d3800000,0x00000001d3900000)]
  0x000001797ec6eab0 JavaThread "Unconstrained build operations Thread 4" [_thread_blocked, id=6240, stack(0x00000001d3900000,0x00000001d3a00000)]
  0x000001797ec6cc50 JavaThread "Unconstrained build operations Thread 5" [_thread_blocked, id=11088, stack(0x00000001d3a00000,0x00000001d3b00000)]
  0x000001797ec71330 JavaThread "Unconstrained build operations Thread 6" [_thread_blocked, id=344, stack(0x00000001d3b00000,0x00000001d3c00000)]
  0x000001797ec70910 JavaThread "Unconstrained build operations Thread 7" [_thread_blocked, id=22476, stack(0x00000001d3d00000,0x00000001d3e00000)]
  0x000001797ec70e20 JavaThread "Unconstrained build operations Thread 8" [_thread_blocked, id=23204, stack(0x00000001d3e00000,0x00000001d3f00000)]
  0x000001797ec71840 JavaThread "Unconstrained build operations Thread 9" [_thread_blocked, id=11080, stack(0x00000001d3f00000,0x00000001d4000000)]
  0x000001797ec72c80 JavaThread "Unconstrained build operations Thread 10" [_thread_blocked, id=7920, stack(0x00000001d4000000,0x00000001d4100000)]
  0x000001797ec71d50 JavaThread "Unconstrained build operations Thread 11" [_thread_blocked, id=10676, stack(0x00000001d4100000,0x00000001d4200000)]
  0x000001797ec72260 JavaThread "Unconstrained build operations Thread 12" [_thread_blocked, id=820, stack(0x00000001d4200000,0x00000001d4300000)]
  0x000001797ec72770 JavaThread "Unconstrained build operations Thread 13" [_thread_blocked, id=9144, stack(0x00000001d4300000,0x00000001d4400000)]
  0x000001797ec73190 JavaThread "Unconstrained build operations Thread 14" [_thread_blocked, id=15444, stack(0x00000001d4400000,0x00000001d4500000)]
  0x0000017907281fc0 JavaThread "Unconstrained build operations Thread 15" [_thread_blocked, id=17140, stack(0x00000001d4500000,0x00000001d4600000)]
  0x00000179072824d0 JavaThread "Unconstrained build operations Thread 16" [_thread_blocked, id=17088, stack(0x00000001d4600000,0x00000001d4700000)]
  0x00000179072829e0 JavaThread "Unconstrained build operations Thread 17" [_thread_blocked, id=8496, stack(0x00000001d4700000,0x00000001d4800000)]
  0x0000017907283400 JavaThread "Unconstrained build operations Thread 18" [_thread_blocked, id=13004, stack(0x00000001d4800000,0x00000001d4900000)]
  0x0000017907282ef0 JavaThread "Unconstrained build operations Thread 19" [_thread_blocked, id=7564, stack(0x00000001d4900000,0x00000001d4a00000)]
  0x0000017907283910 JavaThread "Unconstrained build operations Thread 20" [_thread_blocked, id=24452, stack(0x00000001d4a00000,0x00000001d4b00000)]
  0x0000017907280160 JavaThread "Unconstrained build operations Thread 21" [_thread_blocked, id=12048, stack(0x00000001d4b00000,0x00000001d4c00000)]
  0x0000017907281090 JavaThread "Unconstrained build operations Thread 22" [_thread_blocked, id=17612, stack(0x00000001d4c00000,0x00000001d4d00000)]
  0x0000017907280670 JavaThread "Unconstrained build operations Thread 23" [_thread_blocked, id=18912, stack(0x00000001d4d00000,0x00000001d4e00000)]
  0x0000017907280b80 JavaThread "Unconstrained build operations Thread 24" [_thread_blocked, id=20764, stack(0x00000001d4e00000,0x00000001d4f00000)]
  0x00000179072815a0 JavaThread "Unconstrained build operations Thread 25" [_thread_blocked, id=22596, stack(0x00000001d4f00000,0x00000001d5000000)]
  0x0000017907281ab0 JavaThread "Unconstrained build operations Thread 26" [_thread_blocked, id=6924, stack(0x00000001d5000000,0x00000001d5100000)]
  0x0000017907121360 JavaThread "Unconstrained build operations Thread 27" [_thread_blocked, id=904, stack(0x00000001d5100000,0x00000001d5200000)]
  0x0000017907121d80 JavaThread "build event listener" [_thread_blocked, id=16504, stack(0x00000001d3c00000,0x00000001d3d00000)]
  0x0000017907120430 JavaThread "Memory manager" [_thread_blocked, id=3676, stack(0x00000001d3700000,0x00000001d3800000)]
  0x0000017907122290 JavaThread "ForkJoinPool.commonPool-worker-4" daemon [_thread_blocked, id=22892, stack(0x00000001d5700000,0x00000001d5800000)]
  0x0000017907123be0 JavaThread "included builds" [_thread_blocked, id=7380, stack(0x00000001d5200000,0x00000001d5300000)]
  0x0000017907124b10 JavaThread "Execution worker" [_thread_blocked, id=6384, stack(0x00000001d5300000,0x00000001d5400000)]
  0x0000017907125020 JavaThread "Execution worker Thread 2" [_thread_blocked, id=23936, stack(0x00000001d5e00000,0x00000001d5f00000)]
  0x0000017907126970 JavaThread "Execution worker Thread 3" [_thread_blocked, id=2376, stack(0x00000001d5f00000,0x00000001d6000000)]
  0x0000017907125530 JavaThread "Execution worker Thread 4" [_thread_blocked, id=6196, stack(0x00000001d6000000,0x00000001d6100000)]
  0x0000017907125a40 JavaThread "Execution worker Thread 5" [_thread_blocked, id=8424, stack(0x00000001d6100000,0x00000001d6200000)]
  0x0000017907126460 JavaThread "Execution worker Thread 6" [_thread_blocked, id=12160, stack(0x00000001d6200000,0x00000001d6300000)]
  0x0000017907125f50 JavaThread "Execution worker Thread 7" [_thread_blocked, id=23008, stack(0x00000001d6300000,0x00000001d6400000)]
  0x00000179071278a0 JavaThread "Cache worker for execution history cache (D:\salarybooks_mobileapp\Salarybooks-App\node_modules\@react-native\gradle-plugin\.gradle\8.13\executionHistory)" [_thread_blocked, id=1192, stack(0x00000001d6400000,0x00000001d6500000)]
  0x0000017948d23b40 JavaThread "Unconstrained build operations Thread 28" [_thread_blocked, id=18892, stack(0x00000001d6700000,0x00000001d6800000)]
  0x0000017948d23630 JavaThread "Unconstrained build operations Thread 29" [_thread_blocked, id=20064, stack(0x00000001d6800000,0x00000001d6900000)]
  0x0000017948d24050 JavaThread "Unconstrained build operations Thread 30" [_thread_blocked, id=892, stack(0x00000001d6900000,0x00000001d6a00000)]
  0x0000017948d23120 JavaThread "Unconstrained build operations Thread 31" [_thread_blocked, id=19384, stack(0x00000001d6a00000,0x00000001d6b00000)]
  0x0000017948d208a0 JavaThread "Unconstrained build operations Thread 32" [_thread_blocked, id=21672, stack(0x00000001d6b00000,0x00000001d6c00000)]
  0x0000017948d22c10 JavaThread "Unconstrained build operations Thread 33" [_thread_blocked, id=23196, stack(0x00000001d6c00000,0x00000001d6d00000)]
  0x0000017948d24560 JavaThread "Unconstrained build operations Thread 34" [_thread_blocked, id=9544, stack(0x00000001d6d00000,0x00000001d6e00000)]
  0x0000017948d221f0 JavaThread "Unconstrained build operations Thread 35" [_thread_blocked, id=11496, stack(0x00000001d6e00000,0x00000001d6f00000)]
  0x0000017948d21ce0 JavaThread "Unconstrained build operations Thread 36" [_thread_blocked, id=13892, stack(0x00000001d6f00000,0x00000001d7000000)]
  0x0000017948d20db0 JavaThread "Unconstrained build operations Thread 37" [_thread_blocked, id=16996, stack(0x00000001d7000000,0x00000001d7100000)]
  0x0000017948d22700 JavaThread "Unconstrained build operations Thread 38" [_thread_blocked, id=19664, stack(0x00000001d7100000,0x00000001d7200000)]
  0x0000017948d217d0 JavaThread "Unconstrained build operations Thread 39" [_thread_blocked, id=19892, stack(0x00000001d7200000,0x00000001d7300000)]
  0x0000017948d24a70 JavaThread "Unconstrained build operations Thread 40" [_thread_blocked, id=21692, stack(0x00000001d6600000,0x00000001d6700000)]
  0x0000017948d212c0 JavaThread "Unconstrained build operations Thread 41" [_thread_blocked, id=12652, stack(0x00000001d6500000,0x00000001d6600000)]
  0x0000017948d268d0 JavaThread "Unconstrained build operations Thread 42" [_thread_blocked, id=9348, stack(0x00000001d7300000,0x00000001d7400000)]
  0x0000017948d24f80 JavaThread "Unconstrained build operations Thread 43" [_thread_blocked, id=13832, stack(0x00000001d7400000,0x00000001d7500000)]
  0x0000017948d25490 JavaThread "Unconstrained build operations Thread 44" [_thread_blocked, id=22064, stack(0x00000001d7500000,0x00000001d7600000)]
  0x0000017948d263c0 JavaThread "Unconstrained build operations Thread 45" [_thread_blocked, id=5092, stack(0x00000001d7600000,0x00000001d7700000)]
  0x0000017948d25eb0 JavaThread "Unconstrained build operations Thread 46" [_thread_blocked, id=6476, stack(0x00000001d7700000,0x00000001d7800000)]
  0x0000017948d259a0 JavaThread "Unconstrained build operations Thread 47" [_thread_blocked, id=24504, stack(0x00000001d7800000,0x00000001d7900000)]
  0x0000017948d26de0 JavaThread "Unconstrained build operations Thread 48" [_thread_blocked, id=332, stack(0x00000001d7900000,0x00000001d7a00000)]
  0x0000017948d272f0 JavaThread "Unconstrained build operations Thread 49" [_thread_blocked, id=22776, stack(0x00000001d7b00000,0x00000001d7c00000)]
  0x0000017948d27800 JavaThread "Unconstrained build operations Thread 50" [_thread_blocked, id=20236, stack(0x00000001d7c00000,0x00000001d7d00000)]
  0x0000017948d27d10 JavaThread "Unconstrained build operations Thread 51" [_thread_blocked, id=17844, stack(0x00000001d7d00000,0x00000001d7e00000)]
  0x0000017948d28220 JavaThread "Unconstrained build operations Thread 52" [_thread_blocked, id=10320, stack(0x00000001d7e00000,0x00000001d7f00000)]
  0x0000017906538270 JavaThread "Unconstrained build operations Thread 53" [_thread_blocked, id=18284, stack(0x00000001d7f00000,0x00000001d8000000)]
  0x0000017906539bc0 JavaThread "Unconstrained build operations Thread 54" [_thread_blocked, id=22896, stack(0x00000001d8000000,0x00000001d8100000)]
  0x0000017906537850 JavaThread "Unconstrained build operations Thread 55" [_thread_blocked, id=2468, stack(0x00000001d8100000,0x00000001d8200000)]
  0x00000179065391a0 JavaThread "Unconstrained build operations Thread 56" [_thread_blocked, id=2328, stack(0x00000001d8200000,0x00000001d8300000)]
  0x00000179065396b0 JavaThread "Unconstrained build operations Thread 57" [_thread_blocked, id=13860, stack(0x00000001d8300000,0x00000001d8400000)]
  0x000001790653a0d0 JavaThread "Unconstrained build operations Thread 58" [_thread_blocked, id=21160, stack(0x00000001d8400000,0x00000001d8500000)]
  0x0000017906537d60 JavaThread "Unconstrained build operations Thread 59" [_thread_blocked, id=15652, stack(0x00000001d8500000,0x00000001d8600000)]
  0x0000017906536920 JavaThread "Unconstrained build operations Thread 60" [_thread_blocked, id=1692, stack(0x00000001d8600000,0x00000001d8700000)]
  0x0000017906538780 JavaThread "Unconstrained build operations Thread 61" [_thread_blocked, id=23164, stack(0x00000001d8700000,0x00000001d8800000)]
  0x000001790653a5e0 JavaThread "Unconstrained build operations Thread 62" [_thread_blocked, id=20008, stack(0x00000001d8800000,0x00000001d8900000)]
  0x0000017906537340 JavaThread "Unconstrained build operations Thread 63" [_thread_blocked, id=20372, stack(0x00000001d8900000,0x00000001d8a00000)]
  0x0000017906538c90 JavaThread "Unconstrained build operations Thread 64" [_thread_blocked, id=9760, stack(0x00000001d8a00000,0x00000001d8b00000)]
  0x0000017906536e30 JavaThread "Unconstrained build operations Thread 65" [_thread_blocked, id=22016, stack(0x00000001d8b00000,0x00000001d8c00000)]
  0x000001790653c950 JavaThread "Unconstrained build operations Thread 66" [_thread_blocked, id=22648, stack(0x00000001d8c00000,0x00000001d8d00000)]
  0x000001790653c440 JavaThread "Unconstrained build operations Thread 67" [_thread_blocked, id=10872, stack(0x00000001d8d00000,0x00000001d8e00000)]
  0x000001790653b000 JavaThread "Unconstrained build operations Thread 68" [_thread_blocked, id=23664, stack(0x00000001d8e00000,0x00000001d8f00000)]
  0x000001790653e2a0 JavaThread "Unconstrained build operations Thread 69" [_thread_blocked, id=13720, stack(0x00000001d8f00000,0x00000001d9000000)]
  0x000001790653ce60 JavaThread "Unconstrained build operations Thread 70" [_thread_blocked, id=12984, stack(0x00000001d9000000,0x00000001d9100000)]
  0x000001790653aaf0 JavaThread "Unconstrained build operations Thread 71" [_thread_blocked, id=12996, stack(0x00000001d9100000,0x00000001d9200000)]
  0x000001790653b510 JavaThread "Unconstrained build operations Thread 72" [_thread_blocked, id=22000, stack(0x00000001d9200000,0x00000001d9300000)]
  0x000001790653ba20 JavaThread "Unconstrained build operations Thread 73" [_thread_blocked, id=20684, stack(0x00000001d9300000,0x00000001d9400000)]
  0x000001790653d880 JavaThread "Unconstrained build operations Thread 74" [_thread_blocked, id=16580, stack(0x00000001d9400000,0x00000001d9500000)]
  0x000001790653d370 JavaThread "Unconstrained build operations Thread 75" [_thread_blocked, id=7800, stack(0x00000001d9500000,0x00000001d9600000)]
  0x000001790653dd90 JavaThread "Unconstrained build operations Thread 76" [_thread_blocked, id=1820, stack(0x00000001d9600000,0x00000001d9700000)]
  0x000001790653bf30 JavaThread "Unconstrained build operations Thread 77" [_thread_blocked, id=17852, stack(0x00000001d9700000,0x00000001d9800000)]
  0x00000179072c1870 JavaThread "jar transforms Thread 2" [_thread_blocked, id=22828, stack(0x00000001d9800000,0x00000001d9900000)]
  0x00000179072beff0 JavaThread "jar transforms Thread 3" [_thread_blocked, id=21544, stack(0x00000001d9900000,0x00000001d9a00000)]
  0x00000179072c1360 JavaThread "Unconstrained build operations Thread 78" [_thread_blocked, id=23652, stack(0x00000001d9a00000,0x00000001d9b00000)]
  0x00000179072c0430 JavaThread "Unconstrained build operations Thread 79" [_thread_blocked, id=17936, stack(0x00000001d9b00000,0x00000001d9c00000)]
  0x00000179072bff20 JavaThread "Unconstrained build operations Thread 80" [_thread_blocked, id=16676, stack(0x00000001d9c00000,0x00000001d9d00000)]
  0x00000179072bf500 JavaThread "jar transforms Thread 4" [_thread_blocked, id=3996, stack(0x00000001d9d00000,0x00000001d9e00000)]
  0x00000179072bfa10 JavaThread "jar transforms Thread 5" [_thread_blocked, id=11600, stack(0x00000001d9e00000,0x00000001d9f00000)]
  0x00000179072c2290 JavaThread "jar transforms Thread 6" [_thread_blocked, id=21792, stack(0x00000001d9f00000,0x00000001da000000)]
  0x00000179067a8270 JavaThread "Problems report writer" [_thread_blocked, id=2784, stack(0x00000001da000000,0x00000001da100000)]
  0x00000179067a8c90 JavaThread "build event listener" [_thread_blocked, id=16560, stack(0x00000001da100000,0x00000001da200000)]
  0x00000179067a91a0 JavaThread "jar transforms Thread 7" [_thread_blocked, id=20232, stack(0x00000001da300000,0x00000001da400000)]
  0x00000179067a96b0 JavaThread "jar transforms Thread 8" [_thread_blocked, id=324, stack(0x00000001da400000,0x00000001da500000)]
  0x00000179067aba20 JavaThread "Exec process Thread 2" [_thread_blocked, id=22344, stack(0x00000001da700000,0x00000001da800000)]
  0x00000179111b2720 JavaThread "Cache worker for execution history cache (D:\salarybooks_mobileapp\Salarybooks-App\android\.gradle\8.13\executionHistory)" [_thread_blocked, id=20016, stack(0x00000001dab00000,0x00000001dac00000)]
  0x00000179120bf9e0 JavaThread "Cache worker for Java compile cache (C:\Users\Vauras\.gradle\caches\8.13\javaCompile)" [_thread_blocked, id=2064, stack(0x00000001d0000000,0x00000001d0100000)]
  0x00000179120c2c80 JavaThread "Build operations" [_thread_blocked, id=9376, stack(0x00000001d0200000,0x00000001d0300000)]
  0x00000179120c3190 JavaThread "Build operations Thread 2" [_thread_blocked, id=19736, stack(0x00000001da500000,0x00000001da600000)]
  0x00000179120c36a0 JavaThread "Build operations Thread 3" [_thread_blocked, id=15248, stack(0x00000001da900000,0x00000001daa00000)]
  0x00000179120c3bb0 JavaThread "Build operations Thread 4" [_thread_blocked, id=23188, stack(0x00000001dac00000,0x00000001dad00000)]
  0x00000179120c0400 JavaThread "Build operations Thread 5" [_thread_blocked, id=18732, stack(0x00000001dad00000,0x00000001dae00000)]
  0x00000179120c5a10 JavaThread "Build operations Thread 6" [_thread_blocked, id=21848, stack(0x00000001dae00000,0x00000001daf00000)]
  0x00000179120c40c0 JavaThread "Build operations Thread 7" [_thread_blocked, id=11696, stack(0x00000001daf00000,0x00000001db000000)]
  0x00000179120c5500 JavaThread "WorkerExecutor Queue" [_thread_blocked, id=11884, stack(0x00000001d0100000,0x00000001d0200000)]
  0x0000017907127390 JavaThread "WorkerExecutor Queue Thread 3" [_thread_blocked, id=18004, stack(0x00000001d5c00000,0x00000001d5d00000)]
  0x0000017907126e80 JavaThread "WorkerExecutor Queue Thread 4" [_thread_blocked, id=23804, stack(0x00000001db000000,0x00000001db100000)]
  0x00000179120c4ff0 JavaThread "WorkerExecutor Queue Thread 7" [_thread_blocked, id=21684, stack(0x00000001db300000,0x00000001db400000)]
  0x00000179111b3b60 JavaThread "WorkerExecutor Queue Thread 8" [_thread_blocked, id=24340, stack(0x00000001db400000,0x00000001db500000)]
  0x000001790fb19810 JavaThread "WorkerExecutor Queue Thread 9" [_thread_blocked, id=12324, stack(0x00000001db500000,0x00000001db600000)]
  0x000001790fb16570 JavaThread "Exec process Thread 11" [_thread_blocked, id=3992, stack(0x00000001dbd00000,0x00000001dbe00000)]
  0x000001790fb174a0 JavaThread "Exec process Thread 13" [_thread_blocked, id=20336, stack(0x00000001d5800000,0x00000001d5900000)]
  0x000001790fb16f90 JavaThread "Exec process Thread 15" [_thread_blocked, id=15312, stack(0x00000001d5a00000,0x00000001d5b00000)]
  0x000001790fb183d0 JavaThread "Exec process Thread 14" [_thread_blocked, id=15132, stack(0x00000001d5d00000,0x00000001d5e00000)]
  0x000001790fb18df0 JavaThread "Exec process Thread 18" [_thread_blocked, id=23524, stack(0x00000001da200000,0x00000001da300000)]
  0x0000017907122cb0 JavaThread "Exec process Thread 21" [_thread_blocked, id=22680, stack(0x00000001db100000,0x00000001db200000)]
  0x000001790600dc20 JavaThread "WorkerExecutor Queue Thread 12" [_thread_blocked, id=20860, stack(0x00000001d5500000,0x00000001d5600000)]
  0x00000179135c05a0 JavaThread "C2 CompilerThread1" daemon [_thread_blocked, id=22908, stack(0x00000001d5600000,0x00000001d5700000)]
  0x00000179135c2030 JavaThread "C2 CompilerThread2" daemon [_thread_blocked, id=13788, stack(0x00000001d5b00000,0x00000001d5c00000)]
  0x0000017906016ef0 JavaThread "Periodic tasks thread" daemon [_thread_blocked, id=17568, stack(0x00000001db900000,0x00000001dba00000)]
  0x0000017906017e20 JavaThread "ApplicationImpl pooled thread 1" [_thread_blocked, id=22080, stack(0x00000001dba00000,0x00000001dbb00000)]
  0x000001790601ca10 JavaThread "ForkJoinPool.commonPool-worker-8" daemon [_thread_blocked, id=9472, stack(0x00000001dbb00000,0x00000001dbc00000)]
  0x000001790fb1a230 JavaThread "Java2D Disposer" daemon [_thread_blocked, id=17740, stack(0x00000001dbc00000,0x00000001dbd00000)]
  0x00000179111b2210 JavaThread "AWT-Windows" daemon [_thread_in_native, id=828, stack(0x00000001dc000000,0x00000001dc100000)]
  0x000001790f0f1310 JavaThread "WorkerExecutor Queue Thread 13" [_thread_blocked, id=8076, stack(0x00000001dbf00000,0x00000001dc000000)]
  0x000001790fb179b0 JavaThread "Exec process Thread 23" [_thread_blocked, id=20756, stack(0x00000001d5900000,0x00000001d5a00000)]
  0x00000179071236d0 JavaThread "Exec process Thread 24" [_thread_blocked, id=22716, stack(0x00000001d7a00000,0x00000001d7b00000)]
  0x00000179134e1880 JavaThread "Exec process Thread 25" [_thread_blocked, id=9176, stack(0x00000001da800000,0x00000001da900000)]
  0x00000179134e1d90 JavaThread "Exec process Thread 26" [_thread_blocked, id=11000, stack(0x00000001db600000,0x00000001db700000)]
  0x00000179134df000 JavaThread "Exec process Thread 27" [_thread_blocked, id=7996, stack(0x00000001db800000,0x00000001db900000)]
  0x00000179134e2cc0 JavaThread "Exec process Thread 28" [_thread_blocked, id=8188, stack(0x00000001dbe00000,0x00000001dbf00000)]
  0x00000179134e5a50 JavaThread "Exec process Thread 29" [_thread_blocked, id=22448, stack(0x00000001da600000,0x00000001da700000)]
  0x00000179134e3bf0 JavaThread "Exec process Thread 30" [_thread_blocked, id=9740, stack(0x00000001dc300000,0x00000001dc400000)]
  0x00000179134ecec0 JavaThread "ForkJoinPool-1-worker-1" daemon [_thread_blocked, id=21356, stack(0x00000001dc400000,0x00000001dc500000)]
  0x00000179134ee810 JavaThread "ForkJoinPool-1-worker-2" daemon [_thread_blocked, id=20532, stack(0x00000001dc500000,0x00000001dc600000)]
  0x00000179134eb060 JavaThread "ForkJoinPool-1-worker-3" daemon [_thread_blocked, id=7552, stack(0x00000001dc600000,0x00000001dc700000)]
  0x000001790600ff90 JavaThread "ForkJoinPool-1-worker-4" daemon [_thread_blocked, id=7876, stack(0x00000001dc700000,0x00000001dc800000)]
  0x000001790f0efed0 JavaThread "Keep-Alive-Timer" daemon [_thread_blocked, id=11292, stack(0x00000001d5400000,0x00000001d5500000)]

Other Threads:
=>0x0000017948960080 VMThread "VM Thread" [stack: 0x00000001d0900000,0x00000001d0a00000] [id=24148]
  0x0000017924560ed0 WatcherThread [stack: 0x00000001d1500000,0x00000001d1600000] [id=19992]
  0x00000179245cd360 GCTaskThread "GC Thread#0" [stack: 0x00000001d0400000,0x00000001d0500000] [id=24388]
  0x0000017948e88b10 GCTaskThread "GC Thread#1" [stack: 0x00000001d1700000,0x00000001d1800000] [id=7456]
  0x0000017948d9ef20 GCTaskThread "GC Thread#2" [stack: 0x00000001d1800000,0x00000001d1900000] [id=24172]
  0x000001797e35eab0 GCTaskThread "GC Thread#3" [stack: 0x00000001d1900000,0x00000001d1a00000] [id=10860]
  0x000001797f53fc30 GCTaskThread "GC Thread#4" [stack: 0x00000001d1a00000,0x00000001d1b00000] [id=20992]
  0x000001797f37fc40 GCTaskThread "GC Thread#5" [stack: 0x00000001d1600000,0x00000001d1700000] [id=17868]
  0x00000179049163b0 GCTaskThread "GC Thread#6" [stack: 0x00000001d2800000,0x00000001d2900000] [id=2400]
  0x00000179049160f0 GCTaskThread "GC Thread#7" [stack: 0x00000001d2900000,0x00000001d2a00000] [id=23448]
  0x00000179245de1c0 ConcurrentGCThread "G1 Main Marker" [stack: 0x00000001d0500000,0x00000001d0600000] [id=22788]
  0x00000179245dff60 ConcurrentGCThread "G1 Conc#0" [stack: 0x00000001d0600000,0x00000001d0700000] [id=21832]
  0x00000179049155f0 ConcurrentGCThread "G1 Conc#1" [stack: 0x00000001d2d00000,0x00000001d2e00000] [id=23432]
  0x0000017948810400 ConcurrentGCThread "G1 Refine#0" [stack: 0x00000001d0700000,0x00000001d0800000] [id=15148]
  0x000001791051acf0 ConcurrentGCThread "G1 Refine#1" [stack: 0x00000001daa00000,0x00000001dab00000] [id=8252]
  0x00000179136022b0 ConcurrentGCThread "G1 Refine#2" [stack: 0x00000001db200000,0x00000001db300000] [id=21180]
  0x0000017916d052b0 ConcurrentGCThread "G1 Refine#3" [stack: 0x00000001dc200000,0x00000001dc300000] [id=7504]
  0x00000179126251a0 ConcurrentGCThread "G1 Refine#4" [stack: 0x00000001dc900000,0x00000001dca00000] [id=23952]
  0x0000017948810be0 ConcurrentGCThread "G1 Service" [stack: 0x00000001d0800000,0x00000001d0900000] [id=20900]

Threads with active compile tasks:
C2 CompilerThread0   499815 58761       4       com.android.tools.lint.checks.PrivateApiParser$parse$1::invoke (335 bytes)
C2 CompilerThread1   499815 58786       4       com.android.tools.r8.internal.rd::a (4363 bytes)
C2 CompilerThread2   499815 58722       4       com.intellij.lang.java.parser.BasicOldExpressionParser::parsePrimary (1229 bytes)

VM state: at safepoint (normal execution)

VM Mutex/Monitor currently owned by a thread:  ([mutex/lock_event])
[0x000001792455b5a0] Threads_lock - owner thread: 0x0000017948960080
[0x000001792455ab80] Heap_lock - owner thread: 0x000001790fb19810

Heap address: 0x0000000700000000, size: 4096 MB, Compressed Oops mode: Zero based, Oop shift amount: 3

CDS archive(s) mapped at: [0x0000017949000000-0x0000017949bc0000-0x0000017949bc0000), size 12320768, SharedBaseAddress: 0x0000017949000000, ArchiveRelocationMode: 1.
Compressed class space mapped at: 0x000001794a000000-0x000001797e000000, reserved size: 872415232
Narrow klass base: 0x0000017949000000, Narrow klass shift: 0, Narrow klass range: 0x100000000

GC Precious Log:
 CPUs: 8 total, 8 available
 Memory: 7418M
 Large Page Support: Disabled
 NUMA Support: Disabled
 Compressed Oops: Enabled (Zero based)
 Heap Region Size: 2M
 Heap Min Capacity: 8M
 Heap Initial Capacity: 116M
 Heap Max Capacity: 4G
 Pre-touch: Disabled
 Parallel Workers: 8
 Concurrent Workers: 2
 Concurrent Refinement Workers: 8
 Periodic GC: Disabled

Heap:
 garbage-first heap   total 1689600K, used 1401407K [0x0000000700000000, 0x0000000800000000)
  region size 2048K, 6 young (12288K), 6 survivors (12288K)
 Metaspace       used 337982K, committed 341440K, reserved 1179648K
  class space    used 42812K, committed 44416K, reserved 851968K

Heap Regions: E=young(eden), S=young(survivor), O=old, HS=humongous(starts), HC=humongous(continues), CS=collection set, F=free, OA=open archive, CA=closed archive, TAMS=top-at-mark-start (previous, next)
|   0|0x0000000700000000, 0x0000000700200000, 0x0000000700200000|100%|HS|  |TAMS 0x0000000700200000, 0x0000000700000000| Complete 
|   1|0x0000000700200000, 0x0000000700400000, 0x0000000700400000|100%|HC|  |TAMS 0x0000000700400000, 0x0000000700200000| Complete 
|   2|0x0000000700400000, 0x0000000700600000, 0x0000000700600000|100%| O|  |TAMS 0x0000000700600000, 0x0000000700400000| Untracked 
|   3|0x0000000700600000, 0x0000000700800000, 0x0000000700800000|100%| O|  |TAMS 0x0000000700800000, 0x0000000700600000| Untracked 
|   4|0x0000000700800000, 0x0000000700a00000, 0x0000000700a00000|100%| O|  |TAMS 0x0000000700a00000, 0x0000000700800000| Untracked 
|   5|0x0000000700a00000, 0x0000000700c00000, 0x0000000700c00000|100%| O|  |TAMS 0x0000000700c00000, 0x0000000700a00000| Untracked 
|   6|0x0000000700c00000, 0x0000000700e00000, 0x0000000700e00000|100%| O|  |TAMS 0x0000000700e00000, 0x0000000700c00000| Untracked 
|   7|0x0000000700e00000, 0x0000000701000000, 0x0000000701000000|100%| O|  |TAMS 0x0000000701000000, 0x0000000700e00000| Untracked 
|   8|0x0000000701000000, 0x0000000701200000, 0x0000000701200000|100%| O|  |TAMS 0x0000000701200000, 0x0000000701000000| Untracked 
|   9|0x0000000701200000, 0x0000000701400000, 0x0000000701400000|100%| O|  |TAMS 0x0000000701400000, 0x0000000701200000| Untracked 
|  10|0x0000000701400000, 0x0000000701600000, 0x0000000701600000|100%| O|  |TAMS 0x0000000701600000, 0x0000000701400000| Untracked 
|  11|0x0000000701600000, 0x0000000701800000, 0x0000000701800000|100%| O|  |TAMS 0x0000000701800000, 0x0000000701600000| Untracked 
|  12|0x0000000701800000, 0x0000000701a00000, 0x0000000701a00000|100%| O|  |TAMS 0x0000000701a00000, 0x0000000701800000| Untracked 
|  13|0x0000000701a00000, 0x0000000701c00000, 0x0000000701c00000|100%| O|  |TAMS 0x0000000701c00000, 0x0000000701a00000| Untracked 
|  14|0x0000000701c00000, 0x0000000701e00000, 0x0000000701e00000|100%| O|  |TAMS 0x0000000701e00000, 0x0000000701c00000| Untracked 
|  15|0x0000000701e00000, 0x0000000702000000, 0x0000000702000000|100%| O|  |TAMS 0x0000000702000000, 0x0000000701e00000| Untracked 
|  16|0x0000000702000000, 0x0000000702200000, 0x0000000702200000|100%| O|  |TAMS 0x0000000702200000, 0x0000000702000000| Untracked 
|  17|0x0000000702200000, 0x0000000702400000, 0x0000000702400000|100%| O|  |TAMS 0x0000000702400000, 0x0000000702200000| Untracked 
|  18|0x0000000702400000, 0x0000000702600000, 0x0000000702600000|100%| O|  |TAMS 0x0000000702600000, 0x0000000702400000| Untracked 
|  19|0x0000000702600000, 0x0000000702800000, 0x0000000702800000|100%| O|  |TAMS 0x0000000702800000, 0x0000000702600000| Untracked 
|  20|0x0000000702800000, 0x0000000702a00000, 0x0000000702a00000|100%|HS|  |TAMS 0x0000000702a00000, 0x0000000702800000| Complete 
|  21|0x0000000702a00000, 0x0000000702c00000, 0x0000000702c00000|100%| O|  |TAMS 0x0000000702c00000, 0x0000000702a00000| Untracked 
|  22|0x0000000702c00000, 0x0000000702e00000, 0x0000000702e00000|100%| O|  |TAMS 0x0000000702e00000, 0x0000000702c00000| Untracked 
|  23|0x0000000702e00000, 0x0000000703000000, 0x0000000703000000|100%| O|  |TAMS 0x0000000703000000, 0x0000000702e00000| Untracked 
|  24|0x0000000703000000, 0x0000000703200000, 0x0000000703200000|100%|HS|  |TAMS 0x0000000703200000, 0x0000000703000000| Complete 
|  25|0x0000000703200000, 0x0000000703400000, 0x0000000703400000|100%|HC|  |TAMS 0x0000000703400000, 0x0000000703200000| Complete 
|  26|0x0000000703400000, 0x0000000703600000, 0x0000000703600000|100%|HS|  |TAMS 0x0000000703600000, 0x0000000703400000| Complete 
|  27|0x0000000703600000, 0x0000000703800000, 0x0000000703800000|100%|HS|  |TAMS 0x0000000703800000, 0x0000000703600000| Complete 
|  28|0x0000000703800000, 0x0000000703a00000, 0x0000000703a00000|100%| O|  |TAMS 0x0000000703a00000, 0x0000000703800000| Untracked 
|  29|0x0000000703a00000, 0x0000000703c00000, 0x0000000703c00000|100%|HS|  |TAMS 0x0000000703c00000, 0x0000000703a00000| Complete 
|  30|0x0000000703c00000, 0x0000000703e00000, 0x0000000703e00000|100%|HC|  |TAMS 0x0000000703e00000, 0x0000000703c00000| Complete 
|  31|0x0000000703e00000, 0x0000000704000000, 0x0000000704000000|100%| O|  |TAMS 0x0000000703e00000, 0x0000000703e00000| Untracked 
|  32|0x0000000704000000, 0x0000000704200000, 0x0000000704200000|100%| O|  |TAMS 0x0000000704200000, 0x0000000704000000| Untracked 
|  33|0x0000000704200000, 0x0000000704400000, 0x0000000704400000|100%| O|  |TAMS 0x0000000704400000, 0x0000000704200000| Untracked 
|  34|0x0000000704400000, 0x0000000704600000, 0x0000000704600000|100%| O|  |TAMS 0x0000000704600000, 0x0000000704400000| Untracked 
|  35|0x0000000704600000, 0x0000000704800000, 0x0000000704800000|100%| O|  |TAMS 0x0000000704800000, 0x0000000704600000| Untracked 
|  36|0x0000000704800000, 0x0000000704a00000, 0x0000000704a00000|100%| O|  |TAMS 0x0000000704a00000, 0x0000000704800000| Untracked 
|  37|0x0000000704a00000, 0x0000000704c00000, 0x0000000704c00000|100%| O|  |TAMS 0x0000000704c00000, 0x0000000704a00000| Untracked 
|  38|0x0000000704c00000, 0x0000000704e00000, 0x0000000704e00000|100%| O|  |TAMS 0x0000000704e00000, 0x0000000704c00000| Untracked 
|  39|0x0000000704e00000, 0x0000000705000000, 0x0000000705000000|100%| O|  |TAMS 0x0000000705000000, 0x0000000704e00000| Untracked 
|  40|0x0000000705000000, 0x0000000705200000, 0x0000000705200000|100%| O|  |TAMS 0x0000000705200000, 0x0000000705000000| Untracked 
|  41|0x0000000705200000, 0x0000000705400000, 0x0000000705400000|100%| O|  |TAMS 0x0000000705400000, 0x0000000705200000| Untracked 
|  42|0x0000000705400000, 0x0000000705600000, 0x0000000705600000|100%| O|  |TAMS 0x0000000705600000, 0x0000000705400000| Untracked 
|  43|0x0000000705600000, 0x0000000705800000, 0x0000000705800000|100%| O|  |TAMS 0x0000000705600000, 0x0000000705600000| Untracked 
|  44|0x0000000705800000, 0x0000000705a00000, 0x0000000705a00000|100%| O|  |TAMS 0x0000000705a00000, 0x0000000705800000| Untracked 
|  45|0x0000000705a00000, 0x0000000705c00000, 0x0000000705c00000|100%| O|  |TAMS 0x0000000705c00000, 0x0000000705a00000| Untracked 
|  46|0x0000000705c00000, 0x0000000705e00000, 0x0000000705e00000|100%| O|  |TAMS 0x0000000705c00000, 0x0000000705c00000| Untracked 
|  47|0x0000000705e00000, 0x0000000706000000, 0x0000000706000000|100%| O|  |TAMS 0x0000000705e00000, 0x0000000705e00000| Untracked 
|  48|0x0000000706000000, 0x0000000706200000, 0x0000000706200000|100%| O|  |TAMS 0x0000000706000000, 0x0000000706000000| Untracked 
|  49|0x0000000706200000, 0x0000000706400000, 0x0000000706400000|100%| O|  |TAMS 0x0000000706400000, 0x0000000706200000| Untracked 
|  50|0x0000000706400000, 0x0000000706600000, 0x0000000706600000|100%| O|  |TAMS 0x0000000706600000, 0x0000000706400000| Untracked 
|  51|0x0000000706600000, 0x0000000706800000, 0x0000000706800000|100%| O|  |TAMS 0x0000000706800000, 0x0000000706600000| Untracked 
|  52|0x0000000706800000, 0x0000000706a00000, 0x0000000706a00000|100%| O|  |TAMS 0x0000000706a00000, 0x0000000706800000| Untracked 
|  53|0x0000000706a00000, 0x0000000706c00000, 0x0000000706c00000|100%| O|  |TAMS 0x0000000706c00000, 0x0000000706a00000| Untracked 
|  54|0x0000000706c00000, 0x0000000706e00000, 0x0000000706e00000|100%| O|  |TAMS 0x0000000706e00000, 0x0000000706c00000| Untracked 
|  55|0x0000000706e00000, 0x0000000707000000, 0x0000000707000000|100%| O|  |TAMS 0x0000000707000000, 0x0000000706e00000| Untracked 
|  56|0x0000000707000000, 0x0000000707200000, 0x0000000707200000|100%|HS|  |TAMS 0x0000000707200000, 0x0000000707000000| Complete 
|  57|0x0000000707200000, 0x0000000707400000, 0x0000000707400000|100%| O|  |TAMS 0x0000000707400000, 0x0000000707200000| Untracked 
|  58|0x0000000707400000, 0x0000000707600000, 0x0000000707600000|100%| O|  |TAMS 0x0000000707600000, 0x0000000707400000| Untracked 
|  59|0x0000000707600000, 0x0000000707800000, 0x0000000707800000|100%| O|  |TAMS 0x0000000707800000, 0x0000000707600000| Untracked 
|  60|0x0000000707800000, 0x0000000707a00000, 0x0000000707a00000|100%| O|  |TAMS 0x0000000707a00000, 0x0000000707800000| Untracked 
|  61|0x0000000707a00000, 0x0000000707c00000, 0x0000000707c00000|100%| O|  |TAMS 0x0000000707c00000, 0x0000000707a00000| Untracked 
|  62|0x0000000707c00000, 0x0000000707e00000, 0x0000000707e00000|100%| O|  |TAMS 0x0000000707e00000, 0x0000000707c00000| Untracked 
|  63|0x0000000707e00000, 0x0000000708000000, 0x0000000708000000|100%| O|  |TAMS 0x0000000708000000, 0x0000000707e00000| Untracked 
|  64|0x0000000708000000, 0x0000000708200000, 0x0000000708200000|100%| O|  |TAMS 0x0000000708200000, 0x0000000708000000| Untracked 
|  65|0x0000000708200000, 0x0000000708400000, 0x0000000708400000|100%| O|  |TAMS 0x0000000708400000, 0x0000000708200000| Untracked 
|  66|0x0000000708400000, 0x0000000708600000, 0x0000000708600000|100%| O|  |TAMS 0x0000000708600000, 0x0000000708400000| Untracked 
|  67|0x0000000708600000, 0x0000000708800000, 0x0000000708800000|100%| O|  |TAMS 0x0000000708800000, 0x0000000708600000| Untracked 
|  68|0x0000000708800000, 0x0000000708a00000, 0x0000000708a00000|100%| O|  |TAMS 0x0000000708a00000, 0x0000000708800000| Untracked 
|  69|0x0000000708a00000, 0x0000000708c00000, 0x0000000708c00000|100%| O|  |TAMS 0x0000000708c00000, 0x0000000708a00000| Untracked 
|  70|0x0000000708c00000, 0x0000000708e00000, 0x0000000708e00000|100%| O|  |TAMS 0x0000000708e00000, 0x0000000708c00000| Untracked 
|  71|0x0000000708e00000, 0x0000000709000000, 0x0000000709000000|100%|HS|  |TAMS 0x0000000709000000, 0x0000000708e00000| Complete 
|  72|0x0000000709000000, 0x0000000709200000, 0x0000000709200000|100%|HC|  |TAMS 0x0000000709200000, 0x0000000709000000| Complete 
|  73|0x0000000709200000, 0x0000000709400000, 0x0000000709400000|100%|HS|  |TAMS 0x0000000709400000, 0x0000000709200000| Complete 
|  74|0x0000000709400000, 0x0000000709600000, 0x0000000709600000|100%| O|  |TAMS 0x0000000709600000, 0x0000000709400000| Untracked 
|  75|0x0000000709600000, 0x0000000709800000, 0x0000000709800000|100%| O|  |TAMS 0x0000000709600000, 0x0000000709600000| Untracked 
|  76|0x0000000709800000, 0x0000000709a00000, 0x0000000709a00000|100%| O|  |TAMS 0x0000000709a00000, 0x0000000709800000| Untracked 
|  77|0x0000000709a00000, 0x0000000709c00000, 0x0000000709c00000|100%| O|  |TAMS 0x0000000709c00000, 0x0000000709a00000| Untracked 
|  78|0x0000000709c00000, 0x0000000709e00000, 0x0000000709e00000|100%| O|  |TAMS 0x0000000709e00000, 0x0000000709c00000| Untracked 
|  79|0x0000000709e00000, 0x000000070a000000, 0x000000070a000000|100%| O|  |TAMS 0x000000070a000000, 0x0000000709e00000| Untracked 
|  80|0x000000070a000000, 0x000000070a200000, 0x000000070a200000|100%| O|  |TAMS 0x000000070a200000, 0x000000070a000000| Untracked 
|  81|0x000000070a200000, 0x000000070a400000, 0x000000070a400000|100%| O|  |TAMS 0x000000070a400000, 0x000000070a200000| Untracked 
|  82|0x000000070a400000, 0x000000070a600000, 0x000000070a600000|100%| O|  |TAMS 0x000000070a600000, 0x000000070a400000| Untracked 
|  83|0x000000070a600000, 0x000000070a800000, 0x000000070a800000|100%| O|  |TAMS 0x000000070a800000, 0x000000070a600000| Untracked 
|  84|0x000000070a800000, 0x000000070aa00000, 0x000000070aa00000|100%| O|  |TAMS 0x000000070aa00000, 0x000000070a800000| Untracked 
|  85|0x000000070aa00000, 0x000000070ac00000, 0x000000070ac00000|100%| O|  |TAMS 0x000000070ac00000, 0x000000070aa00000| Untracked 
|  86|0x000000070ac00000, 0x000000070ae00000, 0x000000070ae00000|100%| O|  |TAMS 0x000000070ae00000, 0x000000070ac00000| Untracked 
|  87|0x000000070ae00000, 0x000000070b000000, 0x000000070b000000|100%| O|  |TAMS 0x000000070b000000, 0x000000070ae00000| Untracked 
|  88|0x000000070b000000, 0x000000070b200000, 0x000000070b200000|100%|HS|  |TAMS 0x000000070b200000, 0x000000070b000000| Complete 
|  89|0x000000070b200000, 0x000000070b400000, 0x000000070b400000|100%| O|  |TAMS 0x000000070b200000, 0x000000070b200000| Untracked 
|  90|0x000000070b400000, 0x000000070b600000, 0x000000070b600000|100%| O|  |TAMS 0x000000070b600000, 0x000000070b400000| Untracked 
|  91|0x000000070b600000, 0x000000070b800000, 0x000000070b800000|100%| O|  |TAMS 0x000000070b800000, 0x000000070b600000| Untracked 
|  92|0x000000070b800000, 0x000000070ba00000, 0x000000070ba00000|100%| O|  |TAMS 0x000000070ba00000, 0x000000070b800000| Untracked 
|  93|0x000000070ba00000, 0x000000070bc00000, 0x000000070bc00000|100%| O|  |TAMS 0x000000070bc00000, 0x000000070ba00000| Untracked 
|  94|0x000000070bc00000, 0x000000070be00000, 0x000000070be00000|100%| O|  |TAMS 0x000000070be00000, 0x000000070bc00000| Untracked 
|  95|0x000000070be00000, 0x000000070c000000, 0x000000070c000000|100%| O|  |TAMS 0x000000070c000000, 0x000000070be00000| Untracked 
|  96|0x000000070c000000, 0x000000070c200000, 0x000000070c200000|100%| O|  |TAMS 0x000000070c200000, 0x000000070c000000| Untracked 
|  97|0x000000070c200000, 0x000000070c400000, 0x000000070c400000|100%| O|  |TAMS 0x000000070c400000, 0x000000070c200000| Untracked 
|  98|0x000000070c400000, 0x000000070c600000, 0x000000070c600000|100%| O|  |TAMS 0x000000070c600000, 0x000000070c400000| Untracked 
|  99|0x000000070c600000, 0x000000070c800000, 0x000000070c800000|100%| O|  |TAMS 0x000000070c800000, 0x000000070c600000| Untracked 
| 100|0x000000070c800000, 0x000000070ca00000, 0x000000070ca00000|100%| O|  |TAMS 0x000000070ca00000, 0x000000070c800000| Untracked 
| 101|0x000000070ca00000, 0x000000070cc00000, 0x000000070cc00000|100%| O|  |TAMS 0x000000070ca00000, 0x000000070ca00000| Untracked 
| 102|0x000000070cc00000, 0x000000070ce00000, 0x000000070ce00000|100%| O|  |TAMS 0x000000070ce00000, 0x000000070cc00000| Untracked 
| 103|0x000000070ce00000, 0x000000070d000000, 0x000000070d000000|100%| O|  |TAMS 0x000000070d000000, 0x000000070ce00000| Untracked 
| 104|0x000000070d000000, 0x000000070d200000, 0x000000070d200000|100%| O|  |TAMS 0x000000070d200000, 0x000000070d000000| Untracked 
| 105|0x000000070d200000, 0x000000070d400000, 0x000000070d400000|100%| O|  |TAMS 0x000000070d400000, 0x000000070d200000| Untracked 
| 106|0x000000070d400000, 0x000000070d600000, 0x000000070d600000|100%| O|  |TAMS 0x000000070d600000, 0x000000070d400000| Untracked 
| 107|0x000000070d600000, 0x000000070d800000, 0x000000070d800000|100%| O|  |TAMS 0x000000070d800000, 0x000000070d600000| Untracked 
| 108|0x000000070d800000, 0x000000070da00000, 0x000000070da00000|100%| O|  |TAMS 0x000000070da00000, 0x000000070d800000| Untracked 
| 109|0x000000070da00000, 0x000000070dc00000, 0x000000070dc00000|100%| O|  |TAMS 0x000000070dc00000, 0x000000070da00000| Untracked 
| 110|0x000000070dc00000, 0x000000070de00000, 0x000000070de00000|100%| O|  |TAMS 0x000000070de00000, 0x000000070dc00000| Untracked 
| 111|0x000000070de00000, 0x000000070e000000, 0x000000070e000000|100%| O|  |TAMS 0x000000070e000000, 0x000000070de00000| Untracked 
| 112|0x000000070e000000, 0x000000070e200000, 0x000000070e200000|100%| O|  |TAMS 0x000000070e200000, 0x000000070e000000| Untracked 
| 113|0x000000070e200000, 0x000000070e400000, 0x000000070e400000|100%| O|  |TAMS 0x000000070e400000, 0x000000070e200000| Untracked 
| 114|0x000000070e400000, 0x000000070e600000, 0x000000070e600000|100%| O|  |TAMS 0x000000070e600000, 0x000000070e400000| Untracked 
| 115|0x000000070e600000, 0x000000070e800000, 0x000000070e800000|100%| O|  |TAMS 0x000000070e800000, 0x000000070e600000| Untracked 
| 116|0x000000070e800000, 0x000000070ea00000, 0x000000070ea00000|100%| O|  |TAMS 0x000000070ea00000, 0x000000070e800000| Untracked 
| 117|0x000000070ea00000, 0x000000070ec00000, 0x000000070ec00000|100%| O|  |TAMS 0x000000070ec00000, 0x000000070ea00000| Untracked 
| 118|0x000000070ec00000, 0x000000070ee00000, 0x000000070ee00000|100%| O|  |TAMS 0x000000070ee00000, 0x000000070ec00000| Untracked 
| 119|0x000000070ee00000, 0x000000070f000000, 0x000000070f000000|100%| O|  |TAMS 0x000000070f000000, 0x000000070ee00000| Untracked 
| 120|0x000000070f000000, 0x000000070f200000, 0x000000070f200000|100%| O|  |TAMS 0x000000070f200000, 0x000000070f000000| Untracked 
| 121|0x000000070f200000, 0x000000070f400000, 0x000000070f400000|100%| O|  |TAMS 0x000000070f400000, 0x000000070f200000| Untracked 
| 122|0x000000070f400000, 0x000000070f600000, 0x000000070f600000|100%| O|  |TAMS 0x000000070f600000, 0x000000070f400000| Untracked 
| 123|0x000000070f600000, 0x000000070f800000, 0x000000070f800000|100%| O|  |TAMS 0x000000070f800000, 0x000000070f600000| Untracked 
| 124|0x000000070f800000, 0x000000070fa00000, 0x000000070fa00000|100%| O|  |TAMS 0x000000070fa00000, 0x000000070f800000| Untracked 
| 125|0x000000070fa00000, 0x000000070fc00000, 0x000000070fc00000|100%| O|  |TAMS 0x000000070fc00000, 0x000000070fa00000| Untracked 
| 126|0x000000070fc00000, 0x000000070fe00000, 0x000000070fe00000|100%| O|  |TAMS 0x000000070fe00000, 0x000000070fc00000| Untracked 
| 127|0x000000070fe00000, 0x0000000710000000, 0x0000000710000000|100%| O|  |TAMS 0x0000000710000000, 0x000000070fe00000| Untracked 
| 128|0x0000000710000000, 0x0000000710200000, 0x0000000710200000|100%| O|  |TAMS 0x0000000710200000, 0x0000000710000000| Untracked 
| 129|0x0000000710200000, 0x0000000710400000, 0x0000000710400000|100%| O|  |TAMS 0x0000000710400000, 0x0000000710200000| Untracked 
| 130|0x0000000710400000, 0x0000000710600000, 0x0000000710600000|100%| O|  |TAMS 0x0000000710400000, 0x0000000710400000| Untracked 
| 131|0x0000000710600000, 0x0000000710800000, 0x0000000710800000|100%| O|  |TAMS 0x0000000710800000, 0x0000000710600000| Untracked 
| 132|0x0000000710800000, 0x0000000710a00000, 0x0000000710a00000|100%| O|  |TAMS 0x0000000710a00000, 0x0000000710800000| Untracked 
| 133|0x0000000710a00000, 0x0000000710c00000, 0x0000000710c00000|100%| O|  |TAMS 0x0000000710c00000, 0x0000000710a00000| Untracked 
| 134|0x0000000710c00000, 0x0000000710e00000, 0x0000000710e00000|100%| O|  |TAMS 0x0000000710e00000, 0x0000000710c00000| Untracked 
| 135|0x0000000710e00000, 0x0000000711000000, 0x0000000711000000|100%| O|  |TAMS 0x0000000711000000, 0x0000000710e00000| Untracked 
| 136|0x0000000711000000, 0x0000000711200000, 0x0000000711200000|100%| O|  |TAMS 0x0000000711200000, 0x0000000711000000| Untracked 
| 137|0x0000000711200000, 0x0000000711400000, 0x0000000711400000|100%| O|  |TAMS 0x0000000711400000, 0x0000000711200000| Untracked 
| 138|0x0000000711400000, 0x0000000711600000, 0x0000000711600000|100%| O|  |TAMS 0x0000000711600000, 0x0000000711400000| Untracked 
| 139|0x0000000711600000, 0x0000000711800000, 0x0000000711800000|100%| O|  |TAMS 0x0000000711800000, 0x0000000711600000| Untracked 
| 140|0x0000000711800000, 0x0000000711a00000, 0x0000000711a00000|100%| O|  |TAMS 0x0000000711a00000, 0x0000000711800000| Untracked 
| 141|0x0000000711a00000, 0x0000000711c00000, 0x0000000711c00000|100%| O|  |TAMS 0x0000000711c00000, 0x0000000711a00000| Untracked 
| 142|0x0000000711c00000, 0x0000000711e00000, 0x0000000711e00000|100%| O|  |TAMS 0x0000000711e00000, 0x0000000711c00000| Untracked 
| 143|0x0000000711e00000, 0x0000000712000000, 0x0000000712000000|100%| O|  |TAMS 0x0000000712000000, 0x0000000711e00000| Untracked 
| 144|0x0000000712000000, 0x0000000712200000, 0x0000000712200000|100%| O|  |TAMS 0x0000000712200000, 0x0000000712000000| Untracked 
| 145|0x0000000712200000, 0x0000000712400000, 0x0000000712400000|100%| O|  |TAMS 0x0000000712400000, 0x0000000712200000| Untracked 
| 146|0x0000000712400000, 0x0000000712600000, 0x0000000712600000|100%| O|  |TAMS 0x0000000712600000, 0x0000000712400000| Untracked 
| 147|0x0000000712600000, 0x0000000712800000, 0x0000000712800000|100%| O|  |TAMS 0x0000000712800000, 0x0000000712600000| Untracked 
| 148|0x0000000712800000, 0x0000000712a00000, 0x0000000712a00000|100%| O|  |TAMS 0x0000000712a00000, 0x0000000712800000| Untracked 
| 149|0x0000000712a00000, 0x0000000712c00000, 0x0000000712c00000|100%| O|  |TAMS 0x0000000712c00000, 0x0000000712a00000| Untracked 
| 150|0x0000000712c00000, 0x0000000712e00000, 0x0000000712e00000|100%| O|  |TAMS 0x0000000712e00000, 0x0000000712c00000| Untracked 
| 151|0x0000000712e00000, 0x0000000713000000, 0x0000000713000000|100%| O|  |TAMS 0x0000000713000000, 0x0000000712e00000| Untracked 
| 152|0x0000000713000000, 0x0000000713200000, 0x0000000713200000|100%| O|  |TAMS 0x0000000713200000, 0x0000000713000000| Untracked 
| 153|0x0000000713200000, 0x0000000713400000, 0x0000000713400000|100%| O|  |TAMS 0x0000000713400000, 0x0000000713200000| Untracked 
| 154|0x0000000713400000, 0x0000000713600000, 0x0000000713600000|100%| O|  |TAMS 0x0000000713600000, 0x0000000713400000| Untracked 
| 155|0x0000000713600000, 0x0000000713800000, 0x0000000713800000|100%| O|  |TAMS 0x0000000713800000, 0x0000000713600000| Untracked 
| 156|0x0000000713800000, 0x0000000713a00000, 0x0000000713a00000|100%| O|  |TAMS 0x0000000713a00000, 0x0000000713800000| Untracked 
| 157|0x0000000713a00000, 0x0000000713c00000, 0x0000000713c00000|100%| O|  |TAMS 0x0000000713c00000, 0x0000000713a00000| Untracked 
| 158|0x0000000713c00000, 0x0000000713e00000, 0x0000000713e00000|100%| O|  |TAMS 0x0000000713e00000, 0x0000000713c00000| Untracked 
| 159|0x0000000713e00000, 0x0000000714000000, 0x0000000714000000|100%| O|  |TAMS 0x0000000714000000, 0x0000000713e00000| Untracked 
| 160|0x0000000714000000, 0x0000000714200000, 0x0000000714200000|100%| O|  |TAMS 0x0000000714200000, 0x0000000714000000| Untracked 
| 161|0x0000000714200000, 0x0000000714400000, 0x0000000714400000|100%| O|  |TAMS 0x0000000714400000, 0x0000000714200000| Untracked 
| 162|0x0000000714400000, 0x0000000714600000, 0x0000000714600000|100%| O|  |TAMS 0x0000000714400000, 0x0000000714400000| Untracked 
| 163|0x0000000714600000, 0x0000000714800000, 0x0000000714800000|100%| O|  |TAMS 0x0000000714800000, 0x0000000714600000| Untracked 
| 164|0x0000000714800000, 0x0000000714a00000, 0x0000000714a00000|100%| O|  |TAMS 0x0000000714a00000, 0x0000000714800000| Untracked 
| 165|0x0000000714a00000, 0x0000000714c00000, 0x0000000714c00000|100%| O|  |TAMS 0x0000000714c00000, 0x0000000714a00000| Untracked 
| 166|0x0000000714c00000, 0x0000000714e00000, 0x0000000714e00000|100%| O|  |TAMS 0x0000000714e00000, 0x0000000714c00000| Untracked 
| 167|0x0000000714e00000, 0x0000000715000000, 0x0000000715000000|100%| O|  |TAMS 0x0000000715000000, 0x0000000714e00000| Untracked 
| 168|0x0000000715000000, 0x0000000715200000, 0x0000000715200000|100%| O|  |TAMS 0x0000000715200000, 0x0000000715000000| Untracked 
| 169|0x0000000715200000, 0x0000000715400000, 0x0000000715400000|100%| O|  |TAMS 0x0000000715400000, 0x0000000715200000| Untracked 
| 170|0x0000000715400000, 0x0000000715600000, 0x0000000715600000|100%| O|  |TAMS 0x0000000715600000, 0x0000000715400000| Untracked 
| 171|0x0000000715600000, 0x0000000715800000, 0x0000000715800000|100%| O|  |TAMS 0x0000000715800000, 0x0000000715600000| Untracked 
| 172|0x0000000715800000, 0x0000000715a00000, 0x0000000715a00000|100%| O|  |TAMS 0x0000000715a00000, 0x0000000715800000| Untracked 
| 173|0x0000000715a00000, 0x0000000715c00000, 0x0000000715c00000|100%| O|  |TAMS 0x0000000715c00000, 0x0000000715a00000| Untracked 
| 174|0x0000000715c00000, 0x0000000715e00000, 0x0000000715e00000|100%| O|  |TAMS 0x0000000715e00000, 0x0000000715c00000| Untracked 
| 175|0x0000000715e00000, 0x0000000716000000, 0x0000000716000000|100%| O|  |TAMS 0x0000000716000000, 0x0000000715e00000| Untracked 
| 176|0x0000000716000000, 0x0000000716200000, 0x0000000716200000|100%| O|  |TAMS 0x0000000716200000, 0x0000000716000000| Untracked 
| 177|0x0000000716200000, 0x0000000716400000, 0x0000000716400000|100%| O|  |TAMS 0x0000000716400000, 0x0000000716200000| Untracked 
| 178|0x0000000716400000, 0x0000000716600000, 0x0000000716600000|100%| O|  |TAMS 0x0000000716600000, 0x0000000716400000| Untracked 
| 179|0x0000000716600000, 0x0000000716800000, 0x0000000716800000|100%| O|  |TAMS 0x0000000716800000, 0x0000000716600000| Untracked 
| 180|0x0000000716800000, 0x0000000716a00000, 0x0000000716a00000|100%| O|  |TAMS 0x0000000716a00000, 0x0000000716800000| Untracked 
| 181|0x0000000716a00000, 0x0000000716c00000, 0x0000000716c00000|100%| O|  |TAMS 0x0000000716c00000, 0x0000000716a00000| Untracked 
| 182|0x0000000716c00000, 0x0000000716e00000, 0x0000000716e00000|100%| O|  |TAMS 0x0000000716e00000, 0x0000000716c00000| Untracked 
| 183|0x0000000716e00000, 0x0000000717000000, 0x0000000717000000|100%| O|  |TAMS 0x0000000717000000, 0x0000000716e00000| Untracked 
| 184|0x0000000717000000, 0x0000000717200000, 0x0000000717200000|100%| O|  |TAMS 0x0000000717200000, 0x0000000717000000| Untracked 
| 185|0x0000000717200000, 0x0000000717400000, 0x0000000717400000|100%| O|  |TAMS 0x0000000717400000, 0x0000000717200000| Untracked 
| 186|0x0000000717400000, 0x0000000717600000, 0x0000000717600000|100%| O|  |TAMS 0x0000000717600000, 0x0000000717400000| Untracked 
| 187|0x0000000717600000, 0x0000000717800000, 0x0000000717800000|100%| O|  |TAMS 0x0000000717800000, 0x0000000717600000| Untracked 
| 188|0x0000000717800000, 0x0000000717a00000, 0x0000000717a00000|100%| O|  |TAMS 0x0000000717800000, 0x0000000717800000| Untracked 
| 189|0x0000000717a00000, 0x0000000717c00000, 0x0000000717c00000|100%| O|  |TAMS 0x0000000717c00000, 0x0000000717a00000| Untracked 
| 190|0x0000000717c00000, 0x0000000717e00000, 0x0000000717e00000|100%| O|  |TAMS 0x0000000717e00000, 0x0000000717c00000| Untracked 
| 191|0x0000000717e00000, 0x0000000718000000, 0x0000000718000000|100%| O|  |TAMS 0x0000000718000000, 0x0000000717e00000| Untracked 
| 192|0x0000000718000000, 0x0000000718200000, 0x0000000718200000|100%| O|  |TAMS 0x0000000718000000, 0x0000000718000000| Untracked 
| 193|0x0000000718200000, 0x0000000718400000, 0x0000000718400000|100%| O|  |TAMS 0x0000000718400000, 0x0000000718200000| Untracked 
| 194|0x0000000718400000, 0x0000000718600000, 0x0000000718600000|100%| O|  |TAMS 0x0000000718400000, 0x0000000718400000| Untracked 
| 195|0x0000000718600000, 0x0000000718800000, 0x0000000718800000|100%| O|  |TAMS 0x0000000718800000, 0x0000000718600000| Untracked 
| 196|0x0000000718800000, 0x0000000718a00000, 0x0000000718a00000|100%| O|  |TAMS 0x0000000718a00000, 0x0000000718800000| Untracked 
| 197|0x0000000718a00000, 0x0000000718c00000, 0x0000000718c00000|100%| O|  |TAMS 0x0000000718c00000, 0x0000000718a00000| Untracked 
| 198|0x0000000718c00000, 0x0000000718e00000, 0x0000000718e00000|100%| O|  |TAMS 0x0000000718e00000, 0x0000000718c00000| Untracked 
| 199|0x0000000718e00000, 0x0000000719000000, 0x0000000719000000|100%| O|  |TAMS 0x0000000719000000, 0x0000000718e00000| Untracked 
| 200|0x0000000719000000, 0x0000000719200000, 0x0000000719200000|100%| O|  |TAMS 0x0000000719000000, 0x0000000719000000| Untracked 
| 201|0x0000000719200000, 0x0000000719400000, 0x0000000719400000|100%| O|  |TAMS 0x0000000719200000, 0x0000000719200000| Untracked 
| 202|0x0000000719400000, 0x0000000719600000, 0x0000000719600000|100%| O|  |TAMS 0x0000000719600000, 0x0000000719400000| Untracked 
| 203|0x0000000719600000, 0x0000000719800000, 0x0000000719800000|100%| O|  |TAMS 0x0000000719800000, 0x0000000719600000| Untracked 
| 204|0x0000000719800000, 0x0000000719a00000, 0x0000000719a00000|100%| O|  |TAMS 0x0000000719a00000, 0x0000000719800000| Untracked 
| 205|0x0000000719a00000, 0x0000000719c00000, 0x0000000719c00000|100%| O|  |TAMS 0x0000000719c00000, 0x0000000719a00000| Untracked 
| 206|0x0000000719c00000, 0x0000000719e00000, 0x0000000719e00000|100%| O|  |TAMS 0x0000000719e00000, 0x0000000719c00000| Untracked 
| 207|0x0000000719e00000, 0x000000071a000000, 0x000000071a000000|100%|HS|  |TAMS 0x0000000719e00000, 0x0000000719e00000| Complete 
| 208|0x000000071a000000, 0x000000071a200000, 0x000000071a200000|100%| O|  |TAMS 0x000000071a200000, 0x000000071a000000| Untracked 
| 209|0x000000071a200000, 0x000000071a400000, 0x000000071a400000|100%| O|  |TAMS 0x000000071a400000, 0x000000071a200000| Untracked 
| 210|0x000000071a400000, 0x000000071a600000, 0x000000071a600000|100%| O|  |TAMS 0x000000071a600000, 0x000000071a400000| Untracked 
| 211|0x000000071a600000, 0x000000071a800000, 0x000000071a800000|100%|HS|  |TAMS 0x000000071a800000, 0x000000071a600000| Complete 
| 212|0x000000071a800000, 0x000000071aa00000, 0x000000071aa00000|100%|HC|  |TAMS 0x000000071aa00000, 0x000000071a800000| Complete 
| 213|0x000000071aa00000, 0x000000071ac00000, 0x000000071ac00000|100%|HS|  |TAMS 0x000000071ac00000, 0x000000071aa00000| Complete 
| 214|0x000000071ac00000, 0x000000071ae00000, 0x000000071ae00000|100%|HC|  |TAMS 0x000000071ae00000, 0x000000071ac00000| Complete 
| 215|0x000000071ae00000, 0x000000071b000000, 0x000000071b000000|100%| O|  |TAMS 0x000000071ae00000, 0x000000071ae00000| Untracked 
| 216|0x000000071b000000, 0x000000071b200000, 0x000000071b200000|100%| O|  |TAMS 0x000000071b200000, 0x000000071b000000| Untracked 
| 217|0x000000071b200000, 0x000000071b400000, 0x000000071b400000|100%| O|  |TAMS 0x000000071b400000, 0x000000071b200000| Untracked 
| 218|0x000000071b400000, 0x000000071b600000, 0x000000071b600000|100%| O|  |TAMS 0x000000071b600000, 0x000000071b400000| Untracked 
| 219|0x000000071b600000, 0x000000071b800000, 0x000000071b800000|100%| O|  |TAMS 0x000000071b800000, 0x000000071b600000| Untracked 
| 220|0x000000071b800000, 0x000000071ba00000, 0x000000071ba00000|100%| O|  |TAMS 0x000000071b800000, 0x000000071b800000| Untracked 
| 221|0x000000071ba00000, 0x000000071bc00000, 0x000000071bc00000|100%| O|  |TAMS 0x000000071ba00000, 0x000000071ba00000| Untracked 
| 222|0x000000071bc00000, 0x000000071be00000, 0x000000071be00000|100%| O|  |TAMS 0x000000071bc00000, 0x000000071bc00000| Untracked 
| 223|0x000000071be00000, 0x000000071c000000, 0x000000071c000000|100%| O|  |TAMS 0x000000071be00000, 0x000000071be00000| Untracked 
| 224|0x000000071c000000, 0x000000071c200000, 0x000000071c200000|100%| O|  |TAMS 0x000000071c200000, 0x000000071c000000| Untracked 
| 225|0x000000071c200000, 0x000000071c400000, 0x000000071c400000|100%| O|  |TAMS 0x000000071c200000, 0x000000071c200000| Untracked 
| 226|0x000000071c400000, 0x000000071c600000, 0x000000071c600000|100%| O|  |TAMS 0x000000071c600000, 0x000000071c400000| Untracked 
| 227|0x000000071c600000, 0x000000071c800000, 0x000000071c800000|100%| O|  |TAMS 0x000000071c600000, 0x000000071c600000| Untracked 
| 228|0x000000071c800000, 0x000000071ca00000, 0x000000071ca00000|100%| O|  |TAMS 0x000000071ca00000, 0x000000071c800000| Untracked 
| 229|0x000000071ca00000, 0x000000071cc00000, 0x000000071cc00000|100%| O|  |TAMS 0x000000071ca00000, 0x000000071ca00000| Untracked 
| 230|0x000000071cc00000, 0x000000071ce00000, 0x000000071ce00000|100%| O|  |TAMS 0x000000071cc00000, 0x000000071cc00000| Untracked 
| 231|0x000000071ce00000, 0x000000071d000000, 0x000000071d000000|100%| O|  |TAMS 0x000000071ce00000, 0x000000071ce00000| Untracked 
| 232|0x000000071d000000, 0x000000071d200000, 0x000000071d200000|100%| O|  |TAMS 0x000000071d200000, 0x000000071d000000| Untracked 
| 233|0x000000071d200000, 0x000000071d400000, 0x000000071d400000|100%| O|  |TAMS 0x000000071d200000, 0x000000071d200000| Untracked 
| 234|0x000000071d400000, 0x000000071d600000, 0x000000071d600000|100%| O|  |TAMS 0x000000071d600000, 0x000000071d400000| Untracked 
| 235|0x000000071d600000, 0x000000071d800000, 0x000000071d800000|100%| O|  |TAMS 0x000000071d800000, 0x000000071d600000| Untracked 
| 236|0x000000071d800000, 0x000000071da00000, 0x000000071da00000|100%| O|  |TAMS 0x000000071da00000, 0x000000071d800000| Untracked 
| 237|0x000000071da00000, 0x000000071dc00000, 0x000000071dc00000|100%| O|  |TAMS 0x000000071dc00000, 0x000000071da00000| Untracked 
| 238|0x000000071dc00000, 0x000000071de00000, 0x000000071de00000|100%| O|  |TAMS 0x000000071de00000, 0x000000071dc00000| Untracked 
| 239|0x000000071de00000, 0x000000071e000000, 0x000000071e000000|100%| O|  |TAMS 0x000000071e000000, 0x000000071de00000| Untracked 
| 240|0x000000071e000000, 0x000000071e200000, 0x000000071e200000|100%| O|  |TAMS 0x000000071e200000, 0x000000071e000000| Untracked 
| 241|0x000000071e200000, 0x000000071e400000, 0x000000071e400000|100%| O|  |TAMS 0x000000071e400000, 0x000000071e200000| Untracked 
| 242|0x000000071e400000, 0x000000071e600000, 0x000000071e600000|100%| O|  |TAMS 0x000000071e600000, 0x000000071e400000| Untracked 
| 243|0x000000071e600000, 0x000000071e800000, 0x000000071e800000|100%| O|  |TAMS 0x000000071e800000, 0x000000071e600000| Untracked 
| 244|0x000000071e800000, 0x000000071ea00000, 0x000000071ea00000|100%| O|  |TAMS 0x000000071ea00000, 0x000000071e800000| Untracked 
| 245|0x000000071ea00000, 0x000000071ec00000, 0x000000071ec00000|100%| O|  |TAMS 0x000000071ec00000, 0x000000071ea00000| Untracked 
| 246|0x000000071ec00000, 0x000000071ee00000, 0x000000071ee00000|100%| O|  |TAMS 0x000000071ee00000, 0x000000071ec00000| Untracked 
| 247|0x000000071ee00000, 0x000000071f000000, 0x000000071f000000|100%| O|  |TAMS 0x000000071f000000, 0x000000071ee00000| Untracked 
| 248|0x000000071f000000, 0x000000071f200000, 0x000000071f200000|100%| O|  |TAMS 0x000000071f200000, 0x000000071f000000| Untracked 
| 249|0x000000071f200000, 0x000000071f400000, 0x000000071f400000|100%| O|  |TAMS 0x000000071f256a00, 0x000000071f200000| Untracked 
| 250|0x000000071f400000, 0x000000071f600000, 0x000000071f600000|100%| O|  |TAMS 0x000000071f400000, 0x000000071f400000| Untracked 
| 251|0x000000071f600000, 0x000000071f800000, 0x000000071f800000|100%| O|  |TAMS 0x000000071f600000, 0x000000071f600000| Untracked 
| 252|0x000000071f800000, 0x000000071fa00000, 0x000000071fa00000|100%| O|  |TAMS 0x000000071f800000, 0x000000071f800000| Untracked 
| 253|0x000000071fa00000, 0x000000071fc00000, 0x000000071fc00000|100%| O|  |TAMS 0x000000071fa00000, 0x000000071fa00000| Untracked 
| 254|0x000000071fc00000, 0x000000071fe00000, 0x000000071fe00000|100%| O|  |TAMS 0x000000071fc00000, 0x000000071fc00000| Untracked 
| 255|0x000000071fe00000, 0x0000000720000000, 0x0000000720000000|100%| O|  |TAMS 0x000000071fe00000, 0x000000071fe00000| Untracked 
| 256|0x0000000720000000, 0x0000000720200000, 0x0000000720200000|100%| O|  |TAMS 0x0000000720000000, 0x0000000720000000| Untracked 
| 257|0x0000000720200000, 0x0000000720400000, 0x0000000720400000|100%| O|  |TAMS 0x0000000720200000, 0x0000000720200000| Untracked 
| 258|0x0000000720400000, 0x0000000720600000, 0x0000000720600000|100%| O|  |TAMS 0x0000000720400000, 0x0000000720400000| Untracked 
| 259|0x0000000720600000, 0x0000000720800000, 0x0000000720800000|100%| O|  |TAMS 0x0000000720600000, 0x0000000720600000| Untracked 
| 260|0x0000000720800000, 0x0000000720a00000, 0x0000000720a00000|100%| O|  |TAMS 0x0000000720800000, 0x0000000720800000| Untracked 
| 261|0x0000000720a00000, 0x0000000720c00000, 0x0000000720c00000|100%| O|  |TAMS 0x0000000720a00000, 0x0000000720a00000| Untracked 
| 262|0x0000000720c00000, 0x0000000720e00000, 0x0000000720e00000|100%| O|  |TAMS 0x0000000720c00000, 0x0000000720c00000| Untracked 
| 263|0x0000000720e00000, 0x0000000721000000, 0x0000000721000000|100%| O|  |TAMS 0x0000000720e00000, 0x0000000720e00000| Untracked 
| 264|0x0000000721000000, 0x0000000721200000, 0x0000000721200000|100%| O|  |TAMS 0x0000000721000000, 0x0000000721000000| Untracked 
| 265|0x0000000721200000, 0x0000000721400000, 0x0000000721400000|100%| O|  |TAMS 0x0000000721200000, 0x0000000721200000| Untracked 
| 266|0x0000000721400000, 0x0000000721600000, 0x0000000721600000|100%| O|  |TAMS 0x0000000721400000, 0x0000000721400000| Untracked 
| 267|0x0000000721600000, 0x0000000721800000, 0x0000000721800000|100%| O|  |TAMS 0x0000000721600000, 0x0000000721600000| Untracked 
| 268|0x0000000721800000, 0x0000000721a00000, 0x0000000721a00000|100%| O|  |TAMS 0x0000000721800000, 0x0000000721800000| Untracked 
| 269|0x0000000721a00000, 0x0000000721c00000, 0x0000000721c00000|100%| O|  |TAMS 0x0000000721a00000, 0x0000000721a00000| Untracked 
| 270|0x0000000721c00000, 0x0000000721e00000, 0x0000000721e00000|100%| O|  |TAMS 0x0000000721c00000, 0x0000000721c00000| Untracked 
| 271|0x0000000721e00000, 0x0000000722000000, 0x0000000722000000|100%| O|  |TAMS 0x0000000721e00000, 0x0000000721e00000| Untracked 
| 272|0x0000000722000000, 0x0000000722200000, 0x0000000722200000|100%| O|  |TAMS 0x0000000722000000, 0x0000000722000000| Untracked 
| 273|0x0000000722200000, 0x0000000722400000, 0x0000000722400000|100%| O|  |TAMS 0x0000000722200000, 0x0000000722200000| Untracked 
| 274|0x0000000722400000, 0x0000000722600000, 0x0000000722600000|100%| O|  |TAMS 0x0000000722400000, 0x0000000722400000| Untracked 
| 275|0x0000000722600000, 0x0000000722800000, 0x0000000722800000|100%| O|  |TAMS 0x0000000722600000, 0x0000000722600000| Untracked 
| 276|0x0000000722800000, 0x0000000722a00000, 0x0000000722a00000|100%| O|  |TAMS 0x0000000722800000, 0x0000000722800000| Untracked 
| 277|0x0000000722a00000, 0x0000000722c00000, 0x0000000722c00000|100%| O|  |TAMS 0x0000000722a00000, 0x0000000722a00000| Untracked 
| 278|0x0000000722c00000, 0x0000000722e00000, 0x0000000722e00000|100%| O|  |TAMS 0x0000000722c00000, 0x0000000722c00000| Untracked 
| 279|0x0000000722e00000, 0x0000000723000000, 0x0000000723000000|100%| O|  |TAMS 0x0000000722e00000, 0x0000000722e00000| Untracked 
| 280|0x0000000723000000, 0x0000000723200000, 0x0000000723200000|100%| O|  |TAMS 0x0000000723000000, 0x0000000723000000| Untracked 
| 281|0x0000000723200000, 0x0000000723400000, 0x0000000723400000|100%| O|  |TAMS 0x0000000723200000, 0x0000000723200000| Untracked 
| 282|0x0000000723400000, 0x0000000723600000, 0x0000000723600000|100%| O|  |TAMS 0x0000000723400000, 0x0000000723400000| Untracked 
| 283|0x0000000723600000, 0x0000000723800000, 0x0000000723800000|100%| O|  |TAMS 0x0000000723600000, 0x0000000723600000| Untracked 
| 284|0x0000000723800000, 0x0000000723a00000, 0x0000000723a00000|100%| O|  |TAMS 0x0000000723800000, 0x0000000723800000| Untracked 
| 285|0x0000000723a00000, 0x0000000723c00000, 0x0000000723c00000|100%| O|  |TAMS 0x0000000723a00000, 0x0000000723a00000| Untracked 
| 286|0x0000000723c00000, 0x0000000723e00000, 0x0000000723e00000|100%| O|  |TAMS 0x0000000723c00000, 0x0000000723c00000| Untracked 
| 287|0x0000000723e00000, 0x0000000724000000, 0x0000000724000000|100%| O|  |TAMS 0x0000000723e00000, 0x0000000723e00000| Untracked 
| 288|0x0000000724000000, 0x0000000724200000, 0x0000000724200000|100%| O|  |TAMS 0x0000000724000000, 0x0000000724000000| Untracked 
| 289|0x0000000724200000, 0x0000000724400000, 0x0000000724400000|100%| O|  |TAMS 0x0000000724200000, 0x0000000724200000| Untracked 
| 290|0x0000000724400000, 0x0000000724600000, 0x0000000724600000|100%| O|  |TAMS 0x0000000724400000, 0x0000000724400000| Untracked 
| 291|0x0000000724600000, 0x0000000724800000, 0x0000000724800000|100%| O|  |TAMS 0x0000000724600000, 0x0000000724600000| Untracked 
| 292|0x0000000724800000, 0x0000000724a00000, 0x0000000724a00000|100%| O|  |TAMS 0x0000000724800000, 0x0000000724800000| Untracked 
| 293|0x0000000724a00000, 0x0000000724c00000, 0x0000000724c00000|100%| O|  |TAMS 0x0000000724a00000, 0x0000000724a00000| Untracked 
| 294|0x0000000724c00000, 0x0000000724e00000, 0x0000000724e00000|100%| O|  |TAMS 0x0000000724c00000, 0x0000000724c00000| Untracked 
| 295|0x0000000724e00000, 0x0000000725000000, 0x0000000725000000|100%| O|  |TAMS 0x0000000724e00000, 0x0000000724e00000| Untracked 
| 296|0x0000000725000000, 0x0000000725200000, 0x0000000725200000|100%| O|  |TAMS 0x0000000725000000, 0x0000000725000000| Untracked 
| 297|0x0000000725200000, 0x0000000725400000, 0x0000000725400000|100%| O|  |TAMS 0x0000000725200000, 0x0000000725200000| Untracked 
| 298|0x0000000725400000, 0x0000000725600000, 0x0000000725600000|100%| O|  |TAMS 0x0000000725400000, 0x0000000725400000| Untracked 
| 299|0x0000000725600000, 0x0000000725800000, 0x0000000725800000|100%| O|  |TAMS 0x0000000725600000, 0x0000000725600000| Untracked 
| 300|0x0000000725800000, 0x0000000725a00000, 0x0000000725a00000|100%| O|  |TAMS 0x0000000725800000, 0x0000000725800000| Untracked 
| 301|0x0000000725a00000, 0x0000000725c00000, 0x0000000725c00000|100%| O|  |TAMS 0x0000000725a00000, 0x0000000725a00000| Untracked 
| 302|0x0000000725c00000, 0x0000000725e00000, 0x0000000725e00000|100%| O|  |TAMS 0x0000000725c00000, 0x0000000725c00000| Untracked 
| 303|0x0000000725e00000, 0x0000000726000000, 0x0000000726000000|100%| O|  |TAMS 0x0000000725e00000, 0x0000000725e00000| Untracked 
| 304|0x0000000726000000, 0x0000000726200000, 0x0000000726200000|100%| O|  |TAMS 0x0000000726000000, 0x0000000726000000| Untracked 
| 305|0x0000000726200000, 0x0000000726400000, 0x0000000726400000|100%| O|  |TAMS 0x0000000726200000, 0x0000000726200000| Untracked 
| 306|0x0000000726400000, 0x0000000726600000, 0x0000000726600000|100%| O|  |TAMS 0x0000000726400000, 0x0000000726400000| Untracked 
| 307|0x0000000726600000, 0x0000000726800000, 0x0000000726800000|100%| O|  |TAMS 0x0000000726600000, 0x0000000726600000| Untracked 
| 308|0x0000000726800000, 0x0000000726a00000, 0x0000000726a00000|100%| O|  |TAMS 0x0000000726800000, 0x0000000726800000| Untracked 
| 309|0x0000000726a00000, 0x0000000726c00000, 0x0000000726c00000|100%| O|  |TAMS 0x0000000726a00000, 0x0000000726a00000| Untracked 
| 310|0x0000000726c00000, 0x0000000726e00000, 0x0000000726e00000|100%| O|  |TAMS 0x0000000726c00000, 0x0000000726c00000| Untracked 
| 311|0x0000000726e00000, 0x0000000727000000, 0x0000000727000000|100%|HS|  |TAMS 0x0000000726e00000, 0x0000000726e00000| Complete 
| 312|0x0000000727000000, 0x0000000727200000, 0x0000000727200000|100%|HC|  |TAMS 0x0000000727000000, 0x0000000727000000| Complete 
| 313|0x0000000727200000, 0x0000000727400000, 0x0000000727400000|100%|HC|  |TAMS 0x0000000727200000, 0x0000000727200000| Complete 
| 314|0x0000000727400000, 0x0000000727600000, 0x0000000727600000|100%|HC|  |TAMS 0x0000000727400000, 0x0000000727400000| Complete 
| 315|0x0000000727600000, 0x0000000727800000, 0x0000000727800000|100%|HC|  |TAMS 0x0000000727600000, 0x0000000727600000| Complete 
| 316|0x0000000727800000, 0x0000000727a00000, 0x0000000727a00000|100%|HC|  |TAMS 0x0000000727800000, 0x0000000727800000| Complete 
| 317|0x0000000727a00000, 0x0000000727c00000, 0x0000000727c00000|100%|HC|  |TAMS 0x0000000727a00000, 0x0000000727a00000| Complete 
| 318|0x0000000727c00000, 0x0000000727e00000, 0x0000000727e00000|100%| O|  |TAMS 0x0000000727c00000, 0x0000000727c00000| Untracked 
| 319|0x0000000727e00000, 0x0000000728000000, 0x0000000728000000|100%| O|  |TAMS 0x0000000727e00000, 0x0000000727e00000| Untracked 
| 320|0x0000000728000000, 0x0000000728200000, 0x0000000728200000|100%| O|  |TAMS 0x0000000728000000, 0x0000000728000000| Untracked 
| 321|0x0000000728200000, 0x0000000728400000, 0x0000000728400000|100%| O|  |TAMS 0x0000000728200000, 0x0000000728200000| Untracked 
| 322|0x0000000728400000, 0x0000000728600000, 0x0000000728600000|100%| O|  |TAMS 0x0000000728400000, 0x0000000728400000| Untracked 
| 323|0x0000000728600000, 0x0000000728800000, 0x0000000728800000|100%| O|  |TAMS 0x0000000728600000, 0x0000000728600000| Untracked 
| 324|0x0000000728800000, 0x0000000728a00000, 0x0000000728a00000|100%| O|  |TAMS 0x0000000728800000, 0x0000000728800000| Untracked 
| 325|0x0000000728a00000, 0x0000000728c00000, 0x0000000728c00000|100%| O|  |TAMS 0x0000000728a00000, 0x0000000728a00000| Untracked 
| 326|0x0000000728c00000, 0x0000000728e00000, 0x0000000728e00000|100%| O|  |TAMS 0x0000000728c00000, 0x0000000728c00000| Untracked 
| 327|0x0000000728e00000, 0x0000000729000000, 0x0000000729000000|100%| O|  |TAMS 0x0000000728e00000, 0x0000000728e00000| Untracked 
| 328|0x0000000729000000, 0x0000000729200000, 0x0000000729200000|100%| O|  |TAMS 0x0000000729000000, 0x0000000729000000| Untracked 
| 329|0x0000000729200000, 0x0000000729400000, 0x0000000729400000|100%| O|  |TAMS 0x0000000729200000, 0x0000000729200000| Untracked 
| 330|0x0000000729400000, 0x0000000729600000, 0x0000000729600000|100%| O|  |TAMS 0x0000000729400000, 0x0000000729400000| Untracked 
| 331|0x0000000729600000, 0x0000000729800000, 0x0000000729800000|100%| O|  |TAMS 0x0000000729600000, 0x0000000729600000| Untracked 
| 332|0x0000000729800000, 0x0000000729a00000, 0x0000000729a00000|100%| O|  |TAMS 0x0000000729800000, 0x0000000729800000| Untracked 
| 333|0x0000000729a00000, 0x0000000729c00000, 0x0000000729c00000|100%| O|  |TAMS 0x0000000729a00000, 0x0000000729a00000| Untracked 
| 334|0x0000000729c00000, 0x0000000729e00000, 0x0000000729e00000|100%| O|  |TAMS 0x0000000729c00000, 0x0000000729c00000| Untracked 
| 335|0x0000000729e00000, 0x000000072a000000, 0x000000072a000000|100%| O|  |TAMS 0x0000000729e00000, 0x0000000729e00000| Untracked 
| 336|0x000000072a000000, 0x000000072a200000, 0x000000072a200000|100%| O|  |TAMS 0x000000072a000000, 0x000000072a000000| Untracked 
| 337|0x000000072a200000, 0x000000072a400000, 0x000000072a400000|100%| O|  |TAMS 0x000000072a200000, 0x000000072a200000| Untracked 
| 338|0x000000072a400000, 0x000000072a600000, 0x000000072a600000|100%| O|  |TAMS 0x000000072a400000, 0x000000072a400000| Untracked 
| 339|0x000000072a600000, 0x000000072a800000, 0x000000072a800000|100%| O|  |TAMS 0x000000072a600000, 0x000000072a600000| Untracked 
| 340|0x000000072a800000, 0x000000072aa00000, 0x000000072aa00000|100%| O|  |TAMS 0x000000072a800000, 0x000000072a800000| Untracked 
| 341|0x000000072aa00000, 0x000000072ac00000, 0x000000072ac00000|100%| O|  |TAMS 0x000000072aa00000, 0x000000072aa00000| Untracked 
| 342|0x000000072ac00000, 0x000000072ae00000, 0x000000072ae00000|100%| O|  |TAMS 0x000000072ac00000, 0x000000072ac00000| Untracked 
| 343|0x000000072ae00000, 0x000000072b000000, 0x000000072b000000|100%| O|  |TAMS 0x000000072ae00000, 0x000000072ae00000| Untracked 
| 344|0x000000072b000000, 0x000000072b200000, 0x000000072b200000|100%| O|  |TAMS 0x000000072b000000, 0x000000072b000000| Untracked 
| 345|0x000000072b200000, 0x000000072b400000, 0x000000072b400000|100%| O|  |TAMS 0x000000072b200000, 0x000000072b200000| Untracked 
| 346|0x000000072b400000, 0x000000072b600000, 0x000000072b600000|100%| O|  |TAMS 0x000000072b400000, 0x000000072b400000| Untracked 
| 347|0x000000072b600000, 0x000000072b800000, 0x000000072b800000|100%| O|  |TAMS 0x000000072b600000, 0x000000072b600000| Untracked 
| 348|0x000000072b800000, 0x000000072ba00000, 0x000000072ba00000|100%| O|  |TAMS 0x000000072b800000, 0x000000072b800000| Untracked 
| 349|0x000000072ba00000, 0x000000072bc00000, 0x000000072bc00000|100%| O|  |TAMS 0x000000072ba00000, 0x000000072ba00000| Untracked 
| 350|0x000000072bc00000, 0x000000072be00000, 0x000000072be00000|100%| O|  |TAMS 0x000000072bc00000, 0x000000072bc00000| Untracked 
| 351|0x000000072be00000, 0x000000072c000000, 0x000000072c000000|100%| O|  |TAMS 0x000000072be00000, 0x000000072be00000| Untracked 
| 352|0x000000072c000000, 0x000000072c200000, 0x000000072c200000|100%| O|  |TAMS 0x000000072c000000, 0x000000072c000000| Untracked 
| 353|0x000000072c200000, 0x000000072c400000, 0x000000072c400000|100%| O|  |TAMS 0x000000072c200000, 0x000000072c200000| Untracked 
| 354|0x000000072c400000, 0x000000072c600000, 0x000000072c600000|100%| O|  |TAMS 0x000000072c400000, 0x000000072c400000| Untracked 
| 355|0x000000072c600000, 0x000000072c800000, 0x000000072c800000|100%| O|  |TAMS 0x000000072c600000, 0x000000072c600000| Untracked 
| 356|0x000000072c800000, 0x000000072ca00000, 0x000000072ca00000|100%| O|  |TAMS 0x000000072c800000, 0x000000072c800000| Untracked 
| 357|0x000000072ca00000, 0x000000072cc00000, 0x000000072cc00000|100%| O|  |TAMS 0x000000072ca00000, 0x000000072ca00000| Untracked 
| 358|0x000000072cc00000, 0x000000072ce00000, 0x000000072ce00000|100%| O|  |TAMS 0x000000072cc00000, 0x000000072cc00000| Untracked 
| 359|0x000000072ce00000, 0x000000072d000000, 0x000000072d000000|100%| O|  |TAMS 0x000000072ce00000, 0x000000072ce00000| Untracked 
| 360|0x000000072d000000, 0x000000072d200000, 0x000000072d200000|100%| O|  |TAMS 0x000000072d000000, 0x000000072d000000| Untracked 
| 361|0x000000072d200000, 0x000000072d400000, 0x000000072d400000|100%| O|  |TAMS 0x000000072d200000, 0x000000072d200000| Untracked 
| 362|0x000000072d400000, 0x000000072d600000, 0x000000072d600000|100%| O|  |TAMS 0x000000072d400000, 0x000000072d400000| Untracked 
| 363|0x000000072d600000, 0x000000072d800000, 0x000000072d800000|100%| O|  |TAMS 0x000000072d600000, 0x000000072d600000| Untracked 
| 364|0x000000072d800000, 0x000000072da00000, 0x000000072da00000|100%| O|  |TAMS 0x000000072d800000, 0x000000072d800000| Untracked 
| 365|0x000000072da00000, 0x000000072dc00000, 0x000000072dc00000|100%| O|  |TAMS 0x000000072da00000, 0x000000072da00000| Untracked 
| 366|0x000000072dc00000, 0x000000072de00000, 0x000000072de00000|100%| O|  |TAMS 0x000000072dc00000, 0x000000072dc00000| Untracked 
| 367|0x000000072de00000, 0x000000072e000000, 0x000000072e000000|100%| O|  |TAMS 0x000000072de00000, 0x000000072de00000| Untracked 
| 368|0x000000072e000000, 0x000000072e200000, 0x000000072e200000|100%| O|  |TAMS 0x000000072e000000, 0x000000072e000000| Untracked 
| 369|0x000000072e200000, 0x000000072e400000, 0x000000072e400000|100%| O|  |TAMS 0x000000072e200000, 0x000000072e200000| Untracked 
| 370|0x000000072e400000, 0x000000072e600000, 0x000000072e600000|100%| O|  |TAMS 0x000000072e400000, 0x000000072e400000| Untracked 
| 371|0x000000072e600000, 0x000000072e800000, 0x000000072e800000|100%| O|  |TAMS 0x000000072e600000, 0x000000072e600000| Untracked 
| 372|0x000000072e800000, 0x000000072ea00000, 0x000000072ea00000|100%| O|  |TAMS 0x000000072e800000, 0x000000072e800000| Untracked 
| 373|0x000000072ea00000, 0x000000072ec00000, 0x000000072ec00000|100%| O|  |TAMS 0x000000072ea00000, 0x000000072ea00000| Untracked 
| 374|0x000000072ec00000, 0x000000072ee00000, 0x000000072ee00000|100%| O|  |TAMS 0x000000072ec00000, 0x000000072ec00000| Untracked 
| 375|0x000000072ee00000, 0x000000072f000000, 0x000000072f000000|100%| O|  |TAMS 0x000000072ee00000, 0x000000072ee00000| Untracked 
| 376|0x000000072f000000, 0x000000072f200000, 0x000000072f200000|100%| O|  |TAMS 0x000000072f000000, 0x000000072f000000| Untracked 
| 377|0x000000072f200000, 0x000000072f400000, 0x000000072f400000|100%| O|  |TAMS 0x000000072f200000, 0x000000072f200000| Untracked 
| 378|0x000000072f400000, 0x000000072f600000, 0x000000072f600000|100%| O|  |TAMS 0x000000072f400000, 0x000000072f400000| Untracked 
| 379|0x000000072f600000, 0x000000072f800000, 0x000000072f800000|100%| O|  |TAMS 0x000000072f600000, 0x000000072f600000| Untracked 
| 380|0x000000072f800000, 0x000000072fa00000, 0x000000072fa00000|100%| O|  |TAMS 0x000000072f800000, 0x000000072f800000| Untracked 
| 381|0x000000072fa00000, 0x000000072fc00000, 0x000000072fc00000|100%| O|  |TAMS 0x000000072fa00000, 0x000000072fa00000| Untracked 
| 382|0x000000072fc00000, 0x000000072fe00000, 0x000000072fe00000|100%| O|  |TAMS 0x000000072fc00000, 0x000000072fc00000| Untracked 
| 383|0x000000072fe00000, 0x0000000730000000, 0x0000000730000000|100%| O|  |TAMS 0x000000072fe00000, 0x000000072fe00000| Untracked 
| 384|0x0000000730000000, 0x0000000730200000, 0x0000000730200000|100%| O|  |TAMS 0x0000000730000000, 0x0000000730000000| Untracked 
| 385|0x0000000730200000, 0x0000000730400000, 0x0000000730400000|100%| O|  |TAMS 0x0000000730200000, 0x0000000730200000| Untracked 
| 386|0x0000000730400000, 0x0000000730600000, 0x0000000730600000|100%| O|  |TAMS 0x0000000730400000, 0x0000000730400000| Untracked 
| 387|0x0000000730600000, 0x0000000730800000, 0x0000000730800000|100%| O|  |TAMS 0x0000000730600000, 0x0000000730600000| Untracked 
| 388|0x0000000730800000, 0x0000000730a00000, 0x0000000730a00000|100%| O|  |TAMS 0x0000000730800000, 0x0000000730800000| Untracked 
| 389|0x0000000730a00000, 0x0000000730c00000, 0x0000000730c00000|100%| O|  |TAMS 0x0000000730a00000, 0x0000000730a00000| Untracked 
| 390|0x0000000730c00000, 0x0000000730e00000, 0x0000000730e00000|100%| O|  |TAMS 0x0000000730c00000, 0x0000000730c00000| Untracked 
| 391|0x0000000730e00000, 0x0000000731000000, 0x0000000731000000|100%| O|  |TAMS 0x0000000730e00000, 0x0000000730e00000| Untracked 
| 392|0x0000000731000000, 0x0000000731200000, 0x0000000731200000|100%| O|  |TAMS 0x0000000731000000, 0x0000000731000000| Untracked 
| 393|0x0000000731200000, 0x0000000731400000, 0x0000000731400000|100%| O|  |TAMS 0x0000000731200000, 0x0000000731200000| Untracked 
| 394|0x0000000731400000, 0x0000000731600000, 0x0000000731600000|100%| O|  |TAMS 0x0000000731400000, 0x0000000731400000| Untracked 
| 395|0x0000000731600000, 0x0000000731800000, 0x0000000731800000|100%| O|  |TAMS 0x0000000731600000, 0x0000000731600000| Untracked 
| 396|0x0000000731800000, 0x0000000731a00000, 0x0000000731a00000|100%| O|  |TAMS 0x0000000731800000, 0x0000000731800000| Untracked 
| 397|0x0000000731a00000, 0x0000000731c00000, 0x0000000731c00000|100%| O|  |TAMS 0x0000000731a00000, 0x0000000731a00000| Untracked 
| 398|0x0000000731c00000, 0x0000000731e00000, 0x0000000731e00000|100%| O|  |TAMS 0x0000000731c00000, 0x0000000731c00000| Untracked 
| 399|0x0000000731e00000, 0x0000000732000000, 0x0000000732000000|100%| O|  |TAMS 0x0000000731e00000, 0x0000000731e00000| Untracked 
| 400|0x0000000732000000, 0x0000000732200000, 0x0000000732200000|100%| O|  |TAMS 0x0000000732000000, 0x0000000732000000| Untracked 
| 401|0x0000000732200000, 0x0000000732400000, 0x0000000732400000|100%| O|  |TAMS 0x0000000732200000, 0x0000000732200000| Untracked 
| 402|0x0000000732400000, 0x0000000732600000, 0x0000000732600000|100%| O|  |TAMS 0x0000000732400000, 0x0000000732400000| Untracked 
| 403|0x0000000732600000, 0x0000000732800000, 0x0000000732800000|100%| O|  |TAMS 0x0000000732600000, 0x0000000732600000| Untracked 
| 404|0x0000000732800000, 0x0000000732a00000, 0x0000000732a00000|100%| O|  |TAMS 0x0000000732800000, 0x0000000732800000| Untracked 
| 405|0x0000000732a00000, 0x0000000732c00000, 0x0000000732c00000|100%| O|  |TAMS 0x0000000732a00000, 0x0000000732a00000| Untracked 
| 406|0x0000000732c00000, 0x0000000732e00000, 0x0000000732e00000|100%| O|  |TAMS 0x0000000732c00000, 0x0000000732c00000| Untracked 
| 407|0x0000000732e00000, 0x0000000733000000, 0x0000000733000000|100%| O|  |TAMS 0x0000000732e00000, 0x0000000732e00000| Untracked 
| 408|0x0000000733000000, 0x0000000733200000, 0x0000000733200000|100%| O|  |TAMS 0x0000000733000000, 0x0000000733000000| Untracked 
| 409|0x0000000733200000, 0x0000000733400000, 0x0000000733400000|100%| O|  |TAMS 0x0000000733200000, 0x0000000733200000| Untracked 
| 410|0x0000000733400000, 0x0000000733600000, 0x0000000733600000|100%| O|  |TAMS 0x0000000733400000, 0x0000000733400000| Untracked 
| 411|0x0000000733600000, 0x0000000733800000, 0x0000000733800000|100%| O|  |TAMS 0x0000000733600000, 0x0000000733600000| Untracked 
| 412|0x0000000733800000, 0x0000000733a00000, 0x0000000733a00000|100%| O|  |TAMS 0x0000000733800000, 0x0000000733800000| Untracked 
| 413|0x0000000733a00000, 0x0000000733c00000, 0x0000000733c00000|100%| O|  |TAMS 0x0000000733a00000, 0x0000000733a00000| Untracked 
| 414|0x0000000733c00000, 0x0000000733e00000, 0x0000000733e00000|100%| O|  |TAMS 0x0000000733c00000, 0x0000000733c00000| Untracked 
| 415|0x0000000733e00000, 0x0000000734000000, 0x0000000734000000|100%| O|  |TAMS 0x0000000733e00000, 0x0000000733e00000| Untracked 
| 416|0x0000000734000000, 0x0000000734200000, 0x0000000734200000|100%| O|  |TAMS 0x0000000734000000, 0x0000000734000000| Untracked 
| 417|0x0000000734200000, 0x0000000734400000, 0x0000000734400000|100%| O|  |TAMS 0x0000000734200000, 0x0000000734200000| Untracked 
| 418|0x0000000734400000, 0x0000000734600000, 0x0000000734600000|100%| O|  |TAMS 0x0000000734400000, 0x0000000734400000| Untracked 
| 419|0x0000000734600000, 0x0000000734800000, 0x0000000734800000|100%| O|  |TAMS 0x0000000734600000, 0x0000000734600000| Untracked 
| 420|0x0000000734800000, 0x0000000734a00000, 0x0000000734a00000|100%| O|  |TAMS 0x0000000734800000, 0x0000000734800000| Untracked 
| 421|0x0000000734a00000, 0x0000000734c00000, 0x0000000734c00000|100%| O|  |TAMS 0x0000000734a00000, 0x0000000734a00000| Untracked 
| 422|0x0000000734c00000, 0x0000000734e00000, 0x0000000734e00000|100%| O|  |TAMS 0x0000000734c00000, 0x0000000734c00000| Untracked 
| 423|0x0000000734e00000, 0x0000000735000000, 0x0000000735000000|100%| O|  |TAMS 0x0000000734e00000, 0x0000000734e00000| Untracked 
| 424|0x0000000735000000, 0x0000000735200000, 0x0000000735200000|100%| O|  |TAMS 0x0000000735000000, 0x0000000735000000| Untracked 
| 425|0x0000000735200000, 0x0000000735400000, 0x0000000735400000|100%| O|  |TAMS 0x0000000735200000, 0x0000000735200000| Untracked 
| 426|0x0000000735400000, 0x0000000735600000, 0x0000000735600000|100%| O|  |TAMS 0x0000000735400000, 0x0000000735400000| Untracked 
| 427|0x0000000735600000, 0x0000000735800000, 0x0000000735800000|100%| O|  |TAMS 0x0000000735600000, 0x0000000735600000| Untracked 
| 428|0x0000000735800000, 0x0000000735a00000, 0x0000000735a00000|100%| O|  |TAMS 0x0000000735800000, 0x0000000735800000| Untracked 
| 429|0x0000000735a00000, 0x0000000735c00000, 0x0000000735c00000|100%| O|  |TAMS 0x0000000735a00000, 0x0000000735a00000| Untracked 
| 430|0x0000000735c00000, 0x0000000735e00000, 0x0000000735e00000|100%| O|  |TAMS 0x0000000735c00000, 0x0000000735c00000| Untracked 
| 431|0x0000000735e00000, 0x0000000736000000, 0x0000000736000000|100%| O|  |TAMS 0x0000000735e00000, 0x0000000735e00000| Untracked 
| 432|0x0000000736000000, 0x0000000736200000, 0x0000000736200000|100%| O|  |TAMS 0x0000000736000000, 0x0000000736000000| Untracked 
| 433|0x0000000736200000, 0x0000000736400000, 0x0000000736400000|100%| O|  |TAMS 0x0000000736200000, 0x0000000736200000| Untracked 
| 434|0x0000000736400000, 0x0000000736600000, 0x0000000736600000|100%| O|  |TAMS 0x0000000736400000, 0x0000000736400000| Untracked 
| 435|0x0000000736600000, 0x0000000736800000, 0x0000000736800000|100%| O|  |TAMS 0x0000000736600000, 0x0000000736600000| Untracked 
| 436|0x0000000736800000, 0x0000000736a00000, 0x0000000736a00000|100%| O|  |TAMS 0x0000000736800000, 0x0000000736800000| Untracked 
| 437|0x0000000736a00000, 0x0000000736c00000, 0x0000000736c00000|100%| O|  |TAMS 0x0000000736a00000, 0x0000000736a00000| Untracked 
| 438|0x0000000736c00000, 0x0000000736e00000, 0x0000000736e00000|100%| O|  |TAMS 0x0000000736c00000, 0x0000000736c00000| Untracked 
| 439|0x0000000736e00000, 0x0000000737000000, 0x0000000737000000|100%| O|  |TAMS 0x0000000736e00000, 0x0000000736e00000| Untracked 
| 440|0x0000000737000000, 0x0000000737200000, 0x0000000737200000|100%| O|  |TAMS 0x0000000737000000, 0x0000000737000000| Untracked 
| 441|0x0000000737200000, 0x0000000737400000, 0x0000000737400000|100%| O|  |TAMS 0x0000000737200000, 0x0000000737200000| Untracked 
| 442|0x0000000737400000, 0x0000000737600000, 0x0000000737600000|100%| O|  |TAMS 0x0000000737400000, 0x0000000737400000| Untracked 
| 443|0x0000000737600000, 0x0000000737800000, 0x0000000737800000|100%|HS|  |TAMS 0x0000000737600000, 0x0000000737600000| Complete 
| 444|0x0000000737800000, 0x0000000737a00000, 0x0000000737a00000|100%| O|  |TAMS 0x0000000737800000, 0x0000000737800000| Untracked 
| 445|0x0000000737a00000, 0x0000000737c00000, 0x0000000737c00000|100%| O|  |TAMS 0x0000000737a00000, 0x0000000737a00000| Untracked 
| 446|0x0000000737c00000, 0x0000000737e00000, 0x0000000737e00000|100%| O|  |TAMS 0x0000000737c00000, 0x0000000737c00000| Untracked 
| 447|0x0000000737e00000, 0x0000000738000000, 0x0000000738000000|100%| O|  |TAMS 0x0000000737e00000, 0x0000000737e00000| Untracked 
| 448|0x0000000738000000, 0x0000000738200000, 0x0000000738200000|100%| O|  |TAMS 0x0000000738000000, 0x0000000738000000| Untracked 
| 449|0x0000000738200000, 0x0000000738400000, 0x0000000738400000|100%| O|  |TAMS 0x0000000738200000, 0x0000000738200000| Untracked 
| 450|0x0000000738400000, 0x0000000738600000, 0x0000000738600000|100%| O|  |TAMS 0x0000000738400000, 0x0000000738400000| Untracked 
| 451|0x0000000738600000, 0x0000000738800000, 0x0000000738800000|100%| O|  |TAMS 0x0000000738600000, 0x0000000738600000| Untracked 
| 452|0x0000000738800000, 0x0000000738a00000, 0x0000000738a00000|100%| O|  |TAMS 0x0000000738800000, 0x0000000738800000| Untracked 
| 453|0x0000000738a00000, 0x0000000738c00000, 0x0000000738c00000|100%| O|  |TAMS 0x0000000738a00000, 0x0000000738a00000| Untracked 
| 454|0x0000000738c00000, 0x0000000738e00000, 0x0000000738e00000|100%| O|  |TAMS 0x0000000738c00000, 0x0000000738c00000| Untracked 
| 455|0x0000000738e00000, 0x0000000739000000, 0x0000000739000000|100%| O|  |TAMS 0x0000000738e00000, 0x0000000738e00000| Untracked 
| 456|0x0000000739000000, 0x0000000739200000, 0x0000000739200000|100%| O|  |TAMS 0x0000000739000000, 0x0000000739000000| Untracked 
| 457|0x0000000739200000, 0x0000000739400000, 0x0000000739400000|100%| O|  |TAMS 0x0000000739200000, 0x0000000739200000| Untracked 
| 458|0x0000000739400000, 0x0000000739600000, 0x0000000739600000|100%| O|  |TAMS 0x0000000739400000, 0x0000000739400000| Untracked 
| 459|0x0000000739600000, 0x0000000739800000, 0x0000000739800000|100%| O|  |TAMS 0x0000000739600000, 0x0000000739600000| Untracked 
| 460|0x0000000739800000, 0x0000000739a00000, 0x0000000739a00000|100%| O|  |TAMS 0x0000000739800000, 0x0000000739800000| Untracked 
| 461|0x0000000739a00000, 0x0000000739c00000, 0x0000000739c00000|100%| O|  |TAMS 0x0000000739a00000, 0x0000000739a00000| Untracked 
| 462|0x0000000739c00000, 0x0000000739e00000, 0x0000000739e00000|100%| O|  |TAMS 0x0000000739c00000, 0x0000000739c00000| Untracked 
| 463|0x0000000739e00000, 0x000000073a000000, 0x000000073a000000|100%| O|  |TAMS 0x0000000739e00000, 0x0000000739e00000| Untracked 
| 464|0x000000073a000000, 0x000000073a200000, 0x000000073a200000|100%| O|  |TAMS 0x000000073a000000, 0x000000073a000000| Untracked 
| 465|0x000000073a200000, 0x000000073a400000, 0x000000073a400000|100%| O|  |TAMS 0x000000073a200000, 0x000000073a200000| Untracked 
| 466|0x000000073a400000, 0x000000073a600000, 0x000000073a600000|100%| O|  |TAMS 0x000000073a400000, 0x000000073a400000| Untracked 
| 467|0x000000073a600000, 0x000000073a800000, 0x000000073a800000|100%| O|  |TAMS 0x000000073a600000, 0x000000073a600000| Untracked 
| 468|0x000000073a800000, 0x000000073aa00000, 0x000000073aa00000|100%| O|  |TAMS 0x000000073a800000, 0x000000073a800000| Untracked 
| 469|0x000000073aa00000, 0x000000073ac00000, 0x000000073ac00000|100%| O|  |TAMS 0x000000073aa00000, 0x000000073aa00000| Untracked 
| 470|0x000000073ac00000, 0x000000073ae00000, 0x000000073ae00000|100%| O|  |TAMS 0x000000073ac00000, 0x000000073ac00000| Untracked 
| 471|0x000000073ae00000, 0x000000073b000000, 0x000000073b000000|100%| O|  |TAMS 0x000000073ae00000, 0x000000073ae00000| Untracked 
| 472|0x000000073b000000, 0x000000073b200000, 0x000000073b200000|100%| O|  |TAMS 0x000000073b000000, 0x000000073b000000| Untracked 
| 473|0x000000073b200000, 0x000000073b400000, 0x000000073b400000|100%| O|  |TAMS 0x000000073b200000, 0x000000073b200000| Untracked 
| 474|0x000000073b400000, 0x000000073b600000, 0x000000073b600000|100%| O|  |TAMS 0x000000073b400000, 0x000000073b400000| Untracked 
| 475|0x000000073b600000, 0x000000073b800000, 0x000000073b800000|100%| O|  |TAMS 0x000000073b600000, 0x000000073b600000| Untracked 
| 476|0x000000073b800000, 0x000000073ba00000, 0x000000073ba00000|100%| O|  |TAMS 0x000000073b800000, 0x000000073b800000| Untracked 
| 477|0x000000073ba00000, 0x000000073bc00000, 0x000000073bc00000|100%| O|  |TAMS 0x000000073ba00000, 0x000000073ba00000| Untracked 
| 478|0x000000073bc00000, 0x000000073be00000, 0x000000073be00000|100%| O|  |TAMS 0x000000073bc00000, 0x000000073bc00000| Untracked 
| 479|0x000000073be00000, 0x000000073c000000, 0x000000073c000000|100%| O|  |TAMS 0x000000073be00000, 0x000000073be00000| Untracked 
| 480|0x000000073c000000, 0x000000073c200000, 0x000000073c200000|100%| O|  |TAMS 0x000000073c000000, 0x000000073c000000| Untracked 
| 481|0x000000073c200000, 0x000000073c400000, 0x000000073c400000|100%| O|  |TAMS 0x000000073c200000, 0x000000073c200000| Untracked 
| 482|0x000000073c400000, 0x000000073c600000, 0x000000073c600000|100%| O|  |TAMS 0x000000073c400000, 0x000000073c400000| Untracked 
| 483|0x000000073c600000, 0x000000073c800000, 0x000000073c800000|100%| O|  |TAMS 0x000000073c600000, 0x000000073c600000| Untracked 
| 484|0x000000073c800000, 0x000000073ca00000, 0x000000073ca00000|100%| O|  |TAMS 0x000000073c800000, 0x000000073c800000| Untracked 
| 485|0x000000073ca00000, 0x000000073cc00000, 0x000000073cc00000|100%| O|  |TAMS 0x000000073ca00000, 0x000000073ca00000| Untracked 
| 486|0x000000073cc00000, 0x000000073ce00000, 0x000000073ce00000|100%| O|  |TAMS 0x000000073cc00000, 0x000000073cc00000| Untracked 
| 487|0x000000073ce00000, 0x000000073d000000, 0x000000073d000000|100%| O|  |TAMS 0x000000073ce00000, 0x000000073ce00000| Untracked 
| 488|0x000000073d000000, 0x000000073d200000, 0x000000073d200000|100%| O|  |TAMS 0x000000073d000000, 0x000000073d000000| Untracked 
| 489|0x000000073d200000, 0x000000073d400000, 0x000000073d400000|100%| O|  |TAMS 0x000000073d200000, 0x000000073d200000| Untracked 
| 490|0x000000073d400000, 0x000000073d600000, 0x000000073d600000|100%| O|  |TAMS 0x000000073d400000, 0x000000073d400000| Untracked 
| 491|0x000000073d600000, 0x000000073d800000, 0x000000073d800000|100%| O|  |TAMS 0x000000073d600000, 0x000000073d600000| Untracked 
| 492|0x000000073d800000, 0x000000073da00000, 0x000000073da00000|100%| O|  |TAMS 0x000000073d800000, 0x000000073d800000| Untracked 
| 493|0x000000073da00000, 0x000000073dc00000, 0x000000073dc00000|100%| O|  |TAMS 0x000000073da00000, 0x000000073da00000| Untracked 
| 494|0x000000073dc00000, 0x000000073de00000, 0x000000073de00000|100%| O|  |TAMS 0x000000073dc00000, 0x000000073dc00000| Untracked 
| 495|0x000000073de00000, 0x000000073e000000, 0x000000073e000000|100%| O|  |TAMS 0x000000073de00000, 0x000000073de00000| Untracked 
| 496|0x000000073e000000, 0x000000073e200000, 0x000000073e200000|100%| O|  |TAMS 0x000000073e000000, 0x000000073e000000| Untracked 
| 497|0x000000073e200000, 0x000000073e400000, 0x000000073e400000|100%| O|  |TAMS 0x000000073e200000, 0x000000073e200000| Untracked 
| 498|0x000000073e400000, 0x000000073e600000, 0x000000073e600000|100%| O|  |TAMS 0x000000073e400000, 0x000000073e400000| Untracked 
| 499|0x000000073e600000, 0x000000073e800000, 0x000000073e800000|100%| O|  |TAMS 0x000000073e600000, 0x000000073e600000| Untracked 
| 500|0x000000073e800000, 0x000000073ea00000, 0x000000073ea00000|100%| O|  |TAMS 0x000000073e800000, 0x000000073e800000| Untracked 
| 501|0x000000073ea00000, 0x000000073ec00000, 0x000000073ec00000|100%| O|  |TAMS 0x000000073ea00000, 0x000000073ea00000| Untracked 
| 502|0x000000073ec00000, 0x000000073ee00000, 0x000000073ee00000|100%| O|  |TAMS 0x000000073ec00000, 0x000000073ec00000| Untracked 
| 503|0x000000073ee00000, 0x000000073f000000, 0x000000073f000000|100%| O|  |TAMS 0x000000073ee00000, 0x000000073ee00000| Untracked 
| 504|0x000000073f000000, 0x000000073f200000, 0x000000073f200000|100%| O|  |TAMS 0x000000073f000000, 0x000000073f000000| Untracked 
| 505|0x000000073f200000, 0x000000073f400000, 0x000000073f400000|100%| O|  |TAMS 0x000000073f200000, 0x000000073f200000| Untracked 
| 506|0x000000073f400000, 0x000000073f600000, 0x000000073f600000|100%| O|  |TAMS 0x000000073f400000, 0x000000073f400000| Untracked 
| 507|0x000000073f600000, 0x000000073f800000, 0x000000073f800000|100%| O|  |TAMS 0x000000073f600000, 0x000000073f600000| Untracked 
| 508|0x000000073f800000, 0x000000073fa00000, 0x000000073fa00000|100%| O|  |TAMS 0x000000073f800000, 0x000000073f800000| Untracked 
| 509|0x000000073fa00000, 0x000000073fc00000, 0x000000073fc00000|100%| O|  |TAMS 0x000000073fa00000, 0x000000073fa00000| Untracked 
| 510|0x000000073fc00000, 0x000000073fe00000, 0x000000073fe00000|100%| O|  |TAMS 0x000000073fc00000, 0x000000073fc00000| Untracked 
| 511|0x000000073fe00000, 0x0000000740000000, 0x0000000740000000|100%| O|  |TAMS 0x000000073fe00000, 0x000000073fe00000| Untracked 
| 512|0x0000000740000000, 0x0000000740200000, 0x0000000740200000|100%| O|  |TAMS 0x0000000740000000, 0x0000000740000000| Untracked 
| 513|0x0000000740200000, 0x0000000740400000, 0x0000000740400000|100%| O|  |TAMS 0x0000000740200000, 0x0000000740200000| Untracked 
| 514|0x0000000740400000, 0x0000000740600000, 0x0000000740600000|100%| O|  |TAMS 0x0000000740400000, 0x0000000740400000| Untracked 
| 515|0x0000000740600000, 0x0000000740800000, 0x0000000740800000|100%| O|  |TAMS 0x0000000740600000, 0x0000000740600000| Untracked 
| 516|0x0000000740800000, 0x0000000740a00000, 0x0000000740a00000|100%| O|  |TAMS 0x0000000740800000, 0x0000000740800000| Untracked 
| 517|0x0000000740a00000, 0x0000000740c00000, 0x0000000740c00000|100%| O|  |TAMS 0x0000000740a00000, 0x0000000740a00000| Untracked 
| 518|0x0000000740c00000, 0x0000000740e00000, 0x0000000740e00000|100%| O|  |TAMS 0x0000000740c00000, 0x0000000740c00000| Untracked 
| 519|0x0000000740e00000, 0x0000000741000000, 0x0000000741000000|100%| O|  |TAMS 0x0000000740e00000, 0x0000000740e00000| Untracked 
| 520|0x0000000741000000, 0x0000000741200000, 0x0000000741200000|100%| O|  |TAMS 0x0000000741000000, 0x0000000741000000| Untracked 
| 521|0x0000000741200000, 0x0000000741400000, 0x0000000741400000|100%| O|  |TAMS 0x0000000741200000, 0x0000000741200000| Untracked 
| 522|0x0000000741400000, 0x0000000741600000, 0x0000000741600000|100%| O|  |TAMS 0x0000000741400000, 0x0000000741400000| Untracked 
| 523|0x0000000741600000, 0x0000000741800000, 0x0000000741800000|100%| O|  |TAMS 0x0000000741600000, 0x0000000741600000| Untracked 
| 524|0x0000000741800000, 0x0000000741a00000, 0x0000000741a00000|100%| O|  |TAMS 0x0000000741800000, 0x0000000741800000| Untracked 
| 525|0x0000000741a00000, 0x0000000741c00000, 0x0000000741c00000|100%| O|  |TAMS 0x0000000741a00000, 0x0000000741a00000| Untracked 
| 526|0x0000000741c00000, 0x0000000741e00000, 0x0000000741e00000|100%| O|  |TAMS 0x0000000741c00000, 0x0000000741c00000| Untracked 
| 527|0x0000000741e00000, 0x0000000742000000, 0x0000000742000000|100%| O|  |TAMS 0x0000000741e00000, 0x0000000741e00000| Untracked 
| 528|0x0000000742000000, 0x0000000742200000, 0x0000000742200000|100%| O|  |TAMS 0x0000000742000000, 0x0000000742000000| Untracked 
| 529|0x0000000742200000, 0x0000000742400000, 0x0000000742400000|100%| O|  |TAMS 0x0000000742200000, 0x0000000742200000| Untracked 
| 530|0x0000000742400000, 0x0000000742600000, 0x0000000742600000|100%| O|  |TAMS 0x0000000742400000, 0x0000000742400000| Untracked 
| 531|0x0000000742600000, 0x0000000742800000, 0x0000000742800000|100%| O|  |TAMS 0x0000000742600000, 0x0000000742600000| Untracked 
| 532|0x0000000742800000, 0x0000000742a00000, 0x0000000742a00000|100%| O|  |TAMS 0x0000000742800000, 0x0000000742800000| Untracked 
| 533|0x0000000742a00000, 0x0000000742c00000, 0x0000000742c00000|100%| O|  |TAMS 0x0000000742a00000, 0x0000000742a00000| Untracked 
| 534|0x0000000742c00000, 0x0000000742e00000, 0x0000000742e00000|100%| O|  |TAMS 0x0000000742c00000, 0x0000000742c00000| Untracked 
| 535|0x0000000742e00000, 0x0000000743000000, 0x0000000743000000|100%| O|  |TAMS 0x0000000742e00000, 0x0000000742e00000| Untracked 
| 536|0x0000000743000000, 0x0000000743200000, 0x0000000743200000|100%| O|  |TAMS 0x0000000743000000, 0x0000000743000000| Untracked 
| 537|0x0000000743200000, 0x0000000743400000, 0x0000000743400000|100%| O|  |TAMS 0x0000000743200000, 0x0000000743200000| Untracked 
| 538|0x0000000743400000, 0x0000000743600000, 0x0000000743600000|100%| O|  |TAMS 0x0000000743400000, 0x0000000743400000| Untracked 
| 539|0x0000000743600000, 0x0000000743800000, 0x0000000743800000|100%| O|  |TAMS 0x0000000743600000, 0x0000000743600000| Untracked 
| 540|0x0000000743800000, 0x0000000743a00000, 0x0000000743a00000|100%| O|  |TAMS 0x0000000743800000, 0x0000000743800000| Untracked 
| 541|0x0000000743a00000, 0x0000000743c00000, 0x0000000743c00000|100%| O|  |TAMS 0x0000000743a00000, 0x0000000743a00000| Untracked 
| 542|0x0000000743c00000, 0x0000000743e00000, 0x0000000743e00000|100%| O|  |TAMS 0x0000000743c00000, 0x0000000743c00000| Untracked 
| 543|0x0000000743e00000, 0x0000000744000000, 0x0000000744000000|100%| O|  |TAMS 0x0000000743e00000, 0x0000000743e00000| Untracked 
| 544|0x0000000744000000, 0x0000000744200000, 0x0000000744200000|100%| O|  |TAMS 0x0000000744000000, 0x0000000744000000| Untracked 
| 545|0x0000000744200000, 0x0000000744400000, 0x0000000744400000|100%| O|  |TAMS 0x0000000744200000, 0x0000000744200000| Untracked 
| 546|0x0000000744400000, 0x0000000744600000, 0x0000000744600000|100%| O|  |TAMS 0x0000000744400000, 0x0000000744400000| Untracked 
| 547|0x0000000744600000, 0x0000000744800000, 0x0000000744800000|100%| O|  |TAMS 0x0000000744600000, 0x0000000744600000| Untracked 
| 548|0x0000000744800000, 0x0000000744a00000, 0x0000000744a00000|100%| O|  |TAMS 0x0000000744800000, 0x0000000744800000| Untracked 
| 549|0x0000000744a00000, 0x0000000744c00000, 0x0000000744c00000|100%| O|  |TAMS 0x0000000744a00000, 0x0000000744a00000| Untracked 
| 550|0x0000000744c00000, 0x0000000744e00000, 0x0000000744e00000|100%| O|  |TAMS 0x0000000744c00000, 0x0000000744c00000| Untracked 
| 551|0x0000000744e00000, 0x0000000745000000, 0x0000000745000000|100%|HS|  |TAMS 0x0000000744e00000, 0x0000000744e00000| Complete 
| 552|0x0000000745000000, 0x0000000745200000, 0x0000000745200000|100%|HC|  |TAMS 0x0000000745000000, 0x0000000745000000| Complete 
| 553|0x0000000745200000, 0x0000000745400000, 0x0000000745400000|100%|HC|  |TAMS 0x0000000745200000, 0x0000000745200000| Complete 
| 554|0x0000000745400000, 0x0000000745600000, 0x0000000745600000|100%|HC|  |TAMS 0x0000000745400000, 0x0000000745400000| Complete 
| 555|0x0000000745600000, 0x0000000745800000, 0x0000000745800000|100%|HC|  |TAMS 0x0000000745600000, 0x0000000745600000| Complete 
| 556|0x0000000745800000, 0x0000000745a00000, 0x0000000745a00000|100%|HC|  |TAMS 0x0000000745800000, 0x0000000745800000| Complete 
| 557|0x0000000745a00000, 0x0000000745c00000, 0x0000000745c00000|100%|HC|  |TAMS 0x0000000745a00000, 0x0000000745a00000| Complete 
| 558|0x0000000745c00000, 0x0000000745e00000, 0x0000000745e00000|100%|HS|  |TAMS 0x0000000745c00000, 0x0000000745c00000| Complete 
| 559|0x0000000745e00000, 0x0000000746000000, 0x0000000746000000|100%| O|  |TAMS 0x0000000745e00000, 0x0000000745e00000| Untracked 
| 560|0x0000000746000000, 0x0000000746200000, 0x0000000746200000|100%| O|  |TAMS 0x0000000746000000, 0x0000000746000000| Untracked 
| 561|0x0000000746200000, 0x0000000746400000, 0x0000000746400000|100%| O|  |TAMS 0x0000000746200000, 0x0000000746200000| Untracked 
| 562|0x0000000746400000, 0x0000000746600000, 0x0000000746600000|100%| O|  |TAMS 0x0000000746400000, 0x0000000746400000| Untracked 
| 563|0x0000000746600000, 0x0000000746800000, 0x0000000746800000|100%| O|  |TAMS 0x0000000746600000, 0x0000000746600000| Untracked 
| 564|0x0000000746800000, 0x0000000746a00000, 0x0000000746a00000|100%| O|  |TAMS 0x0000000746800000, 0x0000000746800000| Untracked 
| 565|0x0000000746a00000, 0x0000000746c00000, 0x0000000746c00000|100%| O|  |TAMS 0x0000000746a00000, 0x0000000746a00000| Untracked 
| 566|0x0000000746c00000, 0x0000000746e00000, 0x0000000746e00000|100%| O|  |TAMS 0x0000000746c00000, 0x0000000746c00000| Untracked 
| 567|0x0000000746e00000, 0x0000000747000000, 0x0000000747000000|100%| O|  |TAMS 0x0000000746e00000, 0x0000000746e00000| Untracked 
| 568|0x0000000747000000, 0x0000000747200000, 0x0000000747200000|100%| O|  |TAMS 0x0000000747000000, 0x0000000747000000| Untracked 
| 569|0x0000000747200000, 0x0000000747400000, 0x0000000747400000|100%| O|  |TAMS 0x0000000747200000, 0x0000000747200000| Untracked 
| 570|0x0000000747400000, 0x0000000747600000, 0x0000000747600000|100%| O|  |TAMS 0x0000000747400000, 0x0000000747400000| Untracked 
| 571|0x0000000747600000, 0x0000000747800000, 0x0000000747800000|100%| O|  |TAMS 0x0000000747600000, 0x0000000747600000| Untracked 
| 572|0x0000000747800000, 0x0000000747a00000, 0x0000000747a00000|100%| O|  |TAMS 0x0000000747800000, 0x0000000747800000| Untracked 
| 573|0x0000000747a00000, 0x0000000747c00000, 0x0000000747c00000|100%| O|  |TAMS 0x0000000747a00000, 0x0000000747a00000| Untracked 
| 574|0x0000000747c00000, 0x0000000747e00000, 0x0000000747e00000|100%| O|  |TAMS 0x0000000747c00000, 0x0000000747c00000| Untracked 
| 575|0x0000000747e00000, 0x0000000748000000, 0x0000000748000000|100%| O|  |TAMS 0x0000000747e00000, 0x0000000747e00000| Untracked 
| 576|0x0000000748000000, 0x0000000748200000, 0x0000000748200000|100%| O|  |TAMS 0x0000000748000000, 0x0000000748000000| Untracked 
| 577|0x0000000748200000, 0x0000000748400000, 0x0000000748400000|100%| O|  |TAMS 0x0000000748200000, 0x0000000748200000| Untracked 
| 578|0x0000000748400000, 0x0000000748600000, 0x0000000748600000|100%| O|  |TAMS 0x0000000748400000, 0x0000000748400000| Untracked 
| 579|0x0000000748600000, 0x0000000748800000, 0x0000000748800000|100%| O|  |TAMS 0x0000000748600000, 0x0000000748600000| Untracked 
| 580|0x0000000748800000, 0x0000000748a00000, 0x0000000748a00000|100%| O|  |TAMS 0x0000000748800000, 0x0000000748800000| Untracked 
| 581|0x0000000748a00000, 0x0000000748c00000, 0x0000000748c00000|100%| O|  |TAMS 0x0000000748a00000, 0x0000000748a00000| Untracked 
| 582|0x0000000748c00000, 0x0000000748e00000, 0x0000000748e00000|100%| O|  |TAMS 0x0000000748c00000, 0x0000000748c00000| Untracked 
| 583|0x0000000748e00000, 0x0000000749000000, 0x0000000749000000|100%| O|  |TAMS 0x0000000748e00000, 0x0000000748e00000| Untracked 
| 584|0x0000000749000000, 0x0000000749200000, 0x0000000749200000|100%| O|  |TAMS 0x0000000749000000, 0x0000000749000000| Untracked 
| 585|0x0000000749200000, 0x0000000749400000, 0x0000000749400000|100%| O|  |TAMS 0x0000000749200000, 0x0000000749200000| Untracked 
| 586|0x0000000749400000, 0x0000000749600000, 0x0000000749600000|100%| O|  |TAMS 0x0000000749400000, 0x0000000749400000| Untracked 
| 587|0x0000000749600000, 0x0000000749800000, 0x0000000749800000|100%| O|  |TAMS 0x0000000749600000, 0x0000000749600000| Untracked 
| 588|0x0000000749800000, 0x0000000749a00000, 0x0000000749a00000|100%| O|  |TAMS 0x0000000749800000, 0x0000000749800000| Untracked 
| 589|0x0000000749a00000, 0x0000000749c00000, 0x0000000749c00000|100%| O|  |TAMS 0x0000000749a00000, 0x0000000749a00000| Untracked 
| 590|0x0000000749c00000, 0x0000000749e00000, 0x0000000749e00000|100%| O|  |TAMS 0x0000000749c00000, 0x0000000749c00000| Untracked 
| 591|0x0000000749e00000, 0x000000074a000000, 0x000000074a000000|100%| O|  |TAMS 0x0000000749e00000, 0x0000000749e00000| Untracked 
| 592|0x000000074a000000, 0x000000074a200000, 0x000000074a200000|100%|HS|  |TAMS 0x000000074a000000, 0x000000074a000000| Complete 
| 593|0x000000074a200000, 0x000000074a400000, 0x000000074a400000|100%|HS|  |TAMS 0x000000074a200000, 0x000000074a200000| Complete 
| 594|0x000000074a400000, 0x000000074a600000, 0x000000074a600000|100%| O|  |TAMS 0x000000074a400000, 0x000000074a400000| Untracked 
| 595|0x000000074a600000, 0x000000074a800000, 0x000000074a800000|100%| O|  |TAMS 0x000000074a600000, 0x000000074a600000| Untracked 
| 596|0x000000074a800000, 0x000000074aa00000, 0x000000074aa00000|100%| O|  |TAMS 0x000000074a800000, 0x000000074a800000| Untracked 
| 597|0x000000074aa00000, 0x000000074ac00000, 0x000000074ac00000|100%| O|  |TAMS 0x000000074aa00000, 0x000000074aa00000| Untracked 
| 598|0x000000074ac00000, 0x000000074ae00000, 0x000000074ae00000|100%| O|  |TAMS 0x000000074ac00000, 0x000000074ac00000| Untracked 
| 599|0x000000074ae00000, 0x000000074b000000, 0x000000074b000000|100%| O|  |TAMS 0x000000074ae00000, 0x000000074ae00000| Untracked 
| 600|0x000000074b000000, 0x000000074b200000, 0x000000074b200000|100%| O|  |TAMS 0x000000074b000000, 0x000000074b000000| Untracked 
| 601|0x000000074b200000, 0x000000074b400000, 0x000000074b400000|100%| O|  |TAMS 0x000000074b200000, 0x000000074b200000| Untracked 
| 602|0x000000074b400000, 0x000000074b600000, 0x000000074b600000|100%| O|  |TAMS 0x000000074b400000, 0x000000074b400000| Untracked 
| 603|0x000000074b600000, 0x000000074b800000, 0x000000074b800000|100%| O|  |TAMS 0x000000074b600000, 0x000000074b600000| Untracked 
| 604|0x000000074b800000, 0x000000074ba00000, 0x000000074ba00000|100%| O|  |TAMS 0x000000074b800000, 0x000000074b800000| Untracked 
| 605|0x000000074ba00000, 0x000000074bc00000, 0x000000074bc00000|100%| O|  |TAMS 0x000000074ba00000, 0x000000074ba00000| Untracked 
| 606|0x000000074bc00000, 0x000000074be00000, 0x000000074be00000|100%| O|  |TAMS 0x000000074bc00000, 0x000000074bc00000| Untracked 
| 607|0x000000074be00000, 0x000000074c000000, 0x000000074c000000|100%| O|  |TAMS 0x000000074be00000, 0x000000074be00000| Untracked 
| 608|0x000000074c000000, 0x000000074c200000, 0x000000074c200000|100%| O|  |TAMS 0x000000074c000000, 0x000000074c000000| Untracked 
| 609|0x000000074c200000, 0x000000074c400000, 0x000000074c400000|100%| O|  |TAMS 0x000000074c200000, 0x000000074c200000| Untracked 
| 610|0x000000074c400000, 0x000000074c600000, 0x000000074c600000|100%| O|  |TAMS 0x000000074c400000, 0x000000074c400000| Untracked 
| 611|0x000000074c600000, 0x000000074c800000, 0x000000074c800000|100%| O|  |TAMS 0x000000074c600000, 0x000000074c600000| Untracked 
| 612|0x000000074c800000, 0x000000074ca00000, 0x000000074ca00000|100%| O|  |TAMS 0x000000074c800000, 0x000000074c800000| Untracked 
| 613|0x000000074ca00000, 0x000000074cc00000, 0x000000074cc00000|100%|HS|  |TAMS 0x000000074ca00000, 0x000000074ca00000| Complete 
| 614|0x000000074cc00000, 0x000000074ce00000, 0x000000074ce00000|100%| O|  |TAMS 0x000000074cc00000, 0x000000074cc00000| Untracked 
| 615|0x000000074ce00000, 0x000000074d000000, 0x000000074d000000|100%| O|  |TAMS 0x000000074ce00000, 0x000000074ce00000| Untracked 
| 616|0x000000074d000000, 0x000000074d200000, 0x000000074d200000|100%| O|  |TAMS 0x000000074d000000, 0x000000074d000000| Untracked 
| 617|0x000000074d200000, 0x000000074d400000, 0x000000074d400000|100%| O|  |TAMS 0x000000074d200000, 0x000000074d200000| Untracked 
| 618|0x000000074d400000, 0x000000074d600000, 0x000000074d600000|100%| O|  |TAMS 0x000000074d400000, 0x000000074d400000| Untracked 
| 619|0x000000074d600000, 0x000000074d800000, 0x000000074d800000|100%| O|  |TAMS 0x000000074d600000, 0x000000074d600000| Untracked 
| 620|0x000000074d800000, 0x000000074da00000, 0x000000074da00000|100%| O|  |TAMS 0x000000074d800000, 0x000000074d800000| Untracked 
| 621|0x000000074da00000, 0x000000074dc00000, 0x000000074dc00000|100%| O|  |TAMS 0x000000074da00000, 0x000000074da00000| Untracked 
| 622|0x000000074dc00000, 0x000000074de00000, 0x000000074de00000|100%| O|  |TAMS 0x000000074dc00000, 0x000000074dc00000| Untracked 
| 623|0x000000074de00000, 0x000000074e000000, 0x000000074e000000|100%| O|  |TAMS 0x000000074de00000, 0x000000074de00000| Untracked 
| 624|0x000000074e000000, 0x000000074e200000, 0x000000074e200000|100%| O|  |TAMS 0x000000074e000000, 0x000000074e000000| Untracked 
| 625|0x000000074e200000, 0x000000074e400000, 0x000000074e400000|100%| O|  |TAMS 0x000000074e200000, 0x000000074e200000| Untracked 
| 626|0x000000074e400000, 0x000000074e600000, 0x000000074e600000|100%| O|  |TAMS 0x000000074e400000, 0x000000074e400000| Untracked 
| 627|0x000000074e600000, 0x000000074e800000, 0x000000074e800000|100%| O|  |TAMS 0x000000074e600000, 0x000000074e600000| Untracked 
| 628|0x000000074e800000, 0x000000074ea00000, 0x000000074ea00000|100%| O|  |TAMS 0x000000074e800000, 0x000000074e800000| Untracked 
| 629|0x000000074ea00000, 0x000000074ec00000, 0x000000074ec00000|100%| O|  |TAMS 0x000000074ea00000, 0x000000074ea00000| Untracked 
| 630|0x000000074ec00000, 0x000000074ee00000, 0x000000074ee00000|100%| O|  |TAMS 0x000000074ec00000, 0x000000074ec00000| Untracked 
| 631|0x000000074ee00000, 0x000000074f000000, 0x000000074f000000|100%| O|  |TAMS 0x000000074ee00000, 0x000000074ee00000| Untracked 
| 632|0x000000074f000000, 0x000000074f200000, 0x000000074f200000|100%| O|  |TAMS 0x000000074f000000, 0x000000074f000000| Untracked 
| 633|0x000000074f200000, 0x000000074f400000, 0x000000074f400000|100%| O|  |TAMS 0x000000074f200000, 0x000000074f200000| Untracked 
| 634|0x000000074f400000, 0x000000074f600000, 0x000000074f600000|100%| O|  |TAMS 0x000000074f400000, 0x000000074f400000| Untracked 
| 635|0x000000074f600000, 0x000000074f800000, 0x000000074f800000|100%| O|  |TAMS 0x000000074f600000, 0x000000074f600000| Untracked 
| 636|0x000000074f800000, 0x000000074fa00000, 0x000000074fa00000|100%| O|  |TAMS 0x000000074f800000, 0x000000074f800000| Untracked 
| 637|0x000000074fa00000, 0x000000074fc00000, 0x000000074fc00000|100%| O|  |TAMS 0x000000074fa00000, 0x000000074fa00000| Untracked 
| 638|0x000000074fc00000, 0x000000074fe00000, 0x000000074fe00000|100%| O|  |TAMS 0x000000074fc00000, 0x000000074fc00000| Untracked 
| 639|0x000000074fe00000, 0x0000000750000000, 0x0000000750000000|100%| O|  |TAMS 0x000000074fe00000, 0x000000074fe00000| Untracked 
| 640|0x0000000750000000, 0x0000000750200000, 0x0000000750200000|100%| O|  |TAMS 0x0000000750000000, 0x0000000750000000| Untracked 
| 641|0x0000000750200000, 0x0000000750400000, 0x0000000750400000|100%| O|  |TAMS 0x0000000750200000, 0x0000000750200000| Untracked 
| 642|0x0000000750400000, 0x0000000750600000, 0x0000000750600000|100%| O|  |TAMS 0x0000000750400000, 0x0000000750400000| Untracked 
| 643|0x0000000750600000, 0x0000000750800000, 0x0000000750800000|100%| O|  |TAMS 0x0000000750600000, 0x0000000750600000| Untracked 
| 644|0x0000000750800000, 0x0000000750a00000, 0x0000000750a00000|100%| O|  |TAMS 0x0000000750800000, 0x0000000750800000| Untracked 
| 645|0x0000000750a00000, 0x0000000750c00000, 0x0000000750c00000|100%| O|  |TAMS 0x0000000750a00000, 0x0000000750a00000| Untracked 
| 646|0x0000000750c00000, 0x0000000750e00000, 0x0000000750e00000|100%| O|  |TAMS 0x0000000750c00000, 0x0000000750c00000| Untracked 
| 647|0x0000000750e00000, 0x0000000751000000, 0x0000000751000000|100%| O|  |TAMS 0x0000000750e00000, 0x0000000750e00000| Untracked 
| 648|0x0000000751000000, 0x0000000751200000, 0x0000000751200000|100%| O|  |TAMS 0x0000000751000000, 0x0000000751000000| Untracked 
| 649|0x0000000751200000, 0x0000000751400000, 0x0000000751400000|100%| O|  |TAMS 0x0000000751200000, 0x0000000751200000| Untracked 
| 650|0x0000000751400000, 0x0000000751600000, 0x0000000751600000|100%| O|  |TAMS 0x0000000751400000, 0x0000000751400000| Untracked 
| 651|0x0000000751600000, 0x0000000751800000, 0x0000000751800000|100%| O|  |TAMS 0x0000000751600000, 0x0000000751600000| Untracked 
| 652|0x0000000751800000, 0x0000000751a00000, 0x0000000751a00000|100%| O|  |TAMS 0x0000000751800000, 0x0000000751800000| Untracked 
| 653|0x0000000751a00000, 0x0000000751c00000, 0x0000000751c00000|100%| O|  |TAMS 0x0000000751a00000, 0x0000000751a00000| Untracked 
| 654|0x0000000751c00000, 0x0000000751e00000, 0x0000000751e00000|100%| O|  |TAMS 0x0000000751c00000, 0x0000000751c00000| Untracked 
| 655|0x0000000751e00000, 0x0000000752000000, 0x0000000752000000|100%| O|  |TAMS 0x0000000751e00000, 0x0000000751e00000| Untracked 
| 656|0x0000000752000000, 0x0000000752200000, 0x0000000752200000|100%| O|  |TAMS 0x0000000752000000, 0x0000000752000000| Untracked 
| 657|0x0000000752200000, 0x0000000752400000, 0x0000000752400000|100%| O|  |TAMS 0x0000000752200000, 0x0000000752200000| Untracked 
| 658|0x0000000752400000, 0x0000000752600000, 0x0000000752600000|100%| O|  |TAMS 0x0000000752400000, 0x0000000752400000| Untracked 
| 659|0x0000000752600000, 0x0000000752800000, 0x0000000752800000|100%| O|  |TAMS 0x0000000752600000, 0x0000000752600000| Untracked 
| 660|0x0000000752800000, 0x0000000752a00000, 0x0000000752a00000|100%| O|  |TAMS 0x0000000752800000, 0x0000000752800000| Untracked 
| 661|0x0000000752a00000, 0x0000000752c00000, 0x0000000752c00000|100%| O|  |TAMS 0x0000000752a00000, 0x0000000752a00000| Untracked 
| 662|0x0000000752c00000, 0x0000000752e00000, 0x0000000752e00000|100%| O|  |TAMS 0x0000000752c00000, 0x0000000752c00000| Untracked 
| 663|0x0000000752e00000, 0x0000000753000000, 0x0000000753000000|100%| O|  |TAMS 0x0000000752e00000, 0x0000000752e00000| Untracked 
| 664|0x0000000753000000, 0x0000000753200000, 0x0000000753200000|100%| O|  |TAMS 0x0000000753000000, 0x0000000753000000| Untracked 
| 665|0x0000000753200000, 0x0000000753400000, 0x0000000753400000|100%| O|  |TAMS 0x0000000753200000, 0x0000000753200000| Untracked 
| 666|0x0000000753400000, 0x0000000753600000, 0x0000000753600000|100%| O|  |TAMS 0x0000000753400000, 0x0000000753400000| Untracked 
| 667|0x0000000753600000, 0x0000000753800000, 0x0000000753800000|100%| O|  |TAMS 0x0000000753600000, 0x0000000753600000| Untracked 
| 668|0x0000000753800000, 0x0000000753a00000, 0x0000000753a00000|100%| O|  |TAMS 0x0000000753800000, 0x0000000753800000| Untracked 
| 669|0x0000000753a00000, 0x0000000753c00000, 0x0000000753c00000|100%| O|  |TAMS 0x0000000753a00000, 0x0000000753a00000| Untracked 
| 670|0x0000000753c00000, 0x0000000753e00000, 0x0000000753e00000|100%| O|  |TAMS 0x0000000753c00000, 0x0000000753c00000| Untracked 
| 671|0x0000000753e00000, 0x0000000754000000, 0x0000000754000000|100%| O|  |TAMS 0x0000000753e00000, 0x0000000753e00000| Untracked 
| 672|0x0000000754000000, 0x0000000754200000, 0x0000000754200000|100%| O|  |TAMS 0x0000000754000000, 0x0000000754000000| Untracked 
| 673|0x0000000754200000, 0x0000000754400000, 0x0000000754400000|100%| O|  |TAMS 0x0000000754200000, 0x0000000754200000| Untracked 
| 674|0x0000000754400000, 0x0000000754600000, 0x0000000754600000|100%| O|  |TAMS 0x0000000754400000, 0x0000000754400000| Untracked 
| 675|0x0000000754600000, 0x0000000754800000, 0x0000000754800000|100%| O|  |TAMS 0x0000000754600000, 0x0000000754600000| Untracked 
| 676|0x0000000754800000, 0x0000000754a00000, 0x0000000754a00000|100%| O|  |TAMS 0x0000000754800000, 0x0000000754800000| Untracked 
| 677|0x0000000754a00000, 0x0000000754c00000, 0x0000000754c00000|100%| O|  |TAMS 0x0000000754a00000, 0x0000000754a00000| Untracked 
| 678|0x0000000754c00000, 0x0000000754c8fe00, 0x0000000754e00000| 28%| O|  |TAMS 0x0000000754c00000, 0x0000000754c00000| Untracked 
| 679|0x0000000754e00000, 0x0000000754e00000, 0x0000000755000000|  0%| F|  |TAMS 0x0000000754e00000, 0x0000000754e00000| Untracked 
| 680|0x0000000755000000, 0x0000000755000000, 0x0000000755200000|  0%| F|  |TAMS 0x0000000755000000, 0x0000000755000000| Untracked 
| 681|0x0000000755200000, 0x0000000755200000, 0x0000000755400000|  0%| F|  |TAMS 0x0000000755200000, 0x0000000755200000| Untracked 
| 682|0x0000000755400000, 0x0000000755400000, 0x0000000755600000|  0%| F|  |TAMS 0x0000000755400000, 0x0000000755400000| Untracked 
| 683|0x0000000755600000, 0x0000000755600000, 0x0000000755800000|  0%| F|  |TAMS 0x0000000755600000, 0x0000000755600000| Untracked 
| 684|0x0000000755800000, 0x0000000755800000, 0x0000000755a00000|  0%| F|  |TAMS 0x0000000755800000, 0x0000000755800000| Untracked 
| 685|0x0000000755a00000, 0x0000000755a00000, 0x0000000755c00000|  0%| F|  |TAMS 0x0000000755a00000, 0x0000000755a00000| Untracked 
| 686|0x0000000755c00000, 0x0000000755c00000, 0x0000000755e00000|  0%| F|  |TAMS 0x0000000755c00000, 0x0000000755c00000| Untracked 
| 687|0x0000000755e00000, 0x0000000755e00000, 0x0000000756000000|  0%| F|  |TAMS 0x0000000755e00000, 0x0000000755e00000| Untracked 
| 688|0x0000000756000000, 0x0000000756000000, 0x0000000756200000|  0%| F|  |TAMS 0x0000000756000000, 0x0000000756000000| Untracked 
| 689|0x0000000756200000, 0x0000000756200000, 0x0000000756400000|  0%| F|  |TAMS 0x0000000756200000, 0x0000000756200000| Untracked 
| 690|0x0000000756400000, 0x0000000756400000, 0x0000000756600000|  0%| F|  |TAMS 0x0000000756400000, 0x0000000756400000| Untracked 
| 691|0x0000000756600000, 0x0000000756600000, 0x0000000756800000|  0%| F|  |TAMS 0x0000000756600000, 0x0000000756600000| Untracked 
| 692|0x0000000756800000, 0x0000000756800000, 0x0000000756a00000|  0%| F|  |TAMS 0x0000000756800000, 0x0000000756800000| Untracked 
| 693|0x0000000756a00000, 0x0000000756a00000, 0x0000000756c00000|  0%| F|  |TAMS 0x0000000756a00000, 0x0000000756a00000| Untracked 
| 694|0x0000000756c00000, 0x0000000756c00000, 0x0000000756e00000|  0%| F|  |TAMS 0x0000000756c00000, 0x0000000756c00000| Untracked 
| 695|0x0000000756e00000, 0x0000000756e00000, 0x0000000757000000|  0%| F|  |TAMS 0x0000000756e00000, 0x0000000756e00000| Untracked 
| 696|0x0000000757000000, 0x0000000757000000, 0x0000000757200000|  0%| F|  |TAMS 0x0000000757000000, 0x0000000757000000| Untracked 
| 697|0x0000000757200000, 0x0000000757200000, 0x0000000757400000|  0%| F|  |TAMS 0x0000000757200000, 0x0000000757200000| Untracked 
| 698|0x0000000757400000, 0x0000000757400000, 0x0000000757600000|  0%| F|  |TAMS 0x0000000757400000, 0x0000000757400000| Untracked 
| 699|0x0000000757600000, 0x0000000757600000, 0x0000000757800000|  0%| F|  |TAMS 0x0000000757600000, 0x0000000757600000| Untracked 
| 700|0x0000000757800000, 0x0000000757800000, 0x0000000757a00000|  0%| F|  |TAMS 0x0000000757800000, 0x0000000757800000| Untracked 
| 701|0x0000000757a00000, 0x0000000757a00000, 0x0000000757c00000|  0%| F|  |TAMS 0x0000000757a00000, 0x0000000757a00000| Untracked 
| 702|0x0000000757c00000, 0x0000000757c00000, 0x0000000757e00000|  0%| F|  |TAMS 0x0000000757c00000, 0x0000000757c00000| Untracked 
| 703|0x0000000757e00000, 0x0000000757e00000, 0x0000000758000000|  0%| F|  |TAMS 0x0000000757e00000, 0x0000000757e00000| Untracked 
| 704|0x0000000758000000, 0x0000000758000000, 0x0000000758200000|  0%| F|  |TAMS 0x0000000758000000, 0x0000000758000000| Untracked 
| 705|0x0000000758200000, 0x0000000758200000, 0x0000000758400000|  0%| F|  |TAMS 0x0000000758200000, 0x0000000758200000| Untracked 
| 706|0x0000000758400000, 0x0000000758400000, 0x0000000758600000|  0%| F|  |TAMS 0x0000000758400000, 0x0000000758400000| Untracked 
| 707|0x0000000758600000, 0x0000000758600000, 0x0000000758800000|  0%| F|  |TAMS 0x0000000758600000, 0x0000000758600000| Untracked 
| 708|0x0000000758800000, 0x0000000758800000, 0x0000000758a00000|  0%| F|  |TAMS 0x0000000758800000, 0x0000000758800000| Untracked 
| 709|0x0000000758a00000, 0x0000000758a00000, 0x0000000758c00000|  0%| F|  |TAMS 0x0000000758a00000, 0x0000000758a00000| Untracked 
| 710|0x0000000758c00000, 0x0000000758c00000, 0x0000000758e00000|  0%| F|  |TAMS 0x0000000758c00000, 0x0000000758c00000| Untracked 
| 711|0x0000000758e00000, 0x0000000758e00000, 0x0000000759000000|  0%| F|  |TAMS 0x0000000758e00000, 0x0000000758e00000| Untracked 
| 712|0x0000000759000000, 0x0000000759000000, 0x0000000759200000|  0%| F|  |TAMS 0x0000000759000000, 0x0000000759000000| Untracked 
| 713|0x0000000759200000, 0x0000000759200000, 0x0000000759400000|  0%| F|  |TAMS 0x0000000759200000, 0x0000000759200000| Untracked 
| 714|0x0000000759400000, 0x0000000759400000, 0x0000000759600000|  0%| F|  |TAMS 0x0000000759400000, 0x0000000759400000| Untracked 
| 715|0x0000000759600000, 0x0000000759600000, 0x0000000759800000|  0%| F|  |TAMS 0x0000000759600000, 0x0000000759600000| Untracked 
| 716|0x0000000759800000, 0x0000000759800000, 0x0000000759a00000|  0%| F|  |TAMS 0x0000000759800000, 0x0000000759800000| Untracked 
| 717|0x0000000759a00000, 0x0000000759a00000, 0x0000000759c00000|  0%| F|  |TAMS 0x0000000759a00000, 0x0000000759a00000| Untracked 
| 718|0x0000000759c00000, 0x0000000759c00000, 0x0000000759e00000|  0%| F|  |TAMS 0x0000000759c00000, 0x0000000759c00000| Untracked 
| 719|0x0000000759e00000, 0x0000000759e00000, 0x000000075a000000|  0%| F|  |TAMS 0x0000000759e00000, 0x0000000759e00000| Untracked 
| 720|0x000000075a000000, 0x000000075a000000, 0x000000075a200000|  0%| F|  |TAMS 0x000000075a000000, 0x000000075a000000| Untracked 
| 721|0x000000075a200000, 0x000000075a200000, 0x000000075a400000|  0%| F|  |TAMS 0x000000075a200000, 0x000000075a200000| Untracked 
| 722|0x000000075a400000, 0x000000075a400000, 0x000000075a600000|  0%| F|  |TAMS 0x000000075a400000, 0x000000075a400000| Untracked 
| 723|0x000000075a600000, 0x000000075a600000, 0x000000075a800000|  0%| F|  |TAMS 0x000000075a600000, 0x000000075a600000| Untracked 
| 724|0x000000075a800000, 0x000000075a800000, 0x000000075aa00000|  0%| F|  |TAMS 0x000000075a800000, 0x000000075a800000| Untracked 
| 725|0x000000075aa00000, 0x000000075aa00000, 0x000000075ac00000|  0%| F|  |TAMS 0x000000075aa00000, 0x000000075aa00000| Untracked 
| 726|0x000000075ac00000, 0x000000075ac00000, 0x000000075ae00000|  0%| F|  |TAMS 0x000000075ac00000, 0x000000075ac00000| Untracked 
| 727|0x000000075ae00000, 0x000000075ae00000, 0x000000075b000000|  0%| F|  |TAMS 0x000000075ae00000, 0x000000075ae00000| Untracked 
| 728|0x000000075b000000, 0x000000075b000000, 0x000000075b200000|  0%| F|  |TAMS 0x000000075b000000, 0x000000075b000000| Untracked 
| 729|0x000000075b200000, 0x000000075b200000, 0x000000075b400000|  0%| F|  |TAMS 0x000000075b200000, 0x000000075b200000| Untracked 
| 730|0x000000075b400000, 0x000000075b400000, 0x000000075b600000|  0%| F|  |TAMS 0x000000075b400000, 0x000000075b400000| Untracked 
| 731|0x000000075b600000, 0x000000075b600000, 0x000000075b800000|  0%| F|  |TAMS 0x000000075b600000, 0x000000075b600000| Untracked 
| 732|0x000000075b800000, 0x000000075b800000, 0x000000075ba00000|  0%| F|  |TAMS 0x000000075b800000, 0x000000075b800000| Untracked 
| 733|0x000000075ba00000, 0x000000075ba00000, 0x000000075bc00000|  0%| F|  |TAMS 0x000000075ba00000, 0x000000075ba00000| Untracked 
| 734|0x000000075bc00000, 0x000000075bc00000, 0x000000075be00000|  0%| F|  |TAMS 0x000000075bc00000, 0x000000075bc00000| Untracked 
| 735|0x000000075be00000, 0x000000075be00000, 0x000000075c000000|  0%| F|  |TAMS 0x000000075be00000, 0x000000075be00000| Untracked 
| 736|0x000000075c000000, 0x000000075c000000, 0x000000075c200000|  0%| F|  |TAMS 0x000000075c000000, 0x000000075c000000| Untracked 
| 737|0x000000075c200000, 0x000000075c200000, 0x000000075c400000|  0%| F|  |TAMS 0x000000075c200000, 0x000000075c200000| Untracked 
| 738|0x000000075c400000, 0x000000075c400000, 0x000000075c600000|  0%| F|  |TAMS 0x000000075c400000, 0x000000075c400000| Untracked 
| 739|0x000000075c600000, 0x000000075c600000, 0x000000075c800000|  0%| F|  |TAMS 0x000000075c600000, 0x000000075c600000| Untracked 
| 740|0x000000075c800000, 0x000000075c800000, 0x000000075ca00000|  0%| F|  |TAMS 0x000000075c800000, 0x000000075c800000| Untracked 
| 741|0x000000075ca00000, 0x000000075ca00000, 0x000000075cc00000|  0%| F|  |TAMS 0x000000075ca00000, 0x000000075ca00000| Untracked 
| 742|0x000000075cc00000, 0x000000075cc00000, 0x000000075ce00000|  0%| F|  |TAMS 0x000000075cc00000, 0x000000075cc00000| Untracked 
| 743|0x000000075ce00000, 0x000000075ce00000, 0x000000075d000000|  0%| F|  |TAMS 0x000000075ce00000, 0x000000075ce00000| Untracked 
| 744|0x000000075d000000, 0x000000075d000000, 0x000000075d200000|  0%| F|  |TAMS 0x000000075d000000, 0x000000075d000000| Untracked 
| 745|0x000000075d200000, 0x000000075d200000, 0x000000075d400000|  0%| F|  |TAMS 0x000000075d200000, 0x000000075d200000| Untracked 
| 746|0x000000075d400000, 0x000000075d400000, 0x000000075d600000|  0%| F|  |TAMS 0x000000075d400000, 0x000000075d400000| Untracked 
| 747|0x000000075d600000, 0x000000075d600000, 0x000000075d800000|  0%| F|  |TAMS 0x000000075d600000, 0x000000075d600000| Untracked 
| 748|0x000000075d800000, 0x000000075d800000, 0x000000075da00000|  0%| F|  |TAMS 0x000000075d800000, 0x000000075d800000| Untracked 
| 749|0x000000075da00000, 0x000000075da00000, 0x000000075dc00000|  0%| F|  |TAMS 0x000000075da00000, 0x000000075da00000| Untracked 
| 750|0x000000075dc00000, 0x000000075dc00000, 0x000000075de00000|  0%| F|  |TAMS 0x000000075dc00000, 0x000000075dc00000| Untracked 
| 751|0x000000075de00000, 0x000000075de00000, 0x000000075e000000|  0%| F|  |TAMS 0x000000075de00000, 0x000000075de00000| Untracked 
| 752|0x000000075e000000, 0x000000075e000000, 0x000000075e200000|  0%| F|  |TAMS 0x000000075e000000, 0x000000075e000000| Untracked 
| 753|0x000000075e200000, 0x000000075e200000, 0x000000075e400000|  0%| F|  |TAMS 0x000000075e200000, 0x000000075e200000| Untracked 
| 754|0x000000075e400000, 0x000000075e400000, 0x000000075e600000|  0%| F|  |TAMS 0x000000075e400000, 0x000000075e400000| Untracked 
| 755|0x000000075e600000, 0x000000075e600000, 0x000000075e800000|  0%| F|  |TAMS 0x000000075e600000, 0x000000075e600000| Untracked 
| 756|0x000000075e800000, 0x000000075e800000, 0x000000075ea00000|  0%| F|  |TAMS 0x000000075e800000, 0x000000075e800000| Untracked 
| 757|0x000000075ea00000, 0x000000075ea00000, 0x000000075ec00000|  0%| F|  |TAMS 0x000000075ea00000, 0x000000075ea00000| Untracked 
| 758|0x000000075ec00000, 0x000000075ec00000, 0x000000075ee00000|  0%| F|  |TAMS 0x000000075ec00000, 0x000000075ec00000| Untracked 
| 759|0x000000075ee00000, 0x000000075ee00000, 0x000000075f000000|  0%| F|  |TAMS 0x000000075ee00000, 0x000000075ee00000| Untracked 
| 760|0x000000075f000000, 0x000000075f000000, 0x000000075f200000|  0%| F|  |TAMS 0x000000075f000000, 0x000000075f000000| Untracked 
| 761|0x000000075f200000, 0x000000075f200000, 0x000000075f400000|  0%| F|  |TAMS 0x000000075f200000, 0x000000075f200000| Untracked 
| 762|0x000000075f400000, 0x000000075f400000, 0x000000075f600000|  0%| F|  |TAMS 0x000000075f400000, 0x000000075f400000| Untracked 
| 763|0x000000075f600000, 0x000000075f600000, 0x000000075f800000|  0%| F|  |TAMS 0x000000075f600000, 0x000000075f600000| Untracked 
| 764|0x000000075f800000, 0x000000075f800000, 0x000000075fa00000|  0%| F|  |TAMS 0x000000075f800000, 0x000000075f800000| Untracked 
| 765|0x000000075fa00000, 0x000000075fa00000, 0x000000075fc00000|  0%| F|  |TAMS 0x000000075fa00000, 0x000000075fa00000| Untracked 
| 766|0x000000075fc00000, 0x000000075fc00000, 0x000000075fe00000|  0%| F|  |TAMS 0x000000075fc00000, 0x000000075fc00000| Untracked 
| 767|0x000000075fe00000, 0x000000075fe00000, 0x0000000760000000|  0%| F|  |TAMS 0x000000075fe00000, 0x000000075fe00000| Untracked 
| 768|0x0000000760000000, 0x0000000760000000, 0x0000000760200000|  0%| F|  |TAMS 0x0000000760000000, 0x0000000760000000| Untracked 
| 769|0x0000000760200000, 0x0000000760200000, 0x0000000760400000|  0%| F|  |TAMS 0x0000000760200000, 0x0000000760200000| Untracked 
| 770|0x0000000760400000, 0x0000000760400000, 0x0000000760600000|  0%| F|  |TAMS 0x0000000760400000, 0x0000000760400000| Untracked 
| 771|0x0000000760600000, 0x0000000760600000, 0x0000000760800000|  0%| F|  |TAMS 0x0000000760600000, 0x0000000760600000| Untracked 
| 772|0x0000000760800000, 0x0000000760800000, 0x0000000760a00000|  0%| F|  |TAMS 0x0000000760800000, 0x0000000760800000| Untracked 
| 773|0x0000000760a00000, 0x0000000760a00000, 0x0000000760c00000|  0%| F|  |TAMS 0x0000000760a00000, 0x0000000760a00000| Untracked 
| 774|0x0000000760c00000, 0x0000000760e00000, 0x0000000760e00000|100%| S|CS|TAMS 0x0000000760c00000, 0x0000000760c00000| Complete 
| 775|0x0000000760e00000, 0x0000000760e00000, 0x0000000761000000|  0%| F|  |TAMS 0x0000000760e00000, 0x0000000760e00000| Untracked 
| 776|0x0000000761000000, 0x0000000761000000, 0x0000000761200000|  0%| F|  |TAMS 0x0000000761000000, 0x0000000761000000| Untracked 
| 777|0x0000000761200000, 0x0000000761400000, 0x0000000761400000|100%| S|CS|TAMS 0x0000000761200000, 0x0000000761200000| Complete 
| 778|0x0000000761400000, 0x0000000761600000, 0x0000000761600000|100%| S|CS|TAMS 0x0000000761400000, 0x0000000761400000| Complete 
| 779|0x0000000761600000, 0x0000000761800000, 0x0000000761800000|100%| S|CS|TAMS 0x0000000761600000, 0x0000000761600000| Complete 
| 780|0x0000000761800000, 0x0000000761a00000, 0x0000000761a00000|100%| S|CS|TAMS 0x0000000761800000, 0x0000000761800000| Complete 
| 781|0x0000000761a00000, 0x0000000761c00000, 0x0000000761c00000|100%| S|CS|TAMS 0x0000000761a00000, 0x0000000761a00000| Complete 
| 782|0x0000000761c00000, 0x0000000761c00000, 0x0000000761e00000|  0%| F|  |TAMS 0x0000000761c00000, 0x0000000761c00000| Untracked 
| 783|0x0000000761e00000, 0x0000000761e00000, 0x0000000762000000|  0%| F|  |TAMS 0x0000000761e00000, 0x0000000761e00000| Untracked 
| 784|0x0000000762000000, 0x0000000762000000, 0x0000000762200000|  0%| F|  |TAMS 0x0000000762000000, 0x0000000762000000| Untracked 
| 785|0x0000000762200000, 0x0000000762200000, 0x0000000762400000|  0%| F|  |TAMS 0x0000000762200000, 0x0000000762200000| Untracked 
| 786|0x0000000762400000, 0x0000000762400000, 0x0000000762600000|  0%| F|  |TAMS 0x0000000762400000, 0x0000000762400000| Untracked 
| 787|0x0000000762600000, 0x0000000762600000, 0x0000000762800000|  0%| F|  |TAMS 0x0000000762600000, 0x0000000762600000| Untracked 
| 788|0x0000000762800000, 0x0000000762800000, 0x0000000762a00000|  0%| F|  |TAMS 0x0000000762800000, 0x0000000762800000| Untracked 
| 789|0x0000000762a00000, 0x0000000762a00000, 0x0000000762c00000|  0%| F|  |TAMS 0x0000000762a00000, 0x0000000762a00000| Untracked 
| 790|0x0000000762c00000, 0x0000000762c00000, 0x0000000762e00000|  0%| F|  |TAMS 0x0000000762c00000, 0x0000000762c00000| Untracked 
| 791|0x0000000762e00000, 0x0000000762e00000, 0x0000000763000000|  0%| F|  |TAMS 0x0000000762e00000, 0x0000000762e00000| Untracked 
| 792|0x0000000763000000, 0x0000000763000000, 0x0000000763200000|  0%| F|  |TAMS 0x0000000763000000, 0x0000000763000000| Untracked 
| 793|0x0000000763200000, 0x0000000763200000, 0x0000000763400000|  0%| F|  |TAMS 0x0000000763200000, 0x0000000763200000| Untracked 
| 794|0x0000000763400000, 0x0000000763400000, 0x0000000763600000|  0%| F|  |TAMS 0x0000000763400000, 0x0000000763400000| Untracked 
| 795|0x0000000763600000, 0x0000000763600000, 0x0000000763800000|  0%| F|  |TAMS 0x0000000763600000, 0x0000000763600000| Untracked 
| 796|0x0000000763800000, 0x0000000763800000, 0x0000000763a00000|  0%| F|  |TAMS 0x0000000763800000, 0x0000000763800000| Untracked 
| 797|0x0000000763a00000, 0x0000000763a00000, 0x0000000763c00000|  0%| F|  |TAMS 0x0000000763a00000, 0x0000000763a00000| Untracked 
| 798|0x0000000763c00000, 0x0000000763c00000, 0x0000000763e00000|  0%| F|  |TAMS 0x0000000763c00000, 0x0000000763c00000| Untracked 
| 799|0x0000000763e00000, 0x0000000763e00000, 0x0000000764000000|  0%| F|  |TAMS 0x0000000763e00000, 0x0000000763e00000| Untracked 
| 800|0x0000000764000000, 0x0000000764000000, 0x0000000764200000|  0%| F|  |TAMS 0x0000000764000000, 0x0000000764000000| Untracked 
| 801|0x0000000764200000, 0x0000000764200000, 0x0000000764400000|  0%| F|  |TAMS 0x0000000764200000, 0x0000000764200000| Untracked 
| 802|0x0000000764400000, 0x0000000764400000, 0x0000000764600000|  0%| F|  |TAMS 0x0000000764400000, 0x0000000764400000| Untracked 
| 803|0x0000000764600000, 0x0000000764600000, 0x0000000764800000|  0%| F|  |TAMS 0x0000000764600000, 0x0000000764600000| Untracked 
| 804|0x0000000764800000, 0x0000000764800000, 0x0000000764a00000|  0%| F|  |TAMS 0x0000000764800000, 0x0000000764800000| Untracked 
| 805|0x0000000764a00000, 0x0000000764a00000, 0x0000000764c00000|  0%| F|  |TAMS 0x0000000764a00000, 0x0000000764a00000| Untracked 
| 806|0x0000000764c00000, 0x0000000764c00000, 0x0000000764e00000|  0%| F|  |TAMS 0x0000000764c00000, 0x0000000764c00000| Untracked 
| 807|0x0000000764e00000, 0x0000000764e00000, 0x0000000765000000|  0%| F|  |TAMS 0x0000000764e00000, 0x0000000764e00000| Untracked 
| 808|0x0000000765000000, 0x0000000765000000, 0x0000000765200000|  0%| F|  |TAMS 0x0000000765000000, 0x0000000765000000| Untracked 
| 809|0x0000000765200000, 0x0000000765200000, 0x0000000765400000|  0%| F|  |TAMS 0x0000000765200000, 0x0000000765200000| Untracked 
| 810|0x0000000765400000, 0x0000000765400000, 0x0000000765600000|  0%| F|  |TAMS 0x0000000765400000, 0x0000000765400000| Untracked 
| 811|0x0000000765600000, 0x0000000765600000, 0x0000000765800000|  0%| F|  |TAMS 0x0000000765600000, 0x0000000765600000| Untracked 
| 812|0x0000000765800000, 0x0000000765800000, 0x0000000765a00000|  0%| F|  |TAMS 0x0000000765800000, 0x0000000765800000| Untracked 
| 813|0x0000000765a00000, 0x0000000765a00000, 0x0000000765c00000|  0%| F|  |TAMS 0x0000000765a00000, 0x0000000765a00000| Untracked 
| 814|0x0000000765c00000, 0x0000000765c00000, 0x0000000765e00000|  0%| F|  |TAMS 0x0000000765c00000, 0x0000000765c00000| Untracked 
| 815|0x0000000765e00000, 0x0000000765e00000, 0x0000000766000000|  0%| F|  |TAMS 0x0000000765e00000, 0x0000000765e00000| Untracked 
| 816|0x0000000766000000, 0x0000000766000000, 0x0000000766200000|  0%| F|  |TAMS 0x0000000766000000, 0x0000000766000000| Untracked 
| 817|0x0000000766200000, 0x0000000766200000, 0x0000000766400000|  0%| F|  |TAMS 0x0000000766200000, 0x0000000766200000| Untracked 
| 818|0x0000000766400000, 0x0000000766400000, 0x0000000766600000|  0%| F|  |TAMS 0x0000000766400000, 0x0000000766400000| Untracked 
| 819|0x0000000766600000, 0x0000000766600000, 0x0000000766800000|  0%| F|  |TAMS 0x0000000766600000, 0x0000000766600000| Untracked 
| 820|0x0000000766800000, 0x0000000766800000, 0x0000000766a00000|  0%| F|  |TAMS 0x0000000766800000, 0x0000000766800000| Untracked 
| 821|0x0000000766a00000, 0x0000000766a00000, 0x0000000766c00000|  0%| F|  |TAMS 0x0000000766a00000, 0x0000000766a00000| Untracked 
| 822|0x0000000766c00000, 0x0000000766c00000, 0x0000000766e00000|  0%| F|  |TAMS 0x0000000766c00000, 0x0000000766c00000| Untracked 
| 823|0x0000000766e00000, 0x0000000766e00000, 0x0000000767000000|  0%| F|  |TAMS 0x0000000766e00000, 0x0000000766e00000| Untracked 
| 824|0x0000000767000000, 0x0000000767000000, 0x0000000767200000|  0%| F|  |TAMS 0x0000000767000000, 0x0000000767000000| Untracked 

Card table byte_map: [0x000001793cf50000,0x000001793d750000] _byte_map_base: 0x0000017939750000

Marking Bits (Prev, Next): (CMBitMap*) 0x00000179245cd8d0, (CMBitMap*) 0x00000179245cd890
 Prev Bits: [0x0000017941f50000, 0x0000017945f50000)
 Next Bits: [0x000001793df50000, 0x0000017941f50000)

Polling page: 0x0000017922450000

Metaspace:

Usage:
  Non-class:    288.25 MB used.
      Class:     41.81 MB used.
       Both:    330.06 MB used.

Virtual space:
  Non-class space:      320.00 MB reserved,     290.06 MB ( 91%) committed,  5 nodes.
      Class space:      832.00 MB reserved,      43.38 MB (  5%) committed,  1 nodes.
             Both:        1.12 GB reserved,     333.44 MB ( 29%) committed. 

Chunk freelists:
   Non-Class:  13.83 MB
       Class:  4.48 MB
        Both:  18.30 MB

MaxMetaspaceSize: 1.00 GB
CompressedClassSpaceSize: 832.00 MB
Initial GC threshold: 21.00 MB
Current GC threshold: 395.62 MB
CDS: on
MetaspaceReclaimPolicy: balanced
 - commit_granule_bytes: 65536.
 - commit_granule_words: 8192.
 - virtual_space_node_default_size: 8388608.
 - enlarge_chunks_in_place: 1.
 - new_chunks_are_fully_committed: 0.
 - uncommit_free_chunks: 1.
 - use_allocation_guard: 0.
 - handle_deallocations: 1.


Internal statistics:

num_allocs_failed_limit: 78.
num_arena_births: 4872.
num_arena_deaths: 62.
num_vsnodes_births: 6.
num_vsnodes_deaths: 0.
num_space_committed: 5329.
num_space_uncommitted: 1.
num_chunks_returned_to_freelist: 187.
num_chunks_taken_from_freelist: 20812.
num_chunk_merges: 98.
num_chunk_splits: 13307.
num_chunks_enlarged: 7765.
num_inconsistent_stats: 0.

CodeHeap 'non-profiled nmethods': size=120000Kb used=35920Kb max_used=36605Kb free=84079Kb
 bounds [0x0000017934ef0000, 0x00000179372b0000, 0x000001793c420000]
CodeHeap 'profiled nmethods': size=120000Kb used=111619Kb max_used=112694Kb free=8380Kb
 bounds [0x000001792d420000, 0x0000017934250000, 0x0000017934950000]
CodeHeap 'non-nmethods': size=5760Kb used=2783Kb max_used=2866Kb free=2976Kb
 bounds [0x0000017934950000, 0x0000017934c30000, 0x0000017934ef0000]
 total_blobs=47051 nmethods=45677 adapters=1282
 compilation: enabled
              stopped_count=0, restarted_count=0
 full_count=0

Compilation events (20 events):
Event: 497.655 Thread 0x000001794898f6a0 58965       2       com.intellij.psi.stubs.StrippedIntOpenHashMap::realSize (21 bytes)
Event: 497.655 Thread 0x000001794898f6a0 nmethod 58965 0x0000017930e68e10 code [0x0000017930e68fa0, 0x0000017930e690d8]
Event: 497.655 Thread 0x000001794898f6a0 58966   !   2       org.jetbrains.kotlin.analysis.low.level.api.fir.transformers.LLFirBodyTargetResolver::doResolveWithoutLock (2540 bytes)
Event: 497.684 Thread 0x000001794898f6a0 nmethod 58966 0x0000017934008710 code [0x0000017934009ca0, 0x0000017934012508]
Event: 497.684 Thread 0x000001794898f6a0 58969       3       org.jetbrains.kotlin.analysis.decompiler.stub.ClsStubBuildingKt::computeParameterName (49 bytes)
Event: 497.685 Thread 0x000001794898f6a0 nmethod 58969 0x0000017932272a10 code [0x0000017932272ca0, 0x00000179322736a8]
Event: 497.686 Thread 0x000001794898f6a0 58970       3       org.jetbrains.kotlin.psi.stubs.impl.KotlinParameterStubImpl::<init> (27 bytes)
Event: 497.686 Thread 0x000001794898f6a0 nmethod 58970 0x0000017931345990 code [0x0000017931345b40, 0x0000017931345cc8]
Event: 497.686 Thread 0x000001794898f6a0 58968       2       org.jetbrains.kotlin.resolve.calls.util.UnderscoreUtilKt::isSingleUnderscore (53 bytes)
Event: 497.687 Thread 0x000001794898f6a0 nmethod 58968 0x0000017933ef8190 code [0x0000017933ef83c0, 0x0000017933ef8818]
Event: 497.687 Thread 0x000001794898f6a0 58967       2       org.jetbrains.kotlin.fir.expressions.builder.FirVariableAssignmentBuilder::getLValue (17 bytes)
Event: 497.688 Thread 0x000001794898f6a0 nmethod 58967 0x000001792fd1d390 code [0x000001792fd1d5a0, 0x000001792fd1d978]
Event: 497.689 Thread 0x000001794898f6a0 58971       2       org.jetbrains.kotlin.name.ClassId::getOutermostClassId (37 bytes)
Event: 497.689 Thread 0x000001794898f6a0 nmethod 58971 0x0000017932216390 code [0x0000017932216560, 0x0000017932216828]
Event: 497.694 Thread 0x000001794898f6a0 58972       2       org.jetbrains.kotlin.fir.declarations.impl.FirSimpleFunctionImpl::replaceDeprecationsProvider (13 bytes)
Event: 497.695 Thread 0x000001794898f6a0 nmethod 58972 0x0000017932270290 code [0x00000179322704a0, 0x0000017932270958]
Event: 497.697 Thread 0x000001794898f6a0 58973       2       com.intellij.psi.impl.source.PsiFileImpl::getParent (5 bytes)
Event: 497.697 Thread 0x000001794898f6a0 nmethod 58973 0x00000179319c9810 code [0x00000179319c99a0, 0x00000179319c9ac8]
Event: 497.702 Thread 0x000001794898f6a0 58974       1       org.jetbrains.kotlin.analysis.api.standalone.base.projectStructure.StandaloneProjectFactory$createSearchScopeByLibraryRoots$1::isSearchInLibraries (2 bytes)
Event: 497.702 Thread 0x000001794898f6a0 nmethod 58974 0x0000017936a55e90 code [0x0000017936a56020, 0x0000017936a560f8]

GC Heap History (20 events):
Event: 487.408 GC heap after
{Heap after GC invocations=140 (full 0):
 garbage-first heap   total 1689600K, used 1095680K [0x0000000700000000, 0x0000000800000000)
  region size 2048K, 14 young (28672K), 14 survivors (28672K)
 Metaspace       used 326808K, committed 330240K, reserved 1179648K
  class space    used 41342K, committed 42944K, reserved 851968K
}
Event: 489.706 GC heap before
{Heap before GC invocations=140 (full 0):
 garbage-first heap   total 1689600K, used 1443840K [0x0000000700000000, 0x0000000800000000)
  region size 2048K, 176 young (360448K), 14 survivors (28672K)
 Metaspace       used 331836K, committed 335232K, reserved 1179648K
  class space    used 41885K, committed 43456K, reserved 851968K
}
Event: 489.751 GC heap after
{Heap after GC invocations=141 (full 0):
 garbage-first heap   total 1689600K, used 1151232K [0x0000000700000000, 0x0000000800000000)
  region size 2048K, 19 young (38912K), 19 survivors (38912K)
 Metaspace       used 331836K, committed 335232K, reserved 1179648K
  class space    used 41885K, committed 43456K, reserved 851968K
}
Event: 492.944 GC heap before
{Heap before GC invocations=141 (full 0):
 garbage-first heap   total 1689600K, used 1464576K [0x0000000700000000, 0x0000000800000000)
  region size 2048K, 158 young (323584K), 19 survivors (38912K)
 Metaspace       used 334974K, committed 338432K, reserved 1179648K
  class space    used 42242K, committed 43840K, reserved 851968K
}
Event: 493.030 GC heap after
{Heap after GC invocations=142 (full 0):
 garbage-first heap   total 1689600K, used 1194698K [0x0000000700000000, 0x0000000800000000)
  region size 2048K, 20 young (40960K), 20 survivors (40960K)
 Metaspace       used 334974K, committed 338432K, reserved 1179648K
  class space    used 42242K, committed 43840K, reserved 851968K
}
Event: 493.905 GC heap before
{Heap before GC invocations=142 (full 0):
 garbage-first heap   total 1689600K, used 1430218K [0x0000000700000000, 0x0000000800000000)
  region size 2048K, 136 young (278528K), 20 survivors (40960K)
 Metaspace       used 335363K, committed 338816K, reserved 1179648K
  class space    used 42265K, committed 43840K, reserved 851968K
}
Event: 493.999 GC heap after
{Heap after GC invocations=143 (full 0):
 garbage-first heap   total 1689600K, used 1247232K [0x0000000700000000, 0x0000000800000000)
  region size 2048K, 17 young (34816K), 17 survivors (34816K)
 Metaspace       used 335363K, committed 338816K, reserved 1179648K
  class space    used 42265K, committed 43840K, reserved 851968K
}
Event: 494.873 GC heap before
{Heap before GC invocations=143 (full 0):
 garbage-first heap   total 1689600K, used 1435648K [0x0000000700000000, 0x0000000800000000)
  region size 2048K, 108 young (221184K), 17 survivors (34816K)
 Metaspace       used 336593K, committed 340032K, reserved 1179648K
  class space    used 42462K, committed 44032K, reserved 851968K
}
Event: 494.928 GC heap after
{Heap after GC invocations=144 (full 0):
 garbage-first heap   total 1689600K, used 1284096K [0x0000000700000000, 0x0000000800000000)
  region size 2048K, 14 young (28672K), 14 survivors (28672K)
 Metaspace       used 336593K, committed 340032K, reserved 1179648K
  class space    used 42462K, committed 44032K, reserved 851968K
}
Event: 496.298 GC heap before
{Heap before GC invocations=144 (full 0):
 garbage-first heap   total 1689600K, used 1456128K [0x0000000700000000, 0x0000000800000000)
  region size 2048K, 98 young (200704K), 14 survivors (28672K)
 Metaspace       used 337747K, committed 341184K, reserved 1179648K
  class space    used 42810K, committed 44416K, reserved 851968K
}
Event: 496.356 GC heap after
{Heap after GC invocations=145 (full 0):
 garbage-first heap   total 1689600K, used 1320396K [0x0000000700000000, 0x0000000800000000)
  region size 2048K, 12 young (24576K), 12 survivors (24576K)
 Metaspace       used 337747K, committed 341184K, reserved 1179648K
  class space    used 42810K, committed 44416K, reserved 851968K
}
Event: 496.627 GC heap before
{Heap before GC invocations=145 (full 0):
 garbage-first heap   total 1689600K, used 1455564K [0x0000000700000000, 0x0000000800000000)
  region size 2048K, 80 young (163840K), 12 survivors (24576K)
 Metaspace       used 337780K, committed 341248K, reserved 1179648K
  class space    used 42812K, committed 44416K, reserved 851968K
}
Event: 496.663 GC heap after
{Heap after GC invocations=146 (full 0):
 garbage-first heap   total 1689600K, used 1346391K [0x0000000700000000, 0x0000000800000000)
  region size 2048K, 10 young (20480K), 10 survivors (20480K)
 Metaspace       used 337780K, committed 341248K, reserved 1179648K
  class space    used 42812K, committed 44416K, reserved 851968K
}
Event: 496.924 GC heap before
{Heap before GC invocations=146 (full 0):
 garbage-first heap   total 1689600K, used 1459031K [0x0000000700000000, 0x0000000800000000)
  region size 2048K, 66 young (135168K), 10 survivors (20480K)
 Metaspace       used 337802K, committed 341248K, reserved 1179648K
  class space    used 42812K, committed 44416K, reserved 851968K
}
Event: 496.950 GC heap after
{Heap after GC invocations=147 (full 0):
 garbage-first heap   total 1689600K, used 1366709K [0x0000000700000000, 0x0000000800000000)
  region size 2048K, 9 young (18432K), 9 survivors (18432K)
 Metaspace       used 337802K, committed 341248K, reserved 1179648K
  class space    used 42812K, committed 44416K, reserved 851968K
}
Event: 497.237 GC heap before
{Heap before GC invocations=147 (full 0):
 garbage-first heap   total 1689600K, used 1469109K [0x0000000700000000, 0x0000000800000000)
  region size 2048K, 59 young (120832K), 9 survivors (18432K)
 Metaspace       used 337885K, committed 341376K, reserved 1179648K
  class space    used 42812K, committed 44416K, reserved 851968K
}
Event: 497.256 GC heap after
{Heap after GC invocations=148 (full 0):
 garbage-first heap   total 1689600K, used 1377333K [0x0000000700000000, 0x0000000800000000)
  region size 2048K, 6 young (12288K), 6 survivors (12288K)
 Metaspace       used 337885K, committed 341376K, reserved 1179648K
  class space    used 42812K, committed 44416K, reserved 851968K
}
Event: 497.499 GC heap before
{Heap before GC invocations=148 (full 0):
 garbage-first heap   total 1689600K, used 1473589K [0x0000000700000000, 0x0000000800000000)
  region size 2048K, 54 young (110592K), 6 survivors (12288K)
 Metaspace       used 337931K, committed 341376K, reserved 1179648K
  class space    used 42812K, committed 44416K, reserved 851968K
}
Event: 497.518 GC heap after
{Heap after GC invocations=149 (full 0):
 garbage-first heap   total 1689600K, used 1390214K [0x0000000700000000, 0x0000000800000000)
  region size 2048K, 7 young (14336K), 7 survivors (14336K)
 Metaspace       used 337931K, committed 341376K, reserved 1179648K
  class space    used 42812K, committed 44416K, reserved 851968K
}
Event: 497.706 GC heap before
{Heap before GC invocations=149 (full 0):
 garbage-first heap   total 1689600K, used 1476230K [0x0000000700000000, 0x0000000800000000)
  region size 2048K, 50 young (102400K), 7 survivors (14336K)
 Metaspace       used 337982K, committed 341440K, reserved 1179648K
  class space    used 42812K, committed 44416K, reserved 851968K
}

Dll operation events (16 events):
Event: 0.011 Loaded shared library C:\Program Files\OpenLogic\jdk-17.0.14.7-hotspot\bin\java.dll
Event: 0.038 Loaded shared library C:\Program Files\OpenLogic\jdk-17.0.14.7-hotspot\bin\jsvml.dll
Event: 0.091 Loaded shared library C:\Program Files\OpenLogic\jdk-17.0.14.7-hotspot\bin\zip.dll
Event: 0.095 Loaded shared library C:\Program Files\OpenLogic\jdk-17.0.14.7-hotspot\bin\instrument.dll
Event: 0.100 Loaded shared library C:\Program Files\OpenLogic\jdk-17.0.14.7-hotspot\bin\net.dll
Event: 0.103 Loaded shared library C:\Program Files\OpenLogic\jdk-17.0.14.7-hotspot\bin\nio.dll
Event: 0.107 Loaded shared library C:\Program Files\OpenLogic\jdk-17.0.14.7-hotspot\bin\zip.dll
Event: 0.440 Loaded shared library C:\Program Files\OpenLogic\jdk-17.0.14.7-hotspot\bin\jimage.dll
Event: 0.623 Loaded shared library C:\Program Files\OpenLogic\jdk-17.0.14.7-hotspot\bin\verify.dll
Event: 0.726 Loaded shared library C:\Users\Vauras\.gradle\native\1def1411415f61bf3af743bc5b6707747c0891f09f0c88961ee8f79bc544acac\windows-amd64\native-platform.dll
Event: 0.745 Loaded shared library C:\Users\Vauras\.gradle\native\0.2.7\x86_64-windows-gnu\gradle-fileevents.dll
Event: 2.029 Loaded shared library C:\Program Files\OpenLogic\jdk-17.0.14.7-hotspot\bin\management.dll
Event: 2.032 Loaded shared library C:\Program Files\OpenLogic\jdk-17.0.14.7-hotspot\bin\management_ext.dll
Event: 2.275 Loaded shared library C:\Program Files\OpenLogic\jdk-17.0.14.7-hotspot\bin\extnet.dll
Event: 2.552 Loaded shared library C:\Program Files\OpenLogic\jdk-17.0.14.7-hotspot\bin\sunmscapi.dll
Event: 444.712 Loaded shared library C:\Program Files\OpenLogic\jdk-17.0.14.7-hotspot\bin\awt.dll

Deoptimization events (20 events):
Event: 497.361 Thread 0x00000179120c4ff0 DEOPT PACKING pc=0x0000017936e06b8c sp=0x00000001db3fbde0
Event: 497.361 Thread 0x00000179120c4ff0 DEOPT UNPACKING pc=0x00000179349a69a3 sp=0x00000001db3fbd90 mode 2
Event: 497.408 Thread 0x0000017907126e80 DEOPT PACKING pc=0x000001792fd209db sp=0x00000001db0fc300
Event: 497.408 Thread 0x0000017907126e80 DEOPT UNPACKING pc=0x00000179349a7143 sp=0x00000001db0fb808 mode 0
Event: 497.441 Thread 0x0000017907126e80 DEOPT PACKING pc=0x000001792fd209db sp=0x00000001db0fc300
Event: 497.441 Thread 0x0000017907126e80 DEOPT UNPACKING pc=0x00000179349a7143 sp=0x00000001db0fb808 mode 0
Event: 497.450 Thread 0x00000179120c5500 DEOPT PACKING pc=0x0000017931e04009 sp=0x00000001d01f2b80
Event: 497.450 Thread 0x00000179120c5500 DEOPT UNPACKING pc=0x00000179349a7143 sp=0x00000001d01f1fa8 mode 0
Event: 497.534 Thread 0x000001790fb19810 Uncommon trap: trap_request=0xffffff3d fr.pc=0x000001793720b948 relative=0x0000000000005688
Event: 497.535 Thread 0x000001790fb19810 Uncommon trap: reason=unstable_fused_if action=reinterpret pc=0x000001793720b948 method=com.android.tools.r8.graph.G3.c()Lcom/android/tools/r8/graph/D3$e; @ 33 c2
Event: 497.535 Thread 0x000001790fb19810 DEOPT PACKING pc=0x000001793720b948 sp=0x00000001db5fc8f0
Event: 497.535 Thread 0x000001790fb19810 DEOPT UNPACKING pc=0x00000179349a69a3 sp=0x00000001db5fc848 mode 2
Event: 497.587 Thread 0x0000017907127390 Uncommon trap: trap_request=0xffffffc6 fr.pc=0x000001793708f278 relative=0x0000000000000478
Event: 497.587 Thread 0x0000017907127390 Uncommon trap: reason=bimorphic_or_optimized_type_check action=maybe_recompile pc=0x000001793708f278 method=com.intellij.psi.impl.source.PsiClassReferenceType.getAnnotations(Z)[Lcom/intellij/psi/PsiAnnotation; @ 24 c2
Event: 497.587 Thread 0x0000017907127390 DEOPT PACKING pc=0x000001793708f278 sp=0x00000001d5cf5320
Event: 497.587 Thread 0x0000017907127390 DEOPT UNPACKING pc=0x00000179349a69a3 sp=0x00000001d5cf52a0 mode 2
Event: 497.588 Thread 0x0000017907127390 Uncommon trap: trap_request=0xffffffc6 fr.pc=0x000001793708f278 relative=0x0000000000000478
Event: 497.588 Thread 0x0000017907127390 Uncommon trap: reason=bimorphic_or_optimized_type_check action=maybe_recompile pc=0x000001793708f278 method=com.intellij.psi.impl.source.PsiClassReferenceType.getAnnotations(Z)[Lcom/intellij/psi/PsiAnnotation; @ 24 c2
Event: 497.588 Thread 0x0000017907127390 DEOPT PACKING pc=0x000001793708f278 sp=0x00000001d5cf5910
Event: 497.588 Thread 0x0000017907127390 DEOPT UNPACKING pc=0x00000179349a69a3 sp=0x00000001d5cf5890 mode 2

Classes loaded (20 events):
Event: 487.008 Loading class java/lang/JavaVersion
Event: 487.008 Loading class java/lang/JavaVersion done
Event: 487.008 Loading class java/util/JavaVersion
Event: 487.009 Loading class java/util/JavaVersion done
Event: 487.009 Loading class java/io/JavaVersion
Event: 487.009 Loading class java/io/JavaVersion done
Event: 487.009 Loading class java/net/JavaVersion
Event: 487.009 Loading class java/net/JavaVersion done
Event: 487.015 Loading class java/lang/JavaVersion$VERSION_1_8
Event: 487.015 Loading class java/lang/JavaVersion$VERSION_1_8 done
Event: 487.015 Loading class java/util/JavaVersion$VERSION_1_8
Event: 487.015 Loading class java/util/JavaVersion$VERSION_1_8 done
Event: 487.016 Loading class java/io/JavaVersion$VERSION_1_8
Event: 487.016 Loading class java/io/JavaVersion$VERSION_1_8 done
Event: 487.016 Loading class java/net/JavaVersion$VERSION_1_8
Event: 487.016 Loading class java/net/JavaVersion$VERSION_1_8 done
Event: 490.739 Loading class java/util/concurrent/ForkJoinTask$AdaptedCallable
Event: 490.740 Loading class java/util/concurrent/ForkJoinTask$AdaptedCallable done
Event: 490.741 Loading class java/util/concurrent/ForkJoinPool$DefaultForkJoinWorkerThreadFactory$1
Event: 490.741 Loading class java/util/concurrent/ForkJoinPool$DefaultForkJoinWorkerThreadFactory$1 done

Classes unloaded (20 events):
Event: 419.459 Thread 0x0000017948960080 Unloading class 0x000001794b2e3800 'jdk/internal/jimage/ImageHeader'
Event: 419.459 Thread 0x0000017948960080 Unloading class 0x000001794b2e2dc8 'jdk/internal/jimage/BasicImageReader$2'
Event: 419.459 Thread 0x0000017948960080 Unloading class 0x000001794b2e2b98 'jdk/internal/jimage/BasicImageReader$1'
Event: 419.460 Thread 0x0000017948960080 Unloading class 0x000001794b2e2930 'jdk/internal/jimage/ImageReader$Resource'
Event: 419.460 Thread 0x0000017948960080 Unloading class 0x000001794b2e26c8 'jdk/internal/jimage/ImageReader$LinkNode'
Event: 419.460 Thread 0x0000017948960080 Unloading class 0x000001794b2e2460 'jdk/internal/jimage/ImageReader$Directory'
Event: 419.460 Thread 0x0000017948960080 Unloading class 0x000001794b2e21f8 'jdk/internal/jimage/ImageReader$Node'
Event: 419.460 Thread 0x0000017948960080 Unloading class 0x000001794b2e2000 'jdk/internal/jimage/ImageStrings'
Event: 419.460 Thread 0x0000017948960080 Unloading class 0x000001794b2e1b50 'jdk/internal/jimage/ImageReader$SharedImageReader'
Event: 419.460 Thread 0x0000017948960080 Unloading class 0x000001794b2e1890 'jdk/internal/jimage/BasicImageReader'
Event: 419.461 Thread 0x0000017948960080 Unloading class 0x000001794b2e1670 'jdk/internal/jimage/ImageReader'
Event: 419.461 Thread 0x0000017948960080 Unloading class 0x000001794b2e1448 'jdk/internal/jrtfs/SystemImage$2'
Event: 419.461 Thread 0x0000017948960080 Unloading class 0x000001794b2e1230 'jdk/internal/jrtfs/SystemImage$$Lambda$2688+0x000001794b2e1230'
Event: 419.461 Thread 0x0000017948960080 Unloading class 0x000001794b2e1000 'jdk/internal/jrtfs/ExplodedImage'
Event: 419.461 Thread 0x0000017948960080 Unloading class 0x000001794b2e0dc8 'jdk/internal/jrtfs/SystemImage$1'
Event: 419.461 Thread 0x0000017948960080 Unloading class 0x000001794b2e0bb0 'jdk/internal/jrtfs/SystemImage'
Event: 419.461 Thread 0x0000017948960080 Unloading class 0x000001794b2e0950 'jdk/internal/jrtfs/JrtFileStore'
Event: 419.462 Thread 0x0000017948960080 Unloading class 0x000001794b2e05d8 'jdk/internal/jrtfs/JrtPath'
Event: 419.462 Thread 0x0000017948960080 Unloading class 0x000001794b2e02e0 'jdk/internal/jrtfs/JrtFileSystem'
Event: 419.462 Thread 0x0000017948960080 Unloading class 0x000001794b2e0000 'jdk/internal/jrtfs/JrtFileSystemProvider'

Classes redefined (0 events):
No events

Internal exceptions (20 events):
Event: 495.630 Thread 0x0000017907126e80 Exception <a 'sun/nio/fs/WindowsException'{0x0000000762645c50}> (0x0000000762645c50) 
thrown [s\src\hotspot\share\prims\jni.cpp, line 516]
Event: 495.631 Thread 0x0000017907126e80 Exception <a 'sun/nio/fs/WindowsException'{0x00000007626464c8}> (0x00000007626464c8) 
thrown [s\src\hotspot\share\prims\jni.cpp, line 516]
Event: 495.637 Thread 0x000001790600dc20 Exception <a 'sun/nio/fs/WindowsException'{0x0000000762686ad8}> (0x0000000762686ad8) 
thrown [s\src\hotspot\share\prims\jni.cpp, line 516]
Event: 495.637 Thread 0x000001790600dc20 Exception <a 'sun/nio/fs/WindowsException'{0x0000000762686c20}> (0x0000000762686c20) 
thrown [s\src\hotspot\share\prims\jni.cpp, line 516]
Event: 495.638 Thread 0x000001790600dc20 Exception <a 'sun/nio/fs/WindowsException'{0x0000000762686dc0}> (0x0000000762686dc0) 
thrown [s\src\hotspot\share\prims\jni.cpp, line 516]
Event: 495.665 Thread 0x0000017907126e80 Exception <a 'sun/nio/fs/WindowsException'{0x0000000762646c88}> (0x0000000762646c88) 
thrown [s\src\hotspot\share\prims\jni.cpp, line 516]
Event: 495.671 Thread 0x0000017907126e80 Exception <a 'sun/nio/fs/WindowsException'{0x000000076215ba38}> (0x000000076215ba38) 
thrown [s\src\hotspot\share\prims\jni.cpp, line 516]
Event: 495.901 Thread 0x0000017907126e80 Exception <a 'sun/nio/fs/WindowsException'{0x0000000760cecb88}> (0x0000000760cecb88) 
thrown [s\src\hotspot\share\prims\jni.cpp, line 516]
Event: 495.901 Thread 0x0000017907126e80 Exception <a 'sun/nio/fs/WindowsException'{0x0000000760ced360}> (0x0000000760ced360) 
thrown [s\src\hotspot\share\prims\jni.cpp, line 516]
Event: 495.903 Thread 0x0000017907126e80 Exception <a 'sun/nio/fs/WindowsException'{0x0000000760cedbe8}> (0x0000000760cedbe8) 
thrown [s\src\hotspot\share\prims\jni.cpp, line 516]
Event: 495.903 Thread 0x0000017907126e80 Exception <a 'sun/nio/fs/WindowsException'{0x0000000760d15690}> (0x0000000760d15690) 
thrown [s\src\hotspot\share\prims\jni.cpp, line 516]
Event: 495.904 Thread 0x0000017907126e80 Exception <a 'sun/nio/fs/WindowsException'{0x0000000760d15fd0}> (0x0000000760d15fd0) 
thrown [s\src\hotspot\share\prims\jni.cpp, line 516]
Event: 496.044 Thread 0x0000017907126e80 Exception <a 'sun/nio/fs/WindowsException'{0x000000075fba29d0}> (0x000000075fba29d0) 
thrown [s\src\hotspot\share\prims\jni.cpp, line 516]
Event: 496.046 Thread 0x0000017907126e80 Exception <a 'sun/nio/fs/WindowsException'{0x000000075fba3218}> (0x000000075fba3218) 
thrown [s\src\hotspot\share\prims\jni.cpp, line 516]
Event: 496.048 Thread 0x0000017907126e80 Exception <a 'sun/nio/fs/WindowsException'{0x000000075fbcc808}> (0x000000075fbcc808) 
thrown [s\src\hotspot\share\prims\jni.cpp, line 516]
Event: 496.048 Thread 0x0000017907126e80 Exception <a 'sun/nio/fs/WindowsException'{0x000000075fbcd538}> (0x000000075fbcd538) 
thrown [s\src\hotspot\share\prims\jni.cpp, line 516]
Event: 496.049 Thread 0x0000017907126e80 Exception <a 'sun/nio/fs/WindowsException'{0x000000075fbd4670}> (0x000000075fbd4670) 
thrown [s\src\hotspot\share\prims\jni.cpp, line 516]
Event: 496.050 Thread 0x0000017907126e80 Exception <a 'sun/nio/fs/WindowsException'{0x000000075fbd5000}> (0x000000075fbd5000) 
thrown [s\src\hotspot\share\prims\jni.cpp, line 516]
Event: 496.051 Thread 0x0000017907126e80 Exception <a 'sun/nio/fs/WindowsException'{0x000000075fbd59d0}> (0x000000075fbd59d0) 
thrown [s\src\hotspot\share\prims\jni.cpp, line 516]
Event: 497.607 Thread 0x0000017907123be0 Exception <a 'sun/nio/fs/WindowsException'{0x0000000764b0ed08}> (0x0000000764b0ed08) 
thrown [s\src\hotspot\share\prims\jni.cpp, line 516]

VM Operations (20 events):
Event: 496.532 Executing VM operation: HandshakeAllThreads done
Event: 496.611 Executing VM operation: G1CollectForAllocation
Event: 496.611 Executing VM operation: G1CollectForAllocation done
Event: 496.626 Executing VM operation: G1CollectForAllocation
Event: 496.663 Executing VM operation: G1CollectForAllocation done
Event: 496.785 Executing VM operation: HandshakeAllThreads
Event: 496.811 Executing VM operation: HandshakeAllThreads done
Event: 496.922 Executing VM operation: G1CollectForAllocation
Event: 496.922 Executing VM operation: G1CollectForAllocation done
Event: 496.924 Executing VM operation: G1CollectForAllocation
Event: 496.950 Executing VM operation: G1CollectForAllocation done
Event: 497.225 Executing VM operation: G1CollectForAllocation
Event: 497.234 Executing VM operation: G1CollectForAllocation done
Event: 497.237 Executing VM operation: G1CollectForAllocation
Event: 497.256 Executing VM operation: G1CollectForAllocation done
Event: 497.489 Executing VM operation: G1CollectForAllocation
Event: 497.518 Executing VM operation: G1CollectForAllocation done
Event: 497.705 Executing VM operation: G1CollectForAllocation
Event: 497.705 Executing VM operation: G1CollectForAllocation done
Event: 497.705 Executing VM operation: G1CollectForAllocation

Memory protections (0 events):
No events

Nmethod flushes (20 events):
Event: 497.011 Thread 0x00000179489a1780 flushing  nmethod 0x0000017933eb7510
Event: 497.011 Thread 0x00000179489a1780 flushing  nmethod 0x0000017933eb8b90
Event: 497.011 Thread 0x00000179489a1780 flushing  nmethod 0x0000017933eb9e10
Event: 497.011 Thread 0x00000179489a1780 flushing  nmethod 0x0000017933ebc090
Event: 497.011 Thread 0x00000179489a1780 flushing  nmethod 0x0000017933ebcb10
Event: 497.011 Thread 0x00000179489a1780 flushing  nmethod 0x0000017933ebd410
Event: 497.011 Thread 0x00000179489a1780 flushing  nmethod 0x0000017933ed0a90
Event: 497.011 Thread 0x00000179489a1780 flushing  nmethod 0x0000017933eea810
Event: 497.011 Thread 0x00000179489a1780 flushing  nmethod 0x0000017933f0f290
Event: 497.011 Thread 0x00000179489a1780 flushing  nmethod 0x0000017933f96d10
Event: 497.012 Thread 0x00000179489a1780 flushing  nmethod 0x0000017933fa7490
Event: 497.012 Thread 0x00000179489a1780 flushing  nmethod 0x0000017933fa9590
Event: 497.012 Thread 0x00000179489a1780 flushing  nmethod 0x0000017934005490
Event: 497.012 Thread 0x00000179489a1780 flushing  nmethod 0x000001793401d210
Event: 497.012 Thread 0x00000179489a1780 flushing  nmethod 0x000001793403ac10
Event: 497.012 Thread 0x00000179489a1780 flushing  nmethod 0x0000017934084b10
Event: 497.012 Thread 0x00000179489a1780 flushing  nmethod 0x0000017934093210
Event: 497.013 Thread 0x00000179489a1780 flushing  nmethod 0x00000179340bff10
Event: 497.013 Thread 0x00000179489a1780 flushing  nmethod 0x0000017934105390
Event: 497.014 Thread 0x00000179489a1780 flushing  nmethod 0x00000179341c6790

Events (20 events):
Event: 490.768 Thread 0x000001790fb19810 Thread added: 0x000001790600ff90
Event: 490.826 Thread 0x00000179120c5500 Thread added: 0x000001790600d200
Event: 490.846 Thread 0x000001790600d200 Thread exited: 0x000001790600d200
Event: 491.939 Thread 0x00000179120c5500 Thread added: 0x0000017906019770
Event: 491.959 Thread 0x0000017906019770 Thread exited: 0x0000017906019770
Event: 492.304 Thread 0x00000179120c5500 Thread added: 0x000001790601c500
Event: 492.327 Thread 0x000001790601c500 Thread exited: 0x000001790601c500
Event: 492.504 Thread 0x000001790600dc20 Thread added: 0x000001790601c500
Event: 492.541 Thread 0x000001790601c500 Thread exited: 0x000001790601c500
Event: 493.272 Thread 0x000001790600dc20 Thread added: 0x0000017906019770
Event: 493.340 Thread 0x0000017906019770 Thread exited: 0x0000017906019770
Event: 493.579 Thread 0x000001790600dc20 Thread added: 0x0000017906019770
Event: 493.660 Thread 0x0000017906019770 Thread exited: 0x0000017906019770
Event: 493.858 Thread 0x000001790600dc20 Thread added: 0x0000017906019770
Event: 494.051 Thread 0x0000017906019770 Thread exited: 0x0000017906019770
Event: 494.355 Thread 0x000001790600dc20 Thread added: 0x0000017906019770
Event: 494.356 Thread 0x0000017906019770 Thread exited: 0x0000017906019770
Event: 494.376 Thread 0x00000179134eab50 Thread exited: 0x00000179134eab50
Event: 494.414 Thread 0x00000179134eb570 Thread exited: 0x00000179134eb570
Event: 494.684 Thread 0x000001790600dc20 Thread added: 0x000001790f0efed0


Dynamic libraries:
0x00007ff623bf0000 - 0x00007ff623bfe000 	C:\Program Files\OpenLogic\jdk-17.0.14.7-hotspot\bin\java.exe
0x00007ff8c91e0000 - 0x00007ff8c9447000 	C:\Windows\SYSTEM32\ntdll.dll
0x00007ff8c7660000 - 0x00007ff8c7729000 	C:\Windows\System32\KERNEL32.DLL
0x00007ff8c6800000 - 0x00007ff8c6bf4000 	C:\Windows\System32\KERNELBASE.dll
0x00007ff8c5b60000 - 0x00007ff8c5cab000 	C:\Windows\System32\ucrtbase.dll
0x00007ff8a46a0000 - 0x00007ff8a46b7000 	C:\Program Files\OpenLogic\jdk-17.0.14.7-hotspot\bin\jli.dll
0x00007ff8a46c0000 - 0x00007ff8a46db000 	C:\Program Files\OpenLogic\jdk-17.0.14.7-hotspot\bin\VCRUNTIME140.dll
0x00007ff8c7230000 - 0x00007ff8c73f5000 	C:\Windows\System32\USER32.dll
0x00007ff8c67d0000 - 0x00007ff8c67f7000 	C:\Windows\System32\win32u.dll
0x00007ff8b0f20000 - 0x00007ff8b11b3000 	C:\Windows\WinSxS\amd64_microsoft.windows.common-controls_6595b64144ccf1df_6.0.26100.8115_none_3e075c82e3354f9c\COMCTL32.dll
0x00007ff8c7630000 - 0x00007ff8c765b000 	C:\Windows\System32\GDI32.dll
0x00007ff8c8360000 - 0x00007ff8c8409000 	C:\Windows\System32\msvcrt.dll
0x00007ff8c66a0000 - 0x00007ff8c67cb000 	C:\Windows\System32\gdi32full.dll
0x00007ff8c6c90000 - 0x00007ff8c6d33000 	C:\Windows\System32\msvcp_win.dll
0x00007ff8c75f0000 - 0x00007ff8c7622000 	C:\Windows\System32\IMM32.DLL
0x00007ff8aef50000 - 0x00007ff8aef5c000 	C:\Program Files\OpenLogic\jdk-17.0.14.7-hotspot\bin\vcruntime140_1.dll
0x00007ff8a4610000 - 0x00007ff8a469d000 	C:\Program Files\OpenLogic\jdk-17.0.14.7-hotspot\bin\msvcp140.dll
0x00007ff802650000 - 0x00007ff8032bc000 	C:\Program Files\OpenLogic\jdk-17.0.14.7-hotspot\bin\server\jvm.dll
0x00007ff8c7080000 - 0x00007ff8c7136000 	C:\Windows\System32\ADVAPI32.dll
0x00007ff8c8fa0000 - 0x00007ff8c9047000 	C:\Windows\System32\sechost.dll
0x00007ff8c8240000 - 0x00007ff8c8358000 	C:\Windows\System32\RPCRT4.dll
0x00007ff8c8720000 - 0x00007ff8c87a0000 	C:\Windows\System32\WS2_32.dll
0x00007ff8bd160000 - 0x00007ff8bd196000 	C:\Windows\SYSTEM32\WINMM.dll
0x00007ff8c5760000 - 0x00007ff8c57be000 	C:\Windows\SYSTEM32\POWRPROF.dll
0x00007ff8ba640000 - 0x00007ff8ba64b000 	C:\Windows\SYSTEM32\VERSION.dll
0x00007ff8c5740000 - 0x00007ff8c5754000 	C:\Windows\SYSTEM32\UMPDC.dll
0x00007ff8c4800000 - 0x00007ff8c481b000 	C:\Windows\SYSTEM32\kernel.appcore.dll
0x00007ff8a48e0000 - 0x00007ff8a48ea000 	C:\Program Files\OpenLogic\jdk-17.0.14.7-hotspot\bin\jimage.dll
0x00007ff8b7aa0000 - 0x00007ff8b7ce2000 	C:\Windows\SYSTEM32\DBGHELP.DLL
0x00007ff8c77a0000 - 0x00007ff8c7b22000 	C:\Windows\System32\combase.dll
0x00007ff8c7140000 - 0x00007ff8c7218000 	C:\Windows\System32\OLEAUT32.dll
0x00007ff8aa8b0000 - 0x00007ff8aa8eb000 	C:\Windows\SYSTEM32\dbgcore.DLL
0x00007ff8c5ab0000 - 0x00007ff8c5b55000 	C:\Windows\System32\bcryptPrimitives.dll
0x00007ff89d450000 - 0x00007ff89d45e000 	C:\Program Files\OpenLogic\jdk-17.0.14.7-hotspot\bin\instrument.dll
0x00007ff8a44e0000 - 0x00007ff8a4505000 	C:\Program Files\OpenLogic\jdk-17.0.14.7-hotspot\bin\java.dll
0x00007ff82e9b0000 - 0x00007ff82ea86000 	C:\Program Files\OpenLogic\jdk-17.0.14.7-hotspot\bin\jsvml.dll
0x00007ff8c87b0000 - 0x00007ff8c8f17000 	C:\Windows\System32\SHELL32.dll
0x00007ff8c6d40000 - 0x00007ff8c6eaa000 	C:\Windows\System32\wintypes.dll
0x00007ff8c5e30000 - 0x00007ff8c6698000 	C:\Windows\System32\windows.storage.dll
0x00007ff8c6f80000 - 0x00007ff8c7078000 	C:\Windows\System32\SHCORE.dll
0x00007ff8c7730000 - 0x00007ff8c7796000 	C:\Windows\System32\shlwapi.dll
0x00007ff8c59d0000 - 0x00007ff8c59f9000 	C:\Windows\SYSTEM32\profapi.dll
0x00007ff8a44a0000 - 0x00007ff8a44b8000 	C:\Program Files\OpenLogic\jdk-17.0.14.7-hotspot\bin\zip.dll
0x00007ff8a45f0000 - 0x00007ff8a4609000 	C:\Program Files\OpenLogic\jdk-17.0.14.7-hotspot\bin\net.dll
0x00007ff8bbf40000 - 0x00007ff8bc06d000 	C:\Windows\SYSTEM32\WINHTTP.dll
0x00007ff8c4d50000 - 0x00007ff8c4dbc000 	C:\Windows\system32\mswsock.dll
0x00007ff8a44c0000 - 0x00007ff8a44d6000 	C:\Program Files\OpenLogic\jdk-17.0.14.7-hotspot\bin\nio.dll
0x00007ff8a4490000 - 0x00007ff8a44a0000 	C:\Program Files\OpenLogic\jdk-17.0.14.7-hotspot\bin\verify.dll
0x00007ff8c1270000 - 0x00007ff8c1297000 	C:\Users\Vauras\.gradle\native\1def1411415f61bf3af743bc5b6707747c0891f09f0c88961ee8f79bc544acac\windows-amd64\native-platform.dll
0x00007ff883570000 - 0x00007ff8835e8000 	C:\Users\Vauras\.gradle\native\0.2.7\x86_64-windows-gnu\gradle-fileevents.dll
0x00007ff8a4480000 - 0x00007ff8a4489000 	C:\Program Files\OpenLogic\jdk-17.0.14.7-hotspot\bin\management.dll
0x00007ff8a4470000 - 0x00007ff8a447b000 	C:\Program Files\OpenLogic\jdk-17.0.14.7-hotspot\bin\management_ext.dll
0x00007ff8c9190000 - 0x00007ff8c9198000 	C:\Windows\System32\PSAPI.DLL
0x00007ff8c4190000 - 0x00007ff8c41c2000 	C:\Windows\SYSTEM32\IPHLPAPI.DLL
0x00007ff8c7220000 - 0x00007ff8c722a000 	C:\Windows\System32\NSI.dll
0x00007ff8c0530000 - 0x00007ff8c054d000 	C:\Windows\SYSTEM32\dhcpcsvc6.DLL
0x00007ff8c0500000 - 0x00007ff8c0525000 	C:\Windows\SYSTEM32\dhcpcsvc.DLL
0x00007ff8c41d0000 - 0x00007ff8c4302000 	C:\Windows\SYSTEM32\DNSAPI.dll
0x00007ff8a43a0000 - 0x00007ff8a43a8000 	C:\Program Files\OpenLogic\jdk-17.0.14.7-hotspot\bin\extnet.dll
0x00007ff8c5150000 - 0x00007ff8c516b000 	C:\Windows\SYSTEM32\CRYPTSP.dll
0x00007ff8c4760000 - 0x00007ff8c4799000 	C:\Windows\system32\rsaenh.dll
0x00007ff8c4e00000 - 0x00007ff8c4e33000 	C:\Windows\SYSTEM32\USERENV.dll
0x00007ff8c59a0000 - 0x00007ff8c59ca000 	C:\Windows\SYSTEM32\bcrypt.dll
0x00007ff8c4fb0000 - 0x00007ff8c4fbc000 	C:\Windows\SYSTEM32\CRYPTBASE.dll
0x00007ff89d440000 - 0x00007ff89d44e000 	C:\Program Files\OpenLogic\jdk-17.0.14.7-hotspot\bin\sunmscapi.dll
0x00007ff8c5cb0000 - 0x00007ff8c5e27000 	C:\Windows\System32\CRYPT32.dll
0x00007ff8c52b0000 - 0x00007ff8c52e0000 	C:\Windows\SYSTEM32\ncrypt.dll
0x00007ff8c5260000 - 0x00007ff8c529f000 	C:\Windows\SYSTEM32\NTASN1.dll
0x00007ff88a6d0000 - 0x00007ff88a6d8000 	C:\Windows\system32\wshunix.dll
0x00007ff8aac70000 - 0x00007ff8aac88000 	C:\Windows\system32\napinsp.dll
0x00007ff8aa500000 - 0x00007ff8aa513000 	C:\Windows\System32\winrnr.dll
0x00007ff8aa850000 - 0x00007ff8aa872000 	C:\Windows\system32\nlansp_c.dll
0x00007ff8aa830000 - 0x00007ff8aa846000 	C:\Windows\system32\wshbth.dll
0x00007ff8bc2f0000 - 0x00007ff8bc2fb000 	C:\Windows\System32\rasadhlp.dll
0x00007ff8c0cc0000 - 0x00007ff8c0d46000 	C:\Windows\System32\fwpuclnt.dll
0x00007ff8c4920000 - 0x00007ff8c4956000 	C:\Windows\SYSTEM32\ntmarta.dll
0x00007ff828c40000 - 0x00007ff828dd0000 	C:\Program Files\OpenLogic\jdk-17.0.14.7-hotspot\bin\awt.dll
0x00007ff8c3290000 - 0x00007ff8c332f000 	C:\Windows\SYSTEM32\apphelp.dll
0x00007ff8c3490000 - 0x00007ff8c3539000 	C:\Windows\system32\uxtheme.dll
0x00007ff8c7400000 - 0x00007ff8c755c000 	C:\Windows\System32\MSCTF.dll
0x00007ff8c7bb0000 - 0x00007ff8c7d47000 	C:\Windows\System32\ole32.dll

dbghelp: loaded successfully - version: 4.0.5 - missing functions: none
symbol engine: initialized successfully - sym options: 0x614 - pdb path: .;C:\Program Files\OpenLogic\jdk-17.0.14.7-hotspot\bin;C:\Windows\SYSTEM32;C:\Windows\WinSxS\amd64_microsoft.windows.common-controls_6595b64144ccf1df_6.0.26100.8115_none_3e075c82e3354f9c;C:\Program Files\OpenLogic\jdk-17.0.14.7-hotspot\bin\server;C:\Users\Vauras\.gradle\native\1def1411415f61bf3af743bc5b6707747c0891f09f0c88961ee8f79bc544acac\windows-amd64;C:\Users\Vauras\.gradle\native\0.2.7\x86_64-windows-gnu

VM Arguments:
jvm_args: --add-opens=java.base/java.lang=ALL-UNNAMED --add-opens=java.base/java.lang.invoke=ALL-UNNAMED --add-opens=java.base/java.util=ALL-UNNAMED --add-opens=java.prefs/java.util.prefs=ALL-UNNAMED --add-exports=jdk.compiler/com.sun.tools.javac.api=ALL-UNNAMED --add-exports=jdk.compiler/com.sun.tools.javac.util=ALL-UNNAMED --add-opens=java.base/java.util=ALL-UNNAMED --add-opens=java.prefs/java.util.prefs=ALL-UNNAMED --add-opens=java.base/java.nio.charset=ALL-UNNAMED --add-opens=java.base/java.net=ALL-UNNAMED --add-opens=java.base/java.util.concurrent.atomic=ALL-UNNAMED --add-opens=java.xml/javax.xml.namespace=ALL-UNNAMED -XX:MaxMetaspaceSize=1024m -Xmx4096m -Dfile.encoding=windows-1252 -Duser.country=IN -Duser.language=en -Duser.variant -javaagent:C:\Users\Vauras\.gradle\wrapper\dists\gradle-8.13-bin\5xuhj0ry160q40clulazy9h7d\gradle-8.13\lib\agents\gradle-instrumentation-agent-8.13.jar 
java_command: org.gradle.launcher.daemon.bootstrap.GradleDaemon 8.13
java_class_path (initial): C:\Users\Vauras\.gradle\wrapper\dists\gradle-8.13-bin\5xuhj0ry160q40clulazy9h7d\gradle-8.13\lib\gradle-daemon-main-8.13.jar
Launcher Type: SUN_STANDARD

[Global flags]
     intx CICompilerCount                          = 4                                         {product} {ergonomic}
   size_t CompressedClassSpaceSize                 = 872415232                                 {product} {ergonomic}
     uint ConcGCThreads                            = 2                                         {product} {ergonomic}
     uint G1ConcRefinementThreads                  = 8                                         {product} {ergonomic}
   size_t G1HeapRegionSize                         = 2097152                                   {product} {ergonomic}
    uintx GCDrainStackTargetSize                   = 64                                        {product} {ergonomic}
   size_t InitialHeapSize                          = 121634816                                 {product} {ergonomic}
   size_t MarkStackSize                            = 4194304                                   {product} {ergonomic}
   size_t MaxHeapSize                              = 4294967296                                {product} {command line}
   size_t MaxMetaspaceSize                         = 1073741824                                {product} {command line}
   size_t MaxNewSize                               = 2575302656                                {product} {ergonomic}
   size_t MinHeapDeltaBytes                        = 2097152                                   {product} {ergonomic}
   size_t MinHeapSize                              = 8388608                                   {product} {ergonomic}
    uintx NonNMethodCodeHeapSize                   = 5839372                                {pd product} {ergonomic}
    uintx NonProfiledCodeHeapSize                  = 122909434                              {pd product} {ergonomic}
    uintx ProfiledCodeHeapSize                     = 122909434                              {pd product} {ergonomic}
    uintx ReservedCodeCacheSize                    = 251658240                              {pd product} {ergonomic}
     bool SegmentedCodeCache                       = true                                      {product} {ergonomic}
   size_t SoftMaxHeapSize                          = 4294967296                             {manageable} {ergonomic}
     bool UseCompressedClassPointers               = true                           {product lp64_product} {ergonomic}
     bool UseCompressedOops                        = true                           {product lp64_product} {ergonomic}
     bool UseG1GC                                  = true                                      {product} {ergonomic}
     bool UseLargePagesIndividualAllocation        = false                                  {pd product} {ergonomic}

Logging:
Log output configuration:
 #0: stdout all=warning uptime,level,tags
 #1: stderr all=off uptime,level,tags

Environment Variables:
JAVA_HOME=C:\Program Files\OpenLogic\jdk-17.0.14.7-hotspot
CLASSPATH=D:\salarybooks_mobileapp\Salarybooks-App\android\\gradle\wrapper\gradle-wrapper.jar
PATH=c:\Users\Vauras\AppData\Roaming\Code\User\globalStorage\github.copilot-chat\debugCommand;c:\Users\Vauras\AppData\Roaming\Code\User\globalStorage\github.copilot-chat\copilotCli;C:\Program Files\OpenLogic\jdk-17.0.14.7-hotspot\bin;C:\Windows\system32;C:\Windows;C:\Windows\System32\Wbem;C:\Windows\System32\WindowsPowerShell\v1.0\;C:\Windows\System32\OpenSSH\;C:\Users\Vauras\AppData\Local\Android\Sdk;C:\Users\Vauras\AppData\Local\Android\Sdk\platform-tools;C:\node-v14.20.0-win-x86\node_modules\npm\bin;C:\Users\Vauras\AppData\Roaming\nvm;C:\Program Files\nodejs;C:\Program Files\nodejs\;C:\Program Files\MongoDB\Server\8.0\bin;C:\mongodb-database-tools-windows-x86_64-100.12.0\bin;C:\Program Files\Git\cmd;C:\Users\Vauras\AppData\Roaming\nvm\v18.20.8;C:\Users\Vauras\AppData\Local\Programs\Python\Python311\Scripts\;C:\Users\Vauras\AppData\Local\Programs\Python\Python311\;C:\Users\Vauras\AppData\Local\Microsoft\WindowsApps;C:\Program Files\OpenLogic\jdk-17.0.14.7-hotspot\bin;C:\Users\Vauras\AppData\Local\Android\Sdk\platform-tools;C:\Users\Vauras\AppData\Local\Android\Sdk;C:\Users\Vauras\AppData\Local\Android\Sdk\emulator;C:\Users\Vauras\AppData\Local\Android\Sdk\build-tools;C:\Users\Vauras\AppData\Roaming\nvm;C:\Program Files\nodejs;C:\Users\Vauras\AppData\Roaming\npm;C:\Program Files\nodejs;C:\Program Files\MongoDB\Server\8.0\bin;C:\mongodb-database-tools-windows-x86_64-100.12.0\bin;C:\Users\Vauras\AppData\Local\Programs\Microsoft VS Code\bin;C:\Users\Vauras\AppData\Roaming\nvm\v18.20.8;c:\Users\Vauras\.vscode\extensions\vscjava.vscode-java-debug-0.59.0\bundled\scripts\noConfigScripts
USERNAME=Vauras
LANG=en_US.UTF-8
OS=Windows_NT
PROCESSOR_IDENTIFIER=AMD64 Family 23 Model 160 Stepping 0, AuthenticAMD
TMP=C:\Users\Vauras\AppData\Local\Temp
TEMP=C:\Users\Vauras\AppData\Local\Temp



Periodic native trim disabled


---------------  S Y S T E M  ---------------

OS:
 Windows 11 , 64 bit Build 26100 (10.0.26100.8246)
OS uptime: 0 days 2:02 hours
Hyper-V role detected

CPU: total 8 (initial active 8) (8 cores per cpu, 2 threads per core) family 23 model 160 stepping 0 microcode 0x8a0000b, cx8, cmov, fxsr, ht, mmx, 3dnowpref, sse, sse2, sse3, ssse3, sse4a, sse4.1, sse4.2, popcnt, lzcnt, tsc, tscinvbit, avx, avx2, aes, clmul, bmi1, bmi2, adx, sha, fma, vzeroupper, clflush, clflushopt, hv
Processor Information for all 8 processors :
  Max Mhz: 2801, Current Mhz: 2801, Mhz Limit: 2801

Memory: 4k page, system-wide physical 7418M (552M free)
TotalPageFile size 29946M (AvailPageFile size 68M)
current process WorkingSet (physical memory assigned to process): 1296M, peak: 1742M
current process commit charge ("private bytes"): 2584M, peak: 2800M

vm_info: OpenJDK 64-Bit Server VM (17.0.14+7-adhoc..jdk17u) for windows-amd64 JRE (17.0.14+7-adhoc..jdk17u), built on Jul  2 2025 17:59:17 by "" with MS VC++ 16.10 / 16.11 (VS2019)

END.
