#
# There is insufficient memory for the Java Runtime Environment to continue.
# Native memory allocation (malloc) failed to allocate 1246256 bytes. Error detail: Chunk::new
# Possible reasons:
#   The system is out of physical RAM or swap space
#   This process is running with CompressedOops enabled, and the Java Heap may be blocking the growth of the native heap
# Possible solutions:
#   Reduce memory load on the system
#   Increase physical memory or swap space
#   Check if swap backing store is full
#   Decrease Java heap size (-Xmx/-Xms)
#   Decrease number of Java threads
#   Decrease Java thread stack sizes (-Xss)
#   Set larger code cache with -XX:ReservedCodeCacheSize=
#   JVM is running with Zero Based Compressed Oops mode in which the Java heap is
#     placed in the first 32GB address space. The Java Heap base address is the
#     maximum limit for the native heap growth. Please use -XX:HeapBaseMinAddress
#     to set the Java Heap base and to place the Java Heap above 32GB virtual address.
# This output file may be truncated or incomplete.
#
#  Out of Memory Error (arena.cpp:191), pid=1800, tid=20452
#
# JRE version: OpenJDK Runtime Environment OpenLogic-OpenJDK (17.0.14+7) (build 17.0.14+7-adhoc..jdk17u)
# Java VM: OpenJDK 64-Bit Server VM OpenLogic-OpenJDK (17.0.14+7-adhoc..jdk17u, mixed mode, sharing, tiered, compressed oops, compressed class ptrs, g1 gc, windows-amd64)
# No core dump will be written. Minidumps are not enabled by default on client versions of Windows
#

---------------  S U M M A R Y ------------

Command Line: --add-opens=java.base/java.lang=ALL-UNNAMED --add-opens=java.base/java.lang.invoke=ALL-UNNAMED --add-opens=java.base/java.util=ALL-UNNAMED --add-opens=java.prefs/java.util.prefs=ALL-UNNAMED --add-exports=jdk.compiler/com.sun.tools.javac.api=ALL-UNNAMED --add-exports=jdk.compiler/com.sun.tools.javac.util=ALL-UNNAMED --add-opens=java.base/java.util=ALL-UNNAMED --add-opens=java.prefs/java.util.prefs=ALL-UNNAMED --add-opens=java.base/java.nio.charset=ALL-UNNAMED --add-opens=java.base/java.net=ALL-UNNAMED --add-opens=java.base/java.util.concurrent.atomic=ALL-UNNAMED --add-opens=java.xml/javax.xml.namespace=ALL-UNNAMED -XX:MaxMetaspaceSize=1024m -Xmx4096m -Dfile.encoding=windows-1252 -Duser.country=IN -Duser.language=en -Duser.variant -javaagent:C:\Users\Vauras\.gradle\wrapper\dists\gradle-8.13-bin\5xuhj0ry160q40clulazy9h7d\gradle-8.13\lib\agents\gradle-instrumentation-agent-8.13.jar org.gradle.launcher.daemon.bootstrap.GradleDaemon 8.13

Host: AMD Ryzen 5 7520U with Radeon Graphics         , 8 cores, 7G,  Windows 11 , 64 bit Build 26100 (10.0.26100.7920)
Time: Mon Apr  6 15:41:25 2026 India Standard Time elapsed time: 209.567591 seconds (0d 0h 3m 29s)

---------------  T H R E A D  ---------------

Current thread (0x00000181c1323120):  JavaThread "C2 CompilerThread1" daemon [_thread_in_native, id=20452, stack(0x0000004881800000,0x0000004881900000)]


Current CompileTask:
C2: 209567 38546   !   4       com.sun.org.apache.xerces.internal.impl.XMLDocumentFragmentScannerImpl$FragmentContentDriver::next (2331 bytes)

Stack: [0x0000004881800000,0x0000004881900000]
Native frames: (J=compiled Java code, j=interpreted, Vv=VM code, C=native code)
V  [jvm.dll+0x681069]
V  [jvm.dll+0x838cca]
V  [jvm.dll+0x83a78e]
V  [jvm.dll+0x83adf3]
V  [jvm.dll+0x24826f]
V  [jvm.dll+0xac9f4]
V  [jvm.dll+0xad03c]
V  [jvm.dll+0x3678e2]
V  [jvm.dll+0x331cda]
V  [jvm.dll+0x33117a]
V  [jvm.dll+0x21a7b1]
V  [jvm.dll+0x219bf1]
V  [jvm.dll+0x1a599d]
V  [jvm.dll+0x22994d]
V  [jvm.dll+0x227adc]
V  [jvm.dll+0x7edb77]
V  [jvm.dll+0x7e7f6c]
V  [jvm.dll+0x67ff37]
C  [ucrtbase.dll+0x37b0]
C  [KERNEL32.DLL+0x2e8d7]
C  [ntdll.dll+0x8c48c]


---------------  P R O C E S S  ---------------

Threads class SMR info:
_java_thread_list=0x00000181d3a836a0, length=193, elements={
0x00000181e36cdc90, 0x00000181ff491490, 0x00000181ff494ae0, 0x00000181ff4aee70,
0x00000181ff4af940, 0x00000181ff4b3630, 0x00000181ff4b5210, 0x00000181ff4ba9e0,
0x00000181ff4c9bb0, 0x00000181c1020090, 0x00000181ff47be00, 0x00000181c11c94c0,
0x00000181c2a5e010, 0x00000181c2a0ffe0, 0x00000181c29c17f0, 0x00000181c2cd54f0,
0x00000181c18e9ce0, 0x00000181c18e97d0, 0x00000181c18eb630, 0x00000181c18ebb40,
0x00000181c46ec010, 0x00000181c46ec520, 0x00000181c46eeda0, 0x00000181c46eb5f0,
0x00000181c61a3fa0, 0x00000181c61a8170, 0x00000181c61a7c60, 0x00000181c61a8680,
0x00000181c61a90a0, 0x00000181c61a95b0, 0x00000181c3190550, 0x00000181c318fb30,
0x00000181c31937f0, 0x00000181c3194720, 0x00000181c3194c30, 0x00000181c61aa9f0,
0x00000181cdec53c0, 0x00000181c5c89c30, 0x00000181c5c887f0, 0x00000181c5c882e0,
0x00000181c5c8ab60, 0x00000181c5c8a650, 0x00000181c5c87dd0, 0x00000181c5c88d00,
0x00000181c5c89210, 0x00000181c5c873b0, 0x00000181c5c8b070, 0x00000181c5c878c0,
0x00000181c5c8ba90, 0x00000181c5c89720, 0x00000181c5c8d3e0, 0x00000181c5c8bfa0,
0x00000181c5c8d8f0, 0x00000181c5c8e310, 0x00000181c5c8de00, 0x00000181c5c8ced0,
0x00000181c5c8c4b0, 0x00000181c5c8e820, 0x00000181c5c8ed30, 0x00000181c5c8c9c0,
0x00000181c314de70, 0x00000181c314fcd0, 0x00000181c3151b30, 0x00000181c31501e0,
0x00000181c3150c00, 0x00000181c314f2b0, 0x00000181c314e890, 0x00000181c3153990,
0x00000181c3152550, 0x00000181c3153ea0, 0x00000181c3152a60, 0x00000181c31552e0,
0x00000181c3154dd0, 0x00000181c31543b0, 0x00000181c3152040, 0x00000181c31557f0,
0x00000181c61a53e0, 0x00000181c61a49c0, 0x00000181c61a6820, 0x00000181c61a58f0,
0x00000181c61a6310, 0x00000181c61a4ed0, 0x00000181c61a3580, 0x00000181c61a3070,
0x00000181c61a6d30, 0x00000181c61a3a90, 0x00000181c61a5e00, 0x00000181c61a44b0,
0x00000181c61a7240, 0x00000181c61a7750, 0x00000181c382ed60, 0x00000181c382de30,
0x00000181c382d920, 0x00000181c382e850, 0x00000181c382f270, 0x00000181c382fc90,
0x00000181c38301a0, 0x00000181c38306b0, 0x00000181c3191990, 0x00000181c31923b0,
0x00000181c318f110, 0x00000181c3193d00, 0x00000181c3190a60, 0x00000181c3196070,
0x00000181c18e8390, 0x00000181c18e92c0, 0x00000181c18eac10, 0x00000181c46ecf40,
0x00000181c46ede70, 0x00000181c46ebb00, 0x00000181c4223a50, 0x00000181c4224e90,
0x00000181c4224980, 0x00000181c42253a0, 0x00000181c4225dc0, 0x00000181c42258b0,
0x00000181c4227200, 0x00000181c42267e0, 0x00000181c42262d0, 0x00000181c4226cf0,
0x00000181c4227710, 0x00000181c4223f60, 0x00000181c4227c20, 0x00000181c4224470,
0x00000181c422b3d0, 0x00000181c422a4a0, 0x00000181c422a9b0, 0x00000181c4228130,
0x00000181c422aec0, 0x00000181c4229060, 0x00000181c4228640, 0x00000181c4229a80,
0x00000181c4228b50, 0x00000181c4229570, 0x00000181c4229f90, 0x00000181c18eb120,
0x00000181c67da650, 0x00000181c67db070, 0x00000181c67dba90, 0x00000181c67d8d00,
0x00000181c812b100, 0x00000181c812bb20, 0x00000181c81297b0, 0x00000181c812cf60,
0x00000181c812d470, 0x00000181c812c030, 0x00000181c8130710, 0x00000181c8129cc0,
0x00000181c382f780, 0x00000181c382d410, 0x00000181c3830bc0, 0x00000181c812edc0,
0x00000181c5c8b580, 0x00000181c382e340, 0x00000181c5c8a140, 0x00000181cdec62f0,
0x00000181c812e8b0, 0x00000181c61aa4e0, 0x00000181c18e88a0, 0x00000181d1ede380,
0x00000181d1ede890, 0x00000181d1edc520, 0x00000181d1ededa0, 0x00000181d1edd960,
0x00000181d1ee1110, 0x00000181d1ee06f0, 0x00000181d1ee2550, 0x00000181d1ee1620,
0x00000181d1ee3480, 0x00000181d1ee3ea0, 0x00000181d1ee2a60, 0x00000181d1ee57f0,
0x00000181d809b900, 0x00000181cf139580, 0x00000181d2454190, 0x00000181cd016070,
0x00000181cf139fa0, 0x00000181c350da20, 0x00000181d809a9d0, 0x00000181cf13a4b0,
0x00000181d1ee3990, 0x00000181cf13a9c0, 0x00000181d1c87750, 0x00000181d1c88170,
0x00000181c350d510, 0x00000181d1edca30, 0x00000181d1ee2040, 0x00000181d809b3f0,
0x00000181cd016a90, 0x00000181c5afd0e0, 0x00000181c350d000, 0x00000181c1323120,
0x00000181d1c88680
}

Java Threads: ( => current thread )
  0x00000181e36cdc90 JavaThread "main" [_thread_blocked, id=20272, stack(0x00000048f7a00000,0x00000048f7b00000)]
  0x00000181ff491490 JavaThread "Reference Handler" daemon [_thread_blocked, id=19572, stack(0x00000048f8100000,0x00000048f8200000)]
  0x00000181ff494ae0 JavaThread "Finalizer" daemon [_thread_blocked, id=19600, stack(0x00000048f8200000,0x00000048f8300000)]
  0x00000181ff4aee70 JavaThread "Signal Dispatcher" daemon [_thread_blocked, id=22212, stack(0x00000048f8300000,0x00000048f8400000)]
  0x00000181ff4af940 JavaThread "Attach Listener" daemon [_thread_blocked, id=6012, stack(0x00000048f8400000,0x00000048f8500000)]
  0x00000181ff4b3630 JavaThread "Service Thread" daemon [_thread_blocked, id=9896, stack(0x00000048f8500000,0x00000048f8600000)]
  0x00000181ff4b5210 JavaThread "Monitor Deflation Thread" daemon [_thread_blocked, id=18812, stack(0x00000048f8600000,0x00000048f8700000)]
  0x00000181ff4ba9e0 JavaThread "C2 CompilerThread0" daemon [_thread_in_vm, id=1848, stack(0x00000048f8700000,0x00000048f8800000)]
  0x00000181ff4c9bb0 JavaThread "C1 CompilerThread0" daemon [_thread_in_vm, id=21188, stack(0x00000048f8800000,0x00000048f8900000)]
  0x00000181c1020090 JavaThread "Sweeper thread" daemon [_thread_blocked, id=7840, stack(0x00000048f8900000,0x00000048f8a00000)]
  0x00000181ff47be00 JavaThread "Common-Cleaner" daemon [_thread_blocked, id=15036, stack(0x00000048f8a00000,0x00000048f8b00000)]
  0x00000181c11c94c0 JavaThread "Notification Thread" daemon [_thread_blocked, id=24340, stack(0x00000048f8c00000,0x00000048f8d00000)]
  0x00000181c2a5e010 JavaThread "Daemon health stats" [_thread_blocked, id=20984, stack(0x00000048f9300000,0x00000048f9400000)]
  0x00000181c2a0ffe0 JavaThread "Incoming local TCP Connector on port 56756" [_thread_in_native, id=20680, stack(0x00000048f9400000,0x00000048f9500000)]
  0x00000181c29c17f0 JavaThread "Daemon periodic checks" [_thread_blocked, id=23564, stack(0x00000048f9500000,0x00000048f9600000)]
  0x00000181c2cd54f0 JavaThread "Daemon" [_thread_blocked, id=10332, stack(0x00000048f9600000,0x00000048f9700000)]
  0x00000181c18e9ce0 JavaThread "Daemon worker" [_thread_blocked, id=21400, stack(0x00000048f9900000,0x00000048f9a00000)]
  0x00000181c18e97d0 JavaThread "Cache worker for journal cache (C:\Users\Vauras\.gradle\caches\journal-1)" [_thread_blocked, id=10328, stack(0x00000048f8b00000,0x00000048f8c00000)]
  0x00000181c18eb630 JavaThread "File lock request listener" [_thread_in_native, id=8776, stack(0x00000048f9d00000,0x00000048f9e00000)]
  0x00000181c18ebb40 JavaThread "Cache worker for file hash cache (C:\Users\Vauras\.gradle\caches\8.13\fileHashes)" [_thread_blocked, id=20568, stack(0x00000048f9e00000,0x00000048f9f00000)]
  0x00000181c46ec010 JavaThread "File watcher server" daemon [_thread_in_native, id=24460, stack(0x00000048fa600000,0x00000048fa700000)]
  0x00000181c46ec520 JavaThread "File watcher consumer" daemon [_thread_blocked, id=11076, stack(0x00000048fa700000,0x00000048fa800000)]
  0x00000181c46eeda0 JavaThread "jar transforms" [_thread_blocked, id=20240, stack(0x00000048fa800000,0x00000048fa900000)]
  0x00000181c46eb5f0 JavaThread "Cache worker for file content cache (C:\Users\Vauras\.gradle\caches\8.13\fileContent)" [_thread_blocked, id=12128, stack(0x00000048faa00000,0x00000048fab00000)]
  0x00000181c61a3fa0 JavaThread "Memory manager" [_thread_blocked, id=23584, stack(0x00000048fc800000,0x00000048fc900000)]
  0x00000181c61a8170 JavaThread "ForkJoinPool.commonPool-worker-1" daemon [_thread_blocked, id=1628, stack(0x00000048fca00000,0x00000048fcb00000)]
  0x00000181c61a7c60 JavaThread "ForkJoinPool.commonPool-worker-2" daemon [_thread_blocked, id=22760, stack(0x00000048fcb00000,0x00000048fcc00000)]
  0x00000181c61a8680 JavaThread "ForkJoinPool.commonPool-worker-3" daemon [_thread_blocked, id=9392, stack(0x00000048fcc00000,0x00000048fcd00000)]
  0x00000181c61a90a0 JavaThread "ForkJoinPool.commonPool-worker-5" daemon [_thread_blocked, id=8872, stack(0x00000048fce00000,0x00000048fcf00000)]
  0x00000181c61a95b0 JavaThread "ForkJoinPool.commonPool-worker-6" daemon [_thread_blocked, id=21628, stack(0x00000048fcf00000,0x00000048fd000000)]
  0x00000181c3190550 JavaThread "jar transforms Thread 2" [_thread_blocked, id=8348, stack(0x0000004880f00000,0x0000004881000000)]
  0x00000181c318fb30 JavaThread "jar transforms Thread 3" [_thread_blocked, id=18404, stack(0x0000004881100000,0x0000004881200000)]
  0x00000181c31937f0 JavaThread "jar transforms Thread 4" [_thread_blocked, id=21636, stack(0x0000004881500000,0x0000004881600000)]
  0x00000181c3194720 JavaThread "jar transforms Thread 5" [_thread_blocked, id=13308, stack(0x0000004881600000,0x0000004881700000)]
  0x00000181c3194c30 JavaThread "jar transforms Thread 6" [_thread_blocked, id=3600, stack(0x0000004881700000,0x0000004881800000)]
  0x00000181c61aa9f0 JavaThread "jar transforms Thread 7" [_thread_blocked, id=21760, stack(0x0000004881b00000,0x0000004881c00000)]
  0x00000181cdec53c0 JavaThread "jar transforms Thread 8" [_thread_blocked, id=23984, stack(0x0000004881c00000,0x0000004881d00000)]
  0x00000181c5c89c30 JavaThread "Handler for socket connection from /127.0.0.1:56756 to /127.0.0.1:63916" [_thread_in_native, id=10232, stack(0x0000004880100000,0x0000004880200000)]
  0x00000181c5c887f0 JavaThread "Cancel handler" [_thread_blocked, id=18824, stack(0x0000004880200000,0x0000004880300000)]
  0x00000181c5c882e0 JavaThread "Asynchronous log dispatcher for DefaultDaemonConnection: socket connection from /127.0.0.1:56756 to /127.0.0.1:63916" [_thread_blocked, id=18488, stack(0x0000004880300000,0x0000004880400000)]
  0x00000181c5c8ab60 JavaThread "Stdin handler" [_thread_blocked, id=16980, stack(0x0000004880400000,0x0000004880500000)]
  0x00000181c5c8a650 JavaThread "Daemon client event forwarder" [_thread_blocked, id=18032, stack(0x0000004880500000,0x0000004880600000)]
  0x00000181c5c87dd0 JavaThread "Cache worker for file hash cache (D:\salarybooks_mobileapp\Salarybooks-App\android\.gradle\8.13\fileHashes)" [_thread_blocked, id=23340, stack(0x0000004880600000,0x0000004880700000)]
  0x00000181c5c88d00 JavaThread "Cache worker for Build Output Cleanup Cache (D:\salarybooks_mobileapp\Salarybooks-App\android\.gradle\buildOutputCleanup)" [_thread_blocked, id=23064, stack(0x0000004880700000,0x0000004880800000)]
  0x00000181c5c89210 JavaThread "Cache worker for checksums cache (D:\salarybooks_mobileapp\Salarybooks-App\android\.gradle\8.13\checksums)" [_thread_blocked, id=21164, stack(0x0000004880900000,0x0000004880a00000)]
  0x00000181c5c873b0 JavaThread "Cache worker for cache directory md-supplier (C:\Users\Vauras\.gradle\caches\8.13\md-supplier)" [_thread_blocked, id=24076, stack(0x0000004880a00000,0x0000004880b00000)]
  0x00000181c5c8b070 JavaThread "Cache worker for cache directory md-rule (C:\Users\Vauras\.gradle\caches\8.13\md-rule)" [_thread_blocked, id=14976, stack(0x0000004880b00000,0x0000004880c00000)]
  0x00000181c5c878c0 JavaThread "Cache worker for Build Output Cleanup Cache (D:\salarybooks_mobileapp\Salarybooks-App\node_modules\@react-native\gradle-plugin\.gradle\buildOutputCleanup)" [_thread_blocked, id=19956, stack(0x0000004880c00000,0x0000004880d00000)]
  0x00000181c5c8ba90 JavaThread "Unconstrained build operations" [_thread_blocked, id=19504, stack(0x0000004880d00000,0x0000004880e00000)]
  0x00000181c5c89720 JavaThread "Unconstrained build operations Thread 2" [_thread_blocked, id=7584, stack(0x0000004880e00000,0x0000004880f00000)]
  0x00000181c5c8d3e0 JavaThread "Unconstrained build operations Thread 3" [_thread_blocked, id=24368, stack(0x0000004881200000,0x0000004881300000)]
  0x00000181c5c8bfa0 JavaThread "Unconstrained build operations Thread 4" [_thread_blocked, id=23160, stack(0x0000004881300000,0x0000004881400000)]
  0x00000181c5c8d8f0 JavaThread "Unconstrained build operations Thread 5" [_thread_blocked, id=880, stack(0x0000004881400000,0x0000004881500000)]
  0x00000181c5c8e310 JavaThread "Unconstrained build operations Thread 6" [_thread_blocked, id=13208, stack(0x0000004881900000,0x0000004881a00000)]
  0x00000181c5c8de00 JavaThread "Unconstrained build operations Thread 7" [_thread_blocked, id=12380, stack(0x0000004881a00000,0x0000004881b00000)]
  0x00000181c5c8ced0 JavaThread "Unconstrained build operations Thread 8" [_thread_blocked, id=21536, stack(0x0000004882000000,0x0000004882100000)]
  0x00000181c5c8c4b0 JavaThread "Unconstrained build operations Thread 9" [_thread_blocked, id=18808, stack(0x0000004882100000,0x0000004882200000)]
  0x00000181c5c8e820 JavaThread "Unconstrained build operations Thread 10" [_thread_blocked, id=22632, stack(0x0000004882200000,0x0000004882300000)]
  0x00000181c5c8ed30 JavaThread "Unconstrained build operations Thread 11" [_thread_blocked, id=22276, stack(0x0000004882300000,0x0000004882400000)]
  0x00000181c5c8c9c0 JavaThread "Unconstrained build operations Thread 12" [_thread_blocked, id=7396, stack(0x0000004882400000,0x0000004882500000)]
  0x00000181c314de70 JavaThread "Unconstrained build operations Thread 13" [_thread_blocked, id=1744, stack(0x0000004882500000,0x0000004882600000)]
  0x00000181c314fcd0 JavaThread "Unconstrained build operations Thread 14" [_thread_blocked, id=18528, stack(0x0000004882600000,0x0000004882700000)]
  0x00000181c3151b30 JavaThread "Unconstrained build operations Thread 15" [_thread_blocked, id=22172, stack(0x0000004882700000,0x0000004882800000)]
  0x00000181c31501e0 JavaThread "Unconstrained build operations Thread 16" [_thread_blocked, id=21908, stack(0x0000004882800000,0x0000004882900000)]
  0x00000181c3150c00 JavaThread "Unconstrained build operations Thread 17" [_thread_blocked, id=19628, stack(0x0000004882900000,0x0000004882a00000)]
  0x00000181c314f2b0 JavaThread "Unconstrained build operations Thread 18" [_thread_blocked, id=16576, stack(0x0000004882a00000,0x0000004882b00000)]
  0x00000181c314e890 JavaThread "build event listener" [_thread_blocked, id=22484, stack(0x0000004882b00000,0x0000004882c00000)]
  0x00000181c3153990 JavaThread "included builds" [_thread_blocked, id=15352, stack(0x0000004882d00000,0x0000004882e00000)]
  0x00000181c3152550 JavaThread "Execution worker" [_thread_blocked, id=19228, stack(0x0000004882e00000,0x0000004882f00000)]
  0x00000181c3153ea0 JavaThread "Execution worker Thread 2" [_thread_blocked, id=5668, stack(0x0000004882f00000,0x0000004883000000)]
  0x00000181c3152a60 JavaThread "Execution worker Thread 3" [_thread_blocked, id=1056, stack(0x0000004883000000,0x0000004883100000)]
  0x00000181c31552e0 JavaThread "Execution worker Thread 4" [_thread_blocked, id=23660, stack(0x0000004883100000,0x0000004883200000)]
  0x00000181c3154dd0 JavaThread "Execution worker Thread 5" [_thread_blocked, id=9744, stack(0x0000004883200000,0x0000004883300000)]
  0x00000181c31543b0 JavaThread "Execution worker Thread 6" [_thread_blocked, id=8512, stack(0x0000004883300000,0x0000004883400000)]
  0x00000181c3152040 JavaThread "Cache worker for execution history cache (D:\salarybooks_mobileapp\Salarybooks-App\node_modules\@react-native\gradle-plugin\.gradle\8.13\executionHistory)" [_thread_blocked, id=3816, stack(0x0000004883400000,0x0000004883500000)]
  0x00000181c31557f0 JavaThread "Execution worker Thread 7" [_thread_blocked, id=14004, stack(0x0000004883500000,0x0000004883600000)]
  0x00000181c61a53e0 JavaThread "Unconstrained build operations Thread 19" [_thread_blocked, id=8040, stack(0x0000004883600000,0x0000004883700000)]
  0x00000181c61a49c0 JavaThread "Unconstrained build operations Thread 20" [_thread_blocked, id=10680, stack(0x0000004883700000,0x0000004883800000)]
  0x00000181c61a6820 JavaThread "Unconstrained build operations Thread 21" [_thread_blocked, id=10972, stack(0x0000004883800000,0x0000004883900000)]
  0x00000181c61a58f0 JavaThread "Unconstrained build operations Thread 22" [_thread_blocked, id=18612, stack(0x0000004883900000,0x0000004883a00000)]
  0x00000181c61a6310 JavaThread "Unconstrained build operations Thread 23" [_thread_blocked, id=24092, stack(0x0000004883a00000,0x0000004883b00000)]
  0x00000181c61a4ed0 JavaThread "Unconstrained build operations Thread 24" [_thread_blocked, id=7204, stack(0x0000004883b00000,0x0000004883c00000)]
  0x00000181c61a3580 JavaThread "Unconstrained build operations Thread 25" [_thread_blocked, id=12960, stack(0x0000004883c00000,0x0000004883d00000)]
  0x00000181c61a3070 JavaThread "Unconstrained build operations Thread 26" [_thread_blocked, id=19244, stack(0x0000004883d00000,0x0000004883e00000)]
  0x00000181c61a6d30 JavaThread "Unconstrained build operations Thread 27" [_thread_blocked, id=23408, stack(0x0000004883e00000,0x0000004883f00000)]
  0x00000181c61a3a90 JavaThread "Unconstrained build operations Thread 28" [_thread_blocked, id=18680, stack(0x0000004883f00000,0x0000004884000000)]
  0x00000181c61a5e00 JavaThread "Unconstrained build operations Thread 29" [_thread_blocked, id=19676, stack(0x0000004884000000,0x0000004884100000)]
  0x00000181c61a44b0 JavaThread "Unconstrained build operations Thread 30" [_thread_blocked, id=19796, stack(0x0000004884100000,0x0000004884200000)]
  0x00000181c61a7240 JavaThread "Unconstrained build operations Thread 31" [_thread_blocked, id=3524, stack(0x0000004884200000,0x0000004884300000)]
  0x00000181c61a7750 JavaThread "Unconstrained build operations Thread 32" [_thread_blocked, id=19680, stack(0x0000004884300000,0x0000004884400000)]
  0x00000181c382ed60 JavaThread "Unconstrained build operations Thread 33" [_thread_blocked, id=5748, stack(0x0000004884400000,0x0000004884500000)]
  0x00000181c382de30 JavaThread "Unconstrained build operations Thread 34" [_thread_blocked, id=22808, stack(0x0000004884500000,0x0000004884600000)]
  0x00000181c382d920 JavaThread "Unconstrained build operations Thread 35" [_thread_blocked, id=22068, stack(0x0000004884600000,0x0000004884700000)]
  0x00000181c382e850 JavaThread "Unconstrained build operations Thread 36" [_thread_blocked, id=21120, stack(0x0000004884700000,0x0000004884800000)]
  0x00000181c382f270 JavaThread "Unconstrained build operations Thread 37" [_thread_blocked, id=18908, stack(0x0000004884800000,0x0000004884900000)]
  0x00000181c382fc90 JavaThread "Unconstrained build operations Thread 38" [_thread_blocked, id=22804, stack(0x0000004884900000,0x0000004884a00000)]
  0x00000181c38301a0 JavaThread "Unconstrained build operations Thread 39" [_thread_blocked, id=20508, stack(0x0000004884a00000,0x0000004884b00000)]
  0x00000181c38306b0 JavaThread "Unconstrained build operations Thread 40" [_thread_blocked, id=12568, stack(0x0000004884b00000,0x0000004884c00000)]
  0x00000181c3191990 JavaThread "Unconstrained build operations Thread 41" [_thread_blocked, id=21700, stack(0x0000004884c00000,0x0000004884d00000)]
  0x00000181c31923b0 JavaThread "Unconstrained build operations Thread 42" [_thread_blocked, id=10576, stack(0x0000004884d00000,0x0000004884e00000)]
  0x00000181c318f110 JavaThread "Unconstrained build operations Thread 43" [_thread_blocked, id=22060, stack(0x0000004884e00000,0x0000004884f00000)]
  0x00000181c3193d00 JavaThread "Unconstrained build operations Thread 44" [_thread_blocked, id=11916, stack(0x0000004884f00000,0x0000004885000000)]
  0x00000181c3190a60 JavaThread "Unconstrained build operations Thread 45" [_thread_blocked, id=11136, stack(0x0000004885000000,0x0000004885100000)]
  0x00000181c3196070 JavaThread "Unconstrained build operations Thread 46" [_thread_blocked, id=24232, stack(0x0000004885100000,0x0000004885200000)]
  0x00000181c18e8390 JavaThread "Unconstrained build operations Thread 47" [_thread_blocked, id=21492, stack(0x0000004885200000,0x0000004885300000)]
  0x00000181c18e92c0 JavaThread "Unconstrained build operations Thread 48" [_thread_blocked, id=15704, stack(0x0000004885300000,0x0000004885400000)]
  0x00000181c18eac10 JavaThread "Unconstrained build operations Thread 49" [_thread_blocked, id=14100, stack(0x0000004885400000,0x0000004885500000)]
  0x00000181c46ecf40 JavaThread "Unconstrained build operations Thread 50" [_thread_blocked, id=24028, stack(0x0000004885500000,0x0000004885600000)]
  0x00000181c46ede70 JavaThread "Unconstrained build operations Thread 51" [_thread_blocked, id=4856, stack(0x0000004885600000,0x0000004885700000)]
  0x00000181c46ebb00 JavaThread "Unconstrained build operations Thread 52" [_thread_blocked, id=18360, stack(0x0000004885700000,0x0000004885800000)]
  0x00000181c4223a50 JavaThread "Unconstrained build operations Thread 53" [_thread_blocked, id=896, stack(0x0000004885800000,0x0000004885900000)]
  0x00000181c4224e90 JavaThread "Unconstrained build operations Thread 54" [_thread_blocked, id=5192, stack(0x0000004885900000,0x0000004885a00000)]
  0x00000181c4224980 JavaThread "Unconstrained build operations Thread 55" [_thread_blocked, id=6156, stack(0x0000004885a00000,0x0000004885b00000)]
  0x00000181c42253a0 JavaThread "Unconstrained build operations Thread 56" [_thread_blocked, id=7688, stack(0x0000004885b00000,0x0000004885c00000)]
  0x00000181c4225dc0 JavaThread "Unconstrained build operations Thread 57" [_thread_blocked, id=24060, stack(0x0000004885c00000,0x0000004885d00000)]
  0x00000181c42258b0 JavaThread "Unconstrained build operations Thread 58" [_thread_blocked, id=24260, stack(0x0000004885d00000,0x0000004885e00000)]
  0x00000181c4227200 JavaThread "Unconstrained build operations Thread 59" [_thread_blocked, id=6240, stack(0x0000004885e00000,0x0000004885f00000)]
  0x00000181c42267e0 JavaThread "Unconstrained build operations Thread 60" [_thread_blocked, id=23640, stack(0x0000004885f00000,0x0000004886000000)]
  0x00000181c42262d0 JavaThread "Unconstrained build operations Thread 61" [_thread_blocked, id=13096, stack(0x0000004886000000,0x0000004886100000)]
  0x00000181c4226cf0 JavaThread "Unconstrained build operations Thread 62" [_thread_blocked, id=17072, stack(0x0000004886100000,0x0000004886200000)]
  0x00000181c4227710 JavaThread "Unconstrained build operations Thread 63" [_thread_blocked, id=2160, stack(0x0000004886200000,0x0000004886300000)]
  0x00000181c4223f60 JavaThread "Unconstrained build operations Thread 64" [_thread_blocked, id=23228, stack(0x0000004886300000,0x0000004886400000)]
  0x00000181c4227c20 JavaThread "Unconstrained build operations Thread 65" [_thread_blocked, id=17144, stack(0x0000004886400000,0x0000004886500000)]
  0x00000181c4224470 JavaThread "Unconstrained build operations Thread 66" [_thread_blocked, id=24176, stack(0x0000004886500000,0x0000004886600000)]
  0x00000181c422b3d0 JavaThread "Unconstrained build operations Thread 67" [_thread_blocked, id=180, stack(0x0000004886600000,0x0000004886700000)]
  0x00000181c422a4a0 JavaThread "Unconstrained build operations Thread 68" [_thread_blocked, id=15208, stack(0x0000004886700000,0x0000004886800000)]
  0x00000181c422a9b0 JavaThread "build event listener" [_thread_blocked, id=8188, stack(0x0000004886800000,0x0000004886900000)]
  0x00000181c4228130 JavaThread "Problems report writer" [_thread_blocked, id=12852, stack(0x0000004886900000,0x0000004886a00000)]
  0x00000181c422aec0 JavaThread "Unconstrained build operations Thread 69" [_thread_blocked, id=14512, stack(0x0000004886a00000,0x0000004886b00000)]
  0x00000181c4229060 JavaThread "Unconstrained build operations Thread 70" [_thread_blocked, id=17276, stack(0x0000004886b00000,0x0000004886c00000)]
  0x00000181c4228640 JavaThread "Unconstrained build operations Thread 71" [_thread_blocked, id=17700, stack(0x0000004886c00000,0x0000004886d00000)]
  0x00000181c4229a80 JavaThread "Unconstrained build operations Thread 72" [_thread_blocked, id=23116, stack(0x0000004886d00000,0x0000004886e00000)]
  0x00000181c4228b50 JavaThread "Unconstrained build operations Thread 73" [_thread_blocked, id=21096, stack(0x0000004886e00000,0x0000004886f00000)]
  0x00000181c4229570 JavaThread "Unconstrained build operations Thread 74" [_thread_blocked, id=18412, stack(0x0000004886f00000,0x0000004887000000)]
  0x00000181c4229f90 JavaThread "Unconstrained build operations Thread 75" [_thread_blocked, id=17516, stack(0x0000004887000000,0x0000004887100000)]
  0x00000181c18eb120 JavaThread "Unconstrained build operations Thread 76" [_thread_blocked, id=20976, stack(0x0000004887100000,0x0000004887200000)]
  0x00000181c67da650 JavaThread "Unconstrained build operations Thread 77" [_thread_blocked, id=12788, stack(0x0000004887200000,0x0000004887300000)]
  0x00000181c67db070 JavaThread "Unconstrained build operations Thread 78" [_thread_blocked, id=3228, stack(0x0000004887300000,0x0000004887400000)]
  0x00000181c67dba90 JavaThread "Unconstrained build operations Thread 79" [_thread_blocked, id=8576, stack(0x0000004887400000,0x0000004887500000)]
  0x00000181c67d8d00 JavaThread "Unconstrained build operations Thread 80" [_thread_blocked, id=9408, stack(0x0000004887500000,0x0000004887600000)]
  0x00000181c812b100 JavaThread "Cache worker for execution history cache (D:\salarybooks_mobileapp\Salarybooks-App\android\.gradle\8.13\executionHistory)" [_thread_blocked, id=21080, stack(0x0000004882c00000,0x0000004882d00000)]
  0x00000181c812bb20 JavaThread "WorkerExecutor Queue" [_thread_in_native, id=24352, stack(0x0000004887600000,0x0000004887700000)]
  0x00000181c81297b0 JavaThread "WorkerExecutor Queue Thread 2" [_thread_in_native, id=24388, stack(0x0000004887700000,0x0000004887800000)]
  0x00000181c812cf60 JavaThread "WorkerExecutor Queue Thread 3" [_thread_in_native, id=20624, stack(0x0000004887800000,0x0000004887900000)]
  0x00000181c812d470 JavaThread "WorkerExecutor Queue Thread 4" [_thread_blocked, id=24048, stack(0x0000004887900000,0x0000004887a00000)]
  0x00000181c812c030 JavaThread "WorkerExecutor Queue Thread 6" [_thread_blocked, id=7352, stack(0x0000004887b00000,0x0000004887c00000)]
  0x00000181c8130710 JavaThread "WorkerExecutor Queue Thread 7" [_thread_blocked, id=5944, stack(0x0000004887c00000,0x0000004887d00000)]
  0x00000181c8129cc0 JavaThread "WorkerExecutor Queue Thread 8" [_thread_blocked, id=7852, stack(0x0000004887d00000,0x0000004887e00000)]
  0x00000181c382f780 JavaThread "pool-5-thread-1" [_thread_blocked, id=21872, stack(0x0000004881000000,0x0000004881100000)]
  0x00000181c382d410 JavaThread "stderr" [_thread_in_native, id=15788, stack(0x0000004887e00000,0x0000004887f00000)]
  0x00000181c3830bc0 JavaThread "stdout" [_thread_in_native, id=18852, stack(0x0000004887f00000,0x0000004888000000)]
  0x00000181c812edc0 JavaThread "stderr" [_thread_in_native, id=17832, stack(0x0000004888000000,0x0000004888100000)]
  0x00000181c5c8b580 JavaThread "stdout" [_thread_in_native, id=7476, stack(0x0000004888100000,0x0000004888200000)]
  0x00000181c382e340 JavaThread "stderr" [_thread_in_native, id=4260, stack(0x0000004888200000,0x0000004888300000)]
  0x00000181c5c8a140 JavaThread "stdout" [_thread_in_native, id=7492, stack(0x0000004888300000,0x0000004888400000)]
  0x00000181cdec62f0 JavaThread "stderr" [_thread_in_native, id=19300, stack(0x0000004888400000,0x0000004888500000)]
  0x00000181c812e8b0 JavaThread "stdout" [_thread_in_native, id=24572, stack(0x0000004888500000,0x0000004888600000)]
  0x00000181c61aa4e0 JavaThread "stderr" [_thread_in_native, id=17884, stack(0x0000004888600000,0x0000004888700000)]
  0x00000181c18e88a0 JavaThread "stdout" [_thread_in_native, id=18284, stack(0x0000004888700000,0x0000004888800000)]
  0x00000181d1ede380 JavaThread "stderr" [_thread_in_native, id=24428, stack(0x0000004888800000,0x0000004888900000)]
  0x00000181d1ede890 JavaThread "stdout" [_thread_in_native, id=20364, stack(0x0000004888900000,0x0000004888a00000)]
  0x00000181d1edc520 JavaThread "stderr" [_thread_in_native, id=22576, stack(0x0000004888a00000,0x0000004888b00000)]
  0x00000181d1ededa0 JavaThread "stdout" [_thread_in_native, id=24148, stack(0x0000004888b00000,0x0000004888c00000)]
  0x00000181d1edd960 JavaThread "Cache worker for Java compile cache (C:\Users\Vauras\.gradle\caches\8.13\javaCompile)" [_thread_blocked, id=11212, stack(0x0000004880800000,0x0000004880900000)]
  0x00000181d1ee1110 JavaThread "Build operations" [_thread_blocked, id=23380, stack(0x0000004888d00000,0x0000004888e00000)]
  0x00000181d1ee06f0 JavaThread "Build operations Thread 2" [_thread_blocked, id=10660, stack(0x0000004888e00000,0x0000004888f00000)]
  0x00000181d1ee2550 JavaThread "Build operations Thread 3" [_thread_blocked, id=2316, stack(0x0000004888f00000,0x0000004889000000)]
  0x00000181d1ee1620 JavaThread "Build operations Thread 4" [_thread_blocked, id=22364, stack(0x0000004889000000,0x0000004889100000)]
  0x00000181d1ee3480 JavaThread "Build operations Thread 5" [_thread_blocked, id=6920, stack(0x0000004889100000,0x0000004889200000)]
  0x00000181d1ee3ea0 JavaThread "Build operations Thread 6" [_thread_blocked, id=13512, stack(0x0000004889200000,0x0000004889300000)]
  0x00000181d1ee2a60 JavaThread "Build operations Thread 7" [_thread_blocked, id=18464, stack(0x0000004889300000,0x0000004889400000)]
  0x00000181d1ee57f0 JavaThread "Build operations Thread 8" [_thread_blocked, id=14892, stack(0x0000004889400000,0x0000004889500000)]
  0x00000181d809b900 JavaThread "RMI Scheduler(0)" daemon [_thread_blocked, id=15012, stack(0x0000004888c00000,0x0000004888d00000)]
  0x00000181cf139580 JavaThread "RMI GC Daemon" daemon [_thread_blocked, id=21940, stack(0x0000004889600000,0x0000004889700000)]
  0x00000181d2454190 JavaThread "RMI TCP Accept-0" daemon [_thread_in_native, id=23904, stack(0x0000004889a00000,0x0000004889b00000)]
  0x00000181cd016070 JavaThread "RMI Reaper" [_thread_blocked, id=8032, stack(0x0000004889b00000,0x0000004889c00000)]
  0x00000181cf139fa0 JavaThread "RMI TCP Connection(11)-127.0.0.1" daemon [_thread_in_native, id=6216, stack(0x0000004889c00000,0x0000004889d00000)]
  0x00000181c350da20 JavaThread "WorkerExecutor Queue Thread 9" [_thread_blocked, id=24364, stack(0x0000004889d00000,0x0000004889e00000)]
  0x00000181d809a9d0 JavaThread "RMI RenewClean-[127.0.0.1:17628,org.jetbrains.kotlin.daemon.common.LoopbackNetworkInterface$ClientLoopbackSocketFactory@77ec55d9]" daemon [_thread_blocked, id=13480, stack(0x0000004889e00000,0x0000004889f00000)]
  0x00000181cf13a4b0 JavaThread "RMI TCP Connection(idle)" daemon [_thread_blocked, id=21296, stack(0x0000004889f00000,0x000000488a000000)]
  0x00000181d1ee3990 JavaThread "RMI RenewClean-[127.0.0.1:17628,org.jetbrains.kotlin.daemon.common.LoopbackNetworkInterface$ClientLoopbackSocketFactory@31730b91]" daemon [_thread_blocked, id=2680, stack(0x0000004889500000,0x0000004889600000)]
  0x00000181cf13a9c0 JavaThread "RMI TCP Connection(9)-127.0.0.1" daemon [_thread_in_native, id=832, stack(0x0000004889700000,0x0000004889800000)]
  0x00000181d1c87750 JavaThread "RMI RenewClean-[127.0.0.1:17040,org.jetbrains.kotlin.daemon.common.LoopbackNetworkInterface$ClientLoopbackSocketFactory@2e81c105]" daemon [_thread_blocked, id=21252, stack(0x0000004880000000,0x0000004880100000)]
  0x00000181d1c88170 JavaThread "RMI RenewClean-[127.0.0.1:17628,org.jetbrains.kotlin.daemon.common.LoopbackNetworkInterface$ClientLoopbackSocketFactory@49415d3c]" daemon [_thread_blocked, id=23652, stack(0x0000004881d00000,0x0000004881e00000)]
  0x00000181c350d510 JavaThread "RMI TCP Connection(10)-127.0.0.1" daemon [_thread_in_native, id=19260, stack(0x0000004881e00000,0x0000004881f00000)]
  0x00000181d1edca30 JavaThread "RMI RenewClean-[127.0.0.1:17040,org.jetbrains.kotlin.daemon.common.LoopbackNetworkInterface$ClientLoopbackSocketFactory@6d909122]" daemon [_thread_blocked, id=12392, stack(0x0000004887a00000,0x0000004887b00000)]
  0x00000181d1ee2040 JavaThread "RMI RenewClean-[127.0.0.1:17628,org.jetbrains.kotlin.daemon.common.LoopbackNetworkInterface$ClientLoopbackSocketFactory@7673a0b2]" daemon [_thread_blocked, id=24088, stack(0x0000004881f00000,0x0000004882000000)]
  0x00000181d809b3f0 JavaThread "RMI TCP Connection(7)-127.0.0.1" daemon [_thread_in_native, id=20204, stack(0x0000004889800000,0x0000004889900000)]
  0x00000181cd016a90 JavaThread "RMI RenewClean-[127.0.0.1:17040,org.jetbrains.kotlin.daemon.common.LoopbackNetworkInterface$ClientLoopbackSocketFactory@7504973c]" daemon [_thread_blocked, id=1408, stack(0x0000004889900000,0x0000004889a00000)]
  0x00000181c5afd0e0 JavaThread "RMI RenewClean-[127.0.0.1:17628,org.jetbrains.kotlin.daemon.common.LoopbackNetworkInterface$ClientLoopbackSocketFactory@14fc06b8]" daemon [_thread_blocked, id=15444, stack(0x000000488a000000,0x000000488a100000)]
  0x00000181c350d000 JavaThread "RMI TCP Connection(8)-127.0.0.1" daemon [_thread_in_native, id=12260, stack(0x000000488a100000,0x000000488a200000)]
=>0x00000181c1323120 JavaThread "C2 CompilerThread1" daemon [_thread_in_native, id=20452, stack(0x0000004881800000,0x0000004881900000)]
  0x00000181d1c88680 JavaThread "WorkerExecutor Queue Thread 10" [_thread_blocked, id=12104, stack(0x000000488a200000,0x000000488a300000)]

Other Threads:
  0x00000181ff489d80 VMThread "VM Thread" [stack: 0x00000048f8000000,0x00000048f8100000] [id=14632]
  0x00000181e36cea20 WatcherThread [stack: 0x00000048f8d00000,0x00000048f8e00000] [id=22568]
  0x00000181e373e040 GCTaskThread "GC Thread#0" [stack: 0x00000048f7b00000,0x00000048f7c00000] [id=22472]
  0x00000181c14e7130 GCTaskThread "GC Thread#1" [stack: 0x00000048f8e00000,0x00000048f8f00000] [id=17160]
  0x00000181c14e7600 GCTaskThread "GC Thread#2" [stack: 0x00000048f8f00000,0x00000048f9000000] [id=23792]
  0x00000181c14e78c0 GCTaskThread "GC Thread#3" [stack: 0x00000048f9000000,0x00000048f9100000] [id=24160]
  0x00000181c1ec1b90 GCTaskThread "GC Thread#4" [stack: 0x00000048f9100000,0x00000048f9200000] [id=7416]
  0x00000181c1c42130 GCTaskThread "GC Thread#5" [stack: 0x00000048f9200000,0x00000048f9300000] [id=21260]
  0x00000181c3127660 GCTaskThread "GC Thread#6" [stack: 0x00000048fa000000,0x00000048fa100000] [id=20344]
  0x00000181c31265e0 GCTaskThread "GC Thread#7" [stack: 0x00000048fa100000,0x00000048fa200000] [id=21896]
  0x00000181e374eea0 ConcurrentGCThread "G1 Main Marker" [stack: 0x00000048f7c00000,0x00000048f7d00000] [id=24472]
  0x00000181e3751af0 ConcurrentGCThread "G1 Conc#0" [stack: 0x00000048f7d00000,0x00000048f7e00000] [id=13476]
  0x00000181c3127920 ConcurrentGCThread "G1 Conc#1" [stack: 0x00000048fa500000,0x00000048fa600000] [id=2092]
  0x00000181e377ea40 ConcurrentGCThread "G1 Refine#0" [stack: 0x00000048f7e00000,0x00000048f7f00000] [id=23292]
  0x00000181ff346360 ConcurrentGCThread "G1 Service" [stack: 0x00000048f7f00000,0x00000048f8000000] [id=24484]

Threads with active compile tasks:
C2 CompilerThread0   209601 38565       4       com.sun.org.apache.xerces.internal.parsers.AbstractSAXParser::startNamespaceMapping (77 bytes)
C1 CompilerThread0   209601 38567       1       com.android.repository.api.SchemaModule$SchemaModuleVersion::getObjectFactory (5 bytes)
C2 CompilerThread1   209602 38546   !   4       com.sun.org.apache.xerces.internal.impl.XMLDocumentFragmentScannerImpl$FragmentContentDriver::next (2331 bytes)

VM state: not at safepoint (normal execution)

VM Mutex/Monitor currently owned by a thread:  ([mutex/lock_event])
[0x00000181e1508200] CodeCache_lock - owner thread: 0x00000181ff4c9bb0
[0x00000181e36cbdc0] Compile_lock - owner thread: 0x00000181ff4c9bb0
[0x00000181e36cc120] MethodCompileQueue_lock - owner thread: 0x00000181ff4c9bb0

Heap address: 0x0000000700000000, size: 4096 MB, Compressed Oops mode: Zero based, Oop shift amount: 3

CDS archive(s) mapped at: [0x0000018188000000-0x0000018188bc0000-0x0000018188bc0000), size 12320768, SharedBaseAddress: 0x0000018188000000, ArchiveRelocationMode: 1.
Compressed class space mapped at: 0x0000018189000000-0x00000181bd000000, reserved size: 872415232
Narrow klass base: 0x0000018188000000, Narrow klass shift: 0, Narrow klass range: 0x100000000

GC Precious Log:
 CPUs: 8 total, 8 available
 Memory: 7418M
 Large Page Support: Disabled
 NUMA Support: Disabled
 Compressed Oops: Enabled (Zero based)
 Heap Region Size: 2M
 Heap Min Capacity: 8M
 Heap Initial Capacity: 116M
 Heap Max Capacity: 4G
 Pre-touch: Disabled
 Parallel Workers: 8
 Concurrent Workers: 2
 Concurrent Refinement Workers: 8
 Periodic GC: Disabled

Heap:
 garbage-first heap   total 1132544K, used 900019K [0x0000000700000000, 0x0000000800000000)
  region size 2048K, 208 young (425984K), 3 survivors (6144K)
 Metaspace       used 163014K, committed 166016K, reserved 1048576K
  class space    used 21320K, committed 22656K, reserved 851968K

Heap Regions: E=young(eden), S=young(survivor), O=old, HS=humongous(starts), HC=humongous(continues), CS=collection set, F=free, OA=open archive, CA=closed archive, TAMS=top-at-mark-start (previous, next)
|   0|0x0000000700000000, 0x0000000700200000, 0x0000000700200000|100%|HS|  |TAMS 0x0000000700200000, 0x0000000700000000| Complete 
|   1|0x0000000700200000, 0x0000000700400000, 0x0000000700400000|100%|HC|  |TAMS 0x0000000700400000, 0x0000000700200000| Complete 
|   2|0x0000000700400000, 0x0000000700600000, 0x0000000700600000|100%| O|  |TAMS 0x0000000700600000, 0x0000000700400000| Untracked 
|   3|0x0000000700600000, 0x0000000700800000, 0x0000000700800000|100%| O|  |TAMS 0x0000000700800000, 0x0000000700600000| Untracked 
|   4|0x0000000700800000, 0x0000000700a00000, 0x0000000700a00000|100%| O|  |TAMS 0x0000000700a00000, 0x0000000700800000| Untracked 
|   5|0x0000000700a00000, 0x0000000700c00000, 0x0000000700c00000|100%| O|  |TAMS 0x0000000700c00000, 0x0000000700a00000| Untracked 
|   6|0x0000000700c00000, 0x0000000700e00000, 0x0000000700e00000|100%| O|  |TAMS 0x0000000700e00000, 0x0000000700c00000| Untracked 
|   7|0x0000000700e00000, 0x0000000701000000, 0x0000000701000000|100%| O|  |TAMS 0x0000000701000000, 0x0000000700e00000| Untracked 
|   8|0x0000000701000000, 0x0000000701200000, 0x0000000701200000|100%| O|  |TAMS 0x0000000701200000, 0x0000000701000000| Untracked 
|   9|0x0000000701200000, 0x0000000701400000, 0x0000000701400000|100%| O|  |TAMS 0x0000000701400000, 0x0000000701200000| Untracked 
|  10|0x0000000701400000, 0x0000000701600000, 0x0000000701600000|100%| O|  |TAMS 0x0000000701600000, 0x0000000701400000| Untracked 
|  11|0x0000000701600000, 0x0000000701800000, 0x0000000701800000|100%| O|  |TAMS 0x0000000701800000, 0x0000000701600000| Untracked 
|  12|0x0000000701800000, 0x0000000701a00000, 0x0000000701a00000|100%| O|  |TAMS 0x0000000701a00000, 0x0000000701800000| Untracked 
|  13|0x0000000701a00000, 0x0000000701c00000, 0x0000000701c00000|100%| O|  |TAMS 0x0000000701c00000, 0x0000000701a00000| Untracked 
|  14|0x0000000701c00000, 0x0000000701e00000, 0x0000000701e00000|100%| O|  |TAMS 0x0000000701e00000, 0x0000000701c00000| Untracked 
|  15|0x0000000701e00000, 0x0000000702000000, 0x0000000702000000|100%| O|  |TAMS 0x0000000702000000, 0x0000000701e00000| Untracked 
|  16|0x0000000702000000, 0x0000000702200000, 0x0000000702200000|100%| O|  |TAMS 0x0000000702200000, 0x0000000702000000| Untracked 
|  17|0x0000000702200000, 0x0000000702400000, 0x0000000702400000|100%|HS|  |TAMS 0x0000000702400000, 0x0000000702200000| Complete 
|  18|0x0000000702400000, 0x0000000702600000, 0x0000000702600000|100%|HS|  |TAMS 0x0000000702600000, 0x0000000702400000| Complete 
|  19|0x0000000702600000, 0x0000000702800000, 0x0000000702800000|100%| O|  |TAMS 0x0000000702800000, 0x0000000702600000| Untracked 
|  20|0x0000000702800000, 0x0000000702a00000, 0x0000000702a00000|100%| O|  |TAMS 0x0000000702a00000, 0x0000000702800000| Untracked 
|  21|0x0000000702a00000, 0x0000000702c00000, 0x0000000702c00000|100%|HS|  |TAMS 0x0000000702c00000, 0x0000000702a00000| Complete 
|  22|0x0000000702c00000, 0x0000000702e00000, 0x0000000702e00000|100%|HC|  |TAMS 0x0000000702e00000, 0x0000000702c00000| Complete 
|  23|0x0000000702e00000, 0x0000000703000000, 0x0000000703000000|100%| O|  |TAMS 0x0000000703000000, 0x0000000702e00000| Untracked 
|  24|0x0000000703000000, 0x0000000703200000, 0x0000000703200000|100%| O|  |TAMS 0x0000000703200000, 0x0000000703000000| Untracked 
|  25|0x0000000703200000, 0x0000000703400000, 0x0000000703400000|100%| O|  |TAMS 0x0000000703400000, 0x0000000703200000| Untracked 
|  26|0x0000000703400000, 0x0000000703600000, 0x0000000703600000|100%| O|  |TAMS 0x0000000703400000, 0x0000000703400000| Untracked 
|  27|0x0000000703600000, 0x0000000703800000, 0x0000000703800000|100%| O|  |TAMS 0x0000000703800000, 0x0000000703600000| Untracked 
|  28|0x0000000703800000, 0x0000000703a00000, 0x0000000703a00000|100%|HS|  |TAMS 0x0000000703a00000, 0x0000000703800000| Complete 
|  29|0x0000000703a00000, 0x0000000703c00000, 0x0000000703c00000|100%|HC|  |TAMS 0x0000000703c00000, 0x0000000703a00000| Complete 
|  30|0x0000000703c00000, 0x0000000703e00000, 0x0000000703e00000|100%| O|  |TAMS 0x0000000703e00000, 0x0000000703c00000| Untracked 
|  31|0x0000000703e00000, 0x0000000704000000, 0x0000000704000000|100%| O|  |TAMS 0x0000000704000000, 0x0000000703e00000| Untracked 
|  32|0x0000000704000000, 0x0000000704200000, 0x0000000704200000|100%| O|  |TAMS 0x0000000704200000, 0x0000000704000000| Untracked 
|  33|0x0000000704200000, 0x0000000704400000, 0x0000000704400000|100%| O|  |TAMS 0x0000000704400000, 0x0000000704200000| Untracked 
|  34|0x0000000704400000, 0x0000000704600000, 0x0000000704600000|100%| O|  |TAMS 0x0000000704600000, 0x0000000704400000| Untracked 
|  35|0x0000000704600000, 0x0000000704800000, 0x0000000704800000|100%| O|  |TAMS 0x0000000704800000, 0x0000000704600000| Untracked 
|  36|0x0000000704800000, 0x0000000704a00000, 0x0000000704a00000|100%|HS|  |TAMS 0x0000000704800000, 0x0000000704800000| Complete 
|  37|0x0000000704a00000, 0x0000000704c00000, 0x0000000704c00000|100%| O|  |TAMS 0x0000000704c00000, 0x0000000704a00000| Untracked 
|  38|0x0000000704c00000, 0x0000000704e00000, 0x0000000704e00000|100%| O|  |TAMS 0x0000000704e00000, 0x0000000704c00000| Untracked 
|  39|0x0000000704e00000, 0x0000000705000000, 0x0000000705000000|100%| O|  |TAMS 0x0000000705000000, 0x0000000704e00000| Untracked 
|  40|0x0000000705000000, 0x0000000705200000, 0x0000000705200000|100%| O|  |TAMS 0x0000000705200000, 0x0000000705000000| Untracked 
|  41|0x0000000705200000, 0x0000000705400000, 0x0000000705400000|100%| O|  |TAMS 0x0000000705400000, 0x0000000705200000| Untracked 
|  42|0x0000000705400000, 0x0000000705600000, 0x0000000705600000|100%| O|  |TAMS 0x0000000705600000, 0x0000000705400000| Untracked 
|  43|0x0000000705600000, 0x0000000705800000, 0x0000000705800000|100%| O|  |TAMS 0x0000000705800000, 0x0000000705600000| Untracked 
|  44|0x0000000705800000, 0x0000000705a00000, 0x0000000705a00000|100%| O|  |TAMS 0x0000000705a00000, 0x0000000705800000| Untracked 
|  45|0x0000000705a00000, 0x0000000705c00000, 0x0000000705c00000|100%| O|  |TAMS 0x0000000705c00000, 0x0000000705a00000| Untracked 
|  46|0x0000000705c00000, 0x0000000705e00000, 0x0000000705e00000|100%| O|  |TAMS 0x0000000705e00000, 0x0000000705c00000| Untracked 
|  47|0x0000000705e00000, 0x0000000706000000, 0x0000000706000000|100%| O|  |TAMS 0x0000000706000000, 0x0000000705e00000| Untracked 
|  48|0x0000000706000000, 0x0000000706200000, 0x0000000706200000|100%| O|  |TAMS 0x0000000706200000, 0x0000000706000000| Untracked 
|  49|0x0000000706200000, 0x0000000706400000, 0x0000000706400000|100%|HS|  |TAMS 0x0000000706200000, 0x0000000706200000| Complete 
|  50|0x0000000706400000, 0x0000000706600000, 0x0000000706600000|100%| O|  |TAMS 0x0000000706600000, 0x0000000706400000| Untracked 
|  51|0x0000000706600000, 0x0000000706800000, 0x0000000706800000|100%| O|  |TAMS 0x0000000706800000, 0x0000000706600000| Untracked 
|  52|0x0000000706800000, 0x0000000706a00000, 0x0000000706a00000|100%| O|  |TAMS 0x0000000706a00000, 0x0000000706800000| Untracked 
|  53|0x0000000706a00000, 0x0000000706c00000, 0x0000000706c00000|100%| O|  |TAMS 0x0000000706c00000, 0x0000000706a00000| Untracked 
|  54|0x0000000706c00000, 0x0000000706e00000, 0x0000000706e00000|100%| O|  |TAMS 0x0000000706e00000, 0x0000000706c00000| Untracked 
|  55|0x0000000706e00000, 0x0000000707000000, 0x0000000707000000|100%| O|  |TAMS 0x0000000707000000, 0x0000000706e00000| Untracked 
|  56|0x0000000707000000, 0x0000000707200000, 0x0000000707200000|100%|HS|  |TAMS 0x0000000707200000, 0x0000000707000000| Complete 
|  57|0x0000000707200000, 0x0000000707400000, 0x0000000707400000|100%| O|  |TAMS 0x0000000707400000, 0x0000000707200000| Untracked 
|  58|0x0000000707400000, 0x0000000707600000, 0x0000000707600000|100%| O|  |TAMS 0x0000000707600000, 0x0000000707400000| Untracked 
|  59|0x0000000707600000, 0x0000000707800000, 0x0000000707800000|100%| O|  |TAMS 0x0000000707800000, 0x0000000707600000| Untracked 
|  60|0x0000000707800000, 0x0000000707a00000, 0x0000000707a00000|100%| O|  |TAMS 0x0000000707a00000, 0x0000000707800000| Untracked 
|  61|0x0000000707a00000, 0x0000000707c00000, 0x0000000707c00000|100%| O|  |TAMS 0x0000000707c00000, 0x0000000707a00000| Untracked 
|  62|0x0000000707c00000, 0x0000000707e00000, 0x0000000707e00000|100%|HS|  |TAMS 0x0000000707e00000, 0x0000000707c00000| Complete 
|  63|0x0000000707e00000, 0x0000000708000000, 0x0000000708000000|100%|HC|  |TAMS 0x0000000708000000, 0x0000000707e00000| Complete 
|  64|0x0000000708000000, 0x0000000708200000, 0x0000000708200000|100%|HS|  |TAMS 0x0000000708200000, 0x0000000708000000| Complete 
|  65|0x0000000708200000, 0x0000000708400000, 0x0000000708400000|100%| O|  |TAMS 0x0000000708400000, 0x0000000708200000| Untracked 
|  66|0x0000000708400000, 0x0000000708600000, 0x0000000708600000|100%| O|  |TAMS 0x0000000708600000, 0x0000000708400000| Untracked 
|  67|0x0000000708600000, 0x0000000708800000, 0x0000000708800000|100%| O|  |TAMS 0x0000000708800000, 0x0000000708600000| Untracked 
|  68|0x0000000708800000, 0x0000000708a00000, 0x0000000708a00000|100%| O|  |TAMS 0x0000000708a00000, 0x0000000708800000| Untracked 
|  69|0x0000000708a00000, 0x0000000708c00000, 0x0000000708c00000|100%| O|  |TAMS 0x0000000708a00000, 0x0000000708a00000| Untracked 
|  70|0x0000000708c00000, 0x0000000708e00000, 0x0000000708e00000|100%|HS|  |TAMS 0x0000000708c00000, 0x0000000708c00000| Complete 
|  71|0x0000000708e00000, 0x0000000709000000, 0x0000000709000000|100%| O|  |TAMS 0x0000000708e00000, 0x0000000708e00000| Untracked 
|  72|0x0000000709000000, 0x0000000709200000, 0x0000000709200000|100%| O|  |TAMS 0x0000000709000000, 0x0000000709000000| Untracked 
|  73|0x0000000709200000, 0x0000000709400000, 0x0000000709400000|100%| O|  |TAMS 0x0000000709400000, 0x0000000709200000| Untracked 
|  74|0x0000000709400000, 0x0000000709600000, 0x0000000709600000|100%| O|  |TAMS 0x0000000709400000, 0x0000000709400000| Untracked 
|  75|0x0000000709600000, 0x0000000709800000, 0x0000000709800000|100%|HS|  |TAMS 0x0000000709600000, 0x0000000709600000| Complete 
|  76|0x0000000709800000, 0x0000000709a00000, 0x0000000709a00000|100%|HS|  |TAMS 0x0000000709a00000, 0x0000000709800000| Complete 
|  77|0x0000000709a00000, 0x0000000709c00000, 0x0000000709c00000|100%| O|  |TAMS 0x0000000709c00000, 0x0000000709a00000| Untracked 
|  78|0x0000000709c00000, 0x0000000709e00000, 0x0000000709e00000|100%| O|  |TAMS 0x0000000709e00000, 0x0000000709c00000| Untracked 
|  79|0x0000000709e00000, 0x000000070a000000, 0x000000070a000000|100%| O|  |TAMS 0x0000000709e00000, 0x0000000709e00000| Untracked 
|  80|0x000000070a000000, 0x000000070a200000, 0x000000070a200000|100%| O|  |TAMS 0x000000070a200000, 0x000000070a000000| Untracked 
|  81|0x000000070a200000, 0x000000070a400000, 0x000000070a400000|100%| O|  |TAMS 0x000000070a400000, 0x000000070a200000| Untracked 
|  82|0x000000070a400000, 0x000000070a600000, 0x000000070a600000|100%| O|  |TAMS 0x000000070a600000, 0x000000070a400000| Untracked 
|  83|0x000000070a600000, 0x000000070a800000, 0x000000070a800000|100%|HS|  |TAMS 0x000000070a800000, 0x000000070a600000| Complete 
|  84|0x000000070a800000, 0x000000070aa00000, 0x000000070aa00000|100%|HS|  |TAMS 0x000000070a800000, 0x000000070a800000| Complete 
|  85|0x000000070aa00000, 0x000000070ac00000, 0x000000070ac00000|100%| O|  |TAMS 0x000000070ac00000, 0x000000070aa00000| Untracked 
|  86|0x000000070ac00000, 0x000000070ae00000, 0x000000070ae00000|100%| O|  |TAMS 0x000000070ac00000, 0x000000070ac00000| Untracked 
|  87|0x000000070ae00000, 0x000000070b000000, 0x000000070b000000|100%| O|  |TAMS 0x000000070b000000, 0x000000070ae00000| Untracked 
|  88|0x000000070b000000, 0x000000070b200000, 0x000000070b200000|100%| O|  |TAMS 0x000000070b200000, 0x000000070b000000| Untracked 
|  89|0x000000070b200000, 0x000000070b400000, 0x000000070b400000|100%| O|  |TAMS 0x000000070b400000, 0x000000070b200000| Untracked 
|  90|0x000000070b400000, 0x000000070b600000, 0x000000070b600000|100%|HS|  |TAMS 0x000000070b400000, 0x000000070b400000| Complete 
|  91|0x000000070b600000, 0x000000070b800000, 0x000000070b800000|100%|HS|  |TAMS 0x000000070b600000, 0x000000070b600000| Complete 
|  92|0x000000070b800000, 0x000000070ba00000, 0x000000070ba00000|100%|HS|  |TAMS 0x000000070b800000, 0x000000070b800000| Complete 
|  93|0x000000070ba00000, 0x000000070bc00000, 0x000000070bc00000|100%| O|  |TAMS 0x000000070bc00000, 0x000000070ba00000| Untracked 
|  94|0x000000070bc00000, 0x000000070be00000, 0x000000070be00000|100%| O|  |TAMS 0x000000070be00000, 0x000000070bc00000| Untracked 
|  95|0x000000070be00000, 0x000000070c000000, 0x000000070c000000|100%| O|  |TAMS 0x000000070c000000, 0x000000070be00000| Untracked 
|  96|0x000000070c000000, 0x000000070c200000, 0x000000070c200000|100%| O|  |TAMS 0x000000070c200000, 0x000000070c000000| Untracked 
|  97|0x000000070c200000, 0x000000070c400000, 0x000000070c400000|100%| O|  |TAMS 0x000000070c400000, 0x000000070c200000| Untracked 
|  98|0x000000070c400000, 0x000000070c600000, 0x000000070c600000|100%| O|  |TAMS 0x000000070c600000, 0x000000070c400000| Untracked 
|  99|0x000000070c600000, 0x000000070c800000, 0x000000070c800000|100%| O|  |TAMS 0x000000070c800000, 0x000000070c600000| Untracked 
| 100|0x000000070c800000, 0x000000070ca00000, 0x000000070ca00000|100%| O|  |TAMS 0x000000070ca00000, 0x000000070c800000| Untracked 
| 101|0x000000070ca00000, 0x000000070cc00000, 0x000000070cc00000|100%| O|  |TAMS 0x000000070cc00000, 0x000000070ca00000| Untracked 
| 102|0x000000070cc00000, 0x000000070ce00000, 0x000000070ce00000|100%| O|  |TAMS 0x000000070cc00000, 0x000000070cc00000| Untracked 
| 103|0x000000070ce00000, 0x000000070d000000, 0x000000070d000000|100%| O|  |TAMS 0x000000070d000000, 0x000000070ce00000| Untracked 
| 104|0x000000070d000000, 0x000000070d200000, 0x000000070d200000|100%|HS|  |TAMS 0x000000070d000000, 0x000000070d000000| Complete 
| 105|0x000000070d200000, 0x000000070d400000, 0x000000070d400000|100%| O|  |TAMS 0x000000070d400000, 0x000000070d200000| Untracked 
| 106|0x000000070d400000, 0x000000070d600000, 0x000000070d600000|100%|HS|  |TAMS 0x000000070d400000, 0x000000070d400000| Complete 
| 107|0x000000070d600000, 0x000000070d800000, 0x000000070d800000|100%|HS|  |TAMS 0x000000070d600000, 0x000000070d600000| Complete 
| 108|0x000000070d800000, 0x000000070da00000, 0x000000070da00000|100%| O|  |TAMS 0x000000070d800000, 0x000000070d800000| Untracked 
| 109|0x000000070da00000, 0x000000070dc00000, 0x000000070dc00000|100%| O|  |TAMS 0x000000070dc00000, 0x000000070da00000| Untracked 
| 110|0x000000070dc00000, 0x000000070de00000, 0x000000070de00000|100%| O|  |TAMS 0x000000070de00000, 0x000000070dc00000| Untracked 
| 111|0x000000070de00000, 0x000000070e000000, 0x000000070e000000|100%| O|  |TAMS 0x000000070e000000, 0x000000070de00000| Untracked 
| 112|0x000000070e000000, 0x000000070e200000, 0x000000070e200000|100%| O|  |TAMS 0x000000070e200000, 0x000000070e000000| Untracked 
| 113|0x000000070e200000, 0x000000070e400000, 0x000000070e400000|100%|HS|  |TAMS 0x000000070e200000, 0x000000070e200000| Complete 
| 114|0x000000070e400000, 0x000000070e600000, 0x000000070e600000|100%| O|  |TAMS 0x000000070e400000, 0x000000070e400000| Untracked 
| 115|0x000000070e600000, 0x000000070e800000, 0x000000070e800000|100%| O|  |TAMS 0x000000070e800000, 0x000000070e600000| Untracked 
| 116|0x000000070e800000, 0x000000070ea00000, 0x000000070ea00000|100%| O|  |TAMS 0x000000070ea00000, 0x000000070e800000| Untracked 
| 117|0x000000070ea00000, 0x000000070ec00000, 0x000000070ec00000|100%| O|  |TAMS 0x000000070ea00000, 0x000000070ea00000| Untracked 
| 118|0x000000070ec00000, 0x000000070ec00000, 0x000000070ee00000|  0%| F|  |TAMS 0x000000070ec00000, 0x000000070ec00000| Untracked 
| 119|0x000000070ee00000, 0x000000070f000000, 0x000000070f000000|100%| O|  |TAMS 0x000000070ee00000, 0x000000070ee00000| Untracked 
| 120|0x000000070f000000, 0x000000070f200000, 0x000000070f200000|100%| O|  |TAMS 0x000000070f200000, 0x000000070f000000| Untracked 
| 121|0x000000070f200000, 0x000000070f400000, 0x000000070f400000|100%| O|  |TAMS 0x000000070f400000, 0x000000070f200000| Untracked 
| 122|0x000000070f400000, 0x000000070f400000, 0x000000070f600000|  0%| F|  |TAMS 0x000000070f400000, 0x000000070f400000| Untracked 
| 123|0x000000070f600000, 0x000000070f600000, 0x000000070f800000|  0%| F|  |TAMS 0x000000070f600000, 0x000000070f600000| Untracked 
| 124|0x000000070f800000, 0x000000070fa00000, 0x000000070fa00000|100%| O|  |TAMS 0x000000070fa00000, 0x000000070f800000| Untracked 
| 125|0x000000070fa00000, 0x000000070fc00000, 0x000000070fc00000|100%|HS|  |TAMS 0x000000070fa00000, 0x000000070fa00000| Complete 
| 126|0x000000070fc00000, 0x000000070fe00000, 0x000000070fe00000|100%| O|  |TAMS 0x000000070fe00000, 0x000000070fc00000| Untracked 
| 127|0x000000070fe00000, 0x0000000710000000, 0x0000000710000000|100%| O|  |TAMS 0x000000070fe00000, 0x000000070fe00000| Untracked 
| 128|0x0000000710000000, 0x0000000710200000, 0x0000000710200000|100%| O|  |TAMS 0x0000000710200000, 0x0000000710000000| Untracked 
| 129|0x0000000710200000, 0x0000000710400000, 0x0000000710400000|100%| O|  |TAMS 0x0000000710200000, 0x0000000710200000| Untracked 
| 130|0x0000000710400000, 0x0000000710600000, 0x0000000710600000|100%| O|  |TAMS 0x0000000710600000, 0x0000000710400000| Untracked 
| 131|0x0000000710600000, 0x0000000710800000, 0x0000000710800000|100%| O|  |TAMS 0x0000000710800000, 0x0000000710600000| Untracked 
| 132|0x0000000710800000, 0x0000000710a00000, 0x0000000710a00000|100%| O|  |TAMS 0x0000000710a00000, 0x0000000710800000| Untracked 
| 133|0x0000000710a00000, 0x0000000710c00000, 0x0000000710c00000|100%| O|  |TAMS 0x0000000710a00000, 0x0000000710a00000| Untracked 
| 134|0x0000000710c00000, 0x0000000710e00000, 0x0000000710e00000|100%| O|  |TAMS 0x0000000710e00000, 0x0000000710c00000| Untracked 
| 135|0x0000000710e00000, 0x0000000711000000, 0x0000000711000000|100%| O|  |TAMS 0x0000000710e00000, 0x0000000710e00000| Untracked 
| 136|0x0000000711000000, 0x0000000711200000, 0x0000000711200000|100%| O|  |TAMS 0x0000000711200000, 0x0000000711000000| Untracked 
| 137|0x0000000711200000, 0x0000000711400000, 0x0000000711400000|100%| O|  |TAMS 0x0000000711400000, 0x0000000711200000| Untracked 
| 138|0x0000000711400000, 0x0000000711600000, 0x0000000711600000|100%| O|  |TAMS 0x0000000711600000, 0x0000000711400000| Untracked 
| 139|0x0000000711600000, 0x0000000711800000, 0x0000000711800000|100%| O|  |TAMS 0x0000000711800000, 0x0000000711600000| Untracked 
| 140|0x0000000711800000, 0x0000000711a00000, 0x0000000711a00000|100%| O|  |TAMS 0x0000000711a00000, 0x0000000711800000| Untracked 
| 141|0x0000000711a00000, 0x0000000711c00000, 0x0000000711c00000|100%| O|  |TAMS 0x0000000711c00000, 0x0000000711a00000| Untracked 
| 142|0x0000000711c00000, 0x0000000711e00000, 0x0000000711e00000|100%| O|  |TAMS 0x0000000711e00000, 0x0000000711c00000| Untracked 
| 143|0x0000000711e00000, 0x0000000712000000, 0x0000000712000000|100%| O|  |TAMS 0x0000000711e00000, 0x0000000711e00000| Untracked 
| 144|0x0000000712000000, 0x0000000712200000, 0x0000000712200000|100%| O|  |TAMS 0x0000000712000000, 0x0000000712000000| Untracked 
| 145|0x0000000712200000, 0x0000000712200000, 0x0000000712400000|  0%| F|  |TAMS 0x0000000712200000, 0x0000000712200000| Untracked 
| 146|0x0000000712400000, 0x0000000712600000, 0x0000000712600000|100%| O|  |TAMS 0x0000000712600000, 0x0000000712400000| Untracked 
| 147|0x0000000712600000, 0x000000071277a800, 0x0000000712800000| 73%| O|  |TAMS 0x0000000712600000, 0x0000000712600000| Untracked 
| 148|0x0000000712800000, 0x0000000712800000, 0x0000000712a00000|  0%| F|  |TAMS 0x0000000712800000, 0x0000000712800000| Untracked 
| 149|0x0000000712a00000, 0x0000000712c00000, 0x0000000712c00000|100%| O|  |TAMS 0x0000000712c00000, 0x0000000712a00000| Untracked 
| 150|0x0000000712c00000, 0x0000000712e00000, 0x0000000712e00000|100%| O|  |TAMS 0x0000000712e00000, 0x0000000712c00000| Untracked 
| 151|0x0000000712e00000, 0x0000000712e00000, 0x0000000713000000|  0%| F|  |TAMS 0x0000000712e00000, 0x0000000712e00000| Untracked 
| 152|0x0000000713000000, 0x0000000713000000, 0x0000000713200000|  0%| F|  |TAMS 0x0000000713000000, 0x0000000713000000| Untracked 
| 153|0x0000000713200000, 0x0000000713200000, 0x0000000713400000|  0%| F|  |TAMS 0x0000000713200000, 0x0000000713200000| Untracked 
| 154|0x0000000713400000, 0x0000000713400000, 0x0000000713600000|  0%| F|  |TAMS 0x0000000713400000, 0x0000000713400000| Untracked 
| 155|0x0000000713600000, 0x0000000713800000, 0x0000000713800000|100%| O|  |TAMS 0x0000000713800000, 0x0000000713600000| Untracked 
| 156|0x0000000713800000, 0x0000000713800000, 0x0000000713a00000|  0%| F|  |TAMS 0x0000000713800000, 0x0000000713800000| Untracked 
| 157|0x0000000713a00000, 0x0000000713a00000, 0x0000000713c00000|  0%| F|  |TAMS 0x0000000713a00000, 0x0000000713a00000| Untracked 
| 158|0x0000000713c00000, 0x0000000713c00000, 0x0000000713e00000|  0%| F|  |TAMS 0x0000000713c00000, 0x0000000713c00000| Untracked 
| 159|0x0000000713e00000, 0x0000000714000000, 0x0000000714000000|100%| O|  |TAMS 0x0000000714000000, 0x0000000713e00000| Untracked 
| 160|0x0000000714000000, 0x0000000714200000, 0x0000000714200000|100%| O|  |TAMS 0x0000000714200000, 0x0000000714000000| Untracked 
| 161|0x0000000714200000, 0x0000000714400000, 0x0000000714400000|100%| O|  |TAMS 0x0000000714400000, 0x0000000714200000| Untracked 
| 162|0x0000000714400000, 0x0000000714600000, 0x0000000714600000|100%| O|  |TAMS 0x0000000714600000, 0x0000000714400000| Untracked 
| 163|0x0000000714600000, 0x0000000714800000, 0x0000000714800000|100%| O|  |TAMS 0x0000000714800000, 0x0000000714600000| Untracked 
| 164|0x0000000714800000, 0x0000000714a00000, 0x0000000714a00000|100%| O|  |TAMS 0x0000000714a00000, 0x0000000714800000| Untracked 
| 165|0x0000000714a00000, 0x0000000714c00000, 0x0000000714c00000|100%| O|  |TAMS 0x0000000714c00000, 0x0000000714a00000| Untracked 
| 166|0x0000000714c00000, 0x0000000714e00000, 0x0000000714e00000|100%| O|  |TAMS 0x0000000714e00000, 0x0000000714c00000| Untracked 
| 167|0x0000000714e00000, 0x0000000715000000, 0x0000000715000000|100%| O|  |TAMS 0x0000000715000000, 0x0000000714e00000| Untracked 
| 168|0x0000000715000000, 0x0000000715200000, 0x0000000715200000|100%| O|  |TAMS 0x0000000715200000, 0x0000000715000000| Untracked 
| 169|0x0000000715200000, 0x0000000715400000, 0x0000000715400000|100%| O|  |TAMS 0x0000000715400000, 0x0000000715200000| Untracked 
| 170|0x0000000715400000, 0x0000000715600000, 0x0000000715600000|100%| O|  |TAMS 0x0000000715600000, 0x0000000715400000| Untracked 
| 171|0x0000000715600000, 0x0000000715800000, 0x0000000715800000|100%| O|  |TAMS 0x0000000715800000, 0x0000000715600000| Untracked 
| 172|0x0000000715800000, 0x0000000715a00000, 0x0000000715a00000|100%| O|  |TAMS 0x0000000715a00000, 0x0000000715800000| Untracked 
| 173|0x0000000715a00000, 0x0000000715c00000, 0x0000000715c00000|100%| O|  |TAMS 0x0000000715c00000, 0x0000000715a00000| Untracked 
| 174|0x0000000715c00000, 0x0000000715e00000, 0x0000000715e00000|100%| O|  |TAMS 0x0000000715e00000, 0x0000000715c00000| Untracked 
| 175|0x0000000715e00000, 0x0000000716000000, 0x0000000716000000|100%| O|  |TAMS 0x0000000716000000, 0x0000000715e00000| Untracked 
| 176|0x0000000716000000, 0x0000000716200000, 0x0000000716200000|100%| O|  |TAMS 0x0000000716200000, 0x0000000716000000| Untracked 
| 177|0x0000000716200000, 0x0000000716400000, 0x0000000716400000|100%| O|  |TAMS 0x0000000716400000, 0x0000000716200000| Untracked 
| 178|0x0000000716400000, 0x0000000716400000, 0x0000000716600000|  0%| F|  |TAMS 0x0000000716400000, 0x0000000716400000| Untracked 
| 179|0x0000000716600000, 0x0000000716800000, 0x0000000716800000|100%| O|  |TAMS 0x0000000716800000, 0x0000000716600000| Untracked 
| 180|0x0000000716800000, 0x0000000716a00000, 0x0000000716a00000|100%| O|  |TAMS 0x0000000716a00000, 0x0000000716800000| Untracked 
| 181|0x0000000716a00000, 0x0000000716c00000, 0x0000000716c00000|100%| O|  |TAMS 0x0000000716c00000, 0x0000000716a00000| Untracked 
| 182|0x0000000716c00000, 0x0000000716e00000, 0x0000000716e00000|100%| O|  |TAMS 0x0000000716e00000, 0x0000000716c00000| Untracked 
| 183|0x0000000716e00000, 0x0000000717000000, 0x0000000717000000|100%| O|  |TAMS 0x0000000717000000, 0x0000000716e00000| Untracked 
| 184|0x0000000717000000, 0x0000000717200000, 0x0000000717200000|100%| O|  |TAMS 0x0000000717200000, 0x0000000717000000| Untracked 
| 185|0x0000000717200000, 0x0000000717400000, 0x0000000717400000|100%| O|  |TAMS 0x0000000717400000, 0x0000000717200000| Untracked 
| 186|0x0000000717400000, 0x0000000717600000, 0x0000000717600000|100%| O|  |TAMS 0x0000000717600000, 0x0000000717400000| Untracked 
| 187|0x0000000717600000, 0x0000000717800000, 0x0000000717800000|100%| O|  |TAMS 0x0000000717800000, 0x0000000717600000| Untracked 
| 188|0x0000000717800000, 0x0000000717a00000, 0x0000000717a00000|100%| O|  |TAMS 0x0000000717a00000, 0x0000000717800000| Untracked 
| 189|0x0000000717a00000, 0x0000000717c00000, 0x0000000717c00000|100%| O|  |TAMS 0x0000000717c00000, 0x0000000717a00000| Untracked 
| 190|0x0000000717c00000, 0x0000000717e00000, 0x0000000717e00000|100%| O|  |TAMS 0x0000000717e00000, 0x0000000717c00000| Untracked 
| 191|0x0000000717e00000, 0x0000000718000000, 0x0000000718000000|100%| O|  |TAMS 0x0000000718000000, 0x0000000717e00000| Untracked 
| 192|0x0000000718000000, 0x0000000718000000, 0x0000000718200000|  0%| F|  |TAMS 0x0000000718000000, 0x0000000718000000| Untracked 
| 193|0x0000000718200000, 0x0000000718400000, 0x0000000718400000|100%| O|  |TAMS 0x0000000718400000, 0x0000000718200000| Untracked 
| 194|0x0000000718400000, 0x0000000718600000, 0x0000000718600000|100%| O|  |TAMS 0x0000000718600000, 0x0000000718400000| Untracked 
| 195|0x0000000718600000, 0x0000000718800000, 0x0000000718800000|100%| O|  |TAMS 0x0000000718800000, 0x0000000718600000| Untracked 
| 196|0x0000000718800000, 0x0000000718a00000, 0x0000000718a00000|100%| O|  |TAMS 0x0000000718a00000, 0x0000000718800000| Untracked 
| 197|0x0000000718a00000, 0x0000000718c00000, 0x0000000718c00000|100%| O|  |TAMS 0x0000000718c00000, 0x0000000718a00000| Untracked 
| 198|0x0000000718c00000, 0x0000000718e00000, 0x0000000718e00000|100%| O|  |TAMS 0x0000000718e00000, 0x0000000718c00000| Untracked 
| 199|0x0000000718e00000, 0x0000000719000000, 0x0000000719000000|100%| O|  |TAMS 0x0000000719000000, 0x0000000718e00000| Untracked 
| 200|0x0000000719000000, 0x0000000719000000, 0x0000000719200000|  0%| F|  |TAMS 0x0000000719000000, 0x0000000719000000| Untracked 
| 201|0x0000000719200000, 0x0000000719400000, 0x0000000719400000|100%| O|  |TAMS 0x0000000719400000, 0x0000000719200000| Untracked 
| 202|0x0000000719400000, 0x0000000719600000, 0x0000000719600000|100%| O|  |TAMS 0x0000000719600000, 0x0000000719400000| Untracked 
| 203|0x0000000719600000, 0x0000000719800000, 0x0000000719800000|100%| O|  |TAMS 0x0000000719800000, 0x0000000719600000| Untracked 
| 204|0x0000000719800000, 0x0000000719a00000, 0x0000000719a00000|100%| O|  |TAMS 0x0000000719a00000, 0x0000000719800000| Untracked 
| 205|0x0000000719a00000, 0x0000000719c00000, 0x0000000719c00000|100%| O|  |TAMS 0x0000000719c00000, 0x0000000719a00000| Untracked 
| 206|0x0000000719c00000, 0x0000000719e00000, 0x0000000719e00000|100%| O|  |TAMS 0x0000000719e00000, 0x0000000719c00000| Untracked 
| 207|0x0000000719e00000, 0x000000071a000000, 0x000000071a000000|100%| O|  |TAMS 0x000000071a000000, 0x0000000719e00000| Untracked 
| 208|0x000000071a000000, 0x000000071a000000, 0x000000071a200000|  0%| F|  |TAMS 0x000000071a000000, 0x000000071a000000| Untracked 
| 209|0x000000071a200000, 0x000000071a400000, 0x000000071a400000|100%| O|  |TAMS 0x000000071a400000, 0x000000071a200000| Untracked 
| 210|0x000000071a400000, 0x000000071a600000, 0x000000071a600000|100%| O|  |TAMS 0x000000071a600000, 0x000000071a400000| Untracked 
| 211|0x000000071a600000, 0x000000071a800000, 0x000000071a800000|100%| O|  |TAMS 0x000000071a800000, 0x000000071a600000| Untracked 
| 212|0x000000071a800000, 0x000000071a800000, 0x000000071aa00000|  0%| F|  |TAMS 0x000000071a800000, 0x000000071a800000| Untracked 
| 213|0x000000071aa00000, 0x000000071ac00000, 0x000000071ac00000|100%| O|  |TAMS 0x000000071ac00000, 0x000000071aa00000| Untracked 
| 214|0x000000071ac00000, 0x000000071ae00000, 0x000000071ae00000|100%| O|  |TAMS 0x000000071ae00000, 0x000000071ac00000| Untracked 
| 215|0x000000071ae00000, 0x000000071ae00000, 0x000000071b000000|  0%| F|  |TAMS 0x000000071ae00000, 0x000000071ae00000| Untracked 
| 216|0x000000071b000000, 0x000000071b000000, 0x000000071b200000|  0%| F|  |TAMS 0x000000071b000000, 0x000000071b000000| Untracked 
| 217|0x000000071b200000, 0x000000071b400000, 0x000000071b400000|100%| O|  |TAMS 0x000000071b400000, 0x000000071b200000| Untracked 
| 218|0x000000071b400000, 0x000000071b600000, 0x000000071b600000|100%| O|  |TAMS 0x000000071b600000, 0x000000071b400000| Untracked 
| 219|0x000000071b600000, 0x000000071b800000, 0x000000071b800000|100%| O|  |TAMS 0x000000071b800000, 0x000000071b600000| Untracked 
| 220|0x000000071b800000, 0x000000071ba00000, 0x000000071ba00000|100%| O|  |TAMS 0x000000071ba00000, 0x000000071b800000| Untracked 
| 221|0x000000071ba00000, 0x000000071bc00000, 0x000000071bc00000|100%| O|  |TAMS 0x000000071bc00000, 0x000000071ba00000| Untracked 
| 222|0x000000071bc00000, 0x000000071bc00000, 0x000000071be00000|  0%| F|  |TAMS 0x000000071bc00000, 0x000000071bc00000| Untracked 
| 223|0x000000071be00000, 0x000000071c000000, 0x000000071c000000|100%| O|  |TAMS 0x000000071c000000, 0x000000071be00000| Untracked 
| 224|0x000000071c000000, 0x000000071c200000, 0x000000071c200000|100%| O|  |TAMS 0x000000071c200000, 0x000000071c000000| Untracked 
| 225|0x000000071c200000, 0x000000071c400000, 0x000000071c400000|100%| O|  |TAMS 0x000000071c400000, 0x000000071c200000| Untracked 
| 226|0x000000071c400000, 0x000000071c400000, 0x000000071c600000|  0%| F|  |TAMS 0x000000071c400000, 0x000000071c400000| Untracked 
| 227|0x000000071c600000, 0x000000071c600000, 0x000000071c800000|  0%| F|  |TAMS 0x000000071c600000, 0x000000071c600000| Untracked 
| 228|0x000000071c800000, 0x000000071c800000, 0x000000071ca00000|  0%| F|  |TAMS 0x000000071c800000, 0x000000071c800000| Untracked 
| 229|0x000000071ca00000, 0x000000071cc00000, 0x000000071cc00000|100%| O|  |TAMS 0x000000071cc00000, 0x000000071ca00000| Untracked 
| 230|0x000000071cc00000, 0x000000071cc00000, 0x000000071ce00000|  0%| F|  |TAMS 0x000000071cc00000, 0x000000071cc00000| Untracked 
| 231|0x000000071ce00000, 0x000000071ce00000, 0x000000071d000000|  0%| F|  |TAMS 0x000000071ce00000, 0x000000071ce00000| Untracked 
| 232|0x000000071d000000, 0x000000071d000000, 0x000000071d200000|  0%| F|  |TAMS 0x000000071d000000, 0x000000071d000000| Untracked 
| 233|0x000000071d200000, 0x000000071d200000, 0x000000071d400000|  0%| F|  |TAMS 0x000000071d200000, 0x000000071d200000| Untracked 
| 234|0x000000071d400000, 0x000000071d400000, 0x000000071d600000|  0%| F|  |TAMS 0x000000071d400000, 0x000000071d400000| Untracked 
| 235|0x000000071d600000, 0x000000071d600000, 0x000000071d800000|  0%| F|  |TAMS 0x000000071d600000, 0x000000071d600000| Untracked 
| 236|0x000000071d800000, 0x000000071d800000, 0x000000071da00000|  0%| F|  |TAMS 0x000000071d800000, 0x000000071d800000| Untracked 
| 237|0x000000071da00000, 0x000000071da00000, 0x000000071dc00000|  0%| F|  |TAMS 0x000000071da00000, 0x000000071da00000| Untracked 
| 238|0x000000071dc00000, 0x000000071dc00000, 0x000000071de00000|  0%| F|  |TAMS 0x000000071dc00000, 0x000000071dc00000| Untracked 
| 239|0x000000071de00000, 0x000000071de00000, 0x000000071e000000|  0%| F|  |TAMS 0x000000071de00000, 0x000000071de00000| Untracked 
| 240|0x000000071e000000, 0x000000071e000000, 0x000000071e200000|  0%| F|  |TAMS 0x000000071e000000, 0x000000071e000000| Untracked 
| 241|0x000000071e200000, 0x000000071e200000, 0x000000071e400000|  0%| F|  |TAMS 0x000000071e200000, 0x000000071e200000| Untracked 
| 242|0x000000071e400000, 0x000000071e400000, 0x000000071e600000|  0%| F|  |TAMS 0x000000071e400000, 0x000000071e400000| Untracked 
| 243|0x000000071e600000, 0x000000071e600000, 0x000000071e800000|  0%| F|  |TAMS 0x000000071e600000, 0x000000071e600000| Untracked 
| 244|0x000000071e800000, 0x000000071e800000, 0x000000071ea00000|  0%| F|  |TAMS 0x000000071e800000, 0x000000071e800000| Untracked 
| 245|0x000000071ea00000, 0x000000071ea00000, 0x000000071ec00000|  0%| F|  |TAMS 0x000000071ea00000, 0x000000071ea00000| Untracked 
| 246|0x000000071ec00000, 0x000000071ec00000, 0x000000071ee00000|  0%| F|  |TAMS 0x000000071ec00000, 0x000000071ec00000| Untracked 
| 247|0x000000071ee00000, 0x000000071ee00000, 0x000000071f000000|  0%| F|  |TAMS 0x000000071ee00000, 0x000000071ee00000| Untracked 
| 248|0x000000071f000000, 0x000000071f000000, 0x000000071f200000|  0%| F|  |TAMS 0x000000071f000000, 0x000000071f000000| Untracked 
| 249|0x000000071f200000, 0x000000071f200000, 0x000000071f400000|  0%| F|  |TAMS 0x000000071f200000, 0x000000071f200000| Untracked 
| 250|0x000000071f400000, 0x000000071f600000, 0x000000071f600000|100%| O|  |TAMS 0x000000071f600000, 0x000000071f400000| Untracked 
| 251|0x000000071f600000, 0x000000071f600000, 0x000000071f800000|  0%| F|  |TAMS 0x000000071f600000, 0x000000071f600000| Untracked 
| 252|0x000000071f800000, 0x000000071fa00000, 0x000000071fa00000|100%| O|  |TAMS 0x000000071fa00000, 0x000000071f800000| Untracked 
| 253|0x000000071fa00000, 0x000000071fc00000, 0x000000071fc00000|100%| O|  |TAMS 0x000000071fc00000, 0x000000071fa00000| Untracked 
| 254|0x000000071fc00000, 0x000000071fe00000, 0x000000071fe00000|100%| O|  |TAMS 0x000000071fe00000, 0x000000071fc00000| Untracked 
| 255|0x000000071fe00000, 0x0000000720000000, 0x0000000720000000|100%| O|  |TAMS 0x0000000720000000, 0x000000071fe00000| Untracked 
| 256|0x0000000720000000, 0x0000000720000000, 0x0000000720200000|  0%| F|  |TAMS 0x0000000720000000, 0x0000000720000000| Untracked 
| 257|0x0000000720200000, 0x0000000720200000, 0x0000000720400000|  0%| F|  |TAMS 0x0000000720200000, 0x0000000720200000| Untracked 
| 258|0x0000000720400000, 0x0000000720400000, 0x0000000720600000|  0%| F|  |TAMS 0x0000000720400000, 0x0000000720400000| Untracked 
| 259|0x0000000720600000, 0x0000000720600000, 0x0000000720800000|  0%| F|  |TAMS 0x0000000720600000, 0x0000000720600000| Untracked 
| 260|0x0000000720800000, 0x0000000720a00000, 0x0000000720a00000|100%| O|  |TAMS 0x0000000720a00000, 0x0000000720800000| Untracked 
| 261|0x0000000720a00000, 0x0000000720c00000, 0x0000000720c00000|100%| O|  |TAMS 0x0000000720c00000, 0x0000000720a00000| Untracked 
| 262|0x0000000720c00000, 0x0000000720c00000, 0x0000000720e00000|  0%| F|  |TAMS 0x0000000720c00000, 0x0000000720c00000| Untracked 
| 263|0x0000000720e00000, 0x0000000721000000, 0x0000000721000000|100%| O|  |TAMS 0x0000000721000000, 0x0000000720e00000| Untracked 
| 264|0x0000000721000000, 0x0000000721000000, 0x0000000721200000|  0%| F|  |TAMS 0x0000000721000000, 0x0000000721000000| Untracked 
| 265|0x0000000721200000, 0x0000000721200000, 0x0000000721400000|  0%| F|  |TAMS 0x0000000721200000, 0x0000000721200000| Untracked 
| 266|0x0000000721400000, 0x0000000721600000, 0x0000000721600000|100%|HS|  |TAMS 0x0000000721600000, 0x0000000721400000| Complete 
| 267|0x0000000721600000, 0x0000000721800000, 0x0000000721800000|100%| O|  |TAMS 0x0000000721800000, 0x0000000721600000| Untracked 
| 268|0x0000000721800000, 0x0000000721a00000, 0x0000000721a00000|100%| O|  |TAMS 0x0000000721a00000, 0x0000000721800000| Untracked 
| 269|0x0000000721a00000, 0x0000000721c00000, 0x0000000721c00000|100%| O|  |TAMS 0x0000000721c00000, 0x0000000721a00000| Untracked 
| 270|0x0000000721c00000, 0x0000000721e00000, 0x0000000721e00000|100%| O|  |TAMS 0x0000000721e00000, 0x0000000721c00000| Untracked 
| 271|0x0000000721e00000, 0x0000000722000000, 0x0000000722000000|100%| O|  |TAMS 0x0000000722000000, 0x0000000721e00000| Untracked 
| 272|0x0000000722000000, 0x0000000722200000, 0x0000000722200000|100%| O|  |TAMS 0x0000000722200000, 0x0000000722000000| Untracked 
| 273|0x0000000722200000, 0x0000000722400000, 0x0000000722400000|100%| O|  |TAMS 0x0000000722400000, 0x0000000722200000| Untracked 
| 274|0x0000000722400000, 0x0000000722600000, 0x0000000722600000|100%| O|  |TAMS 0x0000000722600000, 0x0000000722400000| Untracked 
| 275|0x0000000722600000, 0x0000000722800000, 0x0000000722800000|100%| O|  |TAMS 0x0000000722800000, 0x0000000722600000| Untracked 
| 276|0x0000000722800000, 0x0000000722a00000, 0x0000000722a00000|100%| O|  |TAMS 0x0000000722a00000, 0x0000000722800000| Untracked 
| 277|0x0000000722a00000, 0x0000000722c00000, 0x0000000722c00000|100%| O|  |TAMS 0x0000000722c00000, 0x0000000722a00000| Untracked 
| 278|0x0000000722c00000, 0x0000000722c00000, 0x0000000722e00000|  0%| F|  |TAMS 0x0000000722c00000, 0x0000000722c00000| Untracked 
| 279|0x0000000722e00000, 0x0000000723000000, 0x0000000723000000|100%| O|  |TAMS 0x0000000723000000, 0x0000000722e00000| Untracked 
| 280|0x0000000723000000, 0x0000000723200000, 0x0000000723200000|100%| O|  |TAMS 0x0000000723200000, 0x0000000723000000| Untracked 
| 281|0x0000000723200000, 0x0000000723200000, 0x0000000723400000|  0%| F|  |TAMS 0x0000000723200000, 0x0000000723200000| Untracked 
| 282|0x0000000723400000, 0x0000000723400000, 0x0000000723600000|  0%| F|  |TAMS 0x0000000723400000, 0x0000000723400000| Untracked 
| 283|0x0000000723600000, 0x0000000723800000, 0x0000000723800000|100%| O|  |TAMS 0x0000000723800000, 0x0000000723600000| Untracked 
| 284|0x0000000723800000, 0x0000000723a00000, 0x0000000723a00000|100%| O|  |TAMS 0x0000000723a00000, 0x0000000723800000| Untracked 
| 285|0x0000000723a00000, 0x0000000723c00000, 0x0000000723c00000|100%| O|  |TAMS 0x0000000723c00000, 0x0000000723a00000| Untracked 
| 286|0x0000000723c00000, 0x0000000723e00000, 0x0000000723e00000|100%| O|  |TAMS 0x0000000723e00000, 0x0000000723c00000| Untracked 
| 287|0x0000000723e00000, 0x0000000724000000, 0x0000000724000000|100%| O|  |TAMS 0x0000000724000000, 0x0000000723e00000| Untracked 
| 288|0x0000000724000000, 0x0000000724000000, 0x0000000724200000|  0%| F|  |TAMS 0x0000000724000000, 0x0000000724000000| Untracked 
| 289|0x0000000724200000, 0x0000000724200000, 0x0000000724400000|  0%| F|  |TAMS 0x0000000724200000, 0x0000000724200000| Untracked 
| 290|0x0000000724400000, 0x0000000724400000, 0x0000000724600000|  0%| F|  |TAMS 0x0000000724400000, 0x0000000724400000| Untracked 
| 291|0x0000000724600000, 0x0000000724600000, 0x0000000724800000|  0%| F|  |TAMS 0x0000000724600000, 0x0000000724600000| Untracked 
| 292|0x0000000724800000, 0x0000000724800000, 0x0000000724a00000|  0%| F|  |TAMS 0x0000000724800000, 0x0000000724800000| Untracked 
| 293|0x0000000724a00000, 0x0000000724a00000, 0x0000000724c00000|  0%| F|  |TAMS 0x0000000724a00000, 0x0000000724a00000| Untracked 
| 294|0x0000000724c00000, 0x0000000724c00000, 0x0000000724e00000|  0%| F|  |TAMS 0x0000000724c00000, 0x0000000724c00000| Untracked 
| 295|0x0000000724e00000, 0x0000000724e00000, 0x0000000725000000|  0%| F|  |TAMS 0x0000000724e00000, 0x0000000724e00000| Untracked 
| 296|0x0000000725000000, 0x0000000725000000, 0x0000000725200000|  0%| F|  |TAMS 0x0000000725000000, 0x0000000725000000| Untracked 
| 297|0x0000000725200000, 0x0000000725200000, 0x0000000725400000|  0%| F|  |TAMS 0x0000000725200000, 0x0000000725200000| Untracked 
| 298|0x0000000725400000, 0x0000000725400000, 0x0000000725600000|  0%| F|  |TAMS 0x0000000725400000, 0x0000000725400000| Untracked 
| 299|0x0000000725600000, 0x0000000725600000, 0x0000000725800000|  0%| F|  |TAMS 0x0000000725600000, 0x0000000725600000| Untracked 
| 300|0x0000000725800000, 0x0000000725800000, 0x0000000725a00000|  0%| F|  |TAMS 0x0000000725800000, 0x0000000725800000| Untracked 
| 301|0x0000000725a00000, 0x0000000725a00000, 0x0000000725c00000|  0%| F|  |TAMS 0x0000000725a00000, 0x0000000725a00000| Untracked 
| 302|0x0000000725c00000, 0x0000000725c00000, 0x0000000725e00000|  0%| F|  |TAMS 0x0000000725c00000, 0x0000000725c00000| Untracked 
| 303|0x0000000725e00000, 0x0000000725e00000, 0x0000000726000000|  0%| F|  |TAMS 0x0000000725e00000, 0x0000000725e00000| Untracked 
| 304|0x0000000726000000, 0x0000000726000000, 0x0000000726200000|  0%| F|  |TAMS 0x0000000726000000, 0x0000000726000000| Untracked 
| 305|0x0000000726200000, 0x0000000726200000, 0x0000000726400000|  0%| F|  |TAMS 0x0000000726200000, 0x0000000726200000| Untracked 
| 306|0x0000000726400000, 0x0000000726400000, 0x0000000726600000|  0%| F|  |TAMS 0x0000000726400000, 0x0000000726400000| Untracked 
| 307|0x0000000726600000, 0x0000000726600000, 0x0000000726800000|  0%| F|  |TAMS 0x0000000726600000, 0x0000000726600000| Untracked 
| 308|0x0000000726800000, 0x0000000726800000, 0x0000000726a00000|  0%| F|  |TAMS 0x0000000726800000, 0x0000000726800000| Untracked 
| 309|0x0000000726a00000, 0x0000000726a00000, 0x0000000726c00000|  0%| F|  |TAMS 0x0000000726a00000, 0x0000000726a00000| Untracked 
| 310|0x0000000726c00000, 0x0000000726c00000, 0x0000000726e00000|  0%| F|  |TAMS 0x0000000726c00000, 0x0000000726c00000| Untracked 
| 311|0x0000000726e00000, 0x0000000726e00000, 0x0000000727000000|  0%| F|  |TAMS 0x0000000726e00000, 0x0000000726e00000| Untracked 
| 312|0x0000000727000000, 0x0000000727000000, 0x0000000727200000|  0%| F|  |TAMS 0x0000000727000000, 0x0000000727000000| Untracked 
| 313|0x0000000727200000, 0x0000000727200000, 0x0000000727400000|  0%| F|  |TAMS 0x0000000727200000, 0x0000000727200000| Untracked 
| 314|0x0000000727400000, 0x0000000727400000, 0x0000000727600000|  0%| F|  |TAMS 0x0000000727400000, 0x0000000727400000| Untracked 
| 315|0x0000000727600000, 0x0000000727600000, 0x0000000727800000|  0%| F|  |TAMS 0x0000000727600000, 0x0000000727600000| Untracked 
| 316|0x0000000727800000, 0x0000000727800000, 0x0000000727a00000|  0%| F|  |TAMS 0x0000000727800000, 0x0000000727800000| Untracked 
| 317|0x0000000727a00000, 0x0000000727a00000, 0x0000000727c00000|  0%| F|  |TAMS 0x0000000727a00000, 0x0000000727a00000| Untracked 
| 318|0x0000000727c00000, 0x0000000727c00000, 0x0000000727e00000|  0%| F|  |TAMS 0x0000000727c00000, 0x0000000727c00000| Untracked 
| 319|0x0000000727e00000, 0x0000000727e00000, 0x0000000728000000|  0%| F|  |TAMS 0x0000000727e00000, 0x0000000727e00000| Untracked 
| 320|0x0000000728000000, 0x0000000728000000, 0x0000000728200000|  0%| F|  |TAMS 0x0000000728000000, 0x0000000728000000| Untracked 
| 321|0x0000000728200000, 0x0000000728200000, 0x0000000728400000|  0%| F|  |TAMS 0x0000000728200000, 0x0000000728200000| Untracked 
| 322|0x0000000728400000, 0x0000000728400000, 0x0000000728600000|  0%| F|  |TAMS 0x0000000728400000, 0x0000000728400000| Untracked 
| 323|0x0000000728600000, 0x0000000728600000, 0x0000000728800000|  0%| F|  |TAMS 0x0000000728600000, 0x0000000728600000| Untracked 
| 324|0x0000000728800000, 0x0000000728800000, 0x0000000728a00000|  0%| F|  |TAMS 0x0000000728800000, 0x0000000728800000| Untracked 
| 325|0x0000000728a00000, 0x0000000728a00000, 0x0000000728c00000|  0%| F|  |TAMS 0x0000000728a00000, 0x0000000728a00000| Untracked 
| 326|0x0000000728c00000, 0x0000000728c00000, 0x0000000728e00000|  0%| F|  |TAMS 0x0000000728c00000, 0x0000000728c00000| Untracked 
| 327|0x0000000728e00000, 0x0000000728e00000, 0x0000000729000000|  0%| F|  |TAMS 0x0000000728e00000, 0x0000000728e00000| Untracked 
| 328|0x0000000729000000, 0x0000000729000000, 0x0000000729200000|  0%| F|  |TAMS 0x0000000729000000, 0x0000000729000000| Untracked 
| 329|0x0000000729200000, 0x0000000729200000, 0x0000000729400000|  0%| F|  |TAMS 0x0000000729200000, 0x0000000729200000| Untracked 
| 330|0x0000000729400000, 0x0000000729400000, 0x0000000729600000|  0%| F|  |TAMS 0x0000000729400000, 0x0000000729400000| Untracked 
| 331|0x0000000729600000, 0x0000000729600000, 0x0000000729800000|  0%| F|  |TAMS 0x0000000729600000, 0x0000000729600000| Untracked 
| 332|0x0000000729800000, 0x0000000729800000, 0x0000000729a00000|  0%| F|  |TAMS 0x0000000729800000, 0x0000000729800000| Untracked 
| 333|0x0000000729a00000, 0x0000000729a00000, 0x0000000729c00000|  0%| F|  |TAMS 0x0000000729a00000, 0x0000000729a00000| Untracked 
| 334|0x0000000729c00000, 0x0000000729c00000, 0x0000000729e00000|  0%| F|  |TAMS 0x0000000729c00000, 0x0000000729c00000| Untracked 
| 335|0x0000000729e00000, 0x0000000729e00000, 0x000000072a000000|  0%| F|  |TAMS 0x0000000729e00000, 0x0000000729e00000| Untracked 
| 336|0x000000072a000000, 0x000000072a000000, 0x000000072a200000|  0%| F|  |TAMS 0x000000072a000000, 0x000000072a000000| Untracked 
| 337|0x000000072a200000, 0x000000072a200000, 0x000000072a400000|  0%| F|  |TAMS 0x000000072a200000, 0x000000072a200000| Untracked 
| 338|0x000000072a400000, 0x000000072a400000, 0x000000072a600000|  0%| F|  |TAMS 0x000000072a400000, 0x000000072a400000| Untracked 
| 339|0x000000072a600000, 0x000000072a600000, 0x000000072a800000|  0%| F|  |TAMS 0x000000072a600000, 0x000000072a600000| Untracked 
| 340|0x000000072a800000, 0x000000072a800000, 0x000000072aa00000|  0%| F|  |TAMS 0x000000072a800000, 0x000000072a800000| Untracked 
| 341|0x000000072aa00000, 0x000000072aa00000, 0x000000072ac00000|  0%| F|  |TAMS 0x000000072aa00000, 0x000000072aa00000| Untracked 
| 342|0x000000072ac00000, 0x000000072ac00000, 0x000000072ae00000|  0%| F|  |TAMS 0x000000072ac00000, 0x000000072ac00000| Untracked 
| 343|0x000000072ae00000, 0x000000072ae00000, 0x000000072b000000|  0%| F|  |TAMS 0x000000072ae00000, 0x000000072ae00000| Untracked 
| 344|0x000000072b000000, 0x000000072b000000, 0x000000072b200000|  0%| F|  |TAMS 0x000000072b000000, 0x000000072b000000| Untracked 
| 345|0x000000072b200000, 0x000000072b400000, 0x000000072b400000|100%| E|  |TAMS 0x000000072b200000, 0x000000072b200000| Complete 
| 346|0x000000072b400000, 0x000000072b600000, 0x000000072b600000|100%| E|CS|TAMS 0x000000072b400000, 0x000000072b400000| Complete 
| 347|0x000000072b600000, 0x000000072b800000, 0x000000072b800000|100%| E|CS|TAMS 0x000000072b600000, 0x000000072b600000| Complete 
| 348|0x000000072b800000, 0x000000072ba00000, 0x000000072ba00000|100%| E|CS|TAMS 0x000000072b800000, 0x000000072b800000| Complete 
| 349|0x000000072ba00000, 0x000000072bc00000, 0x000000072bc00000|100%| E|CS|TAMS 0x000000072ba00000, 0x000000072ba00000| Complete 
| 350|0x000000072bc00000, 0x000000072be00000, 0x000000072be00000|100%| E|CS|TAMS 0x000000072bc00000, 0x000000072bc00000| Complete 
| 351|0x000000072be00000, 0x000000072c000000, 0x000000072c000000|100%| E|CS|TAMS 0x000000072be00000, 0x000000072be00000| Complete 
| 352|0x000000072c000000, 0x000000072c200000, 0x000000072c200000|100%| E|CS|TAMS 0x000000072c000000, 0x000000072c000000| Complete 
| 353|0x000000072c200000, 0x000000072c400000, 0x000000072c400000|100%| E|CS|TAMS 0x000000072c200000, 0x000000072c200000| Complete 
| 354|0x000000072c400000, 0x000000072c600000, 0x000000072c600000|100%| E|CS|TAMS 0x000000072c400000, 0x000000072c400000| Complete 
| 355|0x000000072c600000, 0x000000072c800000, 0x000000072c800000|100%| E|  |TAMS 0x000000072c600000, 0x000000072c600000| Complete 
| 356|0x000000072c800000, 0x000000072ca00000, 0x000000072ca00000|100%| E|CS|TAMS 0x000000072c800000, 0x000000072c800000| Complete 
| 357|0x000000072ca00000, 0x000000072cc00000, 0x000000072cc00000|100%| E|CS|TAMS 0x000000072ca00000, 0x000000072ca00000| Complete 
| 358|0x000000072cc00000, 0x000000072ce00000, 0x000000072ce00000|100%| E|CS|TAMS 0x000000072cc00000, 0x000000072cc00000| Complete 
| 359|0x000000072ce00000, 0x000000072d000000, 0x000000072d000000|100%| E|CS|TAMS 0x000000072ce00000, 0x000000072ce00000| Complete 
| 360|0x000000072d000000, 0x000000072d200000, 0x000000072d200000|100%| E|CS|TAMS 0x000000072d000000, 0x000000072d000000| Complete 
| 361|0x000000072d200000, 0x000000072d400000, 0x000000072d400000|100%| E|CS|TAMS 0x000000072d200000, 0x000000072d200000| Complete 
| 362|0x000000072d400000, 0x000000072d600000, 0x000000072d600000|100%| E|CS|TAMS 0x000000072d400000, 0x000000072d400000| Complete 
| 363|0x000000072d600000, 0x000000072d800000, 0x000000072d800000|100%| E|CS|TAMS 0x000000072d600000, 0x000000072d600000| Complete 
| 364|0x000000072d800000, 0x000000072da00000, 0x000000072da00000|100%| E|CS|TAMS 0x000000072d800000, 0x000000072d800000| Complete 
| 365|0x000000072da00000, 0x000000072dc00000, 0x000000072dc00000|100%| E|CS|TAMS 0x000000072da00000, 0x000000072da00000| Complete 
| 366|0x000000072dc00000, 0x000000072de00000, 0x000000072de00000|100%| E|CS|TAMS 0x000000072dc00000, 0x000000072dc00000| Complete 
| 367|0x000000072de00000, 0x000000072e000000, 0x000000072e000000|100%| E|CS|TAMS 0x000000072de00000, 0x000000072de00000| Complete 
| 368|0x000000072e000000, 0x000000072e200000, 0x000000072e200000|100%| E|CS|TAMS 0x000000072e000000, 0x000000072e000000| Complete 
| 369|0x000000072e200000, 0x000000072e400000, 0x000000072e400000|100%| E|CS|TAMS 0x000000072e200000, 0x000000072e200000| Complete 
| 370|0x000000072e400000, 0x000000072e600000, 0x000000072e600000|100%| E|CS|TAMS 0x000000072e400000, 0x000000072e400000| Complete 
| 371|0x000000072e600000, 0x000000072e800000, 0x000000072e800000|100%| E|CS|TAMS 0x000000072e600000, 0x000000072e600000| Complete 
| 372|0x000000072e800000, 0x000000072ea00000, 0x000000072ea00000|100%| E|CS|TAMS 0x000000072e800000, 0x000000072e800000| Complete 
| 373|0x000000072ea00000, 0x000000072ec00000, 0x000000072ec00000|100%| E|CS|TAMS 0x000000072ea00000, 0x000000072ea00000| Complete 
| 374|0x000000072ec00000, 0x000000072ee00000, 0x000000072ee00000|100%| E|CS|TAMS 0x000000072ec00000, 0x000000072ec00000| Complete 
| 375|0x000000072ee00000, 0x000000072f000000, 0x000000072f000000|100%| E|CS|TAMS 0x000000072ee00000, 0x000000072ee00000| Complete 
| 376|0x000000072f000000, 0x000000072f200000, 0x000000072f200000|100%| E|CS|TAMS 0x000000072f000000, 0x000000072f000000| Complete 
| 377|0x000000072f200000, 0x000000072f400000, 0x000000072f400000|100%| E|CS|TAMS 0x000000072f200000, 0x000000072f200000| Complete 
| 378|0x000000072f400000, 0x000000072f600000, 0x000000072f600000|100%| E|CS|TAMS 0x000000072f400000, 0x000000072f400000| Complete 
| 379|0x000000072f600000, 0x000000072f800000, 0x000000072f800000|100%| E|CS|TAMS 0x000000072f600000, 0x000000072f600000| Complete 
| 380|0x000000072f800000, 0x000000072fa00000, 0x000000072fa00000|100%| E|CS|TAMS 0x000000072f800000, 0x000000072f800000| Complete 
| 381|0x000000072fa00000, 0x000000072fc00000, 0x000000072fc00000|100%| E|CS|TAMS 0x000000072fa00000, 0x000000072fa00000| Complete 
| 382|0x000000072fc00000, 0x000000072fe00000, 0x000000072fe00000|100%| E|CS|TAMS 0x000000072fc00000, 0x000000072fc00000| Complete 
| 383|0x000000072fe00000, 0x0000000730000000, 0x0000000730000000|100%| E|CS|TAMS 0x000000072fe00000, 0x000000072fe00000| Complete 
| 384|0x0000000730000000, 0x0000000730200000, 0x0000000730200000|100%| E|CS|TAMS 0x0000000730000000, 0x0000000730000000| Complete 
| 385|0x0000000730200000, 0x0000000730400000, 0x0000000730400000|100%| E|CS|TAMS 0x0000000730200000, 0x0000000730200000| Complete 
| 386|0x0000000730400000, 0x0000000730600000, 0x0000000730600000|100%| E|CS|TAMS 0x0000000730400000, 0x0000000730400000| Complete 
| 387|0x0000000730600000, 0x0000000730800000, 0x0000000730800000|100%| E|CS|TAMS 0x0000000730600000, 0x0000000730600000| Complete 
| 388|0x0000000730800000, 0x0000000730a00000, 0x0000000730a00000|100%| E|CS|TAMS 0x0000000730800000, 0x0000000730800000| Complete 
| 389|0x0000000730a00000, 0x0000000730c00000, 0x0000000730c00000|100%| E|CS|TAMS 0x0000000730a00000, 0x0000000730a00000| Complete 
| 390|0x0000000730c00000, 0x0000000730e00000, 0x0000000730e00000|100%| E|CS|TAMS 0x0000000730c00000, 0x0000000730c00000| Complete 
| 391|0x0000000730e00000, 0x0000000731000000, 0x0000000731000000|100%| E|CS|TAMS 0x0000000730e00000, 0x0000000730e00000| Complete 
| 392|0x0000000731000000, 0x0000000731200000, 0x0000000731200000|100%| E|CS|TAMS 0x0000000731000000, 0x0000000731000000| Complete 
| 393|0x0000000731200000, 0x0000000731400000, 0x0000000731400000|100%| E|CS|TAMS 0x0000000731200000, 0x0000000731200000| Complete 
| 394|0x0000000731400000, 0x0000000731600000, 0x0000000731600000|100%| E|CS|TAMS 0x0000000731400000, 0x0000000731400000| Complete 
| 395|0x0000000731600000, 0x0000000731800000, 0x0000000731800000|100%| E|CS|TAMS 0x0000000731600000, 0x0000000731600000| Complete 
| 396|0x0000000731800000, 0x0000000731a00000, 0x0000000731a00000|100%| E|CS|TAMS 0x0000000731800000, 0x0000000731800000| Complete 
| 397|0x0000000731a00000, 0x0000000731c00000, 0x0000000731c00000|100%| E|CS|TAMS 0x0000000731a00000, 0x0000000731a00000| Complete 
| 398|0x0000000731c00000, 0x0000000731e00000, 0x0000000731e00000|100%| E|CS|TAMS 0x0000000731c00000, 0x0000000731c00000| Complete 
| 399|0x0000000731e00000, 0x0000000732000000, 0x0000000732000000|100%| E|CS|TAMS 0x0000000731e00000, 0x0000000731e00000| Complete 
| 400|0x0000000732000000, 0x0000000732200000, 0x0000000732200000|100%| E|CS|TAMS 0x0000000732000000, 0x0000000732000000| Complete 
| 401|0x0000000732200000, 0x0000000732400000, 0x0000000732400000|100%| E|CS|TAMS 0x0000000732200000, 0x0000000732200000| Complete 
| 402|0x0000000732400000, 0x0000000732600000, 0x0000000732600000|100%| E|CS|TAMS 0x0000000732400000, 0x0000000732400000| Complete 
| 403|0x0000000732600000, 0x0000000732800000, 0x0000000732800000|100%| E|CS|TAMS 0x0000000732600000, 0x0000000732600000| Complete 
| 404|0x0000000732800000, 0x0000000732a00000, 0x0000000732a00000|100%| E|CS|TAMS 0x0000000732800000, 0x0000000732800000| Complete 
| 405|0x0000000732a00000, 0x0000000732c00000, 0x0000000732c00000|100%| E|CS|TAMS 0x0000000732a00000, 0x0000000732a00000| Complete 
| 406|0x0000000732c00000, 0x0000000732e00000, 0x0000000732e00000|100%| E|CS|TAMS 0x0000000732c00000, 0x0000000732c00000| Complete 
| 407|0x0000000732e00000, 0x0000000733000000, 0x0000000733000000|100%| E|CS|TAMS 0x0000000732e00000, 0x0000000732e00000| Complete 
| 408|0x0000000733000000, 0x0000000733200000, 0x0000000733200000|100%| E|CS|TAMS 0x0000000733000000, 0x0000000733000000| Complete 
| 409|0x0000000733200000, 0x0000000733400000, 0x0000000733400000|100%| E|CS|TAMS 0x0000000733200000, 0x0000000733200000| Complete 
| 410|0x0000000733400000, 0x0000000733600000, 0x0000000733600000|100%| E|CS|TAMS 0x0000000733400000, 0x0000000733400000| Complete 
| 411|0x0000000733600000, 0x0000000733800000, 0x0000000733800000|100%| E|CS|TAMS 0x0000000733600000, 0x0000000733600000| Complete 
| 412|0x0000000733800000, 0x0000000733a00000, 0x0000000733a00000|100%| E|CS|TAMS 0x0000000733800000, 0x0000000733800000| Complete 
| 413|0x0000000733a00000, 0x0000000733c00000, 0x0000000733c00000|100%| E|CS|TAMS 0x0000000733a00000, 0x0000000733a00000| Complete 
| 414|0x0000000733c00000, 0x0000000733e00000, 0x0000000733e00000|100%| E|CS|TAMS 0x0000000733c00000, 0x0000000733c00000| Complete 
| 415|0x0000000733e00000, 0x0000000734000000, 0x0000000734000000|100%| E|CS|TAMS 0x0000000733e00000, 0x0000000733e00000| Complete 
| 416|0x0000000734000000, 0x0000000734200000, 0x0000000734200000|100%| E|CS|TAMS 0x0000000734000000, 0x0000000734000000| Complete 
| 417|0x0000000734200000, 0x0000000734400000, 0x0000000734400000|100%| E|CS|TAMS 0x0000000734200000, 0x0000000734200000| Complete 
| 418|0x0000000734400000, 0x0000000734600000, 0x0000000734600000|100%| E|CS|TAMS 0x0000000734400000, 0x0000000734400000| Complete 
| 419|0x0000000734600000, 0x0000000734800000, 0x0000000734800000|100%| E|CS|TAMS 0x0000000734600000, 0x0000000734600000| Complete 
| 420|0x0000000734800000, 0x0000000734a00000, 0x0000000734a00000|100%| E|CS|TAMS 0x0000000734800000, 0x0000000734800000| Complete 
| 421|0x0000000734a00000, 0x0000000734c00000, 0x0000000734c00000|100%| E|CS|TAMS 0x0000000734a00000, 0x0000000734a00000| Complete 
| 422|0x0000000734c00000, 0x0000000734e00000, 0x0000000734e00000|100%| E|CS|TAMS 0x0000000734c00000, 0x0000000734c00000| Complete 
| 423|0x0000000734e00000, 0x0000000735000000, 0x0000000735000000|100%| E|CS|TAMS 0x0000000734e00000, 0x0000000734e00000| Complete 
| 424|0x0000000735000000, 0x0000000735200000, 0x0000000735200000|100%| E|CS|TAMS 0x0000000735000000, 0x0000000735000000| Complete 
| 425|0x0000000735200000, 0x0000000735400000, 0x0000000735400000|100%| E|CS|TAMS 0x0000000735200000, 0x0000000735200000| Complete 
| 426|0x0000000735400000, 0x0000000735600000, 0x0000000735600000|100%| E|CS|TAMS 0x0000000735400000, 0x0000000735400000| Complete 
| 427|0x0000000735600000, 0x0000000735800000, 0x0000000735800000|100%| E|CS|TAMS 0x0000000735600000, 0x0000000735600000| Complete 
| 428|0x0000000735800000, 0x0000000735a00000, 0x0000000735a00000|100%| E|CS|TAMS 0x0000000735800000, 0x0000000735800000| Complete 
| 429|0x0000000735a00000, 0x0000000735c00000, 0x0000000735c00000|100%| E|CS|TAMS 0x0000000735a00000, 0x0000000735a00000| Complete 
| 430|0x0000000735c00000, 0x0000000735e00000, 0x0000000735e00000|100%| E|CS|TAMS 0x0000000735c00000, 0x0000000735c00000| Complete 
| 431|0x0000000735e00000, 0x0000000736000000, 0x0000000736000000|100%| E|CS|TAMS 0x0000000735e00000, 0x0000000735e00000| Complete 
| 432|0x0000000736000000, 0x0000000736200000, 0x0000000736200000|100%| E|CS|TAMS 0x0000000736000000, 0x0000000736000000| Complete 
| 433|0x0000000736200000, 0x0000000736400000, 0x0000000736400000|100%| E|CS|TAMS 0x0000000736200000, 0x0000000736200000| Complete 
| 434|0x0000000736400000, 0x0000000736600000, 0x0000000736600000|100%| E|CS|TAMS 0x0000000736400000, 0x0000000736400000| Complete 
| 435|0x0000000736600000, 0x0000000736800000, 0x0000000736800000|100%| E|CS|TAMS 0x0000000736600000, 0x0000000736600000| Complete 
| 436|0x0000000736800000, 0x0000000736a00000, 0x0000000736a00000|100%| E|CS|TAMS 0x0000000736800000, 0x0000000736800000| Complete 
| 437|0x0000000736a00000, 0x0000000736c00000, 0x0000000736c00000|100%| E|CS|TAMS 0x0000000736a00000, 0x0000000736a00000| Complete 
| 438|0x0000000736c00000, 0x0000000736e00000, 0x0000000736e00000|100%| E|CS|TAMS 0x0000000736c00000, 0x0000000736c00000| Complete 
| 439|0x0000000736e00000, 0x0000000737000000, 0x0000000737000000|100%| E|CS|TAMS 0x0000000736e00000, 0x0000000736e00000| Complete 
| 440|0x0000000737000000, 0x0000000737200000, 0x0000000737200000|100%| E|CS|TAMS 0x0000000737000000, 0x0000000737000000| Complete 
| 441|0x0000000737200000, 0x0000000737400000, 0x0000000737400000|100%| E|CS|TAMS 0x0000000737200000, 0x0000000737200000| Complete 
| 442|0x0000000737400000, 0x0000000737600000, 0x0000000737600000|100%| E|CS|TAMS 0x0000000737400000, 0x0000000737400000| Complete 
| 443|0x0000000737600000, 0x0000000737800000, 0x0000000737800000|100%| E|CS|TAMS 0x0000000737600000, 0x0000000737600000| Complete 
| 444|0x0000000737800000, 0x0000000737a00000, 0x0000000737a00000|100%| E|CS|TAMS 0x0000000737800000, 0x0000000737800000| Complete 
| 445|0x0000000737a00000, 0x0000000737c00000, 0x0000000737c00000|100%| E|CS|TAMS 0x0000000737a00000, 0x0000000737a00000| Complete 
| 446|0x0000000737c00000, 0x0000000737e00000, 0x0000000737e00000|100%| E|CS|TAMS 0x0000000737c00000, 0x0000000737c00000| Complete 
| 447|0x0000000737e00000, 0x0000000738000000, 0x0000000738000000|100%| E|CS|TAMS 0x0000000737e00000, 0x0000000737e00000| Complete 
| 448|0x0000000738000000, 0x0000000738200000, 0x0000000738200000|100%| E|CS|TAMS 0x0000000738000000, 0x0000000738000000| Complete 
| 449|0x0000000738200000, 0x0000000738400000, 0x0000000738400000|100%| E|CS|TAMS 0x0000000738200000, 0x0000000738200000| Complete 
| 450|0x0000000738400000, 0x0000000738600000, 0x0000000738600000|100%| E|CS|TAMS 0x0000000738400000, 0x0000000738400000| Complete 
| 451|0x0000000738600000, 0x0000000738800000, 0x0000000738800000|100%| E|CS|TAMS 0x0000000738600000, 0x0000000738600000| Complete 
| 452|0x0000000738800000, 0x0000000738a00000, 0x0000000738a00000|100%| E|CS|TAMS 0x0000000738800000, 0x0000000738800000| Complete 
| 453|0x0000000738a00000, 0x0000000738c00000, 0x0000000738c00000|100%| E|CS|TAMS 0x0000000738a00000, 0x0000000738a00000| Complete 
| 454|0x0000000738c00000, 0x0000000738e00000, 0x0000000738e00000|100%| E|CS|TAMS 0x0000000738c00000, 0x0000000738c00000| Complete 
| 455|0x0000000738e00000, 0x0000000739000000, 0x0000000739000000|100%| E|CS|TAMS 0x0000000738e00000, 0x0000000738e00000| Complete 
| 456|0x0000000739000000, 0x0000000739200000, 0x0000000739200000|100%| E|CS|TAMS 0x0000000739000000, 0x0000000739000000| Complete 
| 457|0x0000000739200000, 0x0000000739400000, 0x0000000739400000|100%| E|CS|TAMS 0x0000000739200000, 0x0000000739200000| Complete 
| 458|0x0000000739400000, 0x0000000739600000, 0x0000000739600000|100%| E|CS|TAMS 0x0000000739400000, 0x0000000739400000| Complete 
| 459|0x0000000739600000, 0x0000000739800000, 0x0000000739800000|100%| E|CS|TAMS 0x0000000739600000, 0x0000000739600000| Complete 
| 460|0x0000000739800000, 0x0000000739a00000, 0x0000000739a00000|100%| E|CS|TAMS 0x0000000739800000, 0x0000000739800000| Complete 
| 461|0x0000000739a00000, 0x0000000739c00000, 0x0000000739c00000|100%| E|CS|TAMS 0x0000000739a00000, 0x0000000739a00000| Complete 
| 462|0x0000000739c00000, 0x0000000739e00000, 0x0000000739e00000|100%| E|CS|TAMS 0x0000000739c00000, 0x0000000739c00000| Complete 
| 463|0x0000000739e00000, 0x000000073a000000, 0x000000073a000000|100%| E|CS|TAMS 0x0000000739e00000, 0x0000000739e00000| Complete 
| 464|0x000000073a000000, 0x000000073a200000, 0x000000073a200000|100%| E|CS|TAMS 0x000000073a000000, 0x000000073a000000| Complete 
| 465|0x000000073a200000, 0x000000073a400000, 0x000000073a400000|100%| E|CS|TAMS 0x000000073a200000, 0x000000073a200000| Complete 
| 466|0x000000073a400000, 0x000000073a600000, 0x000000073a600000|100%| E|CS|TAMS 0x000000073a400000, 0x000000073a400000| Complete 
| 467|0x000000073a600000, 0x000000073a800000, 0x000000073a800000|100%| E|CS|TAMS 0x000000073a600000, 0x000000073a600000| Complete 
| 468|0x000000073a800000, 0x000000073aa00000, 0x000000073aa00000|100%| E|CS|TAMS 0x000000073a800000, 0x000000073a800000| Complete 
| 469|0x000000073aa00000, 0x000000073ac00000, 0x000000073ac00000|100%| E|CS|TAMS 0x000000073aa00000, 0x000000073aa00000| Complete 
| 470|0x000000073ac00000, 0x000000073ae00000, 0x000000073ae00000|100%| E|CS|TAMS 0x000000073ac00000, 0x000000073ac00000| Complete 
| 471|0x000000073ae00000, 0x000000073b000000, 0x000000073b000000|100%| E|CS|TAMS 0x000000073ae00000, 0x000000073ae00000| Complete 
| 472|0x000000073b000000, 0x000000073b200000, 0x000000073b200000|100%| E|CS|TAMS 0x000000073b000000, 0x000000073b000000| Complete 
| 473|0x000000073b200000, 0x000000073b400000, 0x000000073b400000|100%| E|CS|TAMS 0x000000073b200000, 0x000000073b200000| Complete 
| 474|0x000000073b400000, 0x000000073b600000, 0x000000073b600000|100%| E|CS|TAMS 0x000000073b400000, 0x000000073b400000| Complete 
| 475|0x000000073b600000, 0x000000073b800000, 0x000000073b800000|100%| E|CS|TAMS 0x000000073b600000, 0x000000073b600000| Complete 
| 476|0x000000073b800000, 0x000000073ba00000, 0x000000073ba00000|100%| E|CS|TAMS 0x000000073b800000, 0x000000073b800000| Complete 
| 477|0x000000073ba00000, 0x000000073bc00000, 0x000000073bc00000|100%| E|CS|TAMS 0x000000073ba00000, 0x000000073ba00000| Complete 
| 478|0x000000073bc00000, 0x000000073be00000, 0x000000073be00000|100%| E|CS|TAMS 0x000000073bc00000, 0x000000073bc00000| Complete 
| 479|0x000000073be00000, 0x000000073c000000, 0x000000073c000000|100%| E|CS|TAMS 0x000000073be00000, 0x000000073be00000| Complete 
| 480|0x000000073c000000, 0x000000073c200000, 0x000000073c200000|100%| E|CS|TAMS 0x000000073c000000, 0x000000073c000000| Complete 
| 481|0x000000073c200000, 0x000000073c400000, 0x000000073c400000|100%| E|CS|TAMS 0x000000073c200000, 0x000000073c200000| Complete 
| 482|0x000000073c400000, 0x000000073c600000, 0x000000073c600000|100%| E|CS|TAMS 0x000000073c400000, 0x000000073c400000| Complete 
| 483|0x000000073c600000, 0x000000073c800000, 0x000000073c800000|100%| E|CS|TAMS 0x000000073c600000, 0x000000073c600000| Complete 
| 484|0x000000073c800000, 0x000000073ca00000, 0x000000073ca00000|100%| E|CS|TAMS 0x000000073c800000, 0x000000073c800000| Complete 
| 485|0x000000073ca00000, 0x000000073cc00000, 0x000000073cc00000|100%| E|CS|TAMS 0x000000073ca00000, 0x000000073ca00000| Complete 
| 486|0x000000073cc00000, 0x000000073ce00000, 0x000000073ce00000|100%| E|CS|TAMS 0x000000073cc00000, 0x000000073cc00000| Complete 
| 487|0x000000073ce00000, 0x000000073d000000, 0x000000073d000000|100%| E|CS|TAMS 0x000000073ce00000, 0x000000073ce00000| Complete 
| 488|0x000000073d000000, 0x000000073d200000, 0x000000073d200000|100%| E|CS|TAMS 0x000000073d000000, 0x000000073d000000| Complete 
| 489|0x000000073d200000, 0x000000073d400000, 0x000000073d400000|100%| E|CS|TAMS 0x000000073d200000, 0x000000073d200000| Complete 
| 490|0x000000073d400000, 0x000000073d600000, 0x000000073d600000|100%| E|CS|TAMS 0x000000073d400000, 0x000000073d400000| Complete 
| 491|0x000000073d600000, 0x000000073d800000, 0x000000073d800000|100%| E|CS|TAMS 0x000000073d600000, 0x000000073d600000| Complete 
| 492|0x000000073d800000, 0x000000073da00000, 0x000000073da00000|100%| E|CS|TAMS 0x000000073d800000, 0x000000073d800000| Complete 
| 493|0x000000073da00000, 0x000000073dc00000, 0x000000073dc00000|100%| E|CS|TAMS 0x000000073da00000, 0x000000073da00000| Complete 
| 494|0x000000073dc00000, 0x000000073de00000, 0x000000073de00000|100%| E|CS|TAMS 0x000000073dc00000, 0x000000073dc00000| Complete 
| 495|0x000000073de00000, 0x000000073e000000, 0x000000073e000000|100%| E|CS|TAMS 0x000000073de00000, 0x000000073de00000| Complete 
| 496|0x000000073e000000, 0x000000073e200000, 0x000000073e200000|100%| E|CS|TAMS 0x000000073e000000, 0x000000073e000000| Complete 
| 497|0x000000073e200000, 0x000000073e400000, 0x000000073e400000|100%| E|CS|TAMS 0x000000073e200000, 0x000000073e200000| Complete 
| 498|0x000000073e400000, 0x000000073e600000, 0x000000073e600000|100%| E|CS|TAMS 0x000000073e400000, 0x000000073e400000| Complete 
| 499|0x000000073e600000, 0x000000073e800000, 0x000000073e800000|100%| E|CS|TAMS 0x000000073e600000, 0x000000073e600000| Complete 
| 500|0x000000073e800000, 0x000000073ea00000, 0x000000073ea00000|100%| E|CS|TAMS 0x000000073e800000, 0x000000073e800000| Complete 
| 501|0x000000073ea00000, 0x000000073ec00000, 0x000000073ec00000|100%| E|CS|TAMS 0x000000073ea00000, 0x000000073ea00000| Complete 
| 502|0x000000073ec00000, 0x000000073ee00000, 0x000000073ee00000|100%| E|CS|TAMS 0x000000073ec00000, 0x000000073ec00000| Complete 
| 503|0x000000073ee00000, 0x000000073f000000, 0x000000073f000000|100%| E|CS|TAMS 0x000000073ee00000, 0x000000073ee00000| Complete 
| 504|0x000000073f000000, 0x000000073f200000, 0x000000073f200000|100%| E|CS|TAMS 0x000000073f000000, 0x000000073f000000| Complete 
| 505|0x000000073f200000, 0x000000073f400000, 0x000000073f400000|100%| E|CS|TAMS 0x000000073f200000, 0x000000073f200000| Complete 
| 506|0x000000073f400000, 0x000000073f600000, 0x000000073f600000|100%| E|CS|TAMS 0x000000073f400000, 0x000000073f400000| Complete 
| 507|0x000000073f600000, 0x000000073f800000, 0x000000073f800000|100%| E|CS|TAMS 0x000000073f600000, 0x000000073f600000| Complete 
| 508|0x000000073f800000, 0x000000073fa00000, 0x000000073fa00000|100%| E|CS|TAMS 0x000000073f800000, 0x000000073f800000| Complete 
| 509|0x000000073fa00000, 0x000000073fc00000, 0x000000073fc00000|100%| E|CS|TAMS 0x000000073fa00000, 0x000000073fa00000| Complete 
| 510|0x000000073fc00000, 0x000000073fe00000, 0x000000073fe00000|100%| E|CS|TAMS 0x000000073fc00000, 0x000000073fc00000| Complete 
| 511|0x000000073fe00000, 0x0000000740000000, 0x0000000740000000|100%| E|CS|TAMS 0x000000073fe00000, 0x000000073fe00000| Complete 
| 512|0x0000000740000000, 0x0000000740200000, 0x0000000740200000|100%| E|CS|TAMS 0x0000000740000000, 0x0000000740000000| Complete 
| 513|0x0000000740200000, 0x0000000740400000, 0x0000000740400000|100%| E|CS|TAMS 0x0000000740200000, 0x0000000740200000| Complete 
| 514|0x0000000740400000, 0x0000000740600000, 0x0000000740600000|100%| E|CS|TAMS 0x0000000740400000, 0x0000000740400000| Complete 
| 515|0x0000000740600000, 0x0000000740800000, 0x0000000740800000|100%| E|CS|TAMS 0x0000000740600000, 0x0000000740600000| Complete 
| 516|0x0000000740800000, 0x0000000740a00000, 0x0000000740a00000|100%| E|CS|TAMS 0x0000000740800000, 0x0000000740800000| Complete 
| 517|0x0000000740a00000, 0x0000000740c00000, 0x0000000740c00000|100%| E|CS|TAMS 0x0000000740a00000, 0x0000000740a00000| Complete 
| 518|0x0000000740c00000, 0x0000000740e00000, 0x0000000740e00000|100%| E|CS|TAMS 0x0000000740c00000, 0x0000000740c00000| Complete 
| 519|0x0000000740e00000, 0x0000000741000000, 0x0000000741000000|100%| E|CS|TAMS 0x0000000740e00000, 0x0000000740e00000| Complete 
| 520|0x0000000741000000, 0x0000000741200000, 0x0000000741200000|100%| E|CS|TAMS 0x0000000741000000, 0x0000000741000000| Complete 
| 521|0x0000000741200000, 0x0000000741400000, 0x0000000741400000|100%| E|CS|TAMS 0x0000000741200000, 0x0000000741200000| Complete 
| 522|0x0000000741400000, 0x0000000741600000, 0x0000000741600000|100%| E|CS|TAMS 0x0000000741400000, 0x0000000741400000| Complete 
| 523|0x0000000741600000, 0x0000000741800000, 0x0000000741800000|100%| E|CS|TAMS 0x0000000741600000, 0x0000000741600000| Complete 
| 524|0x0000000741800000, 0x0000000741a00000, 0x0000000741a00000|100%| E|CS|TAMS 0x0000000741800000, 0x0000000741800000| Complete 
| 525|0x0000000741a00000, 0x0000000741c00000, 0x0000000741c00000|100%| E|CS|TAMS 0x0000000741a00000, 0x0000000741a00000| Complete 
| 526|0x0000000741c00000, 0x0000000741e00000, 0x0000000741e00000|100%| E|CS|TAMS 0x0000000741c00000, 0x0000000741c00000| Complete 
| 527|0x0000000741e00000, 0x0000000742000000, 0x0000000742000000|100%| E|CS|TAMS 0x0000000741e00000, 0x0000000741e00000| Complete 
| 528|0x0000000742000000, 0x0000000742200000, 0x0000000742200000|100%| E|CS|TAMS 0x0000000742000000, 0x0000000742000000| Complete 
| 529|0x0000000742200000, 0x0000000742400000, 0x0000000742400000|100%| E|CS|TAMS 0x0000000742200000, 0x0000000742200000| Complete 
| 530|0x0000000742400000, 0x0000000742600000, 0x0000000742600000|100%| E|CS|TAMS 0x0000000742400000, 0x0000000742400000| Complete 
| 531|0x0000000742600000, 0x0000000742800000, 0x0000000742800000|100%| E|CS|TAMS 0x0000000742600000, 0x0000000742600000| Complete 
| 532|0x0000000742800000, 0x0000000742a00000, 0x0000000742a00000|100%| E|CS|TAMS 0x0000000742800000, 0x0000000742800000| Complete 
| 533|0x0000000742a00000, 0x0000000742c00000, 0x0000000742c00000|100%| E|CS|TAMS 0x0000000742a00000, 0x0000000742a00000| Complete 
| 534|0x0000000742c00000, 0x0000000742e00000, 0x0000000742e00000|100%| E|CS|TAMS 0x0000000742c00000, 0x0000000742c00000| Complete 
| 535|0x0000000742e00000, 0x0000000743000000, 0x0000000743000000|100%| E|CS|TAMS 0x0000000742e00000, 0x0000000742e00000| Complete 
| 536|0x0000000743000000, 0x0000000743200000, 0x0000000743200000|100%| E|CS|TAMS 0x0000000743000000, 0x0000000743000000| Complete 
| 537|0x0000000743200000, 0x0000000743400000, 0x0000000743400000|100%| E|CS|TAMS 0x0000000743200000, 0x0000000743200000| Complete 
| 538|0x0000000743400000, 0x0000000743600000, 0x0000000743600000|100%| E|CS|TAMS 0x0000000743400000, 0x0000000743400000| Complete 
| 539|0x0000000743600000, 0x0000000743800000, 0x0000000743800000|100%| E|CS|TAMS 0x0000000743600000, 0x0000000743600000| Complete 
| 540|0x0000000743800000, 0x0000000743a00000, 0x0000000743a00000|100%| E|CS|TAMS 0x0000000743800000, 0x0000000743800000| Complete 
| 541|0x0000000743a00000, 0x0000000743c00000, 0x0000000743c00000|100%| E|CS|TAMS 0x0000000743a00000, 0x0000000743a00000| Complete 
| 542|0x0000000743c00000, 0x0000000743e00000, 0x0000000743e00000|100%| E|CS|TAMS 0x0000000743c00000, 0x0000000743c00000| Complete 
| 543|0x0000000743e00000, 0x0000000743f725c0, 0x0000000744000000| 72%| S|CS|TAMS 0x0000000743e00000, 0x0000000743e00000| Complete 
| 544|0x0000000744000000, 0x0000000744200000, 0x0000000744200000|100%| S|CS|TAMS 0x0000000744000000, 0x0000000744000000| Complete 
| 545|0x0000000744200000, 0x0000000744400000, 0x0000000744400000|100%| S|CS|TAMS 0x0000000744200000, 0x0000000744200000| Complete 
| 546|0x0000000744400000, 0x0000000744600000, 0x0000000744600000|100%| E|CS|TAMS 0x0000000744400000, 0x0000000744400000| Complete 
| 547|0x0000000744600000, 0x0000000744800000, 0x0000000744800000|100%| E|CS|TAMS 0x0000000744600000, 0x0000000744600000| Complete 
| 548|0x0000000744800000, 0x0000000744a00000, 0x0000000744a00000|100%| E|CS|TAMS 0x0000000744800000, 0x0000000744800000| Complete 
| 549|0x0000000744a00000, 0x0000000744c00000, 0x0000000744c00000|100%| E|CS|TAMS 0x0000000744a00000, 0x0000000744a00000| Complete 
| 550|0x0000000744c00000, 0x0000000744e00000, 0x0000000744e00000|100%| E|CS|TAMS 0x0000000744c00000, 0x0000000744c00000| Complete 
| 551|0x0000000744e00000, 0x0000000745000000, 0x0000000745000000|100%| E|CS|TAMS 0x0000000744e00000, 0x0000000744e00000| Complete 
| 552|0x0000000745000000, 0x0000000745200000, 0x0000000745200000|100%| E|CS|TAMS 0x0000000745000000, 0x0000000745000000| Complete 

Card table byte_map: [0x00000181fc0c0000,0x00000181fc8c0000] _byte_map_base: 0x00000181f88c0000

Marking Bits (Prev, Next): (CMBitMap*) 0x00000181e373e570, (CMBitMap*) 0x00000181e373e5b0
 Prev Bits: [0x0000018180000000, 0x0000018184000000)
 Next Bits: [0x0000018184000000, 0x0000018188000000)

Polling page: 0x00000181e2e80000

Metaspace:

Usage:
  Non-class:    138.37 MB used.
      Class:     20.82 MB used.
       Both:    159.19 MB used.

Virtual space:
  Non-class space:      192.00 MB reserved,     140.00 MB ( 73%) committed,  3 nodes.
      Class space:      832.00 MB reserved,      22.12 MB (  3%) committed,  1 nodes.
             Both:        1.00 GB reserved,     162.12 MB ( 16%) committed. 

Chunk freelists:
   Non-Class:  3.52 MB
       Class:  9.84 MB
        Both:  13.36 MB

MaxMetaspaceSize: 1.00 GB
CompressedClassSpaceSize: 832.00 MB
Initial GC threshold: 21.00 MB
Current GC threshold: 261.88 MB
CDS: on
MetaspaceReclaimPolicy: balanced
 - commit_granule_bytes: 65536.
 - commit_granule_words: 8192.
 - virtual_space_node_default_size: 8388608.
 - enlarge_chunks_in_place: 1.
 - new_chunks_are_fully_committed: 0.
 - uncommit_free_chunks: 1.
 - use_allocation_guard: 0.
 - handle_deallocations: 1.


Internal statistics:

num_allocs_failed_limit: 15.
num_arena_births: 4138.
num_arena_deaths: 8.
num_vsnodes_births: 4.
num_vsnodes_deaths: 0.
num_space_committed: 2604.
num_space_uncommitted: 12.
num_chunks_returned_to_freelist: 85.
num_chunks_taken_from_freelist: 12435.
num_chunk_merges: 36.
num_chunk_splits: 7425.
num_chunks_enlarged: 3976.
num_inconsistent_stats: 0.

CodeHeap 'non-profiled nmethods': size=120000Kb used=28031Kb max_used=28031Kb free=91968Kb
 bounds [0x00000181f4060000, 0x00000181f5bc0000, 0x00000181fb590000]
CodeHeap 'profiled nmethods': size=120000Kb used=58258Kb max_used=58258Kb free=61741Kb
 bounds [0x00000181ec590000, 0x00000181efe80000, 0x00000181f3ac0000]
CodeHeap 'non-nmethods': size=5760Kb used=2544Kb max_used=2660Kb free=3215Kb
 bounds [0x00000181f3ac0000, 0x00000181f3d70000, 0x00000181f4060000]
 total_blobs=30560 nmethods=29462 adapters=1008
 compilation: enabled
              stopped_count=0, restarted_count=0
 full_count=0

Compilation events (20 events):
Event: 208.548 Thread 0x00000181ff4ba9e0 nmethod 38547 0x00000181f5bbe090 code [0x00000181f5bbe220, 0x00000181f5bbe3c8]
Event: 208.549 Thread 0x00000181ff4c9bb0 38548   !   3       java.util.regex.Pattern$Neg::match (121 bytes)
Event: 208.550 Thread 0x00000181ff4c9bb0 nmethod 38548 0x00000181efe6a010 code [0x00000181efe6a200, 0x00000181efe6a938]
Event: 208.552 Thread 0x00000181ff4c9bb0 38549       3       com.sun.xml.bind.v2.runtime.unmarshaller.UnmarshallingContext::expectText (11 bytes)
Event: 208.552 Thread 0x00000181ff4c9bb0 nmethod 38549 0x00000181efe6ab90 code [0x00000181efe6ad20, 0x00000181efe6ae58]
Event: 208.553 Thread 0x00000181ff4c9bb0 38550       1       com.sun.xml.bind.v2.runtime.unmarshaller.UnmarshallingContext$State::getContext (5 bytes)
Event: 208.553 Thread 0x00000181ff4c9bb0 nmethod 38550 0x00000181f5bbe590 code [0x00000181f5bbe720, 0x00000181f5bbe7f8]
Event: 208.565 Thread 0x00000181ff4ba9e0 38551       4       com.sun.org.apache.xerces.internal.impl.XMLEntityManager$RewindableInputStream::readAndBuffer (97 bytes)
Event: 208.567 Thread 0x00000181ff4ba9e0 nmethod 38551 0x00000181f5bbe890 code [0x00000181f5bbea20, 0x00000181f5bbebc8]
Event: 208.567 Thread 0x00000181ff4ba9e0 38552       4       com.sun.org.apache.xerces.internal.utils.XMLSecurityManager::isNoLimit (10 bytes)
Event: 208.567 Thread 0x00000181ff4ba9e0 nmethod 38552 0x00000181f5bbed90 code [0x00000181f5bbef00, 0x00000181f5bbef98]
Event: 208.588 Thread 0x00000181ff4c9bb0 38553 %     3       java.util.regex.Pattern::compile @ 73 (500 bytes)
Event: 208.590 Thread 0x00000181ff4c9bb0 nmethod 38553% 0x00000181efe6af10 code [0x00000181efe6b3c0, 0x00000181efe6e2a8]
Event: 208.591 Thread 0x00000181ff4c9bb0 38554       3       com.sun.xml.bind.WhiteSpaceProcessor::isWhiteSpace (38 bytes)
Event: 208.591 Thread 0x00000181ff4c9bb0 nmethod 38554 0x00000181efe6ed10 code [0x00000181efe6eec0, 0x00000181efe6f0f8]
Event: 208.613 Thread 0x00000181ff4c9bb0 38555       3       com.sun.org.apache.xerces.internal.impl.XMLScanner::isInvalidLiteral (5 bytes)
Event: 208.613 Thread 0x00000181ff4c9bb0 nmethod 38555 0x00000181efe6f190 code [0x00000181efe6f340, 0x00000181efe6f528]
Event: 208.613 Thread 0x00000181ff4c9bb0 38556       3       org.xml.sax.helpers.XMLFilterImpl::characters (20 bytes)
Event: 208.613 Thread 0x00000181ff4c9bb0 nmethod 38556 0x00000181efe6f610 code [0x00000181efe6f7c0, 0x00000181efe6f9c8]
Event: 208.613 Thread 0x00000181ff4c9bb0 38557       3       com.sun.xml.bind.v2.runtime.unmarshaller.SAXConnector::characters (48 bytes)

GC Heap History (20 events):
Event: 145.437 GC heap before
{Heap before GC invocations=92 (full 0):
 garbage-first heap   total 610304K, used 565833K [0x0000000700000000, 0x0000000800000000)
  region size 2048K, 14 young (28672K), 2 survivors (4096K)
 Metaspace       used 131491K, committed 134016K, reserved 983040K
  class space    used 18010K, committed 19136K, reserved 851968K
}
Event: 145.537 GC heap after
{Heap after GC invocations=93 (full 0):
 garbage-first heap   total 1132544K, used 523004K [0x0000000700000000, 0x0000000800000000)
  region size 2048K, 2 young (4096K), 2 survivors (4096K)
 Metaspace       used 131491K, committed 134016K, reserved 983040K
  class space    used 18010K, committed 19136K, reserved 851968K
}
Event: 147.872 GC heap before
{Heap before GC invocations=93 (full 0):
 garbage-first heap   total 1132544K, used 887548K [0x0000000700000000, 0x0000000800000000)
  region size 2048K, 181 young (370688K), 2 survivors (4096K)
 Metaspace       used 135956K, committed 138496K, reserved 983040K
  class space    used 18418K, committed 19584K, reserved 851968K
}
Event: 147.888 GC heap after
{Heap after GC invocations=94 (full 0):
 garbage-first heap   total 1132544K, used 541426K [0x0000000700000000, 0x0000000800000000)
  region size 2048K, 11 young (22528K), 11 survivors (22528K)
 Metaspace       used 135956K, committed 138496K, reserved 983040K
  class space    used 18418K, committed 19584K, reserved 851968K
}
Event: 156.764 GC heap before
{Heap before GC invocations=94 (full 0):
 garbage-first heap   total 1132544K, used 918258K [0x0000000700000000, 0x0000000800000000)
  region size 2048K, 190 young (389120K), 11 survivors (22528K)
 Metaspace       used 149528K, committed 152128K, reserved 1048576K
  class space    used 20009K, committed 21184K, reserved 851968K
}
Event: 156.795 GC heap after
{Heap after GC invocations=95 (full 0):
 garbage-first heap   total 1132544K, used 550429K [0x0000000700000000, 0x0000000800000000)
  region size 2048K, 13 young (26624K), 13 survivors (26624K)
 Metaspace       used 149528K, committed 152128K, reserved 1048576K
  class space    used 20009K, committed 21184K, reserved 851968K
}
Event: 159.534 GC heap before
{Heap before GC invocations=95 (full 0):
 garbage-first heap   total 1132544K, used 779805K [0x0000000700000000, 0x0000000800000000)
  region size 2048K, 124 young (253952K), 13 survivors (26624K)
 Metaspace       used 151112K, committed 153728K, reserved 1048576K
  class space    used 20090K, committed 21248K, reserved 851968K
}
Event: 159.553 GC heap after
{Heap after GC invocations=96 (full 0):
 garbage-first heap   total 1132544K, used 547668K [0x0000000700000000, 0x0000000800000000)
  region size 2048K, 12 young (24576K), 12 survivors (24576K)
 Metaspace       used 151112K, committed 153728K, reserved 1048576K
  class space    used 20090K, committed 21248K, reserved 851968K
}
Event: 168.872 GC heap before
{Heap before GC invocations=97 (full 0):
 garbage-first heap   total 1132544K, used 947028K [0x0000000700000000, 0x0000000800000000)
  region size 2048K, 197 young (403456K), 12 survivors (24576K)
 Metaspace       used 156512K, committed 159360K, reserved 1048576K
  class space    used 20713K, committed 22016K, reserved 851968K
}
Event: 168.904 GC heap after
{Heap after GC invocations=98 (full 0):
 garbage-first heap   total 1132544K, used 567909K [0x0000000700000000, 0x0000000800000000)
  region size 2048K, 20 young (40960K), 20 survivors (40960K)
 Metaspace       used 156512K, committed 159360K, reserved 1048576K
  class space    used 20713K, committed 22016K, reserved 851968K
}
Event: 169.221 GC heap before
{Heap before GC invocations=98 (full 0):
 garbage-first heap   total 1132544K, used 582245K [0x0000000700000000, 0x0000000800000000)
  region size 2048K, 27 young (55296K), 20 survivors (40960K)
 Metaspace       used 156564K, committed 159424K, reserved 1048576K
  class space    used 20714K, committed 22016K, reserved 851968K
}
Event: 169.275 GC heap after
{Heap after GC invocations=99 (full 0):
 garbage-first heap   total 1132544K, used 475338K [0x0000000700000000, 0x0000000800000000)
  region size 2048K, 4 young (8192K), 4 survivors (8192K)
 Metaspace       used 156564K, committed 159424K, reserved 1048576K
  class space    used 20714K, committed 22016K, reserved 851968K
}
Event: 170.885 GC heap before
{Heap before GC invocations=99 (full 0):
 garbage-first heap   total 1132544K, used 526538K [0x0000000700000000, 0x0000000800000000)
  region size 2048K, 27 young (55296K), 4 survivors (8192K)
 Metaspace       used 156934K, committed 159744K, reserved 1048576K
  class space    used 20734K, committed 22016K, reserved 851968K
}
Event: 170.941 GC heap after
{Heap after GC invocations=100 (full 0):
 garbage-first heap   total 1132544K, used 462848K [0x0000000700000000, 0x0000000800000000)
  region size 2048K, 4 young (8192K), 4 survivors (8192K)
 Metaspace       used 156934K, committed 159744K, reserved 1048576K
  class space    used 20734K, committed 22016K, reserved 851968K
}
Event: 185.741 GC heap before
{Heap before GC invocations=100 (full 0):
 garbage-first heap   total 1132544K, used 923648K [0x0000000700000000, 0x0000000800000000)
  region size 2048K, 222 young (454656K), 4 survivors (8192K)
 Metaspace       used 158436K, committed 161408K, reserved 1048576K
  class space    used 20823K, committed 22144K, reserved 851968K
}
Event: 185.760 GC heap after
{Heap after GC invocations=101 (full 0):
 garbage-first heap   total 1132544K, used 476995K [0x0000000700000000, 0x0000000800000000)
  region size 2048K, 10 young (20480K), 10 survivors (20480K)
 Metaspace       used 158436K, committed 161408K, reserved 1048576K
  class space    used 20823K, committed 22144K, reserved 851968K
}
Event: 196.002 GC heap before
{Heap before GC invocations=102 (full 0):
 garbage-first heap   total 1132544K, used 948035K [0x0000000700000000, 0x0000000800000000)
  region size 2048K, 225 young (460800K), 10 survivors (20480K)
 Metaspace       used 159338K, committed 162240K, reserved 1048576K
  class space    used 20887K, committed 22208K, reserved 851968K
}
Event: 196.042 GC heap after
{Heap after GC invocations=103 (full 0):
 garbage-first heap   total 1132544K, used 503896K [0x0000000700000000, 0x0000000800000000)
  region size 2048K, 20 young (40960K), 20 survivors (40960K)
 Metaspace       used 159338K, committed 162240K, reserved 1048576K
  class space    used 20887K, committed 22208K, reserved 851968K
}
Event: 196.312 GC heap before
{Heap before GC invocations=103 (full 0):
 garbage-first heap   total 1132544K, used 518232K [0x0000000700000000, 0x0000000800000000)
  region size 2048K, 27 young (55296K), 20 survivors (40960K)
 Metaspace       used 159354K, committed 162240K, reserved 1048576K
  class space    used 20890K, committed 22208K, reserved 851968K
}
Event: 196.358 GC heap after
{Heap after GC invocations=104 (full 0):
 garbage-first heap   total 1132544K, used 459699K [0x0000000700000000, 0x0000000800000000)
  region size 2048K, 3 young (6144K), 3 survivors (6144K)
 Metaspace       used 159354K, committed 162240K, reserved 1048576K
  class space    used 20890K, committed 22208K, reserved 851968K
}

Dll operation events (16 events):
Event: 0.010 Loaded shared library C:\Program Files\OpenLogic\jdk-17.0.14.7-hotspot\bin\java.dll
Event: 0.034 Loaded shared library C:\Program Files\OpenLogic\jdk-17.0.14.7-hotspot\bin\jsvml.dll
Event: 0.076 Loaded shared library C:\Program Files\OpenLogic\jdk-17.0.14.7-hotspot\bin\zip.dll
Event: 0.080 Loaded shared library C:\Program Files\OpenLogic\jdk-17.0.14.7-hotspot\bin\instrument.dll
Event: 0.084 Loaded shared library C:\Program Files\OpenLogic\jdk-17.0.14.7-hotspot\bin\net.dll
Event: 0.086 Loaded shared library C:\Program Files\OpenLogic\jdk-17.0.14.7-hotspot\bin\nio.dll
Event: 0.088 Loaded shared library C:\Program Files\OpenLogic\jdk-17.0.14.7-hotspot\bin\zip.dll
Event: 0.329 Loaded shared library C:\Program Files\OpenLogic\jdk-17.0.14.7-hotspot\bin\jimage.dll
Event: 0.473 Loaded shared library C:\Program Files\OpenLogic\jdk-17.0.14.7-hotspot\bin\verify.dll
Event: 0.558 Loaded shared library C:\Users\Vauras\.gradle\native\1def1411415f61bf3af743bc5b6707747c0891f09f0c88961ee8f79bc544acac\windows-amd64\native-platform.dll
Event: 0.569 Loaded shared library C:\Users\Vauras\.gradle\native\0.2.7\x86_64-windows-gnu\gradle-fileevents.dll
Event: 1.677 Loaded shared library C:\Program Files\OpenLogic\jdk-17.0.14.7-hotspot\bin\management.dll
Event: 1.679 Loaded shared library C:\Program Files\OpenLogic\jdk-17.0.14.7-hotspot\bin\management_ext.dll
Event: 1.933 Loaded shared library C:\Program Files\OpenLogic\jdk-17.0.14.7-hotspot\bin\extnet.dll
Event: 2.164 Loaded shared library C:\Program Files\OpenLogic\jdk-17.0.14.7-hotspot\bin\sunmscapi.dll
Event: 160.966 Loaded shared library C:\Program Files\OpenLogic\jdk-17.0.14.7-hotspot\bin\rmi.dll

Deoptimization events (20 events):
Event: 208.306 Thread 0x00000181c31552e0 Uncommon trap: trap_request=0xffffffde fr.pc=0x00000181f514d3e8 relative=0x00000000000032a8
Event: 208.306 Thread 0x00000181c31552e0 Uncommon trap: reason=class_check action=maybe_recompile pc=0x00000181f514d3e8 method=com.sun.org.apache.xerces.internal.impl.XMLEntityManager.setProperty(Ljava/lang/String;Ljava/lang/Object;)V @ 102 c2
Event: 208.306 Thread 0x00000181c31552e0 DEOPT PACKING pc=0x00000181f514d3e8 sp=0x00000048831f9ee0
Event: 208.306 Thread 0x00000181c31552e0 DEOPT UNPACKING pc=0x00000181f3b169a3 sp=0x00000048831f9e58 mode 2
Event: 208.551 Thread 0x00000181c31552e0 Uncommon trap: trap_request=0xffffff66 fr.pc=0x00000181f4e9c000 relative=0x00000000000000e0
Event: 208.551 Thread 0x00000181c31552e0 Uncommon trap: reason=speculate_class_check action=maybe_recompile pc=0x00000181f4e9c000 method=jdk.internal.reflect.UnsafeObjectFieldAccessorImpl.get(Ljava/lang/Object;)Ljava/lang/Object; @ 13 c2
Event: 208.551 Thread 0x00000181c31552e0 DEOPT PACKING pc=0x00000181f4e9c000 sp=0x00000048831f9730
Event: 208.551 Thread 0x00000181c31552e0 DEOPT UNPACKING pc=0x00000181f3b169a3 sp=0x00000048831f96c8 mode 2
Event: 208.564 Thread 0x00000181c31552e0 Uncommon trap: trap_request=0xffffffde fr.pc=0x00000181f529f364 relative=0x0000000000001544
Event: 208.564 Thread 0x00000181c31552e0 Uncommon trap: reason=class_check action=maybe_recompile pc=0x00000181f529f364 method=com.sun.org.apache.xerces.internal.impl.XMLDocumentFragmentScannerImpl.setProperty(Ljava/lang/String;Ljava/lang/Object;)V @ 79 c2
Event: 208.564 Thread 0x00000181c31552e0 DEOPT PACKING pc=0x00000181f529f364 sp=0x00000048831f9e30
Event: 208.564 Thread 0x00000181c31552e0 DEOPT UNPACKING pc=0x00000181f3b169a3 sp=0x00000048831f9db0 mode 2
Event: 208.564 Thread 0x00000181c31552e0 Uncommon trap: trap_request=0xffffffde fr.pc=0x00000181f514d3e8 relative=0x00000000000032a8
Event: 208.564 Thread 0x00000181c31552e0 Uncommon trap: reason=class_check action=maybe_recompile pc=0x00000181f514d3e8 method=com.sun.org.apache.xerces.internal.impl.XMLEntityManager.setProperty(Ljava/lang/String;Ljava/lang/Object;)V @ 102 c2
Event: 208.564 Thread 0x00000181c31552e0 DEOPT PACKING pc=0x00000181f514d3e8 sp=0x00000048831f9ee0
Event: 208.564 Thread 0x00000181c31552e0 DEOPT UNPACKING pc=0x00000181f3b169a3 sp=0x00000048831f9e58 mode 2
Event: 208.609 Thread 0x00000181c31552e0 Uncommon trap: trap_request=0xffffffde fr.pc=0x00000181f529d5b8 relative=0x0000000000000ed8
Event: 208.609 Thread 0x00000181c31552e0 Uncommon trap: reason=class_check action=maybe_recompile pc=0x00000181f529d5b8 method=com.sun.org.apache.xerces.internal.impl.XMLDocumentFragmentScannerImpl.setProperty(Ljava/lang/String;Ljava/lang/Object;)V @ 79 c2
Event: 208.609 Thread 0x00000181c31552e0 DEOPT PACKING pc=0x00000181f529d5b8 sp=0x00000048831f9df0
Event: 208.609 Thread 0x00000181c31552e0 DEOPT UNPACKING pc=0x00000181f3b169a3 sp=0x00000048831f9de0 mode 2

Classes loaded (20 events):
Event: 207.727 Loading class sun/nio/cs/ThreadLocalCoders
Event: 207.727 Loading class sun/nio/cs/ThreadLocalCoders done
Event: 207.727 Loading class sun/nio/cs/ThreadLocalCoders$1
Event: 207.729 Loading class sun/nio/cs/ThreadLocalCoders$Cache
Event: 207.729 Loading class sun/nio/cs/ThreadLocalCoders$Cache done
Event: 207.729 Loading class sun/nio/cs/ThreadLocalCoders$1 done
Event: 207.729 Loading class sun/nio/cs/ThreadLocalCoders$2
Event: 207.730 Loading class sun/nio/cs/ThreadLocalCoders$2 done
Event: 207.746 Loading class java/util/zip/Deflater
Event: 207.748 Loading class java/util/zip/Deflater done
Event: 207.750 Loading class java/util/zip/Deflater$DeflaterZStreamRef
Event: 207.750 Loading class java/util/zip/Deflater$DeflaterZStreamRef done
Event: 207.780 Loading class java/util/TreeMap$AscendingSubMap
Event: 207.780 Loading class java/util/TreeMap$AscendingSubMap done
Event: 207.781 Loading class java/util/TreeMap$NavigableSubMap$SubMapKeyIterator
Event: 207.781 Loading class java/util/TreeMap$NavigableSubMap$SubMapKeyIterator done
Event: 207.876 Loading class java/util/Collections$UnmodifiableSortedSet
Event: 207.877 Loading class java/util/Collections$UnmodifiableSortedSet done
Event: 208.015 Loading class java/rmi/server/Unreferenced
Event: 208.015 Loading class java/rmi/server/Unreferenced done

Classes unloaded (20 events):
Event: 186.370 Thread 0x00000181ff489d80 Unloading class 0x000001818a4e2b98 'jdk/internal/jimage/ImageHeader'
Event: 186.370 Thread 0x00000181ff489d80 Unloading class 0x000001818a4e2968 'jdk/internal/jimage/BasicImageReader$2'
Event: 186.370 Thread 0x00000181ff489d80 Unloading class 0x000001818a4e2738 'jdk/internal/jimage/BasicImageReader$1'
Event: 186.370 Thread 0x00000181ff489d80 Unloading class 0x000001818a4e24d0 'jdk/internal/jimage/ImageReader$Resource'
Event: 186.370 Thread 0x00000181ff489d80 Unloading class 0x000001818a4e2268 'jdk/internal/jimage/ImageReader$LinkNode'
Event: 186.370 Thread 0x00000181ff489d80 Unloading class 0x000001818a4e2000 'jdk/internal/jimage/ImageReader$Directory'
Event: 186.370 Thread 0x00000181ff489d80 Unloading class 0x000001818a4e1d28 'jdk/internal/jimage/ImageReader$Node'
Event: 186.370 Thread 0x00000181ff489d80 Unloading class 0x000001818a4e1b30 'jdk/internal/jimage/ImageStrings'
Event: 186.370 Thread 0x00000181ff489d80 Unloading class 0x000001818a4e1870 'jdk/internal/jimage/ImageReader$SharedImageReader'
Event: 186.370 Thread 0x00000181ff489d80 Unloading class 0x000001818a4e15b0 'jdk/internal/jimage/BasicImageReader'
Event: 186.370 Thread 0x00000181ff489d80 Unloading class 0x000001818a4e1390 'jdk/internal/jimage/ImageReader'
Event: 186.370 Thread 0x00000181ff489d80 Unloading class 0x000001818a4e1168 'jdk/internal/jrtfs/SystemImage$2'
Event: 186.370 Thread 0x00000181ff489d80 Unloading class 0x000001818a4e0f50 'jdk/internal/jrtfs/SystemImage$$Lambda$3117+0x000001818a4e0f50'
Event: 186.370 Thread 0x00000181ff489d80 Unloading class 0x000001818a4e0d20 'jdk/internal/jrtfs/ExplodedImage'
Event: 186.370 Thread 0x00000181ff489d80 Unloading class 0x000001818a4e0ae8 'jdk/internal/jrtfs/SystemImage$1'
Event: 186.370 Thread 0x00000181ff489d80 Unloading class 0x000001818a4e08d0 'jdk/internal/jrtfs/SystemImage'
Event: 186.370 Thread 0x00000181ff489d80 Unloading class 0x000001818a4e0670 'jdk/internal/jrtfs/JrtFileStore'
Event: 186.370 Thread 0x00000181ff489d80 Unloading class 0x000001818a4e02f8 'jdk/internal/jrtfs/JrtPath'
Event: 186.370 Thread 0x00000181ff489d80 Unloading class 0x000001818a4e0000 'jdk/internal/jrtfs/JrtFileSystem'
Event: 186.370 Thread 0x00000181ff489d80 Unloading class 0x000001818a4d6400 'jdk/internal/jrtfs/JrtFileSystemProvider'

Classes redefined (0 events):
No events

Internal exceptions (20 events):
Event: 207.895 Thread 0x00000181c31552e0 Exception <a 'sun/nio/fs/WindowsException'{0x000000072b910220}> (0x000000072b910220) 
thrown [s\src\hotspot\share\prims\jni.cpp, line 516]
Event: 207.896 Thread 0x00000181c31552e0 Exception <a 'sun/nio/fs/WindowsException'{0x000000072b9114c8}> (0x000000072b9114c8) 
thrown [s\src\hotspot\share\prims\jni.cpp, line 516]
Event: 207.897 Thread 0x00000181c31552e0 Exception <a 'sun/nio/fs/WindowsException'{0x000000072b9144b0}> (0x000000072b9144b0) 
thrown [s\src\hotspot\share\prims\jni.cpp, line 516]
Event: 207.897 Thread 0x00000181c31552e0 Exception <a 'sun/nio/fs/WindowsException'{0x000000072b915740}> (0x000000072b915740) 
thrown [s\src\hotspot\share\prims\jni.cpp, line 516]
Event: 207.898 Thread 0x00000181c31552e0 Exception <a 'sun/nio/fs/WindowsException'{0x000000072b917a40}> (0x000000072b917a40) 
thrown [s\src\hotspot\share\prims\jni.cpp, line 516]
Event: 207.899 Thread 0x00000181c31552e0 Exception <a 'sun/nio/fs/WindowsException'{0x000000072b918cc0}> (0x000000072b918cc0) 
thrown [s\src\hotspot\share\prims\jni.cpp, line 516]
Event: 207.901 Thread 0x00000181c31552e0 Exception <a 'sun/nio/fs/WindowsException'{0x000000072b91ba58}> (0x000000072b91ba58) 
thrown [s\src\hotspot\share\prims\jni.cpp, line 516]
Event: 207.901 Thread 0x00000181c31552e0 Exception <a 'sun/nio/fs/WindowsException'{0x000000072b91ccf0}> (0x000000072b91ccf0) 
thrown [s\src\hotspot\share\prims\jni.cpp, line 516]
Event: 207.904 Thread 0x00000181c31552e0 Exception <a 'sun/nio/fs/WindowsException'{0x000000072b91fd70}> (0x000000072b91fd70) 
thrown [s\src\hotspot\share\prims\jni.cpp, line 516]
Event: 207.904 Thread 0x00000181c31552e0 Exception <a 'sun/nio/fs/WindowsException'{0x000000072b921000}> (0x000000072b921000) 
thrown [s\src\hotspot\share\prims\jni.cpp, line 516]
Event: 207.908 Thread 0x00000181c31552e0 Exception <a 'sun/nio/fs/WindowsException'{0x000000072b923e00}> (0x000000072b923e00) 
thrown [s\src\hotspot\share\prims\jni.cpp, line 516]
Event: 207.908 Thread 0x00000181c31552e0 Exception <a 'sun/nio/fs/WindowsException'{0x000000072b9250a8}> (0x000000072b9250a8) 
thrown [s\src\hotspot\share\prims\jni.cpp, line 516]
Event: 207.908 Thread 0x00000181c31552e0 Exception <a 'sun/nio/fs/WindowsException'{0x000000072b9271b8}> (0x000000072b9271b8) 
thrown [s\src\hotspot\share\prims\jni.cpp, line 516]
Event: 207.908 Thread 0x00000181c31552e0 Exception <a 'sun/nio/fs/WindowsException'{0x000000072b928478}> (0x000000072b928478) 
thrown [s\src\hotspot\share\prims\jni.cpp, line 516]
Event: 207.909 Thread 0x00000181c31552e0 Exception <a 'sun/nio/fs/WindowsException'{0x000000072b92a6f0}> (0x000000072b92a6f0) 
thrown [s\src\hotspot\share\prims\jni.cpp, line 516]
Event: 207.909 Thread 0x00000181c31552e0 Exception <a 'sun/nio/fs/WindowsException'{0x000000072b92bca0}> (0x000000072b92bca0) 
thrown [s\src\hotspot\share\prims\jni.cpp, line 516]
Event: 207.910 Thread 0x00000181c31552e0 Exception <a 'sun/nio/fs/WindowsException'{0x000000072b92ea78}> (0x000000072b92ea78) 
thrown [s\src\hotspot\share\prims\jni.cpp, line 516]
Event: 207.911 Thread 0x00000181c31552e0 Exception <a 'sun/nio/fs/WindowsException'{0x000000072b930030}> (0x000000072b930030) 
thrown [s\src\hotspot\share\prims\jni.cpp, line 516]
Event: 207.911 Thread 0x00000181c31552e0 Exception <a 'sun/nio/fs/WindowsException'{0x000000072b932600}> (0x000000072b932600) 
thrown [s\src\hotspot\share\prims\jni.cpp, line 516]
Event: 207.911 Thread 0x00000181c31552e0 Exception <a 'sun/nio/fs/WindowsException'{0x000000072b933bd0}> (0x000000072b933bd0) 
thrown [s\src\hotspot\share\prims\jni.cpp, line 516]

VM Operations (20 events):
Event: 206.044 Executing VM operation: Cleanup done
Event: 207.045 Executing VM operation: Cleanup
Event: 207.045 Executing VM operation: Cleanup done
Event: 207.211 Executing VM operation: HandshakeAllThreads
Event: 207.211 Executing VM operation: HandshakeAllThreads done
Event: 207.218 Executing VM operation: HandshakeAllThreads
Event: 207.218 Executing VM operation: HandshakeAllThreads done
Event: 207.218 Executing VM operation: HandshakeAllThreads
Event: 207.219 Executing VM operation: HandshakeAllThreads done
Event: 207.229 Executing VM operation: HandshakeAllThreads
Event: 207.230 Executing VM operation: HandshakeAllThreads done
Event: 207.550 Executing VM operation: ICBufferFull
Event: 207.550 Executing VM operation: ICBufferFull done
Event: 207.775 Executing VM operation: HandshakeAllThreads
Event: 207.775 Executing VM operation: HandshakeAllThreads done
Event: 207.819 Executing VM operation: HandshakeAllThreads
Event: 207.820 Executing VM operation: HandshakeAllThreads done
Event: 207.849 Executing VM operation: HandshakeAllThreads
Event: 207.850 Executing VM operation: HandshakeAllThreads done
Event: 208.850 Executing VM operation: Cleanup

Memory protections (0 events):
No events

Nmethod flushes (20 events):
Event: 207.281 Thread 0x00000181c1020090 flushing  nmethod 0x00000181ef8c9810
Event: 207.282 Thread 0x00000181c1020090 flushing  nmethod 0x00000181ef8eda90
Event: 207.282 Thread 0x00000181c1020090 flushing  nmethod 0x00000181ef8eee90
Event: 207.282 Thread 0x00000181c1020090 flushing  nmethod 0x00000181ef98e210
Event: 207.283 Thread 0x00000181c1020090 flushing  nmethod 0x00000181efa14990
Event: 207.283 Thread 0x00000181c1020090 flushing  nmethod 0x00000181efa70210
Event: 207.283 Thread 0x00000181c1020090 flushing  nmethod 0x00000181efaf6810
Event: 207.283 Thread 0x00000181c1020090 flushing  nmethod 0x00000181efaf7690
Event: 207.284 Thread 0x00000181c1020090 flushing  nmethod 0x00000181efb0a810
Event: 207.284 Thread 0x00000181c1020090 flushing  nmethod 0x00000181efb47f90
Event: 207.284 Thread 0x00000181c1020090 flushing  nmethod 0x00000181efb4c010
Event: 207.284 Thread 0x00000181c1020090 flushing  nmethod 0x00000181efb4f010
Event: 207.284 Thread 0x00000181c1020090 flushing  nmethod 0x00000181efb54a10
Event: 207.284 Thread 0x00000181c1020090 flushing  nmethod 0x00000181efb57c10
Event: 207.284 Thread 0x00000181c1020090 flushing  nmethod 0x00000181efb57f90
Event: 207.284 Thread 0x00000181c1020090 flushing  nmethod 0x00000181efb58810
Event: 207.284 Thread 0x00000181c1020090 flushing  nmethod 0x00000181efb69b10
Event: 207.284 Thread 0x00000181c1020090 flushing  nmethod 0x00000181efb6fc90
Event: 207.284 Thread 0x00000181c1020090 flushing  nmethod 0x00000181efb99490
Event: 207.285 Thread 0x00000181c1020090 flushing  nmethod 0x00000181efc99210

Events (20 events):
Event: 197.743 Thread 0x00000181ff4c9bb0 Thread added: 0x00000181c61eac20
Event: 197.998 Thread 0x00000181ff4c9bb0 Thread added: 0x00000181cd7e61e0
Event: 199.219 Thread 0x00000181cd7e61e0 Thread exited: 0x00000181cd7e61e0
Event: 199.538 Thread 0x00000181c61eac20 Thread exited: 0x00000181c61eac20
Event: 199.546 Thread 0x00000181c81297b0 Thread added: 0x00000181d1edca30
Event: 199.559 Thread 0x00000181c81297b0 Thread added: 0x00000181d1ee2040
Event: 199.607 Thread 0x00000181d2454190 Thread added: 0x00000181d809b3f0
Event: 200.150 Thread 0x00000181c812cf60 Thread added: 0x00000181cd016a90
Event: 200.183 Thread 0x00000181c812cf60 Thread added: 0x00000181c5afd0e0
Event: 200.255 Thread 0x00000181d2454190 Thread added: 0x00000181c350d000
Event: 201.566 Thread 0x00000181ff4c9bb0 Thread added: 0x00000181cd7e61e0
Event: 202.881 Thread 0x00000181cd7e61e0 Thread exited: 0x00000181cd7e61e0
Event: 204.533 Thread 0x00000181ff4c9bb0 Thread added: 0x00000181cd7e61e0
Event: 204.534 Thread 0x00000181ff4c9bb0 Thread added: 0x00000181cd7ea6f0
Event: 205.240 Thread 0x00000181cd7ea6f0 Thread exited: 0x00000181cd7ea6f0
Event: 205.332 Thread 0x00000181cd7e61e0 Thread exited: 0x00000181cd7e61e0
Event: 205.345 Thread 0x00000181ff4ba9e0 Thread added: 0x00000181c1323120
Event: 206.134 Thread 0x00000181c1323120 Thread exited: 0x00000181c1323120
Event: 207.192 Thread 0x00000181ff4c9bb0 Thread added: 0x00000181c1323120
Event: 207.387 Thread 0x00000181c31557f0 Thread added: 0x00000181d1c88680


Dynamic libraries:
0x00007ff7f8930000 - 0x00007ff7f893e000 	C:\Program Files\OpenLogic\jdk-17.0.14.7-hotspot\bin\java.exe
0x00007fff93ca0000 - 0x00007fff93f07000 	C:\Windows\SYSTEM32\ntdll.dll
0x00007fff91f60000 - 0x00007fff92029000 	C:\Windows\System32\KERNEL32.DLL
0x00007fff91390000 - 0x00007fff91781000 	C:\Windows\System32\KERNELBASE.dll
0x00007fff90860000 - 0x00007fff909ab000 	C:\Windows\System32\ucrtbase.dll
0x00007fff7a410000 - 0x00007fff7a42b000 	C:\Program Files\OpenLogic\jdk-17.0.14.7-hotspot\bin\VCRUNTIME140.dll
0x00007fff7a430000 - 0x00007fff7a447000 	C:\Program Files\OpenLogic\jdk-17.0.14.7-hotspot\bin\jli.dll
0x00007fff936f0000 - 0x00007fff938b5000 	C:\Windows\System32\USER32.dll
0x00007fff7e690000 - 0x00007fff7e923000 	C:\Windows\WinSxS\amd64_microsoft.windows.common-controls_6595b64144ccf1df_6.0.26100.8037_none_3e092faae333b53b\COMCTL32.dll
0x00007fff90580000 - 0x00007fff905a7000 	C:\Windows\System32\win32u.dll
0x00007fff93520000 - 0x00007fff935c9000 	C:\Windows\System32\msvcrt.dll
0x00007fff92f50000 - 0x00007fff92f7b000 	C:\Windows\System32\GDI32.dll
0x00007fff905b0000 - 0x00007fff906db000 	C:\Windows\System32\gdi32full.dll
0x00007fff909b0000 - 0x00007fff90a53000 	C:\Windows\System32\msvcp_win.dll
0x00007fff91ed0000 - 0x00007fff91f01000 	C:\Windows\System32\IMM32.DLL
0x00007fff8bc20000 - 0x00007fff8bc2c000 	C:\Program Files\OpenLogic\jdk-17.0.14.7-hotspot\bin\vcruntime140_1.dll
0x00007fff7a380000 - 0x00007fff7a40d000 	C:\Program Files\OpenLogic\jdk-17.0.14.7-hotspot\bin\msvcp140.dll
0x00007ffefd590000 - 0x00007ffefe1fc000 	C:\Program Files\OpenLogic\jdk-17.0.14.7-hotspot\bin\server\jvm.dll
0x00007fff93220000 - 0x00007fff932db000 	C:\Windows\System32\ADVAPI32.dll
0x00007fff927a0000 - 0x00007fff92847000 	C:\Windows\System32\sechost.dll
0x00007fff93400000 - 0x00007fff93518000 	C:\Windows\System32\RPCRT4.dll
0x00007fff935d0000 - 0x00007fff93644000 	C:\Windows\System32\WS2_32.dll
0x00007fff903e0000 - 0x00007fff9043e000 	C:\Windows\SYSTEM32\POWRPROF.dll
0x00007fff869c0000 - 0x00007fff869f5000 	C:\Windows\SYSTEM32\WINMM.dll
0x00007fff85730000 - 0x00007fff8573b000 	C:\Windows\SYSTEM32\VERSION.dll
0x00007fff903c0000 - 0x00007fff903d4000 	C:\Windows\SYSTEM32\UMPDC.dll
0x00007fff8f2d0000 - 0x00007fff8f2eb000 	C:\Windows\SYSTEM32\kernel.appcore.dll
0x00007fff8aac0000 - 0x00007fff8aaca000 	C:\Program Files\OpenLogic\jdk-17.0.14.7-hotspot\bin\jimage.dll
0x00007fff83320000 - 0x00007fff83562000 	C:\Windows\SYSTEM32\DBGHELP.DLL
0x00007fff938c0000 - 0x00007fff93c42000 	C:\Windows\System32\combase.dll
0x00007fff92e50000 - 0x00007fff92f27000 	C:\Windows\System32\OLEAUT32.dll
0x00007fff773f0000 - 0x00007fff7742b000 	C:\Windows\SYSTEM32\dbgcore.DLL
0x00007fff91990000 - 0x00007fff91a35000 	C:\Windows\System32\bcryptPrimitives.dll
0x00007fff7a4a0000 - 0x00007fff7a4ae000 	C:\Program Files\OpenLogic\jdk-17.0.14.7-hotspot\bin\instrument.dll
0x00007fff75000000 - 0x00007fff75025000 	C:\Program Files\OpenLogic\jdk-17.0.14.7-hotspot\bin\java.dll
0x00007fff74f20000 - 0x00007fff74ff6000 	C:\Program Files\OpenLogic\jdk-17.0.14.7-hotspot\bin\jsvml.dll
0x00007fff92030000 - 0x00007fff9278f000 	C:\Windows\System32\SHELL32.dll
0x00007fff91790000 - 0x00007fff918fa000 	C:\Windows\System32\wintypes.dll
0x00007fff90b20000 - 0x00007fff91384000 	C:\Windows\System32\windows.storage.dll
0x00007fff932f0000 - 0x00007fff933e7000 	C:\Windows\System32\SHCORE.dll
0x00007fff93650000 - 0x00007fff936b7000 	C:\Windows\System32\shlwapi.dll
0x00007fff904a0000 - 0x00007fff904c9000 	C:\Windows\SYSTEM32\profapi.dll
0x00007fff751d0000 - 0x00007fff751e8000 	C:\Program Files\OpenLogic\jdk-17.0.14.7-hotspot\bin\zip.dll
0x00007fff78110000 - 0x00007fff78129000 	C:\Program Files\OpenLogic\jdk-17.0.14.7-hotspot\bin\net.dll
0x00007fff86a00000 - 0x00007fff86b27000 	C:\Windows\SYSTEM32\WINHTTP.dll
0x00007fff8f820000 - 0x00007fff8f88b000 	C:\Windows\system32\mswsock.dll
0x00007fff767b0000 - 0x00007fff767c6000 	C:\Program Files\OpenLogic\jdk-17.0.14.7-hotspot\bin\nio.dll
0x00007fff7b850000 - 0x00007fff7b860000 	C:\Program Files\OpenLogic\jdk-17.0.14.7-hotspot\bin\verify.dll
0x00007fff6b620000 - 0x00007fff6b647000 	C:\Users\Vauras\.gradle\native\1def1411415f61bf3af743bc5b6707747c0891f09f0c88961ee8f79bc544acac\windows-amd64\native-platform.dll
0x00007fff66a60000 - 0x00007fff66ad8000 	C:\Users\Vauras\.gradle\native\0.2.7\x86_64-windows-gnu\gradle-fileevents.dll
0x00007fff7a370000 - 0x00007fff7a379000 	C:\Program Files\OpenLogic\jdk-17.0.14.7-hotspot\bin\management.dll
0x00007fff767f0000 - 0x00007fff767fb000 	C:\Program Files\OpenLogic\jdk-17.0.14.7-hotspot\bin\management_ext.dll
0x00007fff92ca0000 - 0x00007fff92ca8000 	C:\Windows\System32\PSAPI.DLL
0x00007fff8eb40000 - 0x00007fff8eb73000 	C:\Windows\SYSTEM32\IPHLPAPI.DLL
0x00007fff933f0000 - 0x00007fff933fa000 	C:\Windows\System32\NSI.dll
0x00007fff89b00000 - 0x00007fff89b1d000 	C:\Windows\SYSTEM32\dhcpcsvc6.DLL
0x00007fff86990000 - 0x00007fff869b3000 	C:\Windows\SYSTEM32\dhcpcsvc.DLL
0x00007fff8ec60000 - 0x00007fff8ed8a000 	C:\Windows\SYSTEM32\DNSAPI.dll
0x00007fff74f00000 - 0x00007fff74f08000 	C:\Program Files\OpenLogic\jdk-17.0.14.7-hotspot\bin\extnet.dll
0x00007fff8fc20000 - 0x00007fff8fc3b000 	C:\Windows\SYSTEM32\CRYPTSP.dll
0x00007fff8f230000 - 0x00007fff8f269000 	C:\Windows\system32\rsaenh.dll
0x00007fff8f8d0000 - 0x00007fff8f902000 	C:\Windows\SYSTEM32\USERENV.dll
0x00007fff90470000 - 0x00007fff9049a000 	C:\Windows\SYSTEM32\bcrypt.dll
0x00007fff8fa80000 - 0x00007fff8fa8c000 	C:\Windows\SYSTEM32\CRYPTBASE.dll
0x00007fff7a490000 - 0x00007fff7a49e000 	C:\Program Files\OpenLogic\jdk-17.0.14.7-hotspot\bin\sunmscapi.dll
0x00007fff906e0000 - 0x00007fff90857000 	C:\Windows\System32\CRYPT32.dll
0x00007fff8fd80000 - 0x00007fff8fdb0000 	C:\Windows\SYSTEM32\ncrypt.dll
0x00007fff8fd30000 - 0x00007fff8fd6f000 	C:\Windows\SYSTEM32\NTASN1.dll
0x00007fff3c980000 - 0x00007fff3c988000 	C:\Windows\system32\wshunix.dll
0x00007fff76b80000 - 0x00007fff76b98000 	C:\Windows\system32\napinsp.dll
0x00007fff76bd0000 - 0x00007fff76be2000 	C:\Windows\System32\winrnr.dll
0x00007fff76ba0000 - 0x00007fff76bc2000 	C:\Windows\system32\nlansp_c.dll
0x00007fff76930000 - 0x00007fff76946000 	C:\Windows\system32\wshbth.dll
0x00007fff86550000 - 0x00007fff8655b000 	C:\Windows\System32\rasadhlp.dll
0x00007fff866b0000 - 0x00007fff86736000 	C:\Windows\System32\fwpuclnt.dll
0x00007fff8f3f0000 - 0x00007fff8f426000 	C:\Windows\SYSTEM32\ntmarta.dll
0x00007fff800a0000 - 0x00007fff800a7000 	C:\Program Files\OpenLogic\jdk-17.0.14.7-hotspot\bin\rmi.dll

dbghelp: loaded successfully - version: 4.0.5 - missing functions: none
symbol engine: initialized successfully - sym options: 0x614 - pdb path: .;C:\Program Files\OpenLogic\jdk-17.0.14.7-hotspot\bin;C:\Windows\SYSTEM32;C:\Windows\WinSxS\amd64_microsoft.windows.common-controls_6595b64144ccf1df_6.0.26100.8037_none_3e092faae333b53b;C:\Program Files\OpenLogic\jdk-17.0.14.7-hotspot\bin\server;C:\Users\Vauras\.gradle\native\1def1411415f61bf3af743bc5b6707747c0891f09f0c88961ee8f79bc544acac\windows-amd64;C:\Users\Vauras\.gradle\native\0.2.7\x86_64-windows-gnu

VM Arguments:
jvm_args: --add-opens=java.base/java.lang=ALL-UNNAMED --add-opens=java.base/java.lang.invoke=ALL-UNNAMED --add-opens=java.base/java.util=ALL-UNNAMED --add-opens=java.prefs/java.util.prefs=ALL-UNNAMED --add-exports=jdk.compiler/com.sun.tools.javac.api=ALL-UNNAMED --add-exports=jdk.compiler/com.sun.tools.javac.util=ALL-UNNAMED --add-opens=java.base/java.util=ALL-UNNAMED --add-opens=java.prefs/java.util.prefs=ALL-UNNAMED --add-opens=java.base/java.nio.charset=ALL-UNNAMED --add-opens=java.base/java.net=ALL-UNNAMED --add-opens=java.base/java.util.concurrent.atomic=ALL-UNNAMED --add-opens=java.xml/javax.xml.namespace=ALL-UNNAMED -XX:MaxMetaspaceSize=1024m -Xmx4096m -Dfile.encoding=windows-1252 -Duser.country=IN -Duser.language=en -Duser.variant -javaagent:C:\Users\Vauras\.gradle\wrapper\dists\gradle-8.13-bin\5xuhj0ry160q40clulazy9h7d\gradle-8.13\lib\agents\gradle-instrumentation-agent-8.13.jar 
java_command: org.gradle.launcher.daemon.bootstrap.GradleDaemon 8.13
java_class_path (initial): C:\Users\Vauras\.gradle\wrapper\dists\gradle-8.13-bin\5xuhj0ry160q40clulazy9h7d\gradle-8.13\lib\gradle-daemon-main-8.13.jar
Launcher Type: SUN_STANDARD

[Global flags]
     intx CICompilerCount                          = 4                                         {product} {ergonomic}
   size_t CompressedClassSpaceSize                 = 872415232                                 {product} {ergonomic}
     uint ConcGCThreads                            = 2                                         {product} {ergonomic}
     uint G1ConcRefinementThreads                  = 8                                         {product} {ergonomic}
   size_t G1HeapRegionSize                         = 2097152                                   {product} {ergonomic}
    uintx GCDrainStackTargetSize                   = 64                                        {product} {ergonomic}
   size_t InitialHeapSize                          = 121634816                                 {product} {ergonomic}
   size_t MarkStackSize                            = 4194304                                   {product} {ergonomic}
   size_t MaxHeapSize                              = 4294967296                                {product} {command line}
   size_t MaxMetaspaceSize                         = 1073741824                                {product} {command line}
   size_t MaxNewSize                               = 2575302656                                {product} {ergonomic}
   size_t MinHeapDeltaBytes                        = 2097152                                   {product} {ergonomic}
   size_t MinHeapSize                              = 8388608                                   {product} {ergonomic}
    uintx NonNMethodCodeHeapSize                   = 5839372                                {pd product} {ergonomic}
    uintx NonProfiledCodeHeapSize                  = 122909434                              {pd product} {ergonomic}
    uintx ProfiledCodeHeapSize                     = 122909434                              {pd product} {ergonomic}
    uintx ReservedCodeCacheSize                    = 251658240                              {pd product} {ergonomic}
     bool SegmentedCodeCache                       = true                                      {product} {ergonomic}
   size_t SoftMaxHeapSize                          = 4294967296                             {manageable} {ergonomic}
     bool UseCompressedClassPointers               = true                           {product lp64_product} {ergonomic}
     bool UseCompressedOops                        = true                           {product lp64_product} {ergonomic}
     bool UseG1GC                                  = true                                      {product} {ergonomic}
     bool UseLargePagesIndividualAllocation        = false                                  {pd product} {ergonomic}

Logging:
Log output configuration:
 #0: stdout all=warning uptime,level,tags
 #1: stderr all=off uptime,level,tags

Environment Variables:
JAVA_HOME=C:\Program Files\OpenLogic\jdk-17.0.14.7-hotspot
CLASSPATH=D:\salarybooks_mobileapp\Salarybooks-App\android\\gradle\wrapper\gradle-wrapper.jar
PATH=c:\Users\Vauras\AppData\Roaming\Code\User\globalStorage\github.copilot-chat\debugCommand;c:\Users\Vauras\AppData\Roaming\Code\User\globalStorage\github.copilot-chat\copilotCli;C:\Program Files\OpenLogic\jdk-17.0.14.7-hotspot\bin;C:\Windows\system32;C:\Windows;C:\Windows\System32\Wbem;C:\Windows\System32\WindowsPowerShell\v1.0\;C:\Windows\System32\OpenSSH\;C:\Users\Vauras\AppData\Local\Android\Sdk;C:\Users\Vauras\AppData\Local\Android\Sdk\platform-tools;C:\node-v14.20.0-win-x86\node_modules\npm\bin;C:\Users\Vauras\AppData\Roaming\nvm;C:\Program Files\nodejs;C:\Program Files\nodejs\;C:\Program Files\MongoDB\Server\8.0\bin;C:\mongodb-database-tools-windows-x86_64-100.12.0\bin;C:\Program Files\Git\cmd;C:\Users\Vauras\AppData\Roaming\nvm\v18.20.8;C:\Users\Vauras\AppData\Local\Programs\Python\Python311\Scripts\;C:\Users\Vauras\AppData\Local\Programs\Python\Python311\;C:\Users\Vauras\AppData\Local\Microsoft\WindowsApps;C:\Program Files\OpenLogic\jdk-17.0.14.7-hotspot\bin;C:\Users\Vauras\AppData\Local\Android\Sdk\platform-tools;C:\Users\Vauras\AppData\Local\Android\Sdk;C:\Users\Vauras\AppData\Local\Android\Sdk\emulator;C:\Users\Vauras\AppData\Local\Android\Sdk\build-tools;C:\Users\Vauras\AppData\Roaming\nvm;C:\Program Files\nodejs;C:\Users\Vauras\AppData\Roaming\npm;C:\Program Files\nodejs;C:\Program Files\MongoDB\Server\8.0\bin;C:\mongodb-database-tools-windows-x86_64-100.12.0\bin;C:\Users\Vauras\AppData\Local\Programs\Microsoft VS Code\bin;C:\Users\Vauras\AppData\Roaming\nvm\v18.20.8;c:\Users\Vauras\.vscode\extensions\vscjava.vscode-java-debug-0.58.5\bundled\scripts\noConfigScripts
USERNAME=Vauras
LANG=en_US.UTF-8
OS=Windows_NT
PROCESSOR_IDENTIFIER=AMD64 Family 23 Model 160 Stepping 0, AuthenticAMD
TMP=C:\Users\Vauras\AppData\Local\Temp
TEMP=C:\Users\Vauras\AppData\Local\Temp



Periodic native trim disabled


---------------  S Y S T E M  ---------------

OS:
 Windows 11 , 64 bit Build 26100 (10.0.26100.7920)
OS uptime: 0 days 5:23 hours
Hyper-V role detected

CPU: total 8 (initial active 8) (8 cores per cpu, 2 threads per core) family 23 model 160 stepping 0 microcode 0x8a0000b, cx8, cmov, fxsr, ht, mmx, 3dnowpref, sse, sse2, sse3, ssse3, sse4a, sse4.1, sse4.2, popcnt, lzcnt, tsc, tscinvbit, avx, avx2, aes, clmul, bmi1, bmi2, adx, sha, fma, vzeroupper, clflush, clflushopt, hv
Processor Information for all 8 processors :
  Max Mhz: 2801, Current Mhz: 2801, Mhz Limit: 2801

Memory: 4k page, system-wide physical 7418M (505M free)
TotalPageFile size 29946M (AvailPageFile size 1M)
current process WorkingSet (physical memory assigned to process): 1136M, peak: 1258M
current process commit charge ("private bytes"): 1705M, peak: 1707M

vm_info: OpenJDK 64-Bit Server VM (17.0.14+7-adhoc..jdk17u) for windows-amd64 JRE (17.0.14+7-adhoc..jdk17u), built on Jul  2 2025 17:59:17 by "" with MS VC++ 16.10 / 16.11 (VS2019)

END.
