#
# There is insufficient memory for the Java Runtime Environment to continue.
# Native memory allocation (malloc) failed to allocate 16384 bytes. Error detail: AllocateHeap
# Possible reasons:
#   The system is out of physical RAM or swap space
#   This process is running with CompressedOops enabled, and the Java Heap may be blocking the growth of the native heap
# Possible solutions:
#   Reduce memory load on the system
#   Increase physical memory or swap space
#   Check if swap backing store is full
#   Decrease Java heap size (-Xmx/-Xms)
#   Decrease number of Java threads
#   Decrease Java thread stack sizes (-Xss)
#   Set larger code cache with -XX:ReservedCodeCacheSize=
#   JVM is running with Unscaled Compressed Oops mode in which the Java heap is
#     placed in the first 4GB address space. The Java Heap base address is the
#     maximum limit for the native heap growth. Please use -XX:HeapBaseMinAddress
#     to set the Java Heap base and to place the Java Heap above 4GB virtual address.
# This output file may be truncated or incomplete.
#
#  Out of Memory Error (allocation.cpp:44), pid=14660, tid=17024
#
# JRE version: OpenJDK Runtime Environment OpenLogic-OpenJDK (17.0.14+7) (build 17.0.14+7-adhoc..jdk17u)
# Java VM: OpenJDK 64-Bit Server VM OpenLogic-OpenJDK (17.0.14+7-adhoc..jdk17u, mixed mode, sharing, tiered, compressed oops, compressed class ptrs, g1 gc, windows-amd64)
# No core dump will be written. Minidumps are not enabled by default on client versions of Windows
#

---------------  S U M M A R Y ------------

Command Line: --add-opens=java.base/java.lang=ALL-UNNAMED --add-opens=java.base/java.lang.invoke=ALL-UNNAMED --add-opens=java.base/java.util=ALL-UNNAMED --add-opens=java.prefs/java.util.prefs=ALL-UNNAMED --add-exports=jdk.compiler/com.sun.tools.javac.api=ALL-UNNAMED --add-exports=jdk.compiler/com.sun.tools.javac.util=ALL-UNNAMED --add-opens=java.base/java.util=ALL-UNNAMED --add-opens=java.prefs/java.util.prefs=ALL-UNNAMED --add-opens=java.base/java.nio.charset=ALL-UNNAMED --add-opens=java.base/java.net=ALL-UNNAMED --add-opens=java.base/java.util.concurrent.atomic=ALL-UNNAMED --add-opens=java.xml/javax.xml.namespace=ALL-UNNAMED -XX:MaxMetaspaceSize=1024m -Xmx2048m -Dfile.encoding=windows-1252 -Duser.country=IN -Duser.language=en -Duser.variant -javaagent:C:\Users\Vauras\.gradle\wrapper\dists\gradle-8.13-bin\5xuhj0ry160q40clulazy9h7d\gradle-8.13\lib\agents\gradle-instrumentation-agent-8.13.jar org.gradle.launcher.daemon.bootstrap.GradleDaemon 8.13

Host: AMD Ryzen 5 7520U with Radeon Graphics         , 8 cores, 7G,  Windows 11 , 64 bit Build 26100 (10.0.26100.7920)
Time: Fri Apr  3 18:25:21 2026 India Standard Time elapsed time: 83.445842 seconds (0d 0h 1m 23s)

---------------  T H R E A D  ---------------

Current thread (0x000002b0047f8ae0):  VMThread "VM Thread" [stack: 0x000000f787300000,0x000000f787400000] [id=17024]

Stack: [0x000000f787300000,0x000000f787400000]
Native frames: (J=compiled Java code, j=interpreted, Vv=VM code, C=native code)
V  [jvm.dll+0x681069]
V  [jvm.dll+0x838cca]
V  [jvm.dll+0x83a78e]
V  [jvm.dll+0x83adf3]
V  [jvm.dll+0x24826f]
V  [jvm.dll+0xa70f3]
V  [jvm.dll+0x2f4f6a]
V  [jvm.dll+0x2ddaaf]
V  [jvm.dll+0x320547]
V  [jvm.dll+0x83f2ed]
V  [jvm.dll+0x840032]
V  [jvm.dll+0x84055f]
V  [jvm.dll+0x840944]
V  [jvm.dll+0x840a10]
V  [jvm.dll+0x7e7f6c]
V  [jvm.dll+0x67ff37]
C  [ucrtbase.dll+0x37b0]
C  [KERNEL32.DLL+0x2e8d7]
C  [ntdll.dll+0x8c48c]

VM_Operation (0x000000f78bdf9d40): G1CollectFull, mode: safepoint, requested by thread 0x000002b03e5467f0


---------------  P R O C E S S  ---------------

Threads class SMR info:
_java_thread_list=0x000002b045071e10, length=145, elements={
0x000002b064fdb2f0, 0x000002b004803660, 0x000002b004804ca0, 0x000002b004820cb0,
0x000002b0048255a0, 0x000002b0048289f0, 0x000002b004829e30, 0x000002b00482c1c0,
0x000002b004830bf0, 0x000002b004844840, 0x000002b0047ecb80, 0x000002b004b827d0,
0x000002b03fc83050, 0x000002b03ecc0c70, 0x000002b03eab0240, 0x000002b03fc11430,
0x000002b03fb703f0, 0x000002b03fde94f0, 0x000002b03fde80b0, 0x000002b03fde7690,
0x000002b03fde5d40, 0x000002b03fde6250, 0x000002b03fde7180, 0x000002b03fde6760,
0x000002b03fde6c70, 0x000002b03fde85c0, 0x000002b03fde8ad0, 0x000002b03fde8fe0,
0x000002b040efa590, 0x000002b040ef9660, 0x000002b040efa080, 0x000002b040efaaa0,
0x000002b040ef8220, 0x000002b040ef8c40, 0x000002b040ef72f0, 0x000002b040efafb0,
0x000002b040ef7800, 0x000002b040efb4c0, 0x000002b040ef7d10, 0x000002b040efb9d0,
0x000002b040efbee0, 0x000002b040efc900, 0x000002b040efec70, 0x000002b040efce10,
0x000002b040efd320, 0x000002b040efe760, 0x000002b040efd830, 0x000002b040efdd40,
0x000002b040efe250, 0x000002b0437ccb60, 0x000002b0437cb720, 0x000002b0437cbc30,
0x000002b0437ca7f0, 0x000002b0437cc140, 0x000002b0437ca2e0, 0x000002b0437cad00,
0x000002b0437cc650, 0x000002b0437cb210, 0x000002b0437cd070, 0x000002b0437c98c0,
0x000002b0437cd580, 0x000002b0437c9dd0, 0x000002b0437d0820, 0x000002b0437d0d30,
0x000002b0437ce9c0, 0x000002b0437cfe00, 0x000002b0437cdfa0, 0x000002b0437cf8f0,
0x000002b0437ce4b0, 0x000002b0437cf3e0, 0x000002b03e5467f0, 0x000002b03e547720,
0x000002b03e548140, 0x000002b03e549580, 0x000002b03e547c30, 0x000002b03e548b60,
0x000002b03e5462e0, 0x000002b03e54c310, 0x000002b03e549070, 0x000002b03e54c820,
0x000002b03e54d240, 0x000002b03e54a4b0, 0x000002b03e54b3e0, 0x000002b03e549a90,
0x000002b03e54cd30, 0x000002b03e54aed0, 0x000002b03e549fa0, 0x000002b03e54b8f0,
0x000002b03e54be00, 0x000002b03e54d750, 0x000002b03e54a9c0, 0x000002b03e54dc60,
0x000002b041179980, 0x000002b04117a3a0, 0x000002b041179e90, 0x000002b041179470,
0x000002b04117adc0, 0x000002b041178a50, 0x000002b041178030, 0x000002b04117a8b0,
0x000002b041178f60, 0x000002b04117b7e0, 0x000002b04117bcf0, 0x000002b041178540,
0x000002b04117ea80, 0x000002b04117f4a0, 0x000002b04117db50, 0x000002b04117c710,
0x000002b04117ef90, 0x000002b04117cc20, 0x000002b04117e570, 0x000002b04117d130,
0x000002b04117e060, 0x000002b04117c200, 0x000002b04117f9b0, 0x000002b04117d640,
0x000002b043644700, 0x000002b043641e80, 0x000002b043641460, 0x000002b043643ce0,
0x000002b043642db0, 0x000002b0436437d0, 0x000002b0436428a0, 0x000002b043641970,
0x000002b043640f50, 0x000002b0436441f0, 0x000002b0436432c0, 0x000002b043645630,
0x000002b043645b40, 0x000002b043642390, 0x000002b043646050, 0x000002b0436483c0,
0x000002b043646560, 0x000002b043647eb0, 0x000002b043644c10, 0x000002b0436488d0,
0x000002b0437cda90, 0x000002b04365a4a0, 0x000002b04365d740, 0x000002b043659f90,
0x000002b0436609e0, 0x000002b04365f090, 0x000002b04365ffc0, 0x000002b040efc3f0,
0x000002b04460d810
}

Java Threads: ( => current thread )
  0x000002b064fdb2f0 JavaThread "main" [_thread_blocked, id=24524, stack(0x000000f786d00000,0x000000f786e00000)]
  0x000002b004803660 JavaThread "Reference Handler" daemon [_thread_blocked, id=21700, stack(0x000000f787400000,0x000000f787500000)]
  0x000002b004804ca0 JavaThread "Finalizer" daemon [_thread_blocked, id=19968, stack(0x000000f787500000,0x000000f787600000)]
  0x000002b004820cb0 JavaThread "Signal Dispatcher" daemon [_thread_blocked, id=15692, stack(0x000000f787600000,0x000000f787700000)]
  0x000002b0048255a0 JavaThread "Attach Listener" daemon [_thread_blocked, id=13664, stack(0x000000f787700000,0x000000f787800000)]
  0x000002b0048289f0 JavaThread "Service Thread" daemon [_thread_blocked, id=13396, stack(0x000000f787800000,0x000000f787900000)]
  0x000002b004829e30 JavaThread "Monitor Deflation Thread" daemon [_thread_blocked, id=3504, stack(0x000000f787900000,0x000000f787a00000)]
  0x000002b00482c1c0 JavaThread "C2 CompilerThread0" daemon [_thread_blocked, id=1676, stack(0x000000f787a00000,0x000000f787b00000)]
  0x000002b004830bf0 JavaThread "C1 CompilerThread0" daemon [_thread_blocked, id=17740, stack(0x000000f787b00000,0x000000f787c00000)]
  0x000002b004844840 JavaThread "Sweeper thread" daemon [_thread_blocked, id=2292, stack(0x000000f787c00000,0x000000f787d00000)]
  0x000002b0047ecb80 JavaThread "Common-Cleaner" daemon [_thread_blocked, id=18080, stack(0x000000f787d00000,0x000000f787e00000)]
  0x000002b004b827d0 JavaThread "Notification Thread" daemon [_thread_blocked, id=22952, stack(0x000000f787f00000,0x000000f788000000)]
  0x000002b03fc83050 JavaThread "Daemon health stats" [_thread_blocked, id=9536, stack(0x000000f788100000,0x000000f788200000)]
  0x000002b03ecc0c70 JavaThread "Incoming local TCP Connector on port 64705" [_thread_in_native, id=14372, stack(0x000000f787e00000,0x000000f787f00000)]
  0x000002b03eab0240 JavaThread "Daemon periodic checks" [_thread_blocked, id=24068, stack(0x000000f788600000,0x000000f788700000)]
  0x000002b03fc11430 JavaThread "Daemon" [_thread_blocked, id=8908, stack(0x000000f788700000,0x000000f788800000)]
  0x000002b03fb703f0 JavaThread "Handler for socket connection from /127.0.0.1:64705 to /127.0.0.1:64707" [_thread_in_native, id=12896, stack(0x000000f788800000,0x000000f788900000)]
  0x000002b03fde94f0 JavaThread "Cancel handler" [_thread_blocked, id=1144, stack(0x000000f788900000,0x000000f788a00000)]
  0x000002b03fde80b0 JavaThread "Daemon worker" [_thread_blocked, id=12684, stack(0x000000f788a00000,0x000000f788b00000)]
  0x000002b03fde7690 JavaThread "Asynchronous log dispatcher for DefaultDaemonConnection: socket connection from /127.0.0.1:64705 to /127.0.0.1:64707" [_thread_blocked, id=3964, stack(0x000000f788b00000,0x000000f788c00000)]
  0x000002b03fde5d40 JavaThread "Stdin handler" [_thread_blocked, id=20540, stack(0x000000f788c00000,0x000000f788d00000)]
  0x000002b03fde6250 JavaThread "Daemon client event forwarder" [_thread_blocked, id=6268, stack(0x000000f788d00000,0x000000f788e00000)]
  0x000002b03fde7180 JavaThread "Cache worker for journal cache (C:\Users\Vauras\.gradle\caches\journal-1)" [_thread_blocked, id=9108, stack(0x000000f788e00000,0x000000f788f00000)]
  0x000002b03fde6760 JavaThread "File lock request listener" [_thread_in_native, id=12748, stack(0x000000f788f00000,0x000000f789000000)]
  0x000002b03fde6c70 JavaThread "Cache worker for file hash cache (C:\Users\Vauras\.gradle\caches\8.13\fileHashes)" [_thread_blocked, id=2676, stack(0x000000f789000000,0x000000f789100000)]
  0x000002b03fde85c0 JavaThread "Cache worker for file hash cache (D:\salarybooks_mobileapp\Salarybooks-App\android\.gradle\8.13\fileHashes)" [_thread_blocked, id=13716, stack(0x000000f789500000,0x000000f789600000)]
  0x000002b03fde8ad0 JavaThread "Cache worker for Build Output Cleanup Cache (D:\salarybooks_mobileapp\Salarybooks-App\android\.gradle\buildOutputCleanup)" [_thread_blocked, id=11416, stack(0x000000f789600000,0x000000f789700000)]
  0x000002b03fde8fe0 JavaThread "File watcher server" daemon [_thread_in_native, id=7640, stack(0x000000f789900000,0x000000f789a00000)]
  0x000002b040efa590 JavaThread "File watcher consumer" daemon [_thread_blocked, id=5532, stack(0x000000f789a00000,0x000000f789b00000)]
  0x000002b040ef9660 JavaThread "jar transforms" [_thread_blocked, id=9708, stack(0x000000f789b00000,0x000000f789c00000)]
  0x000002b040efa080 JavaThread "Cache worker for checksums cache (D:\salarybooks_mobileapp\Salarybooks-App\android\.gradle\8.13\checksums)" [_thread_blocked, id=10528, stack(0x000000f789c00000,0x000000f789d00000)]
  0x000002b040efaaa0 JavaThread "Cache worker for file content cache (C:\Users\Vauras\.gradle\caches\8.13\fileContent)" [_thread_blocked, id=18308, stack(0x000000f789d00000,0x000000f789e00000)]
  0x000002b040ef8220 JavaThread "Cache worker for cache directory md-supplier (C:\Users\Vauras\.gradle\caches\8.13\md-supplier)" [_thread_blocked, id=12696, stack(0x000000f789e00000,0x000000f789f00000)]
  0x000002b040ef8c40 JavaThread "Cache worker for cache directory md-rule (C:\Users\Vauras\.gradle\caches\8.13\md-rule)" [_thread_blocked, id=8212, stack(0x000000f789f00000,0x000000f78a000000)]
  0x000002b040ef72f0 JavaThread "Cache worker for Build Output Cleanup Cache (D:\salarybooks_mobileapp\Salarybooks-App\node_modules\@react-native\gradle-plugin\.gradle\buildOutputCleanup)" [_thread_blocked, id=7704, stack(0x000000f78a000000,0x000000f78a100000)]
  0x000002b040efafb0 JavaThread "Unconstrained build operations" [_thread_blocked, id=5808, stack(0x000000f789700000,0x000000f789800000)]
  0x000002b040ef7800 JavaThread "Unconstrained build operations Thread 2" [_thread_blocked, id=17704, stack(0x000000f78a100000,0x000000f78a200000)]
  0x000002b040efb4c0 JavaThread "Unconstrained build operations Thread 3" [_thread_blocked, id=12572, stack(0x000000f78a200000,0x000000f78a300000)]
  0x000002b040ef7d10 JavaThread "Unconstrained build operations Thread 4" [_thread_blocked, id=15644, stack(0x000000f78a300000,0x000000f78a400000)]
  0x000002b040efb9d0 JavaThread "Unconstrained build operations Thread 5" [_thread_blocked, id=7948, stack(0x000000f78a400000,0x000000f78a500000)]
  0x000002b040efbee0 JavaThread "Unconstrained build operations Thread 6" [_thread_blocked, id=21472, stack(0x000000f78a500000,0x000000f78a600000)]
  0x000002b040efc900 JavaThread "Unconstrained build operations Thread 7" [_thread_blocked, id=23924, stack(0x000000f78a700000,0x000000f78a800000)]
  0x000002b040efec70 JavaThread "Unconstrained build operations Thread 8" [_thread_blocked, id=16800, stack(0x000000f78a800000,0x000000f78a900000)]
  0x000002b040efce10 JavaThread "Unconstrained build operations Thread 9" [_thread_blocked, id=16784, stack(0x000000f78a900000,0x000000f78aa00000)]
  0x000002b040efd320 JavaThread "Unconstrained build operations Thread 10" [_thread_blocked, id=3984, stack(0x000000f78aa00000,0x000000f78ab00000)]
  0x000002b040efe760 JavaThread "Unconstrained build operations Thread 11" [_thread_blocked, id=22488, stack(0x000000f78ab00000,0x000000f78ac00000)]
  0x000002b040efd830 JavaThread "Unconstrained build operations Thread 12" [_thread_blocked, id=22164, stack(0x000000f78ac00000,0x000000f78ad00000)]
  0x000002b040efdd40 JavaThread "Unconstrained build operations Thread 13" [_thread_blocked, id=13824, stack(0x000000f78ad00000,0x000000f78ae00000)]
  0x000002b040efe250 JavaThread "Unconstrained build operations Thread 14" [_thread_blocked, id=24280, stack(0x000000f78ae00000,0x000000f78af00000)]
  0x000002b0437ccb60 JavaThread "Unconstrained build operations Thread 15" [_thread_blocked, id=15196, stack(0x000000f78af00000,0x000000f78b000000)]
  0x000002b0437cb720 JavaThread "Unconstrained build operations Thread 16" [_thread_blocked, id=15876, stack(0x000000f78b000000,0x000000f78b100000)]
  0x000002b0437cbc30 JavaThread "Unconstrained build operations Thread 17" [_thread_blocked, id=17036, stack(0x000000f78b100000,0x000000f78b200000)]
  0x000002b0437ca7f0 JavaThread "Unconstrained build operations Thread 18" [_thread_blocked, id=8984, stack(0x000000f78b200000,0x000000f78b300000)]
  0x000002b0437cc140 JavaThread "Unconstrained build operations Thread 19" [_thread_blocked, id=20148, stack(0x000000f78b300000,0x000000f78b400000)]
  0x000002b0437ca2e0 JavaThread "Unconstrained build operations Thread 20" [_thread_blocked, id=13044, stack(0x000000f78b400000,0x000000f78b500000)]
  0x000002b0437cad00 JavaThread "Unconstrained build operations Thread 21" [_thread_blocked, id=15808, stack(0x000000f78b500000,0x000000f78b600000)]
  0x000002b0437cc650 JavaThread "Unconstrained build operations Thread 22" [_thread_blocked, id=16392, stack(0x000000f78b600000,0x000000f78b700000)]
  0x000002b0437cb210 JavaThread "Unconstrained build operations Thread 23" [_thread_blocked, id=24288, stack(0x000000f78b700000,0x000000f78b800000)]
  0x000002b0437cd070 JavaThread "Unconstrained build operations Thread 24" [_thread_blocked, id=15132, stack(0x000000f78b800000,0x000000f78b900000)]
  0x000002b0437c98c0 JavaThread "Unconstrained build operations Thread 25" [_thread_blocked, id=18540, stack(0x000000f78b900000,0x000000f78ba00000)]
  0x000002b0437cd580 JavaThread "Unconstrained build operations Thread 26" [_thread_blocked, id=2884, stack(0x000000f78ba00000,0x000000f78bb00000)]
  0x000002b0437c9dd0 JavaThread "Unconstrained build operations Thread 27" [_thread_blocked, id=2104, stack(0x000000f78bb00000,0x000000f78bc00000)]
  0x000002b0437d0820 JavaThread "build event listener" [_thread_blocked, id=14268, stack(0x000000f78a600000,0x000000f78a700000)]
  0x000002b0437d0d30 JavaThread "Memory manager" [_thread_blocked, id=3296, stack(0x000000f789400000,0x000000f789500000)]
  0x000002b0437ce9c0 JavaThread "ForkJoinPool.commonPool-worker-1" daemon [_thread_blocked, id=15156, stack(0x000000f78be00000,0x000000f78bf00000)]
  0x000002b0437cfe00 JavaThread "ForkJoinPool.commonPool-worker-2" daemon [_thread_blocked, id=22724, stack(0x000000f78bf00000,0x000000f78c000000)]
  0x000002b0437cdfa0 JavaThread "ForkJoinPool.commonPool-worker-3" daemon [_thread_blocked, id=17952, stack(0x000000f78c000000,0x000000f78c100000)]
  0x000002b0437cf8f0 JavaThread "ForkJoinPool.commonPool-worker-6" daemon [_thread_blocked, id=20496, stack(0x000000f78c200000,0x000000f78c300000)]
  0x000002b0437ce4b0 JavaThread "ForkJoinPool.commonPool-worker-5" daemon [_thread_blocked, id=13400, stack(0x000000f78c300000,0x000000f78c400000)]
  0x000002b0437cf3e0 JavaThread "ForkJoinPool.commonPool-worker-7" daemon [_thread_blocked, id=22324, stack(0x000000f78c400000,0x000000f78c500000)]
  0x000002b03e5467f0 JavaThread "included builds" [_thread_blocked, id=22444, stack(0x000000f78bd00000,0x000000f78be00000)]
  0x000002b03e547720 JavaThread "Execution worker" [_thread_blocked, id=10404, stack(0x000000f78c800000,0x000000f78c900000)]
  0x000002b03e548140 JavaThread "Execution worker Thread 2" [_thread_blocked, id=24232, stack(0x000000f78c900000,0x000000f78ca00000)]
  0x000002b03e549580 JavaThread "Execution worker Thread 3" [_thread_blocked, id=18180, stack(0x000000f78ca00000,0x000000f78cb00000)]
  0x000002b03e547c30 JavaThread "Execution worker Thread 4" [_thread_blocked, id=20564, stack(0x000000f78cb00000,0x000000f78cc00000)]
  0x000002b03e548b60 JavaThread "Execution worker Thread 5" [_thread_blocked, id=2832, stack(0x000000f78cc00000,0x000000f78cd00000)]
  0x000002b03e5462e0 JavaThread "Execution worker Thread 6" [_thread_blocked, id=23512, stack(0x000000f78cd00000,0x000000f78ce00000)]
  0x000002b03e54c310 JavaThread "Execution worker Thread 7" [_thread_blocked, id=9192, stack(0x000000f78ce00000,0x000000f78cf00000)]
  0x000002b03e549070 JavaThread "Cache worker for execution history cache (D:\salarybooks_mobileapp\Salarybooks-App\node_modules\@react-native\gradle-plugin\.gradle\8.13\executionHistory)" [_thread_blocked, id=7712, stack(0x000000f78cf00000,0x000000f78d000000)]
  0x000002b03e54c820 JavaThread "Unconstrained build operations Thread 28" [_thread_blocked, id=1720, stack(0x000000f78d000000,0x000000f78d100000)]
  0x000002b03e54d240 JavaThread "Unconstrained build operations Thread 29" [_thread_blocked, id=8940, stack(0x000000f78d100000,0x000000f78d200000)]
  0x000002b03e54a4b0 JavaThread "Unconstrained build operations Thread 30" [_thread_blocked, id=18692, stack(0x000000f78d200000,0x000000f78d300000)]
  0x000002b03e54b3e0 JavaThread "Unconstrained build operations Thread 31" [_thread_blocked, id=22048, stack(0x000000f78d300000,0x000000f78d400000)]
  0x000002b03e549a90 JavaThread "Unconstrained build operations Thread 32" [_thread_blocked, id=9028, stack(0x000000f78d400000,0x000000f78d500000)]
  0x000002b03e54cd30 JavaThread "Unconstrained build operations Thread 33" [_thread_blocked, id=11448, stack(0x000000f78d500000,0x000000f78d600000)]
  0x000002b03e54aed0 JavaThread "Unconstrained build operations Thread 34" [_thread_blocked, id=7676, stack(0x000000f78d600000,0x000000f78d700000)]
  0x000002b03e549fa0 JavaThread "Unconstrained build operations Thread 35" [_thread_blocked, id=8120, stack(0x000000f78d700000,0x000000f78d800000)]
  0x000002b03e54b8f0 JavaThread "Unconstrained build operations Thread 36" [_thread_blocked, id=6016, stack(0x000000f78d800000,0x000000f78d900000)]
  0x000002b03e54be00 JavaThread "Unconstrained build operations Thread 37" [_thread_blocked, id=22316, stack(0x000000f78d900000,0x000000f78da00000)]
  0x000002b03e54d750 JavaThread "Unconstrained build operations Thread 38" [_thread_blocked, id=22584, stack(0x000000f78da00000,0x000000f78db00000)]
  0x000002b03e54a9c0 JavaThread "Unconstrained build operations Thread 39" [_thread_blocked, id=8852, stack(0x000000f78db00000,0x000000f78dc00000)]
  0x000002b03e54dc60 JavaThread "Unconstrained build operations Thread 40" [_thread_blocked, id=14516, stack(0x000000f78dc00000,0x000000f78dd00000)]
  0x000002b041179980 JavaThread "Unconstrained build operations Thread 41" [_thread_blocked, id=9320, stack(0x000000f78dd00000,0x000000f78de00000)]
  0x000002b04117a3a0 JavaThread "Unconstrained build operations Thread 42" [_thread_blocked, id=5580, stack(0x000000f78de00000,0x000000f78df00000)]
  0x000002b041179e90 JavaThread "Unconstrained build operations Thread 43" [_thread_blocked, id=23840, stack(0x000000f78df00000,0x000000f78e000000)]
  0x000002b041179470 JavaThread "Unconstrained build operations Thread 44" [_thread_blocked, id=23780, stack(0x000000f78e000000,0x000000f78e100000)]
  0x000002b04117adc0 JavaThread "Unconstrained build operations Thread 45" [_thread_blocked, id=24216, stack(0x000000f78e100000,0x000000f78e200000)]
  0x000002b041178a50 JavaThread "Unconstrained build operations Thread 46" [_thread_blocked, id=1772, stack(0x000000f78e200000,0x000000f78e300000)]
  0x000002b041178030 JavaThread "Unconstrained build operations Thread 47" [_thread_blocked, id=5424, stack(0x000000f78e300000,0x000000f78e400000)]
  0x000002b04117a8b0 JavaThread "Unconstrained build operations Thread 48" [_thread_blocked, id=24460, stack(0x000000f78e400000,0x000000f78e500000)]
  0x000002b041178f60 JavaThread "Unconstrained build operations Thread 49" [_thread_blocked, id=2140, stack(0x000000f78e500000,0x000000f78e600000)]
  0x000002b04117b7e0 JavaThread "Unconstrained build operations Thread 50" [_thread_blocked, id=24056, stack(0x000000f78e600000,0x000000f78e700000)]
  0x000002b04117bcf0 JavaThread "Unconstrained build operations Thread 51" [_thread_blocked, id=8808, stack(0x000000f78e700000,0x000000f78e800000)]
  0x000002b041178540 JavaThread "Unconstrained build operations Thread 52" [_thread_blocked, id=7792, stack(0x000000f78e800000,0x000000f78e900000)]
  0x000002b04117ea80 JavaThread "Unconstrained build operations Thread 53" [_thread_blocked, id=16416, stack(0x000000f78e900000,0x000000f78ea00000)]
  0x000002b04117f4a0 JavaThread "Unconstrained build operations Thread 54" [_thread_blocked, id=16196, stack(0x000000f78ea00000,0x000000f78eb00000)]
  0x000002b04117db50 JavaThread "Unconstrained build operations Thread 55" [_thread_blocked, id=17140, stack(0x000000f78eb00000,0x000000f78ec00000)]
  0x000002b04117c710 JavaThread "Unconstrained build operations Thread 56" [_thread_blocked, id=13652, stack(0x000000f78ec00000,0x000000f78ed00000)]
  0x000002b04117ef90 JavaThread "Unconstrained build operations Thread 57" [_thread_blocked, id=19724, stack(0x000000f78ed00000,0x000000f78ee00000)]
  0x000002b04117cc20 JavaThread "Unconstrained build operations Thread 58" [_thread_blocked, id=8396, stack(0x000000f78ee00000,0x000000f78ef00000)]
  0x000002b04117e570 JavaThread "Unconstrained build operations Thread 59" [_thread_blocked, id=19372, stack(0x000000f78ef00000,0x000000f78f000000)]
  0x000002b04117d130 JavaThread "Unconstrained build operations Thread 60" [_thread_blocked, id=17748, stack(0x000000f78f000000,0x000000f78f100000)]
  0x000002b04117e060 JavaThread "Unconstrained build operations Thread 61" [_thread_blocked, id=7800, stack(0x000000f78f100000,0x000000f78f200000)]
  0x000002b04117c200 JavaThread "Unconstrained build operations Thread 62" [_thread_blocked, id=17984, stack(0x000000f78f200000,0x000000f78f300000)]
  0x000002b04117f9b0 JavaThread "Unconstrained build operations Thread 63" [_thread_blocked, id=16680, stack(0x000000f78f300000,0x000000f78f400000)]
  0x000002b04117d640 JavaThread "Unconstrained build operations Thread 64" [_thread_blocked, id=5216, stack(0x000000f78f400000,0x000000f78f500000)]
  0x000002b043644700 JavaThread "Unconstrained build operations Thread 65" [_thread_blocked, id=18036, stack(0x000000f78f500000,0x000000f78f600000)]
  0x000002b043641e80 JavaThread "Unconstrained build operations Thread 66" [_thread_blocked, id=3640, stack(0x000000f78f600000,0x000000f78f700000)]
  0x000002b043641460 JavaThread "Unconstrained build operations Thread 67" [_thread_blocked, id=24464, stack(0x000000f78f700000,0x000000f78f800000)]
  0x000002b043643ce0 JavaThread "Unconstrained build operations Thread 68" [_thread_blocked, id=9280, stack(0x000000f78f800000,0x000000f78f900000)]
  0x000002b043642db0 JavaThread "Unconstrained build operations Thread 69" [_thread_blocked, id=6992, stack(0x000000f78f900000,0x000000f78fa00000)]
  0x000002b0436437d0 JavaThread "Unconstrained build operations Thread 70" [_thread_blocked, id=19912, stack(0x000000f78fa00000,0x000000f78fb00000)]
  0x000002b0436428a0 JavaThread "Unconstrained build operations Thread 71" [_thread_blocked, id=9564, stack(0x000000f78fb00000,0x000000f78fc00000)]
  0x000002b043641970 JavaThread "Unconstrained build operations Thread 72" [_thread_blocked, id=10972, stack(0x000000f78fc00000,0x000000f78fd00000)]
  0x000002b043640f50 JavaThread "Unconstrained build operations Thread 73" [_thread_blocked, id=3708, stack(0x000000f78fd00000,0x000000f78fe00000)]
  0x000002b0436441f0 JavaThread "Unconstrained build operations Thread 74" [_thread_blocked, id=8136, stack(0x000000f78fe00000,0x000000f78ff00000)]
  0x000002b0436432c0 JavaThread "Unconstrained build operations Thread 75" [_thread_blocked, id=20264, stack(0x000000f78ff00000,0x000000f790000000)]
  0x000002b043645630 JavaThread "Unconstrained build operations Thread 76" [_thread_blocked, id=24352, stack(0x000000f790000000,0x000000f790100000)]
  0x000002b043645b40 JavaThread "Unconstrained build operations Thread 77" [_thread_blocked, id=16464, stack(0x000000f790100000,0x000000f790200000)]
  0x000002b043642390 JavaThread "jar transforms Thread 2" [_thread_blocked, id=6832, stack(0x000000f790200000,0x000000f790300000)]
  0x000002b043646050 JavaThread "jar transforms Thread 3" [_thread_blocked, id=19812, stack(0x000000f790300000,0x000000f790400000)]
  0x000002b0436483c0 JavaThread "Unconstrained build operations Thread 78" [_thread_blocked, id=21264, stack(0x000000f790400000,0x000000f790500000)]
  0x000002b043646560 JavaThread "Unconstrained build operations Thread 79" [_thread_blocked, id=17436, stack(0x000000f790500000,0x000000f790600000)]
  0x000002b043647eb0 JavaThread "Unconstrained build operations Thread 80" [_thread_blocked, id=18548, stack(0x000000f790600000,0x000000f790700000)]
  0x000002b043644c10 JavaThread "jar transforms Thread 4" [_thread_blocked, id=23952, stack(0x000000f790700000,0x000000f790800000)]
  0x000002b0436488d0 JavaThread "jar transforms Thread 5" [_thread_blocked, id=13376, stack(0x000000f78bc00000,0x000000f78bd00000)]
  0x000002b0437cda90 JavaThread "jar transforms Thread 6" [_thread_blocked, id=22880, stack(0x000000f790800000,0x000000f790900000)]
  0x000002b04365a4a0 JavaThread "Problems report writer" [_thread_blocked, id=13640, stack(0x000000f790a00000,0x000000f790b00000)]
  0x000002b04365d740 JavaThread "build event listener" [_thread_blocked, id=13588, stack(0x000000f790900000,0x000000f790a00000)]
  0x000002b043659f90 JavaThread "jar transforms Thread 7" [_thread_blocked, id=3916, stack(0x000000f790d00000,0x000000f790e00000)]
  0x000002b0436609e0 JavaThread "jar transforms Thread 8" [_thread_blocked, id=5348, stack(0x000000f790e00000,0x000000f790f00000)]
  0x000002b04365f090 JavaThread "Exec process" [_thread_blocked, id=15884, stack(0x000000f791000000,0x000000f791100000)]
  0x000002b04365ffc0 JavaThread "Exec process Thread 2" [_thread_blocked, id=1520, stack(0x000000f791100000,0x000000f791200000)]
  0x000002b040efc3f0 JavaThread "Exec process Thread 3" [_thread_blocked, id=16084, stack(0x000000f791200000,0x000000f791300000)]
  0x000002b04460d810 JavaThread "Cache worker for execution history cache (D:\salarybooks_mobileapp\Salarybooks-App\android\.gradle\8.13\executionHistory)" [_thread_blocked, id=8892, stack(0x000000f791400000,0x000000f791500000)]

Other Threads:
=>0x000002b0047f8ae0 VMThread "VM Thread" [stack: 0x000000f787300000,0x000000f787400000] [id=17024]
  0x000002b004b2fc40 WatcherThread [stack: 0x000000f788000000,0x000000f788100000] [id=6128]
  0x000002b06503c330 GCTaskThread "GC Thread#0" [stack: 0x000000f786e00000,0x000000f786f00000] [id=3328]
  0x000002b03e0208e0 GCTaskThread "GC Thread#1" [stack: 0x000000f788200000,0x000000f788300000] [id=14448]
  0x000002b03e48b560 GCTaskThread "GC Thread#2" [stack: 0x000000f788300000,0x000000f788400000] [id=24136]
  0x000002b004c4f150 GCTaskThread "GC Thread#3" [stack: 0x000000f788400000,0x000000f788500000] [id=7744]
  0x000002b03ea6e720 GCTaskThread "GC Thread#4" [stack: 0x000000f788500000,0x000000f788600000] [id=11468]
  0x000002b0402926a0 GCTaskThread "GC Thread#5" [stack: 0x000000f789100000,0x000000f789200000] [id=15704]
  0x000002b040292ee0 GCTaskThread "GC Thread#6" [stack: 0x000000f789200000,0x000000f789300000] [id=13692]
  0x000002b040292c20 GCTaskThread "GC Thread#7" [stack: 0x000000f789300000,0x000000f789400000] [id=19608]
  0x000002b06504de60 ConcurrentGCThread "G1 Main Marker" [stack: 0x000000f786f00000,0x000000f787000000] [id=18056]
  0x000002b06504ef30 ConcurrentGCThread "G1 Conc#0" [stack: 0x000000f787000000,0x000000f787100000] [id=24312]
  0x000002b040292960 ConcurrentGCThread "G1 Conc#1" [stack: 0x000000f789800000,0x000000f789900000] [id=13904]
  0x000002b004696c80 ConcurrentGCThread "G1 Refine#0" [stack: 0x000000f787100000,0x000000f787200000] [id=17056]
  0x000002b0046971d0 ConcurrentGCThread "G1 Service" [stack: 0x000000f787200000,0x000000f787300000] [id=360]

Threads with active compile tasks:

VM state: at safepoint (normal execution)

VM Mutex/Monitor currently owned by a thread:  ([mutex/lock_event])
[0x000002b062cf7440] Threads_lock - owner thread: 0x000002b0047f8ae0
[0x000002b064fd9db0] Heap_lock - owner thread: 0x000002b03e5467f0

Heap address: 0x0000000080000000, size: 2048 MB, Compressed Oops mode: 32-bit

CDS archive(s) mapped at: [0x000002b005000000-0x000002b005bc0000-0x000002b005bc0000), size 12320768, SharedBaseAddress: 0x000002b005000000, ArchiveRelocationMode: 1.
Compressed class space mapped at: 0x000002b006000000-0x000002b03a000000, reserved size: 872415232
Narrow klass base: 0x000002b005000000, Narrow klass shift: 0, Narrow klass range: 0x100000000

GC Precious Log:
 CPUs: 8 total, 8 available
 Memory: 7418M
 Large Page Support: Disabled
 NUMA Support: Disabled
 Compressed Oops: Enabled (32-bit)
 Heap Region Size: 1M
 Heap Min Capacity: 8M
 Heap Initial Capacity: 116M
 Heap Max Capacity: 2G
 Pre-touch: Disabled
 Parallel Workers: 8
 Concurrent Workers: 2
 Concurrent Refinement Workers: 8
 Periodic GC: Disabled

Heap:
 garbage-first heap   total 461824K, used 349865K [0x0000000080000000, 0x0000000100000000)
  region size 1024K, 30 young (30720K), 9 survivors (9216K)
 Metaspace       used 114474K, committed 116288K, reserved 983040K
  class space    used 16044K, committed 16832K, reserved 851968K

Heap Regions: E=young(eden), S=young(survivor), O=old, HS=humongous(starts), HC=humongous(continues), CS=collection set, F=free, OA=open archive, CA=closed archive, TAMS=top-at-mark-start (previous, next)
|   0|0x0000000080000000, 0x0000000080100000, 0x0000000080100000|100%|HS|  |TAMS 0x0000000080100000, 0x0000000080000000| Complete 
|   1|0x0000000080100000, 0x0000000080200000, 0x0000000080200000|100%|HC|  |TAMS 0x0000000080200000, 0x0000000080100000| Complete 
|   2|0x0000000080200000, 0x0000000080300000, 0x0000000080300000|100%|HC|  |TAMS 0x0000000080300000, 0x0000000080200000| Complete 
|   3|0x0000000080300000, 0x0000000080400000, 0x0000000080400000|100%| O|  |TAMS 0x0000000080400000, 0x0000000080300000| Untracked 
|   4|0x0000000080400000, 0x0000000080500000, 0x0000000080500000|100%| O|  |TAMS 0x0000000080500000, 0x0000000080400000| Untracked 
|   5|0x0000000080500000, 0x0000000080600000, 0x0000000080600000|100%| O|  |TAMS 0x0000000080600000, 0x0000000080500000| Untracked 
|   6|0x0000000080600000, 0x0000000080700000, 0x0000000080700000|100%|HS|  |TAMS 0x0000000080700000, 0x0000000080600000| Complete 
|   7|0x0000000080700000, 0x0000000080800000, 0x0000000080800000|100%| O|  |TAMS 0x0000000080800000, 0x0000000080700000| Untracked 
|   8|0x0000000080800000, 0x0000000080900000, 0x0000000080900000|100%| O|  |TAMS 0x0000000080900000, 0x0000000080800000| Untracked 
|   9|0x0000000080900000, 0x0000000080a00000, 0x0000000080a00000|100%| O|  |TAMS 0x0000000080a00000, 0x0000000080900000| Untracked 
|  10|0x0000000080a00000, 0x0000000080b00000, 0x0000000080b00000|100%| O|  |TAMS 0x0000000080b00000, 0x0000000080a00000| Untracked 
|  11|0x0000000080b00000, 0x0000000080c00000, 0x0000000080c00000|100%| O|  |TAMS 0x0000000080c00000, 0x0000000080b00000| Untracked 
|  12|0x0000000080c00000, 0x0000000080d00000, 0x0000000080d00000|100%| O|  |TAMS 0x0000000080d00000, 0x0000000080c00000| Untracked 
|  13|0x0000000080d00000, 0x0000000080e00000, 0x0000000080e00000|100%| O|  |TAMS 0x0000000080e00000, 0x0000000080d00000| Untracked 
|  14|0x0000000080e00000, 0x0000000080f00000, 0x0000000080f00000|100%| O|  |TAMS 0x0000000080f00000, 0x0000000080e00000| Untracked 
|  15|0x0000000080f00000, 0x0000000081000000, 0x0000000081000000|100%| O|  |TAMS 0x0000000081000000, 0x0000000080f00000| Untracked 
|  16|0x0000000081000000, 0x0000000081100000, 0x0000000081100000|100%| O|  |TAMS 0x0000000081100000, 0x0000000081000000| Untracked 
|  17|0x0000000081100000, 0x0000000081200000, 0x0000000081200000|100%| O|  |TAMS 0x0000000081200000, 0x0000000081100000| Untracked 
|  18|0x0000000081200000, 0x0000000081300000, 0x0000000081300000|100%| O|  |TAMS 0x0000000081300000, 0x0000000081200000| Untracked 
|  19|0x0000000081300000, 0x0000000081400000, 0x0000000081400000|100%| O|  |TAMS 0x0000000081400000, 0x0000000081300000| Untracked 
|  20|0x0000000081400000, 0x0000000081500000, 0x0000000081500000|100%|HS|  |TAMS 0x0000000081400000, 0x0000000081400000| Complete 
|  21|0x0000000081500000, 0x0000000081600000, 0x0000000081600000|100%| O|  |TAMS 0x0000000081600000, 0x0000000081500000| Untracked 
|  22|0x0000000081600000, 0x0000000081700000, 0x0000000081700000|100%| O|  |TAMS 0x0000000081700000, 0x0000000081600000| Untracked 
|  23|0x0000000081700000, 0x0000000081800000, 0x0000000081800000|100%| O|  |TAMS 0x0000000081800000, 0x0000000081700000| Untracked 
|  24|0x0000000081800000, 0x0000000081900000, 0x0000000081900000|100%| O|  |TAMS 0x0000000081900000, 0x0000000081800000| Untracked 
|  25|0x0000000081900000, 0x0000000081a00000, 0x0000000081a00000|100%| O|  |TAMS 0x0000000081a00000, 0x0000000081900000| Untracked 
|  26|0x0000000081a00000, 0x0000000081b00000, 0x0000000081b00000|100%| O|  |TAMS 0x0000000081b00000, 0x0000000081a00000| Untracked 
|  27|0x0000000081b00000, 0x0000000081c00000, 0x0000000081c00000|100%| O|  |TAMS 0x0000000081c00000, 0x0000000081b00000| Untracked 
|  28|0x0000000081c00000, 0x0000000081d00000, 0x0000000081d00000|100%| O|  |TAMS 0x0000000081d00000, 0x0000000081c00000| Untracked 
|  29|0x0000000081d00000, 0x0000000081e00000, 0x0000000081e00000|100%| O|  |TAMS 0x0000000081e00000, 0x0000000081d00000| Untracked 
|  30|0x0000000081e00000, 0x0000000081f00000, 0x0000000081f00000|100%| O|  |TAMS 0x0000000081f00000, 0x0000000081e00000| Untracked 
|  31|0x0000000081f00000, 0x0000000082000000, 0x0000000082000000|100%| O|  |TAMS 0x0000000082000000, 0x0000000081f00000| Untracked 
|  32|0x0000000082000000, 0x0000000082100000, 0x0000000082100000|100%| O|  |TAMS 0x0000000082100000, 0x0000000082000000| Untracked 
|  33|0x0000000082100000, 0x0000000082200000, 0x0000000082200000|100%| O|  |TAMS 0x0000000082200000, 0x0000000082100000| Untracked 
|  34|0x0000000082200000, 0x0000000082300000, 0x0000000082300000|100%| O|  |TAMS 0x0000000082300000, 0x0000000082200000| Untracked 
|  35|0x0000000082300000, 0x0000000082400000, 0x0000000082400000|100%| O|  |TAMS 0x0000000082400000, 0x0000000082300000| Untracked 
|  36|0x0000000082400000, 0x0000000082500000, 0x0000000082500000|100%| O|  |TAMS 0x0000000082500000, 0x0000000082400000| Untracked 
|  37|0x0000000082500000, 0x0000000082600000, 0x0000000082600000|100%| O|  |TAMS 0x0000000082600000, 0x0000000082500000| Untracked 
|  38|0x0000000082600000, 0x0000000082700000, 0x0000000082700000|100%| O|  |TAMS 0x0000000082700000, 0x0000000082600000| Untracked 
|  39|0x0000000082700000, 0x0000000082800000, 0x0000000082800000|100%| O|  |TAMS 0x0000000082800000, 0x0000000082700000| Untracked 
|  40|0x0000000082800000, 0x0000000082900000, 0x0000000082900000|100%| O|  |TAMS 0x0000000082900000, 0x0000000082800000| Untracked 
|  41|0x0000000082900000, 0x0000000082a00000, 0x0000000082a00000|100%| O|  |TAMS 0x0000000082a00000, 0x0000000082900000| Untracked 
|  42|0x0000000082a00000, 0x0000000082b00000, 0x0000000082b00000|100%| O|  |TAMS 0x0000000082b00000, 0x0000000082a00000| Untracked 
|  43|0x0000000082b00000, 0x0000000082c00000, 0x0000000082c00000|100%|HS|  |TAMS 0x0000000082c00000, 0x0000000082b00000| Complete 
|  44|0x0000000082c00000, 0x0000000082d00000, 0x0000000082d00000|100%|HC|  |TAMS 0x0000000082d00000, 0x0000000082c00000| Complete 
|  45|0x0000000082d00000, 0x0000000082e00000, 0x0000000082e00000|100%|HS|  |TAMS 0x0000000082e00000, 0x0000000082d00000| Complete 
|  46|0x0000000082e00000, 0x0000000082f00000, 0x0000000082f00000|100%|HC|  |TAMS 0x0000000082f00000, 0x0000000082e00000| Complete 
|  47|0x0000000082f00000, 0x0000000083000000, 0x0000000083000000|100%|HC|  |TAMS 0x0000000083000000, 0x0000000082f00000| Complete 
|  48|0x0000000083000000, 0x0000000083100000, 0x0000000083100000|100%|HS|  |TAMS 0x0000000083100000, 0x0000000083000000| Complete 
|  49|0x0000000083100000, 0x0000000083200000, 0x0000000083200000|100%|HC|  |TAMS 0x0000000083200000, 0x0000000083100000| Complete 
|  50|0x0000000083200000, 0x0000000083300000, 0x0000000083300000|100%|HS|  |TAMS 0x0000000083200000, 0x0000000083200000| Complete 
|  51|0x0000000083300000, 0x0000000083400000, 0x0000000083400000|100%| O|  |TAMS 0x0000000083300000, 0x0000000083300000| Untracked 
|  52|0x0000000083400000, 0x0000000083500000, 0x0000000083500000|100%| O|  |TAMS 0x0000000083500000, 0x0000000083400000| Untracked 
|  53|0x0000000083500000, 0x0000000083600000, 0x0000000083600000|100%| O|  |TAMS 0x0000000083600000, 0x0000000083500000| Untracked 
|  54|0x0000000083600000, 0x0000000083700000, 0x0000000083700000|100%| O|  |TAMS 0x0000000083700000, 0x0000000083600000| Untracked 
|  55|0x0000000083700000, 0x0000000083800000, 0x0000000083800000|100%| O|  |TAMS 0x0000000083800000, 0x0000000083700000| Untracked 
|  56|0x0000000083800000, 0x0000000083900000, 0x0000000083900000|100%|HS|  |TAMS 0x0000000083900000, 0x0000000083800000| Complete 
|  57|0x0000000083900000, 0x0000000083a00000, 0x0000000083a00000|100%|HC|  |TAMS 0x0000000083a00000, 0x0000000083900000| Complete 
|  58|0x0000000083a00000, 0x0000000083b00000, 0x0000000083b00000|100%|HC|  |TAMS 0x0000000083b00000, 0x0000000083a00000| Complete 
|  59|0x0000000083b00000, 0x0000000083c00000, 0x0000000083c00000|100%| O|  |TAMS 0x0000000083c00000, 0x0000000083b00000| Untracked 
|  60|0x0000000083c00000, 0x0000000083d00000, 0x0000000083d00000|100%| O|  |TAMS 0x0000000083c00000, 0x0000000083c00000| Untracked 
|  61|0x0000000083d00000, 0x0000000083e00000, 0x0000000083e00000|100%| O|  |TAMS 0x0000000083e00000, 0x0000000083d00000| Untracked 
|  62|0x0000000083e00000, 0x0000000083f00000, 0x0000000083f00000|100%| O|  |TAMS 0x0000000083e00000, 0x0000000083e00000| Untracked 
|  63|0x0000000083f00000, 0x0000000084000000, 0x0000000084000000|100%| O|  |TAMS 0x0000000084000000, 0x0000000083f00000| Untracked 
|  64|0x0000000084000000, 0x0000000084100000, 0x0000000084100000|100%| O|  |TAMS 0x0000000084100000, 0x0000000084000000| Untracked 
|  65|0x0000000084100000, 0x0000000084200000, 0x0000000084200000|100%| O|  |TAMS 0x0000000084200000, 0x0000000084100000| Untracked 
|  66|0x0000000084200000, 0x0000000084300000, 0x0000000084300000|100%| O|  |TAMS 0x0000000084300000, 0x0000000084200000| Untracked 
|  67|0x0000000084300000, 0x0000000084400000, 0x0000000084400000|100%| O|  |TAMS 0x0000000084400000, 0x0000000084300000| Untracked 
|  68|0x0000000084400000, 0x0000000084500000, 0x0000000084500000|100%| O|  |TAMS 0x0000000084500000, 0x0000000084400000| Untracked 
|  69|0x0000000084500000, 0x0000000084600000, 0x0000000084600000|100%| O|  |TAMS 0x0000000084600000, 0x0000000084500000| Untracked 
|  70|0x0000000084600000, 0x0000000084700000, 0x0000000084700000|100%| O|  |TAMS 0x0000000084700000, 0x0000000084600000| Untracked 
|  71|0x0000000084700000, 0x0000000084800000, 0x0000000084800000|100%| O|  |TAMS 0x0000000084800000, 0x0000000084700000| Untracked 
|  72|0x0000000084800000, 0x0000000084900000, 0x0000000084900000|100%| O|  |TAMS 0x0000000084900000, 0x0000000084800000| Untracked 
|  73|0x0000000084900000, 0x0000000084a00000, 0x0000000084a00000|100%| O|  |TAMS 0x0000000084a00000, 0x0000000084900000| Untracked 
|  74|0x0000000084a00000, 0x0000000084b00000, 0x0000000084b00000|100%| O|  |TAMS 0x0000000084b00000, 0x0000000084a00000| Untracked 
|  75|0x0000000084b00000, 0x0000000084c00000, 0x0000000084c00000|100%| O|  |TAMS 0x0000000084c00000, 0x0000000084b00000| Untracked 
|  76|0x0000000084c00000, 0x0000000084d00000, 0x0000000084d00000|100%| O|  |TAMS 0x0000000084d00000, 0x0000000084c00000| Untracked 
|  77|0x0000000084d00000, 0x0000000084e00000, 0x0000000084e00000|100%| O|  |TAMS 0x0000000084e00000, 0x0000000084d00000| Untracked 
|  78|0x0000000084e00000, 0x0000000084f00000, 0x0000000084f00000|100%| O|  |TAMS 0x0000000084f00000, 0x0000000084e00000| Untracked 
|  79|0x0000000084f00000, 0x0000000085000000, 0x0000000085000000|100%| O|  |TAMS 0x0000000085000000, 0x0000000084f00000| Untracked 
|  80|0x0000000085000000, 0x0000000085100000, 0x0000000085100000|100%|HS|  |TAMS 0x0000000085100000, 0x0000000085000000| Complete 
|  81|0x0000000085100000, 0x0000000085200000, 0x0000000085200000|100%|HS|  |TAMS 0x0000000085200000, 0x0000000085100000| Complete 
|  82|0x0000000085200000, 0x0000000085300000, 0x0000000085300000|100%|HS|  |TAMS 0x0000000085300000, 0x0000000085200000| Complete 
|  83|0x0000000085300000, 0x0000000085400000, 0x0000000085400000|100%|HS|  |TAMS 0x0000000085400000, 0x0000000085300000| Complete 
|  84|0x0000000085400000, 0x0000000085500000, 0x0000000085500000|100%| O|  |TAMS 0x0000000085500000, 0x0000000085400000| Untracked 
|  85|0x0000000085500000, 0x0000000085600000, 0x0000000085600000|100%|HS|  |TAMS 0x0000000085600000, 0x0000000085500000| Complete 
|  86|0x0000000085600000, 0x0000000085700000, 0x0000000085700000|100%|HS|  |TAMS 0x0000000085700000, 0x0000000085600000| Complete 
|  87|0x0000000085700000, 0x0000000085800000, 0x0000000085800000|100%| O|  |TAMS 0x0000000085800000, 0x0000000085700000| Untracked 
|  88|0x0000000085800000, 0x0000000085900000, 0x0000000085900000|100%| O|  |TAMS 0x0000000085900000, 0x0000000085800000| Untracked 
|  89|0x0000000085900000, 0x0000000085a00000, 0x0000000085a00000|100%| O|  |TAMS 0x0000000085a00000, 0x0000000085900000| Untracked 
|  90|0x0000000085a00000, 0x0000000085b00000, 0x0000000085b00000|100%| O|  |TAMS 0x0000000085b00000, 0x0000000085a00000| Untracked 
|  91|0x0000000085b00000, 0x0000000085c00000, 0x0000000085c00000|100%|HS|  |TAMS 0x0000000085c00000, 0x0000000085b00000| Complete 
|  92|0x0000000085c00000, 0x0000000085d00000, 0x0000000085d00000|100%|HS|  |TAMS 0x0000000085d00000, 0x0000000085c00000| Complete 
|  93|0x0000000085d00000, 0x0000000085e00000, 0x0000000085e00000|100%|HC|  |TAMS 0x0000000085e00000, 0x0000000085d00000| Complete 
|  94|0x0000000085e00000, 0x0000000085f00000, 0x0000000085f00000|100%| O|  |TAMS 0x0000000085f00000, 0x0000000085e00000| Untracked 
|  95|0x0000000085f00000, 0x0000000086000000, 0x0000000086000000|100%| O|  |TAMS 0x0000000086000000, 0x0000000085f00000| Untracked 
|  96|0x0000000086000000, 0x0000000086100000, 0x0000000086100000|100%| O|  |TAMS 0x0000000086100000, 0x0000000086000000| Untracked 
|  97|0x0000000086100000, 0x0000000086200000, 0x0000000086200000|100%| O|  |TAMS 0x0000000086200000, 0x0000000086100000| Untracked 
|  98|0x0000000086200000, 0x0000000086300000, 0x0000000086300000|100%| O|  |TAMS 0x0000000086300000, 0x0000000086200000| Untracked 
|  99|0x0000000086300000, 0x0000000086400000, 0x0000000086400000|100%| O|  |TAMS 0x0000000086400000, 0x0000000086300000| Untracked 
| 100|0x0000000086400000, 0x0000000086500000, 0x0000000086500000|100%| O|  |TAMS 0x0000000086500000, 0x0000000086400000| Untracked 
| 101|0x0000000086500000, 0x0000000086600000, 0x0000000086600000|100%| O|  |TAMS 0x0000000086600000, 0x0000000086500000| Untracked 
| 102|0x0000000086600000, 0x0000000086700000, 0x0000000086700000|100%| O|  |TAMS 0x0000000086700000, 0x0000000086600000| Untracked 
| 103|0x0000000086700000, 0x0000000086800000, 0x0000000086800000|100%| O|  |TAMS 0x0000000086800000, 0x0000000086700000| Untracked 
| 104|0x0000000086800000, 0x0000000086900000, 0x0000000086900000|100%| O|  |TAMS 0x0000000086900000, 0x0000000086800000| Untracked 
| 105|0x0000000086900000, 0x0000000086a00000, 0x0000000086a00000|100%| O|  |TAMS 0x0000000086a00000, 0x0000000086900000| Untracked 
| 106|0x0000000086a00000, 0x0000000086b00000, 0x0000000086b00000|100%| O|  |TAMS 0x0000000086b00000, 0x0000000086a00000| Untracked 
| 107|0x0000000086b00000, 0x0000000086c00000, 0x0000000086c00000|100%| O|  |TAMS 0x0000000086c00000, 0x0000000086b00000| Untracked 
| 108|0x0000000086c00000, 0x0000000086d00000, 0x0000000086d00000|100%| O|  |TAMS 0x0000000086d00000, 0x0000000086c00000| Untracked 
| 109|0x0000000086d00000, 0x0000000086e00000, 0x0000000086e00000|100%| O|  |TAMS 0x0000000086e00000, 0x0000000086d00000| Untracked 
| 110|0x0000000086e00000, 0x0000000086f00000, 0x0000000086f00000|100%| O|  |TAMS 0x0000000086f00000, 0x0000000086e00000| Untracked 
| 111|0x0000000086f00000, 0x0000000087000000, 0x0000000087000000|100%| O|  |TAMS 0x0000000087000000, 0x0000000086f00000| Untracked 
| 112|0x0000000087000000, 0x0000000087100000, 0x0000000087100000|100%| O|  |TAMS 0x0000000087100000, 0x0000000087000000| Untracked 
| 113|0x0000000087100000, 0x0000000087200000, 0x0000000087200000|100%| O|  |TAMS 0x0000000087200000, 0x0000000087100000| Untracked 
| 114|0x0000000087200000, 0x0000000087300000, 0x0000000087300000|100%| O|  |TAMS 0x0000000087300000, 0x0000000087200000| Untracked 
| 115|0x0000000087300000, 0x0000000087400000, 0x0000000087400000|100%| O|  |TAMS 0x0000000087400000, 0x0000000087300000| Untracked 
| 116|0x0000000087400000, 0x0000000087500000, 0x0000000087500000|100%| O|  |TAMS 0x0000000087500000, 0x0000000087400000| Untracked 
| 117|0x0000000087500000, 0x0000000087600000, 0x0000000087600000|100%| O|  |TAMS 0x0000000087600000, 0x0000000087500000| Untracked 
| 118|0x0000000087600000, 0x0000000087700000, 0x0000000087700000|100%| O|  |TAMS 0x0000000087700000, 0x0000000087600000| Untracked 
| 119|0x0000000087700000, 0x0000000087800000, 0x0000000087800000|100%| O|  |TAMS 0x0000000087800000, 0x0000000087700000| Untracked 
| 120|0x0000000087800000, 0x0000000087900000, 0x0000000087900000|100%| O|  |TAMS 0x0000000087900000, 0x0000000087800000| Untracked 
| 121|0x0000000087900000, 0x0000000087a00000, 0x0000000087a00000|100%| O|  |TAMS 0x0000000087a00000, 0x0000000087900000| Untracked 
| 122|0x0000000087a00000, 0x0000000087b00000, 0x0000000087b00000|100%| O|  |TAMS 0x0000000087b00000, 0x0000000087a00000| Untracked 
| 123|0x0000000087b00000, 0x0000000087c00000, 0x0000000087c00000|100%| O|  |TAMS 0x0000000087c00000, 0x0000000087b00000| Untracked 
| 124|0x0000000087c00000, 0x0000000087d00000, 0x0000000087d00000|100%| O|  |TAMS 0x0000000087d00000, 0x0000000087c00000| Untracked 
| 125|0x0000000087d00000, 0x0000000087e00000, 0x0000000087e00000|100%| O|  |TAMS 0x0000000087e00000, 0x0000000087d00000| Untracked 
| 126|0x0000000087e00000, 0x0000000087f00000, 0x0000000087f00000|100%| O|  |TAMS 0x0000000087f00000, 0x0000000087e00000| Untracked 
| 127|0x0000000087f00000, 0x0000000088000000, 0x0000000088000000|100%| O|  |TAMS 0x0000000088000000, 0x0000000087f00000| Untracked 
| 128|0x0000000088000000, 0x0000000088100000, 0x0000000088100000|100%| O|  |TAMS 0x0000000088100000, 0x0000000088000000| Untracked 
| 129|0x0000000088100000, 0x0000000088200000, 0x0000000088200000|100%| O|  |TAMS 0x0000000088200000, 0x0000000088100000| Untracked 
| 130|0x0000000088200000, 0x0000000088300000, 0x0000000088300000|100%| O|  |TAMS 0x0000000088300000, 0x0000000088200000| Untracked 
| 131|0x0000000088300000, 0x0000000088400000, 0x0000000088400000|100%| O|  |TAMS 0x0000000088300000, 0x0000000088300000| Untracked 
| 132|0x0000000088400000, 0x0000000088500000, 0x0000000088500000|100%| O|  |TAMS 0x0000000088500000, 0x0000000088400000| Untracked 
| 133|0x0000000088500000, 0x0000000088600000, 0x0000000088600000|100%| O|  |TAMS 0x0000000088600000, 0x0000000088500000| Untracked 
| 134|0x0000000088600000, 0x0000000088700000, 0x0000000088700000|100%| O|  |TAMS 0x0000000088700000, 0x0000000088600000| Untracked 
| 135|0x0000000088700000, 0x0000000088800000, 0x0000000088800000|100%| O|  |TAMS 0x0000000088800000, 0x0000000088700000| Untracked 
| 136|0x0000000088800000, 0x0000000088900000, 0x0000000088900000|100%| O|  |TAMS 0x0000000088900000, 0x0000000088800000| Untracked 
| 137|0x0000000088900000, 0x0000000088a00000, 0x0000000088a00000|100%| O|  |TAMS 0x0000000088a00000, 0x0000000088900000| Untracked 
| 138|0x0000000088a00000, 0x0000000088b00000, 0x0000000088b00000|100%| O|  |TAMS 0x0000000088b00000, 0x0000000088a00000| Untracked 
| 139|0x0000000088b00000, 0x0000000088c00000, 0x0000000088c00000|100%| O|  |TAMS 0x0000000088c00000, 0x0000000088b00000| Untracked 
| 140|0x0000000088c00000, 0x0000000088d00000, 0x0000000088d00000|100%|HS|  |TAMS 0x0000000088d00000, 0x0000000088c00000| Complete 
| 141|0x0000000088d00000, 0x0000000088e00000, 0x0000000088e00000|100%|HC|  |TAMS 0x0000000088e00000, 0x0000000088d00000| Complete 
| 142|0x0000000088e00000, 0x0000000088f00000, 0x0000000088f00000|100%|HC|  |TAMS 0x0000000088f00000, 0x0000000088e00000| Complete 
| 143|0x0000000088f00000, 0x0000000089000000, 0x0000000089000000|100%|HS|  |TAMS 0x0000000089000000, 0x0000000088f00000| Complete 
| 144|0x0000000089000000, 0x0000000089100000, 0x0000000089100000|100%|HC|  |TAMS 0x0000000089100000, 0x0000000089000000| Complete 
| 145|0x0000000089100000, 0x0000000089200000, 0x0000000089200000|100%| O|  |TAMS 0x0000000089200000, 0x0000000089100000| Untracked 
| 146|0x0000000089200000, 0x0000000089300000, 0x0000000089300000|100%| O|  |TAMS 0x0000000089300000, 0x0000000089200000| Untracked 
| 147|0x0000000089300000, 0x0000000089400000, 0x0000000089400000|100%| O|  |TAMS 0x0000000089300000, 0x0000000089300000| Untracked 
| 148|0x0000000089400000, 0x0000000089500000, 0x0000000089500000|100%| O|  |TAMS 0x0000000089400000, 0x0000000089400000| Untracked 
| 149|0x0000000089500000, 0x0000000089600000, 0x0000000089600000|100%|HS|  |TAMS 0x0000000089500000, 0x0000000089500000| Complete 
| 150|0x0000000089600000, 0x0000000089700000, 0x0000000089700000|100%| O|  |TAMS 0x0000000089700000, 0x0000000089600000| Untracked 
| 151|0x0000000089700000, 0x0000000089800000, 0x0000000089800000|100%| O|  |TAMS 0x0000000089800000, 0x0000000089700000| Untracked 
| 152|0x0000000089800000, 0x0000000089900000, 0x0000000089900000|100%| O|  |TAMS 0x0000000089900000, 0x0000000089800000| Untracked 
| 153|0x0000000089900000, 0x0000000089a00000, 0x0000000089a00000|100%| O|  |TAMS 0x0000000089a00000, 0x0000000089900000| Untracked 
| 154|0x0000000089a00000, 0x0000000089b00000, 0x0000000089b00000|100%| O|  |TAMS 0x0000000089b00000, 0x0000000089a00000| Untracked 
| 155|0x0000000089b00000, 0x0000000089c00000, 0x0000000089c00000|100%| O|  |TAMS 0x0000000089c00000, 0x0000000089b00000| Untracked 
| 156|0x0000000089c00000, 0x0000000089d00000, 0x0000000089d00000|100%| O|  |TAMS 0x0000000089d00000, 0x0000000089c00000| Untracked 
| 157|0x0000000089d00000, 0x0000000089e00000, 0x0000000089e00000|100%| O|  |TAMS 0x0000000089e00000, 0x0000000089d00000| Untracked 
| 158|0x0000000089e00000, 0x0000000089f00000, 0x0000000089f00000|100%| O|  |TAMS 0x0000000089f00000, 0x0000000089e00000| Untracked 
| 159|0x0000000089f00000, 0x000000008a000000, 0x000000008a000000|100%|HS|  |TAMS 0x0000000089f00000, 0x0000000089f00000| Complete 
| 160|0x000000008a000000, 0x000000008a100000, 0x000000008a100000|100%| O|  |TAMS 0x000000008a100000, 0x000000008a000000| Untracked 
| 161|0x000000008a100000, 0x000000008a200000, 0x000000008a200000|100%| O|  |TAMS 0x000000008a200000, 0x000000008a100000| Untracked 
| 162|0x000000008a200000, 0x000000008a300000, 0x000000008a300000|100%| O|  |TAMS 0x000000008a300000, 0x000000008a200000| Untracked 
| 163|0x000000008a300000, 0x000000008a400000, 0x000000008a400000|100%| O|  |TAMS 0x000000008a400000, 0x000000008a300000| Untracked 
| 164|0x000000008a400000, 0x000000008a500000, 0x000000008a500000|100%| O|  |TAMS 0x000000008a500000, 0x000000008a400000| Untracked 
| 165|0x000000008a500000, 0x000000008a600000, 0x000000008a600000|100%| O|  |TAMS 0x000000008a600000, 0x000000008a500000| Untracked 
| 166|0x000000008a600000, 0x000000008a700000, 0x000000008a700000|100%| O|  |TAMS 0x000000008a700000, 0x000000008a600000| Untracked 
| 167|0x000000008a700000, 0x000000008a800000, 0x000000008a800000|100%| O|  |TAMS 0x000000008a800000, 0x000000008a700000| Untracked 
| 168|0x000000008a800000, 0x000000008a900000, 0x000000008a900000|100%| O|  |TAMS 0x000000008a900000, 0x000000008a800000| Untracked 
| 169|0x000000008a900000, 0x000000008aa00000, 0x000000008aa00000|100%| O|  |TAMS 0x000000008aa00000, 0x000000008a900000| Untracked 
| 170|0x000000008aa00000, 0x000000008aaffff8, 0x000000008ab00000| 99%| O|  |TAMS 0x000000008aaffff8, 0x000000008aa00000| Untracked 
| 171|0x000000008ab00000, 0x000000008ac00000, 0x000000008ac00000|100%| O|  |TAMS 0x000000008ac00000, 0x000000008ab00000| Untracked 
| 172|0x000000008ac00000, 0x000000008ad00000, 0x000000008ad00000|100%|HS|  |TAMS 0x000000008ad00000, 0x000000008ac00000| Complete 
| 173|0x000000008ad00000, 0x000000008ae00000, 0x000000008ae00000|100%|HS|  |TAMS 0x000000008ae00000, 0x000000008ad00000| Complete 
| 174|0x000000008ae00000, 0x000000008af00000, 0x000000008af00000|100%|HS|  |TAMS 0x000000008af00000, 0x000000008ae00000| Complete 
| 175|0x000000008af00000, 0x000000008b000000, 0x000000008b000000|100%|HC|  |TAMS 0x000000008b000000, 0x000000008af00000| Complete 
| 176|0x000000008b000000, 0x000000008b100000, 0x000000008b100000|100%| O|  |TAMS 0x000000008b100000, 0x000000008b000000| Untracked 
| 177|0x000000008b100000, 0x000000008b200000, 0x000000008b200000|100%| O|  |TAMS 0x000000008b200000, 0x000000008b100000| Untracked 
| 178|0x000000008b200000, 0x000000008b300000, 0x000000008b300000|100%| O|  |TAMS 0x000000008b300000, 0x000000008b200000| Untracked 
| 179|0x000000008b300000, 0x000000008b400000, 0x000000008b400000|100%| O|  |TAMS 0x000000008b400000, 0x000000008b300000| Untracked 
| 180|0x000000008b400000, 0x000000008b500000, 0x000000008b500000|100%| O|  |TAMS 0x000000008b500000, 0x000000008b400000| Untracked 
| 181|0x000000008b500000, 0x000000008b600000, 0x000000008b600000|100%| O|  |TAMS 0x000000008b600000, 0x000000008b500000| Untracked 
| 182|0x000000008b600000, 0x000000008b700000, 0x000000008b700000|100%| O|  |TAMS 0x000000008b700000, 0x000000008b600000| Untracked 
| 183|0x000000008b700000, 0x000000008b800000, 0x000000008b800000|100%| O|  |TAMS 0x000000008b800000, 0x000000008b700000| Untracked 
| 184|0x000000008b800000, 0x000000008b900000, 0x000000008b900000|100%| O|  |TAMS 0x000000008b900000, 0x000000008b800000| Untracked 
| 185|0x000000008b900000, 0x000000008ba00000, 0x000000008ba00000|100%| O|  |TAMS 0x000000008ba00000, 0x000000008b900000| Untracked 
| 186|0x000000008ba00000, 0x000000008bb00000, 0x000000008bb00000|100%| O|  |TAMS 0x000000008bb00000, 0x000000008ba00000| Untracked 
| 187|0x000000008bb00000, 0x000000008bc00000, 0x000000008bc00000|100%| O|  |TAMS 0x000000008bc00000, 0x000000008bb00000| Untracked 
| 188|0x000000008bc00000, 0x000000008bd00000, 0x000000008bd00000|100%| O|  |TAMS 0x000000008bd00000, 0x000000008bc00000| Untracked 
| 189|0x000000008bd00000, 0x000000008be00000, 0x000000008be00000|100%| O|  |TAMS 0x000000008be00000, 0x000000008bd00000| Untracked 
| 190|0x000000008be00000, 0x000000008bf00000, 0x000000008bf00000|100%| O|  |TAMS 0x000000008bf00000, 0x000000008be00000| Untracked 
| 191|0x000000008bf00000, 0x000000008c000000, 0x000000008c000000|100%| O|  |TAMS 0x000000008c000000, 0x000000008bf00000| Untracked 
| 192|0x000000008c000000, 0x000000008c100000, 0x000000008c100000|100%| O|  |TAMS 0x000000008c100000, 0x000000008c000000| Untracked 
| 193|0x000000008c100000, 0x000000008c200000, 0x000000008c200000|100%| O|  |TAMS 0x000000008c200000, 0x000000008c100000| Untracked 
| 194|0x000000008c200000, 0x000000008c300000, 0x000000008c300000|100%| O|  |TAMS 0x000000008c300000, 0x000000008c200000| Untracked 
| 195|0x000000008c300000, 0x000000008c400000, 0x000000008c400000|100%| O|  |TAMS 0x000000008c400000, 0x000000008c300000| Untracked 
| 196|0x000000008c400000, 0x000000008c500000, 0x000000008c500000|100%| O|  |TAMS 0x000000008c500000, 0x000000008c400000| Untracked 
| 197|0x000000008c500000, 0x000000008c600000, 0x000000008c600000|100%|HS|  |TAMS 0x000000008c500000, 0x000000008c500000| Complete 
| 198|0x000000008c600000, 0x000000008c700000, 0x000000008c700000|100%| O|  |TAMS 0x000000008c700000, 0x000000008c600000| Untracked 
| 199|0x000000008c700000, 0x000000008c800000, 0x000000008c800000|100%| O|  |TAMS 0x000000008c800000, 0x000000008c700000| Untracked 
| 200|0x000000008c800000, 0x000000008c900000, 0x000000008c900000|100%| O|  |TAMS 0x000000008c858400, 0x000000008c800000| Untracked 
| 201|0x000000008c900000, 0x000000008ca00000, 0x000000008ca00000|100%|HS|  |TAMS 0x000000008ca00000, 0x000000008c900000| Complete 
| 202|0x000000008ca00000, 0x000000008cb00000, 0x000000008cb00000|100%|HS|  |TAMS 0x000000008cb00000, 0x000000008ca00000| Complete 
| 203|0x000000008cb00000, 0x000000008cc00000, 0x000000008cc00000|100%|HS|  |TAMS 0x000000008cc00000, 0x000000008cb00000| Complete 
| 204|0x000000008cc00000, 0x000000008cd00000, 0x000000008cd00000|100%|HS|  |TAMS 0x000000008cd00000, 0x000000008cc00000| Complete 
| 205|0x000000008cd00000, 0x000000008ce00000, 0x000000008ce00000|100%| O|  |TAMS 0x000000008cd00000, 0x000000008cd00000| Untracked 
| 206|0x000000008ce00000, 0x000000008cf00000, 0x000000008cf00000|100%| O|  |TAMS 0x000000008ce00000, 0x000000008ce00000| Untracked 
| 207|0x000000008cf00000, 0x000000008d000000, 0x000000008d000000|100%| O|  |TAMS 0x000000008cf00000, 0x000000008cf00000| Untracked 
| 208|0x000000008d000000, 0x000000008d100000, 0x000000008d100000|100%| O|  |TAMS 0x000000008d000000, 0x000000008d000000| Untracked 
| 209|0x000000008d100000, 0x000000008d200000, 0x000000008d200000|100%| O|  |TAMS 0x000000008d100000, 0x000000008d100000| Untracked 
| 210|0x000000008d200000, 0x000000008d300000, 0x000000008d300000|100%| O|  |TAMS 0x000000008d200000, 0x000000008d200000| Untracked 
| 211|0x000000008d300000, 0x000000008d400000, 0x000000008d400000|100%| O|  |TAMS 0x000000008d300000, 0x000000008d300000| Untracked 
| 212|0x000000008d400000, 0x000000008d500000, 0x000000008d500000|100%| O|  |TAMS 0x000000008d400000, 0x000000008d400000| Untracked 
| 213|0x000000008d500000, 0x000000008d600000, 0x000000008d600000|100%| O|  |TAMS 0x000000008d500000, 0x000000008d500000| Untracked 
| 214|0x000000008d600000, 0x000000008d700000, 0x000000008d700000|100%| O|  |TAMS 0x000000008d600000, 0x000000008d600000| Untracked 
| 215|0x000000008d700000, 0x000000008d800000, 0x000000008d800000|100%| O|  |TAMS 0x000000008d700000, 0x000000008d700000| Untracked 
| 216|0x000000008d800000, 0x000000008d900000, 0x000000008d900000|100%| O|  |TAMS 0x000000008d800000, 0x000000008d800000| Untracked 
| 217|0x000000008d900000, 0x000000008da00000, 0x000000008da00000|100%| O|  |TAMS 0x000000008d900000, 0x000000008d900000| Untracked 
| 218|0x000000008da00000, 0x000000008db00000, 0x000000008db00000|100%| O|  |TAMS 0x000000008da00000, 0x000000008da00000| Untracked 
| 219|0x000000008db00000, 0x000000008dc00000, 0x000000008dc00000|100%| O|  |TAMS 0x000000008db00000, 0x000000008db00000| Untracked 
| 220|0x000000008dc00000, 0x000000008dd00000, 0x000000008dd00000|100%| O|  |TAMS 0x000000008dc00000, 0x000000008dc00000| Untracked 
| 221|0x000000008dd00000, 0x000000008de00000, 0x000000008de00000|100%| O|  |TAMS 0x000000008dd00000, 0x000000008dd00000| Untracked 
| 222|0x000000008de00000, 0x000000008df00000, 0x000000008df00000|100%| O|  |TAMS 0x000000008de00000, 0x000000008de00000| Untracked 
| 223|0x000000008df00000, 0x000000008e000000, 0x000000008e000000|100%| O|  |TAMS 0x000000008df00000, 0x000000008df00000| Untracked 
| 224|0x000000008e000000, 0x000000008e100000, 0x000000008e100000|100%| O|  |TAMS 0x000000008e000000, 0x000000008e000000| Untracked 
| 225|0x000000008e100000, 0x000000008e200000, 0x000000008e200000|100%| O|  |TAMS 0x000000008e100000, 0x000000008e100000| Untracked 
| 226|0x000000008e200000, 0x000000008e300000, 0x000000008e300000|100%| O|  |TAMS 0x000000008e200000, 0x000000008e200000| Untracked 
| 227|0x000000008e300000, 0x000000008e400000, 0x000000008e400000|100%| O|  |TAMS 0x000000008e300000, 0x000000008e300000| Untracked 
| 228|0x000000008e400000, 0x000000008e500000, 0x000000008e500000|100%| O|  |TAMS 0x000000008e400000, 0x000000008e400000| Untracked 
| 229|0x000000008e500000, 0x000000008e600000, 0x000000008e600000|100%| O|  |TAMS 0x000000008e500000, 0x000000008e500000| Untracked 
| 230|0x000000008e600000, 0x000000008e700000, 0x000000008e700000|100%| O|  |TAMS 0x000000008e600000, 0x000000008e600000| Untracked 
| 231|0x000000008e700000, 0x000000008e800000, 0x000000008e800000|100%| O|  |TAMS 0x000000008e700000, 0x000000008e700000| Untracked 
| 232|0x000000008e800000, 0x000000008e900000, 0x000000008e900000|100%| O|  |TAMS 0x000000008e800000, 0x000000008e800000| Untracked 
| 233|0x000000008e900000, 0x000000008ea00000, 0x000000008ea00000|100%| O|  |TAMS 0x000000008e900000, 0x000000008e900000| Untracked 
| 234|0x000000008ea00000, 0x000000008eb00000, 0x000000008eb00000|100%| O|  |TAMS 0x000000008ea00000, 0x000000008ea00000| Untracked 
| 235|0x000000008eb00000, 0x000000008ec00000, 0x000000008ec00000|100%| O|  |TAMS 0x000000008eb00000, 0x000000008eb00000| Untracked 
| 236|0x000000008ec00000, 0x000000008ed00000, 0x000000008ed00000|100%| O|  |TAMS 0x000000008ec00000, 0x000000008ec00000| Untracked 
| 237|0x000000008ed00000, 0x000000008ee00000, 0x000000008ee00000|100%| O|  |TAMS 0x000000008ed00000, 0x000000008ed00000| Untracked 
| 238|0x000000008ee00000, 0x000000008ef00000, 0x000000008ef00000|100%| O|  |TAMS 0x000000008ee00000, 0x000000008ee00000| Untracked 
| 239|0x000000008ef00000, 0x000000008f000000, 0x000000008f000000|100%|HS|  |TAMS 0x000000008ef00000, 0x000000008ef00000| Complete 
| 240|0x000000008f000000, 0x000000008f100000, 0x000000008f100000|100%| O|  |TAMS 0x000000008f000000, 0x000000008f000000| Untracked 
| 241|0x000000008f100000, 0x000000008f200000, 0x000000008f200000|100%| O|  |TAMS 0x000000008f100000, 0x000000008f100000| Untracked 
| 242|0x000000008f200000, 0x000000008f300000, 0x000000008f300000|100%| O|  |TAMS 0x000000008f200000, 0x000000008f200000| Untracked 
| 243|0x000000008f300000, 0x000000008f400000, 0x000000008f400000|100%| O|  |TAMS 0x000000008f300000, 0x000000008f300000| Untracked 
| 244|0x000000008f400000, 0x000000008f500000, 0x000000008f500000|100%| O|  |TAMS 0x000000008f400000, 0x000000008f400000| Untracked 
| 245|0x000000008f500000, 0x000000008f600000, 0x000000008f600000|100%| O|  |TAMS 0x000000008f500000, 0x000000008f500000| Untracked 
| 246|0x000000008f600000, 0x000000008f700000, 0x000000008f700000|100%| O|  |TAMS 0x000000008f600000, 0x000000008f600000| Untracked 
| 247|0x000000008f700000, 0x000000008f800000, 0x000000008f800000|100%| O|  |TAMS 0x000000008f700000, 0x000000008f700000| Untracked 
| 248|0x000000008f800000, 0x000000008f900000, 0x000000008f900000|100%| O|  |TAMS 0x000000008f800000, 0x000000008f800000| Untracked 
| 249|0x000000008f900000, 0x000000008fa00000, 0x000000008fa00000|100%|HS|  |TAMS 0x000000008f900000, 0x000000008f900000| Complete 
| 250|0x000000008fa00000, 0x000000008fb00000, 0x000000008fb00000|100%|HS|  |TAMS 0x000000008fa00000, 0x000000008fa00000| Complete 
| 251|0x000000008fb00000, 0x000000008fc00000, 0x000000008fc00000|100%|HS|  |TAMS 0x000000008fb00000, 0x000000008fb00000| Complete 
| 252|0x000000008fc00000, 0x000000008fd00000, 0x000000008fd00000|100%| O|  |TAMS 0x000000008fc00000, 0x000000008fc00000| Untracked 
| 253|0x000000008fd00000, 0x000000008fe00000, 0x000000008fe00000|100%| O|  |TAMS 0x000000008fd00000, 0x000000008fd00000| Untracked 
| 254|0x000000008fe00000, 0x000000008ff00000, 0x000000008ff00000|100%| O|  |TAMS 0x000000008fe00000, 0x000000008fe00000| Untracked 
| 255|0x000000008ff00000, 0x0000000090000000, 0x0000000090000000|100%| O|  |TAMS 0x000000008ff00000, 0x000000008ff00000| Untracked 
| 256|0x0000000090000000, 0x0000000090100000, 0x0000000090100000|100%| O|  |TAMS 0x0000000090000000, 0x0000000090000000| Untracked 
| 257|0x0000000090100000, 0x0000000090200000, 0x0000000090200000|100%| O|  |TAMS 0x0000000090100000, 0x0000000090100000| Untracked 
| 258|0x0000000090200000, 0x0000000090300000, 0x0000000090300000|100%| O|  |TAMS 0x0000000090200000, 0x0000000090200000| Untracked 
| 259|0x0000000090300000, 0x0000000090400000, 0x0000000090400000|100%| O|  |TAMS 0x0000000090300000, 0x0000000090300000| Untracked 
| 260|0x0000000090400000, 0x0000000090500000, 0x0000000090500000|100%| O|  |TAMS 0x0000000090400000, 0x0000000090400000| Untracked 
| 261|0x0000000090500000, 0x0000000090600000, 0x0000000090600000|100%| O|  |TAMS 0x0000000090500000, 0x0000000090500000| Untracked 
| 262|0x0000000090600000, 0x0000000090700000, 0x0000000090700000|100%| O|  |TAMS 0x0000000090600000, 0x0000000090600000| Untracked 
| 263|0x0000000090700000, 0x0000000090800000, 0x0000000090800000|100%| O|  |TAMS 0x0000000090700000, 0x0000000090700000| Untracked 
| 264|0x0000000090800000, 0x0000000090900000, 0x0000000090900000|100%| O|  |TAMS 0x0000000090800000, 0x0000000090800000| Untracked 
| 265|0x0000000090900000, 0x0000000090a00000, 0x0000000090a00000|100%| O|  |TAMS 0x0000000090900000, 0x0000000090900000| Untracked 
| 266|0x0000000090a00000, 0x0000000090b00000, 0x0000000090b00000|100%| O|  |TAMS 0x0000000090a00000, 0x0000000090a00000| Untracked 
| 267|0x0000000090b00000, 0x0000000090c00000, 0x0000000090c00000|100%| O|  |TAMS 0x0000000090b00000, 0x0000000090b00000| Untracked 
| 268|0x0000000090c00000, 0x0000000090d00000, 0x0000000090d00000|100%| O|  |TAMS 0x0000000090c00000, 0x0000000090c00000| Untracked 
| 269|0x0000000090d00000, 0x0000000090e00000, 0x0000000090e00000|100%| O|  |TAMS 0x0000000090d00000, 0x0000000090d00000| Untracked 
| 270|0x0000000090e00000, 0x0000000090f00000, 0x0000000090f00000|100%| O|  |TAMS 0x0000000090e00000, 0x0000000090e00000| Untracked 
| 271|0x0000000090f00000, 0x0000000091000000, 0x0000000091000000|100%| O|  |TAMS 0x0000000090f00000, 0x0000000090f00000| Untracked 
| 272|0x0000000091000000, 0x0000000091100000, 0x0000000091100000|100%| O|  |TAMS 0x0000000091000000, 0x0000000091000000| Untracked 
| 273|0x0000000091100000, 0x0000000091200000, 0x0000000091200000|100%| O|  |TAMS 0x0000000091100000, 0x0000000091100000| Untracked 
| 274|0x0000000091200000, 0x0000000091300000, 0x0000000091300000|100%| O|  |TAMS 0x0000000091200000, 0x0000000091200000| Untracked 
| 275|0x0000000091300000, 0x0000000091400000, 0x0000000091400000|100%| O|  |TAMS 0x0000000091300000, 0x0000000091300000| Untracked 
| 276|0x0000000091400000, 0x0000000091500000, 0x0000000091500000|100%| O|  |TAMS 0x0000000091400000, 0x0000000091400000| Untracked 
| 277|0x0000000091500000, 0x0000000091600000, 0x0000000091600000|100%| O|  |TAMS 0x0000000091500000, 0x0000000091500000| Untracked 
| 278|0x0000000091600000, 0x0000000091700000, 0x0000000091700000|100%| O|  |TAMS 0x0000000091600000, 0x0000000091600000| Untracked 
| 279|0x0000000091700000, 0x0000000091800000, 0x0000000091800000|100%| O|  |TAMS 0x0000000091700000, 0x0000000091700000| Untracked 
| 280|0x0000000091800000, 0x0000000091900000, 0x0000000091900000|100%| O|  |TAMS 0x0000000091800000, 0x0000000091800000| Untracked 
| 281|0x0000000091900000, 0x0000000091a00000, 0x0000000091a00000|100%| O|  |TAMS 0x0000000091900000, 0x0000000091900000| Untracked 
| 282|0x0000000091a00000, 0x0000000091b00000, 0x0000000091b00000|100%| O|  |TAMS 0x0000000091a00000, 0x0000000091a00000| Untracked 
| 283|0x0000000091b00000, 0x0000000091c00000, 0x0000000091c00000|100%| O|  |TAMS 0x0000000091b00000, 0x0000000091b00000| Untracked 
| 284|0x0000000091c00000, 0x0000000091d00000, 0x0000000091d00000|100%| O|  |TAMS 0x0000000091c00000, 0x0000000091c00000| Untracked 
| 285|0x0000000091d00000, 0x0000000091e00000, 0x0000000091e00000|100%| O|  |TAMS 0x0000000091d00000, 0x0000000091d00000| Untracked 
| 286|0x0000000091e00000, 0x0000000091f00000, 0x0000000091f00000|100%| O|  |TAMS 0x0000000091e00000, 0x0000000091e00000| Untracked 
| 287|0x0000000091f00000, 0x0000000092000000, 0x0000000092000000|100%| O|  |TAMS 0x0000000091f00000, 0x0000000091f00000| Untracked 
| 288|0x0000000092000000, 0x0000000092100000, 0x0000000092100000|100%| O|  |TAMS 0x0000000092000000, 0x0000000092000000| Untracked 
| 289|0x0000000092100000, 0x0000000092200000, 0x0000000092200000|100%| O|  |TAMS 0x0000000092100000, 0x0000000092100000| Untracked 
| 290|0x0000000092200000, 0x0000000092300000, 0x0000000092300000|100%|HS|  |TAMS 0x0000000092200000, 0x0000000092200000| Complete 
| 291|0x0000000092300000, 0x0000000092400000, 0x0000000092400000|100%|HS|  |TAMS 0x0000000092300000, 0x0000000092300000| Complete 
| 292|0x0000000092400000, 0x0000000092500000, 0x0000000092500000|100%| O|  |TAMS 0x0000000092400000, 0x0000000092400000| Untracked 
| 293|0x0000000092500000, 0x0000000092600000, 0x0000000092600000|100%| O|  |TAMS 0x0000000092500000, 0x0000000092500000| Untracked 
| 294|0x0000000092600000, 0x0000000092700000, 0x0000000092700000|100%| O|  |TAMS 0x0000000092600000, 0x0000000092600000| Untracked 
| 295|0x0000000092700000, 0x0000000092800000, 0x0000000092800000|100%| O|  |TAMS 0x0000000092700000, 0x0000000092700000| Untracked 
| 296|0x0000000092800000, 0x0000000092900000, 0x0000000092900000|100%| O|  |TAMS 0x0000000092800000, 0x0000000092800000| Untracked 
| 297|0x0000000092900000, 0x0000000092a00000, 0x0000000092a00000|100%| O|  |TAMS 0x0000000092900000, 0x0000000092900000| Untracked 
| 298|0x0000000092a00000, 0x0000000092b00000, 0x0000000092b00000|100%| O|  |TAMS 0x0000000092a00000, 0x0000000092a00000| Untracked 
| 299|0x0000000092b00000, 0x0000000092c00000, 0x0000000092c00000|100%| O|  |TAMS 0x0000000092b00000, 0x0000000092b00000| Untracked 
| 300|0x0000000092c00000, 0x0000000092d00000, 0x0000000092d00000|100%| O|  |TAMS 0x0000000092c00000, 0x0000000092c00000| Untracked 
| 301|0x0000000092d00000, 0x0000000092e00000, 0x0000000092e00000|100%| O|  |TAMS 0x0000000092d00000, 0x0000000092d00000| Untracked 
| 302|0x0000000092e00000, 0x0000000092f00000, 0x0000000092f00000|100%| O|  |TAMS 0x0000000092e00000, 0x0000000092e00000| Untracked 
| 303|0x0000000092f00000, 0x0000000093000000, 0x0000000093000000|100%| O|  |TAMS 0x0000000092f00000, 0x0000000092f00000| Untracked 
| 304|0x0000000093000000, 0x0000000093100000, 0x0000000093100000|100%| O|  |TAMS 0x0000000093000000, 0x0000000093000000| Untracked 
| 305|0x0000000093100000, 0x0000000093200000, 0x0000000093200000|100%| O|  |TAMS 0x0000000093100000, 0x0000000093100000| Untracked 
| 306|0x0000000093200000, 0x0000000093300000, 0x0000000093300000|100%| O|  |TAMS 0x0000000093200000, 0x0000000093200000| Untracked 
| 307|0x0000000093300000, 0x0000000093400000, 0x0000000093400000|100%| O|  |TAMS 0x0000000093300000, 0x0000000093300000| Untracked 
| 308|0x0000000093400000, 0x0000000093500000, 0x0000000093500000|100%| O|  |TAMS 0x0000000093400000, 0x0000000093400000| Untracked 
| 309|0x0000000093500000, 0x0000000093600000, 0x0000000093600000|100%| O|  |TAMS 0x0000000093500000, 0x0000000093500000| Untracked 
| 310|0x0000000093600000, 0x0000000093700000, 0x0000000093700000|100%| O|  |TAMS 0x0000000093600000, 0x0000000093600000| Untracked 
| 311|0x0000000093700000, 0x0000000093751e00, 0x0000000093800000| 31%| O|  |TAMS 0x0000000093700000, 0x0000000093700000| Untracked 
| 312|0x0000000093800000, 0x0000000093900000, 0x0000000093900000|100%|HS|  |TAMS 0x0000000093800000, 0x0000000093800000| Complete 
| 313|0x0000000093900000, 0x0000000093a00000, 0x0000000093a00000|100%|HS|  |TAMS 0x0000000093900000, 0x0000000093900000| Complete 
| 314|0x0000000093a00000, 0x0000000093a00000, 0x0000000093b00000|  0%| F|  |TAMS 0x0000000093a00000, 0x0000000093a00000| Untracked 
| 315|0x0000000093b00000, 0x0000000093b00000, 0x0000000093c00000|  0%| F|  |TAMS 0x0000000093b00000, 0x0000000093b00000| Untracked 
| 316|0x0000000093c00000, 0x0000000093c00000, 0x0000000093d00000|  0%| F|  |TAMS 0x0000000093c00000, 0x0000000093c00000| Untracked 
| 317|0x0000000093d00000, 0x0000000093d00000, 0x0000000093e00000|  0%| F|  |TAMS 0x0000000093d00000, 0x0000000093d00000| Untracked 
| 318|0x0000000093e00000, 0x0000000093e00000, 0x0000000093f00000|  0%| F|  |TAMS 0x0000000093e00000, 0x0000000093e00000| Untracked 
| 319|0x0000000093f00000, 0x0000000093f00000, 0x0000000094000000|  0%| F|  |TAMS 0x0000000093f00000, 0x0000000093f00000| Untracked 
| 320|0x0000000094000000, 0x0000000094000000, 0x0000000094100000|  0%| F|  |TAMS 0x0000000094000000, 0x0000000094000000| Untracked 
| 321|0x0000000094100000, 0x0000000094100000, 0x0000000094200000|  0%| F|  |TAMS 0x0000000094100000, 0x0000000094100000| Untracked 
| 322|0x0000000094200000, 0x0000000094200000, 0x0000000094300000|  0%| F|  |TAMS 0x0000000094200000, 0x0000000094200000| Untracked 
| 323|0x0000000094300000, 0x0000000094300000, 0x0000000094400000|  0%| F|  |TAMS 0x0000000094300000, 0x0000000094300000| Untracked 
| 324|0x0000000094400000, 0x0000000094400000, 0x0000000094500000|  0%| F|  |TAMS 0x0000000094400000, 0x0000000094400000| Untracked 
| 325|0x0000000094500000, 0x0000000094500000, 0x0000000094600000|  0%| F|  |TAMS 0x0000000094500000, 0x0000000094500000| Untracked 
| 326|0x0000000094600000, 0x0000000094600000, 0x0000000094700000|  0%| F|  |TAMS 0x0000000094600000, 0x0000000094600000| Untracked 
| 327|0x0000000094700000, 0x0000000094700000, 0x0000000094800000|  0%| F|  |TAMS 0x0000000094700000, 0x0000000094700000| Untracked 
| 328|0x0000000094800000, 0x0000000094800000, 0x0000000094900000|  0%| F|  |TAMS 0x0000000094800000, 0x0000000094800000| Untracked 
| 329|0x0000000094900000, 0x0000000094900000, 0x0000000094a00000|  0%| F|  |TAMS 0x0000000094900000, 0x0000000094900000| Untracked 
| 330|0x0000000094a00000, 0x0000000094a00000, 0x0000000094b00000|  0%| F|  |TAMS 0x0000000094a00000, 0x0000000094a00000| Untracked 
| 331|0x0000000094b00000, 0x0000000094b00000, 0x0000000094c00000|  0%| F|  |TAMS 0x0000000094b00000, 0x0000000094b00000| Untracked 
| 332|0x0000000094c00000, 0x0000000094c00000, 0x0000000094d00000|  0%| F|  |TAMS 0x0000000094c00000, 0x0000000094c00000| Untracked 
| 333|0x0000000094d00000, 0x0000000094d00000, 0x0000000094e00000|  0%| F|  |TAMS 0x0000000094d00000, 0x0000000094d00000| Untracked 
| 334|0x0000000094e00000, 0x0000000094e00000, 0x0000000094f00000|  0%| F|  |TAMS 0x0000000094e00000, 0x0000000094e00000| Untracked 
| 335|0x0000000094f00000, 0x0000000094f00000, 0x0000000095000000|  0%| F|  |TAMS 0x0000000094f00000, 0x0000000094f00000| Untracked 
| 336|0x0000000095000000, 0x0000000095000000, 0x0000000095100000|  0%| F|  |TAMS 0x0000000095000000, 0x0000000095000000| Untracked 
| 337|0x0000000095100000, 0x0000000095100000, 0x0000000095200000|  0%| F|  |TAMS 0x0000000095100000, 0x0000000095100000| Untracked 
| 338|0x0000000095200000, 0x0000000095200000, 0x0000000095300000|  0%| F|  |TAMS 0x0000000095200000, 0x0000000095200000| Untracked 
| 339|0x0000000095300000, 0x0000000095300000, 0x0000000095400000|  0%| F|  |TAMS 0x0000000095300000, 0x0000000095300000| Untracked 
| 340|0x0000000095400000, 0x0000000095400000, 0x0000000095500000|  0%| F|  |TAMS 0x0000000095400000, 0x0000000095400000| Untracked 
| 341|0x0000000095500000, 0x0000000095500000, 0x0000000095600000|  0%| F|  |TAMS 0x0000000095500000, 0x0000000095500000| Untracked 
| 342|0x0000000095600000, 0x0000000095600000, 0x0000000095700000|  0%| F|  |TAMS 0x0000000095600000, 0x0000000095600000| Untracked 
| 343|0x0000000095700000, 0x0000000095700000, 0x0000000095800000|  0%| F|  |TAMS 0x0000000095700000, 0x0000000095700000| Untracked 
| 344|0x0000000095800000, 0x0000000095800000, 0x0000000095900000|  0%| F|  |TAMS 0x0000000095800000, 0x0000000095800000| Untracked 
| 345|0x0000000095900000, 0x0000000095900000, 0x0000000095a00000|  0%| F|  |TAMS 0x0000000095900000, 0x0000000095900000| Untracked 
| 346|0x0000000095a00000, 0x0000000095a00000, 0x0000000095b00000|  0%| F|  |TAMS 0x0000000095a00000, 0x0000000095a00000| Untracked 
| 347|0x0000000095b00000, 0x0000000095b00000, 0x0000000095c00000|  0%| F|  |TAMS 0x0000000095b00000, 0x0000000095b00000| Untracked 
| 348|0x0000000095c00000, 0x0000000095c00000, 0x0000000095d00000|  0%| F|  |TAMS 0x0000000095c00000, 0x0000000095c00000| Untracked 
| 349|0x0000000095d00000, 0x0000000095d00000, 0x0000000095e00000|  0%| F|  |TAMS 0x0000000095d00000, 0x0000000095d00000| Untracked 
| 350|0x0000000095e00000, 0x0000000095e00000, 0x0000000095f00000|  0%| F|  |TAMS 0x0000000095e00000, 0x0000000095e00000| Untracked 
| 351|0x0000000095f00000, 0x0000000095f00000, 0x0000000096000000|  0%| F|  |TAMS 0x0000000095f00000, 0x0000000095f00000| Untracked 
| 352|0x0000000096000000, 0x0000000096000000, 0x0000000096100000|  0%| F|  |TAMS 0x0000000096000000, 0x0000000096000000| Untracked 
| 353|0x0000000096100000, 0x0000000096100000, 0x0000000096200000|  0%| F|  |TAMS 0x0000000096100000, 0x0000000096100000| Untracked 
| 354|0x0000000096200000, 0x0000000096200000, 0x0000000096300000|  0%| F|  |TAMS 0x0000000096200000, 0x0000000096200000| Untracked 
| 355|0x0000000096300000, 0x0000000096300000, 0x0000000096400000|  0%| F|  |TAMS 0x0000000096300000, 0x0000000096300000| Untracked 
| 356|0x0000000096400000, 0x0000000096400000, 0x0000000096500000|  0%| F|  |TAMS 0x0000000096400000, 0x0000000096400000| Untracked 
| 357|0x0000000096500000, 0x0000000096500000, 0x0000000096600000|  0%| F|  |TAMS 0x0000000096500000, 0x0000000096500000| Untracked 
| 358|0x0000000096600000, 0x0000000096600000, 0x0000000096700000|  0%| F|  |TAMS 0x0000000096600000, 0x0000000096600000| Untracked 
| 359|0x0000000096700000, 0x0000000096700000, 0x0000000096800000|  0%| F|  |TAMS 0x0000000096700000, 0x0000000096700000| Untracked 
| 360|0x0000000096800000, 0x0000000096800000, 0x0000000096900000|  0%| F|  |TAMS 0x0000000096800000, 0x0000000096800000| Untracked 
| 361|0x0000000096900000, 0x0000000096900000, 0x0000000096a00000|  0%| F|  |TAMS 0x0000000096900000, 0x0000000096900000| Untracked 
| 362|0x0000000096a00000, 0x0000000096a00000, 0x0000000096b00000|  0%| F|  |TAMS 0x0000000096a00000, 0x0000000096a00000| Untracked 
| 363|0x0000000096b00000, 0x0000000096b00000, 0x0000000096c00000|  0%| F|  |TAMS 0x0000000096b00000, 0x0000000096b00000| Untracked 
| 364|0x0000000096c00000, 0x0000000096c00000, 0x0000000096d00000|  0%| F|  |TAMS 0x0000000096c00000, 0x0000000096c00000| Untracked 
| 365|0x0000000096d00000, 0x0000000096d00000, 0x0000000096e00000|  0%| F|  |TAMS 0x0000000096d00000, 0x0000000096d00000| Untracked 
| 366|0x0000000096e00000, 0x0000000096e00000, 0x0000000096f00000|  0%| F|  |TAMS 0x0000000096e00000, 0x0000000096e00000| Untracked 
| 367|0x0000000096f00000, 0x0000000096f58728, 0x0000000097000000| 34%| S|CS|TAMS 0x0000000096f00000, 0x0000000096f00000| Complete 
| 368|0x0000000097000000, 0x0000000097100000, 0x0000000097100000|100%| S|CS|TAMS 0x0000000097000000, 0x0000000097000000| Complete 
| 369|0x0000000097100000, 0x0000000097200000, 0x0000000097200000|100%| S|CS|TAMS 0x0000000097100000, 0x0000000097100000| Complete 
| 370|0x0000000097200000, 0x0000000097300000, 0x0000000097300000|100%| S|CS|TAMS 0x0000000097200000, 0x0000000097200000| Complete 
| 371|0x0000000097300000, 0x0000000097400000, 0x0000000097400000|100%| S|CS|TAMS 0x0000000097300000, 0x0000000097300000| Complete 
| 372|0x0000000097400000, 0x0000000097500000, 0x0000000097500000|100%| S|CS|TAMS 0x0000000097400000, 0x0000000097400000| Complete 
| 373|0x0000000097500000, 0x0000000097600000, 0x0000000097600000|100%| S|CS|TAMS 0x0000000097500000, 0x0000000097500000| Complete 
| 374|0x0000000097600000, 0x0000000097700000, 0x0000000097700000|100%| S|CS|TAMS 0x0000000097600000, 0x0000000097600000| Complete 
| 375|0x0000000097700000, 0x0000000097800000, 0x0000000097800000|100%| S|CS|TAMS 0x0000000097700000, 0x0000000097700000| Complete 
| 376|0x0000000097800000, 0x0000000097800000, 0x0000000097900000|  0%| F|  |TAMS 0x0000000097800000, 0x0000000097800000| Untracked 
| 377|0x0000000097900000, 0x0000000097900000, 0x0000000097a00000|  0%| F|  |TAMS 0x0000000097900000, 0x0000000097900000| Untracked 
| 378|0x0000000097a00000, 0x0000000097a00000, 0x0000000097b00000|  0%| F|  |TAMS 0x0000000097a00000, 0x0000000097a00000| Untracked 
| 379|0x0000000097b00000, 0x0000000097b00000, 0x0000000097c00000|  0%| F|  |TAMS 0x0000000097b00000, 0x0000000097b00000| Untracked 
| 380|0x0000000097c00000, 0x0000000097c00000, 0x0000000097d00000|  0%| F|  |TAMS 0x0000000097c00000, 0x0000000097c00000| Untracked 
| 381|0x0000000097d00000, 0x0000000097d00000, 0x0000000097e00000|  0%| F|  |TAMS 0x0000000097d00000, 0x0000000097d00000| Untracked 
| 382|0x0000000097e00000, 0x0000000097e00000, 0x0000000097f00000|  0%| F|  |TAMS 0x0000000097e00000, 0x0000000097e00000| Untracked 
| 383|0x0000000097f00000, 0x0000000097f00000, 0x0000000098000000|  0%| F|  |TAMS 0x0000000097f00000, 0x0000000097f00000| Untracked 
| 384|0x0000000098000000, 0x0000000098000000, 0x0000000098100000|  0%| F|  |TAMS 0x0000000098000000, 0x0000000098000000| Untracked 
| 385|0x0000000098100000, 0x0000000098100000, 0x0000000098200000|  0%| F|  |TAMS 0x0000000098100000, 0x0000000098100000| Untracked 
| 386|0x0000000098200000, 0x0000000098200000, 0x0000000098300000|  0%| F|  |TAMS 0x0000000098200000, 0x0000000098200000| Untracked 
| 387|0x0000000098300000, 0x0000000098300000, 0x0000000098400000|  0%| F|  |TAMS 0x0000000098300000, 0x0000000098300000| Untracked 
| 388|0x0000000098400000, 0x0000000098400000, 0x0000000098500000|  0%| F|  |TAMS 0x0000000098400000, 0x0000000098400000| Untracked 
| 389|0x0000000098500000, 0x0000000098500000, 0x0000000098600000|  0%| F|  |TAMS 0x0000000098500000, 0x0000000098500000| Untracked 
| 390|0x0000000098600000, 0x0000000098600000, 0x0000000098700000|  0%| F|  |TAMS 0x0000000098600000, 0x0000000098600000| Untracked 
| 391|0x0000000098700000, 0x0000000098700000, 0x0000000098800000|  0%| F|  |TAMS 0x0000000098700000, 0x0000000098700000| Untracked 
| 392|0x0000000098800000, 0x0000000098800000, 0x0000000098900000|  0%| F|  |TAMS 0x0000000098800000, 0x0000000098800000| Untracked 
| 393|0x0000000098900000, 0x0000000098900000, 0x0000000098a00000|  0%| F|  |TAMS 0x0000000098900000, 0x0000000098900000| Untracked 
| 394|0x0000000098a00000, 0x0000000098a00000, 0x0000000098b00000|  0%| F|  |TAMS 0x0000000098a00000, 0x0000000098a00000| Untracked 
| 395|0x0000000098b00000, 0x0000000098b00000, 0x0000000098c00000|  0%| F|  |TAMS 0x0000000098b00000, 0x0000000098b00000| Untracked 
| 396|0x0000000098c00000, 0x0000000098c00000, 0x0000000098d00000|  0%| F|  |TAMS 0x0000000098c00000, 0x0000000098c00000| Untracked 
| 397|0x0000000098d00000, 0x0000000098d00000, 0x0000000098e00000|  0%| F|  |TAMS 0x0000000098d00000, 0x0000000098d00000| Untracked 
| 398|0x0000000098e00000, 0x0000000098e00000, 0x0000000098f00000|  0%| F|  |TAMS 0x0000000098e00000, 0x0000000098e00000| Untracked 
| 399|0x0000000098f00000, 0x0000000098f00000, 0x0000000099000000|  0%| F|  |TAMS 0x0000000098f00000, 0x0000000098f00000| Untracked 
| 400|0x0000000099000000, 0x0000000099000000, 0x0000000099100000|  0%| F|  |TAMS 0x0000000099000000, 0x0000000099000000| Untracked 
| 401|0x0000000099100000, 0x0000000099100000, 0x0000000099200000|  0%| F|  |TAMS 0x0000000099100000, 0x0000000099100000| Untracked 
| 402|0x0000000099200000, 0x0000000099200000, 0x0000000099300000|  0%| F|  |TAMS 0x0000000099200000, 0x0000000099200000| Untracked 
| 403|0x0000000099300000, 0x0000000099300000, 0x0000000099400000|  0%| F|  |TAMS 0x0000000099300000, 0x0000000099300000| Untracked 
| 404|0x0000000099400000, 0x0000000099400000, 0x0000000099500000|  0%| F|  |TAMS 0x0000000099400000, 0x0000000099400000| Untracked 
| 405|0x0000000099500000, 0x0000000099500000, 0x0000000099600000|  0%| F|  |TAMS 0x0000000099500000, 0x0000000099500000| Untracked 
| 406|0x0000000099600000, 0x0000000099600000, 0x0000000099700000|  0%| F|  |TAMS 0x0000000099600000, 0x0000000099600000| Untracked 
| 407|0x0000000099700000, 0x0000000099700000, 0x0000000099800000|  0%| F|  |TAMS 0x0000000099700000, 0x0000000099700000| Untracked 
| 408|0x0000000099800000, 0x0000000099800000, 0x0000000099900000|  0%| F|  |TAMS 0x0000000099800000, 0x0000000099800000| Untracked 
| 409|0x0000000099900000, 0x0000000099900000, 0x0000000099a00000|  0%| F|  |TAMS 0x0000000099900000, 0x0000000099900000| Untracked 
| 410|0x0000000099a00000, 0x0000000099a00000, 0x0000000099b00000|  0%| F|  |TAMS 0x0000000099a00000, 0x0000000099a00000| Untracked 
| 411|0x0000000099b00000, 0x0000000099b00000, 0x0000000099c00000|  0%| F|  |TAMS 0x0000000099b00000, 0x0000000099b00000| Untracked 
| 412|0x0000000099c00000, 0x0000000099c00000, 0x0000000099d00000|  0%| F|  |TAMS 0x0000000099c00000, 0x0000000099c00000| Untracked 
| 413|0x0000000099d00000, 0x0000000099d00000, 0x0000000099e00000|  0%| F|  |TAMS 0x0000000099d00000, 0x0000000099d00000| Untracked 
| 414|0x0000000099e00000, 0x0000000099e00000, 0x0000000099f00000|  0%| F|  |TAMS 0x0000000099e00000, 0x0000000099e00000| Untracked 
| 415|0x0000000099f00000, 0x0000000099f00000, 0x000000009a000000|  0%| F|  |TAMS 0x0000000099f00000, 0x0000000099f00000| Untracked 
| 416|0x000000009a000000, 0x000000009a000000, 0x000000009a100000|  0%| F|  |TAMS 0x000000009a000000, 0x000000009a000000| Untracked 
| 417|0x000000009a100000, 0x000000009a100000, 0x000000009a200000|  0%| F|  |TAMS 0x000000009a100000, 0x000000009a100000| Untracked 
| 418|0x000000009a200000, 0x000000009a200000, 0x000000009a300000|  0%| F|  |TAMS 0x000000009a200000, 0x000000009a200000| Untracked 
| 419|0x000000009a300000, 0x000000009a300000, 0x000000009a400000|  0%| F|  |TAMS 0x000000009a300000, 0x000000009a300000| Untracked 
| 420|0x000000009a400000, 0x000000009a400000, 0x000000009a500000|  0%| F|  |TAMS 0x000000009a400000, 0x000000009a400000| Untracked 
| 421|0x000000009a500000, 0x000000009a500000, 0x000000009a600000|  0%| F|  |TAMS 0x000000009a500000, 0x000000009a500000| Untracked 
| 422|0x000000009a600000, 0x000000009a600000, 0x000000009a700000|  0%| F|  |TAMS 0x000000009a600000, 0x000000009a600000| Untracked 
| 423|0x000000009a700000, 0x000000009a700000, 0x000000009a800000|  0%| F|  |TAMS 0x000000009a700000, 0x000000009a700000| Untracked 
| 424|0x000000009a800000, 0x000000009a800000, 0x000000009a900000|  0%| F|  |TAMS 0x000000009a800000, 0x000000009a800000| Untracked 
| 425|0x000000009a900000, 0x000000009a900000, 0x000000009aa00000|  0%| F|  |TAMS 0x000000009a900000, 0x000000009a900000| Untracked 
| 426|0x000000009aa00000, 0x000000009aa00000, 0x000000009ab00000|  0%| F|  |TAMS 0x000000009aa00000, 0x000000009aa00000| Untracked 
| 427|0x000000009ab00000, 0x000000009ab00000, 0x000000009ac00000|  0%| F|  |TAMS 0x000000009ab00000, 0x000000009ab00000| Untracked 
| 428|0x000000009ac00000, 0x000000009ac00000, 0x000000009ad00000|  0%| F|  |TAMS 0x000000009ac00000, 0x000000009ac00000| Untracked 
| 429|0x000000009ad00000, 0x000000009ad00000, 0x000000009ae00000|  0%| F|  |TAMS 0x000000009ad00000, 0x000000009ad00000| Untracked 
| 430|0x000000009ae00000, 0x000000009aed90d0, 0x000000009af00000| 84%| E|  |TAMS 0x000000009ae00000, 0x000000009ae00000| Complete 
| 431|0x000000009af00000, 0x000000009b000000, 0x000000009b000000|100%| E|CS|TAMS 0x000000009af00000, 0x000000009af00000| Complete 
| 432|0x000000009b000000, 0x000000009b100000, 0x000000009b100000|100%| E|CS|TAMS 0x000000009b000000, 0x000000009b000000| Complete 
| 433|0x000000009b100000, 0x000000009b200000, 0x000000009b200000|100%| E|CS|TAMS 0x000000009b100000, 0x000000009b100000| Complete 
| 434|0x000000009b200000, 0x000000009b300000, 0x000000009b300000|100%| E|CS|TAMS 0x000000009b200000, 0x000000009b200000| Complete 
| 435|0x000000009b300000, 0x000000009b400000, 0x000000009b400000|100%| E|CS|TAMS 0x000000009b300000, 0x000000009b300000| Complete 
| 436|0x000000009b400000, 0x000000009b500000, 0x000000009b500000|100%| E|CS|TAMS 0x000000009b400000, 0x000000009b400000| Complete 
| 437|0x000000009b500000, 0x000000009b600000, 0x000000009b600000|100%| E|CS|TAMS 0x000000009b500000, 0x000000009b500000| Complete 
| 438|0x000000009b600000, 0x000000009b700000, 0x000000009b700000|100%| E|CS|TAMS 0x000000009b600000, 0x000000009b600000| Complete 
| 439|0x000000009b700000, 0x000000009b800000, 0x000000009b800000|100%| E|CS|TAMS 0x000000009b700000, 0x000000009b700000| Complete 
| 440|0x000000009b800000, 0x000000009b900000, 0x000000009b900000|100%| E|CS|TAMS 0x000000009b800000, 0x000000009b800000| Complete 
| 441|0x000000009b900000, 0x000000009ba00000, 0x000000009ba00000|100%| E|CS|TAMS 0x000000009b900000, 0x000000009b900000| Complete 
| 442|0x000000009ba00000, 0x000000009bb00000, 0x000000009bb00000|100%| E|CS|TAMS 0x000000009ba00000, 0x000000009ba00000| Complete 
| 443|0x000000009bb00000, 0x000000009bc00000, 0x000000009bc00000|100%| E|CS|TAMS 0x000000009bb00000, 0x000000009bb00000| Complete 
| 444|0x000000009bc00000, 0x000000009bd00000, 0x000000009bd00000|100%| E|CS|TAMS 0x000000009bc00000, 0x000000009bc00000| Complete 
| 445|0x000000009bd00000, 0x000000009be00000, 0x000000009be00000|100%| E|CS|TAMS 0x000000009bd00000, 0x000000009bd00000| Complete 
| 446|0x000000009be00000, 0x000000009bf00000, 0x000000009bf00000|100%| E|CS|TAMS 0x000000009be00000, 0x000000009be00000| Complete 
| 447|0x000000009bf00000, 0x000000009c000000, 0x000000009c000000|100%| E|CS|TAMS 0x000000009bf00000, 0x000000009bf00000| Complete 
| 448|0x000000009c000000, 0x000000009c100000, 0x000000009c100000|100%| E|CS|TAMS 0x000000009c000000, 0x000000009c000000| Complete 
| 449|0x000000009c100000, 0x000000009c200000, 0x000000009c200000|100%| E|CS|TAMS 0x000000009c100000, 0x000000009c100000| Complete 
| 450|0x000000009c200000, 0x000000009c300000, 0x000000009c300000|100%| E|CS|TAMS 0x000000009c200000, 0x000000009c200000| Complete 

Card table byte_map: [0x000002b07d5d0000,0x000002b07d9d0000] _byte_map_base: 0x000002b07d1d0000

Marking Bits (Prev, Next): (CMBitMap*) 0x000002b06503c8a0, (CMBitMap*) 0x000002b06503c860
 Prev Bits: [0x000002b000000000, 0x000002b002000000)
 Next Bits: [0x000002b07ddd0000, 0x000002b07fdd0000)

Polling page: 0x000002b063110000

Metaspace:

Usage:
  Non-class:     96.12 MB used.
      Class:     15.67 MB used.
       Both:    111.79 MB used.

Virtual space:
  Non-class space:      128.00 MB reserved,      97.12 MB ( 76%) committed,  2 nodes.
      Class space:      832.00 MB reserved,      16.44 MB (  2%) committed,  1 nodes.
             Both:      960.00 MB reserved,     113.56 MB ( 12%) committed. 

Chunk freelists:
   Non-Class:  13.97 MB
       Class:  15.52 MB
        Both:  29.49 MB

MaxMetaspaceSize: 1.00 GB
CompressedClassSpaceSize: 832.00 MB
Initial GC threshold: 21.00 MB
Current GC threshold: 175.88 MB
CDS: on
MetaspaceReclaimPolicy: balanced
 - commit_granule_bytes: 65536.
 - commit_granule_words: 8192.
 - virtual_space_node_default_size: 8388608.
 - enlarge_chunks_in_place: 1.
 - new_chunks_are_fully_committed: 0.
 - uncommit_free_chunks: 1.
 - use_allocation_guard: 0.
 - handle_deallocations: 1.


Internal statistics:

num_allocs_failed_limit: 9.
num_arena_births: 2056.
num_arena_deaths: 0.
num_vsnodes_births: 3.
num_vsnodes_deaths: 0.
num_space_committed: 1817.
num_space_uncommitted: 0.
num_chunks_returned_to_freelist: 9.
num_chunks_taken_from_freelist: 7666.
num_chunk_merges: 9.
num_chunk_splits: 4766.
num_chunks_enlarged: 2748.
num_inconsistent_stats: 0.

CodeHeap 'non-profiled nmethods': size=120000Kb used=12713Kb max_used=12713Kb free=107286Kb
 bounds [0x000002b075970000, 0x000002b0765e0000, 0x000002b07cea0000]
CodeHeap 'profiled nmethods': size=120000Kb used=28784Kb max_used=28784Kb free=91215Kb
 bounds [0x000002b06dea0000, 0x000002b06fac0000, 0x000002b0753d0000]
CodeHeap 'non-nmethods': size=5760Kb used=2458Kb max_used=2532Kb free=3302Kb
 bounds [0x000002b0753d0000, 0x000002b075650000, 0x000002b075970000]
 total_blobs=15572 nmethods=14579 adapters=904
 compilation: enabled
              stopped_count=0, restarted_count=0
 full_count=0

Compilation events (20 events):
Event: 78.720 Thread 0x000002b004830bf0 17650       3       org.gradle.execution.plan.ValuedVfsHierarchy$$Lambda$1705/0x000002b006a16ec8::<init> (15 bytes)
Event: 78.721 Thread 0x000002b004830bf0 nmethod 17650 0x000002b06fabcc90 code [0x000002b06fabce40, 0x000002b06fabd058]
Event: 78.721 Thread 0x000002b004830bf0 17651       3       org.gradle.execution.plan.ValuedVfsHierarchy$1::<init> (20 bytes)
Event: 78.721 Thread 0x000002b004830bf0 nmethod 17651 0x000002b06fabd110 code [0x000002b06fabd2c0, 0x000002b06fabd538]
Event: 80.225 Thread 0x000002b004830bf0 17653       1       org.gradle.internal.build.event.types.AbstractProgressEvent::getDescriptor (5 bytes)
Event: 80.225 Thread 0x000002b004830bf0 nmethod 17653 0x000002b0765d9c10 code [0x000002b0765d9da0, 0x000002b0765d9e78]
Event: 80.228 Thread 0x000002b004830bf0 17654       3       com.google.common.collect.CollectCollectors$$Lambda$253/0x000002b00630db80::accept (9 bytes)
Event: 80.228 Thread 0x000002b004830bf0 nmethod 17654 0x000002b06fabd610 code [0x000002b06fabd7c0, 0x000002b06fabda88]
Event: 80.228 Thread 0x000002b004830bf0 17655       3       org.gradle.internal.fingerprint.impl.FileCollectionFingerprinterRegistrations$$Lambda$265/0x000002b006313268::apply (16 bytes)
Event: 80.228 Thread 0x000002b004830bf0 nmethod 17655 0x000002b06fabdb90 code [0x000002b06fabdd40, 0x000002b06fabe008]
Event: 80.228 Thread 0x000002b004830bf0 17656       3       org.gradle.internal.execution.impl.DefaultFileCollectionFingerprinterRegistry$$Lambda$266/0x000002b006311680::apply (8 bytes)
Event: 80.229 Thread 0x000002b004830bf0 nmethod 17656 0x000002b06fabe110 code [0x000002b06fabe2e0, 0x000002b06fabe838]
Event: 80.229 Thread 0x000002b004830bf0 17657       1       org.gradle.internal.execution.steps.IdentityContext::getInputProperties (5 bytes)
Event: 80.229 Thread 0x000002b004830bf0 nmethod 17657 0x000002b0765d9f10 code [0x000002b0765da0a0, 0x000002b0765da178]
Event: 80.229 Thread 0x000002b004830bf0 17658       1       org.gradle.internal.execution.steps.WorkspaceContext::shouldCaptureBeforeExecutionState (5 bytes)
Event: 80.229 Thread 0x000002b004830bf0 nmethod 17658 0x000002b0765da210 code [0x000002b0765da3a0, 0x000002b0765da478]
Event: 80.229 Thread 0x000002b004830bf0 17659       3       org.gradle.internal.logging.services.DefaultLoggingManager$StartableLoggingSystem::<init> (7 bytes)
Event: 80.229 Thread 0x000002b004830bf0 nmethod 17659 0x000002b06fabea10 code [0x000002b06fabebc0, 0x000002b06fabee38]
Event: 80.229 Thread 0x000002b004830bf0 17660       3       org.gradle.internal.logging.services.DefaultLoggingManager$StartableLoggingSystem::<init> (15 bytes)
Event: 80.230 Thread 0x000002b004830bf0 nmethod 17660 0x000002b06fabef10 code [0x000002b06fabf0c0, 0x000002b06fabf2d8]

GC Heap History (20 events):
Event: 54.341 GC heap after
{Heap after GC invocations=88 (full 0):
 garbage-first heap   total 393216K, used 299192K [0x0000000080000000, 0x0000000100000000)
  region size 1024K, 4 young (4096K), 4 survivors (4096K)
 Metaspace       used 113316K, committed 115008K, reserved 983040K
  class space    used 15885K, committed 16640K, reserved 851968K
}
Event: 54.425 GC heap before
{Heap before GC invocations=88 (full 0):
 garbage-first heap   total 393216K, used 336056K [0x0000000080000000, 0x0000000100000000)
  region size 1024K, 41 young (41984K), 4 survivors (4096K)
 Metaspace       used 113316K, committed 115008K, reserved 983040K
  class space    used 15885K, committed 16640K, reserved 851968K
}
Event: 54.429 GC heap after
{Heap after GC invocations=89 (full 0):
 garbage-first heap   total 393216K, used 300289K [0x0000000080000000, 0x0000000100000000)
  region size 1024K, 4 young (4096K), 4 survivors (4096K)
 Metaspace       used 113316K, committed 115008K, reserved 983040K
  class space    used 15885K, committed 16640K, reserved 851968K
}
Event: 54.531 GC heap before
{Heap before GC invocations=89 (full 0):
 garbage-first heap   total 393216K, used 337153K [0x0000000080000000, 0x0000000100000000)
  region size 1024K, 41 young (41984K), 4 survivors (4096K)
 Metaspace       used 113316K, committed 115008K, reserved 983040K
  class space    used 15885K, committed 16640K, reserved 851968K
}
Event: 54.534 GC heap after
{Heap after GC invocations=90 (full 0):
 garbage-first heap   total 393216K, used 300621K [0x0000000080000000, 0x0000000100000000)
  region size 1024K, 4 young (4096K), 4 survivors (4096K)
 Metaspace       used 113316K, committed 115008K, reserved 983040K
  class space    used 15885K, committed 16640K, reserved 851968K
}
Event: 55.130 GC heap before
{Heap before GC invocations=90 (full 0):
 garbage-first heap   total 393216K, used 341581K [0x0000000080000000, 0x0000000100000000)
  region size 1024K, 42 young (43008K), 4 survivors (4096K)
 Metaspace       used 113549K, committed 115328K, reserved 983040K
  class space    used 15917K, committed 16704K, reserved 851968K
}
Event: 55.137 GC heap after
{Heap after GC invocations=91 (full 0):
 garbage-first heap   total 393216K, used 309567K [0x0000000080000000, 0x0000000100000000)
  region size 1024K, 6 young (6144K), 6 survivors (6144K)
 Metaspace       used 113549K, committed 115328K, reserved 983040K
  class space    used 15917K, committed 16704K, reserved 851968K
}
Event: 55.278 GC heap before
{Heap before GC invocations=91 (full 0):
 garbage-first heap   total 393216K, used 336191K [0x0000000080000000, 0x0000000100000000)
  region size 1024K, 33 young (33792K), 6 survivors (6144K)
 Metaspace       used 113564K, committed 115328K, reserved 983040K
  class space    used 15919K, committed 16704K, reserved 851968K
}
Event: 55.284 GC heap after
{Heap after GC invocations=92 (full 0):
 garbage-first heap   total 393216K, used 312416K [0x0000000080000000, 0x0000000100000000)
  region size 1024K, 4 young (4096K), 4 survivors (4096K)
 Metaspace       used 113564K, committed 115328K, reserved 983040K
  class space    used 15919K, committed 16704K, reserved 851968K
}
Event: 55.385 GC heap before
{Heap before GC invocations=92 (full 0):
 garbage-first heap   total 393216K, used 338016K [0x0000000080000000, 0x0000000100000000)
  region size 1024K, 30 young (30720K), 4 survivors (4096K)
 Metaspace       used 113564K, committed 115328K, reserved 983040K
  class space    used 15919K, committed 16704K, reserved 851968K
}
Event: 55.389 GC heap after
{Heap after GC invocations=93 (full 0):
 garbage-first heap   total 393216K, used 313181K [0x0000000080000000, 0x0000000100000000)
  region size 1024K, 4 young (4096K), 4 survivors (4096K)
 Metaspace       used 113564K, committed 115328K, reserved 983040K
  class space    used 15919K, committed 16704K, reserved 851968K
}
Event: 55.469 GC heap before
{Heap before GC invocations=93 (full 0):
 garbage-first heap   total 393216K, used 338781K [0x0000000080000000, 0x0000000100000000)
  region size 1024K, 30 young (30720K), 4 survivors (4096K)
 Metaspace       used 113566K, committed 115328K, reserved 983040K
  class space    used 15919K, committed 16704K, reserved 851968K
}
Event: 55.473 GC heap after
{Heap after GC invocations=94 (full 0):
 garbage-first heap   total 461824K, used 313528K [0x0000000080000000, 0x0000000100000000)
  region size 1024K, 3 young (3072K), 3 survivors (3072K)
 Metaspace       used 113566K, committed 115328K, reserved 983040K
  class space    used 15919K, committed 16704K, reserved 851968K
}
Event: 57.776 GC heap before
{Heap before GC invocations=94 (full 0):
 garbage-first heap   total 461824K, used 395448K [0x0000000080000000, 0x0000000100000000)
  region size 1024K, 83 young (84992K), 3 survivors (3072K)
 Metaspace       used 114113K, committed 115840K, reserved 983040K
  class space    used 15988K, committed 16768K, reserved 851968K
}
Event: 57.786 GC heap after
{Heap after GC invocations=95 (full 0):
 garbage-first heap   total 461824K, used 321478K [0x0000000080000000, 0x0000000100000000)
  region size 1024K, 11 young (11264K), 11 survivors (11264K)
 Metaspace       used 114113K, committed 115840K, reserved 983040K
  class space    used 15988K, committed 16768K, reserved 851968K
}
Event: 57.978 GC heap before
{Heap before GC invocations=95 (full 0):
 garbage-first heap   total 461824K, used 392134K [0x0000000080000000, 0x0000000100000000)
  region size 1024K, 81 young (82944K), 11 survivors (11264K)
 Metaspace       used 114114K, committed 115840K, reserved 983040K
  class space    used 15988K, committed 16768K, reserved 851968K
}
Event: 57.986 GC heap after
{Heap after GC invocations=96 (full 0):
 garbage-first heap   total 461824K, used 322887K [0x0000000080000000, 0x0000000100000000)
  region size 1024K, 4 young (4096K), 4 survivors (4096K)
 Metaspace       used 114114K, committed 115840K, reserved 983040K
  class space    used 15988K, committed 16768K, reserved 851968K
}
Event: 71.666 GC heap before
{Heap before GC invocations=96 (full 0):
 garbage-first heap   total 461824K, used 396615K [0x0000000080000000, 0x0000000100000000)
  region size 1024K, 75 young (76800K), 4 survivors (4096K)
 Metaspace       used 114442K, committed 116224K, reserved 983040K
  class space    used 16041K, committed 16832K, reserved 851968K
}
Event: 71.672 GC heap after
{Heap after GC invocations=97 (full 0):
 garbage-first heap   total 461824K, used 329385K [0x0000000080000000, 0x0000000100000000)
  region size 1024K, 9 young (9216K), 9 survivors (9216K)
 Metaspace       used 114442K, committed 116224K, reserved 983040K
  class space    used 16041K, committed 16832K, reserved 851968K
}
Event: 81.436 GC heap before
{Heap before GC invocations=97 (full 0):
 garbage-first heap   total 461824K, used 349865K [0x0000000080000000, 0x0000000100000000)
  region size 1024K, 30 young (30720K), 9 survivors (9216K)
 Metaspace       used 114474K, committed 116288K, reserved 983040K
  class space    used 16044K, committed 16832K, reserved 851968K
}

Dll operation events (15 events):
Event: 0.024 Loaded shared library C:\Program Files\OpenLogic\jdk-17.0.14.7-hotspot\bin\java.dll
Event: 0.064 Loaded shared library C:\Program Files\OpenLogic\jdk-17.0.14.7-hotspot\bin\jsvml.dll
Event: 0.175 Loaded shared library C:\Program Files\OpenLogic\jdk-17.0.14.7-hotspot\bin\zip.dll
Event: 0.182 Loaded shared library C:\Program Files\OpenLogic\jdk-17.0.14.7-hotspot\bin\instrument.dll
Event: 0.191 Loaded shared library C:\Program Files\OpenLogic\jdk-17.0.14.7-hotspot\bin\net.dll
Event: 0.195 Loaded shared library C:\Program Files\OpenLogic\jdk-17.0.14.7-hotspot\bin\nio.dll
Event: 0.199 Loaded shared library C:\Program Files\OpenLogic\jdk-17.0.14.7-hotspot\bin\zip.dll
Event: 0.686 Loaded shared library C:\Program Files\OpenLogic\jdk-17.0.14.7-hotspot\bin\jimage.dll
Event: 1.026 Loaded shared library C:\Program Files\OpenLogic\jdk-17.0.14.7-hotspot\bin\verify.dll
Event: 1.215 Loaded shared library C:\Users\Vauras\.gradle\native\1def1411415f61bf3af743bc5b6707747c0891f09f0c88961ee8f79bc544acac\windows-amd64\native-platform.dll
Event: 1.259 Loaded shared library C:\Users\Vauras\.gradle\native\0.2.7\x86_64-windows-gnu\gradle-fileevents.dll
Event: 3.119 Loaded shared library C:\Program Files\OpenLogic\jdk-17.0.14.7-hotspot\bin\management.dll
Event: 3.125 Loaded shared library C:\Program Files\OpenLogic\jdk-17.0.14.7-hotspot\bin\management_ext.dll
Event: 3.463 Loaded shared library C:\Program Files\OpenLogic\jdk-17.0.14.7-hotspot\bin\extnet.dll
Event: 3.757 Loaded shared library C:\Program Files\OpenLogic\jdk-17.0.14.7-hotspot\bin\sunmscapi.dll

Deoptimization events (20 events):
Event: 75.815 Thread 0x000002b03e547c30 Uncommon trap: trap_request=0xffffffc6 fr.pc=0x000002b07622008c relative=0x0000000000002eec
Event: 75.815 Thread 0x000002b03e547c30 Uncommon trap: reason=bimorphic_or_optimized_type_check action=maybe_recompile pc=0x000002b07622008c method=org.gradle.internal.snapshot.AbstractListChildMap.withReplacedChild(ILjava/lang/String;Ljava/lang/Object;)Lorg/gradle/internal/snapshot/ChildMap; @
Event: 75.815 Thread 0x000002b03e547c30 DEOPT PACKING pc=0x000002b07622008c sp=0x000000f78cbfb810
Event: 75.815 Thread 0x000002b03e547c30 DEOPT UNPACKING pc=0x000002b0754269a3 sp=0x000000f78cbfb518 mode 2
Event: 75.823 Thread 0x000002b03e5467f0 Uncommon trap: trap_request=0xffffffc6 fr.pc=0x000002b07622008c relative=0x0000000000002eec
Event: 75.823 Thread 0x000002b03e5467f0 Uncommon trap: reason=bimorphic_or_optimized_type_check action=maybe_recompile pc=0x000002b07622008c method=org.gradle.internal.snapshot.AbstractListChildMap.withReplacedChild(ILjava/lang/String;Ljava/lang/Object;)Lorg/gradle/internal/snapshot/ChildMap; @
Event: 75.823 Thread 0x000002b03e5467f0 DEOPT PACKING pc=0x000002b07622008c sp=0x000000f78bdfafe0
Event: 75.823 Thread 0x000002b03e5467f0 DEOPT UNPACKING pc=0x000002b0754269a3 sp=0x000000f78bdface8 mode 2
Event: 78.717 Thread 0x000002b03e5467f0 Uncommon trap: trap_request=0xffffffc6 fr.pc=0x000002b0762173dc relative=0x000000000000153c
Event: 78.717 Thread 0x000002b03e5467f0 Uncommon trap: reason=bimorphic_or_optimized_type_check action=maybe_recompile pc=0x000002b0762173dc method=org.gradle.internal.snapshot.AbstractListChildMap.withReplacedChild(ILjava/lang/String;Ljava/lang/Object;)Lorg/gradle/internal/snapshot/ChildMap; @
Event: 78.717 Thread 0x000002b03e5467f0 DEOPT PACKING pc=0x000002b0762173dc sp=0x000000f78bdfacf0
Event: 78.717 Thread 0x000002b03e5467f0 DEOPT UNPACKING pc=0x000002b0754269a3 sp=0x000000f78bdfaa50 mode 2
Event: 78.717 Thread 0x000002b03e5467f0 Uncommon trap: trap_request=0xffffffc6 fr.pc=0x000002b0762173dc relative=0x000000000000153c
Event: 78.717 Thread 0x000002b03e5467f0 Uncommon trap: reason=bimorphic_or_optimized_type_check action=maybe_recompile pc=0x000002b0762173dc method=org.gradle.internal.snapshot.AbstractListChildMap.withReplacedChild(ILjava/lang/String;Ljava/lang/Object;)Lorg/gradle/internal/snapshot/ChildMap; @
Event: 78.717 Thread 0x000002b03e5467f0 DEOPT PACKING pc=0x000002b0762173dc sp=0x000000f78bdfaf80
Event: 78.717 Thread 0x000002b03e5467f0 DEOPT UNPACKING pc=0x000002b0754269a3 sp=0x000000f78bdface0 mode 2
Event: 81.435 Thread 0x000002b03e5467f0 Uncommon trap: trap_request=0x000000eb fr.pc=0x000002b0765d665c relative=0x000000000000193c
Event: 81.435 Thread 0x000002b03e5467f0 Uncommon trap: reason=unloaded action=reinterpret pc=0x000002b0765d665c method=sun.nio.fs.WindowsFileSystemProvider.implDelete(Ljava/nio/file/Path;Z)Z @ 115 c2
Event: 81.435 Thread 0x000002b03e5467f0 DEOPT PACKING pc=0x000002b0765d665c sp=0x000000f78bdf9ef0
Event: 81.435 Thread 0x000002b03e5467f0 DEOPT UNPACKING pc=0x000002b0754269a3 sp=0x000000f78bdf9d08 mode 2

Classes loaded (20 events):
Event: 57.430 Loading class java/io/FilterInputStreamBeanInfo
Event: 57.430 Loading class java/io/FilterInputStreamBeanInfo done
Event: 57.431 Loading class java/io/FilterInputStreamBeanInfo
Event: 57.431 Loading class java/io/FilterInputStreamBeanInfo done
Event: 57.431 Loading class java/io/InputStreamBeanInfo
Event: 57.431 Loading class java/io/InputStreamBeanInfo done
Event: 57.431 Loading class java/io/InputStreamBeanInfo
Event: 57.431 Loading class java/io/InputStreamBeanInfo done
Event: 57.431 Loading class java/io/InputStreamCustomizer
Event: 57.431 Loading class java/io/InputStreamCustomizer done
Event: 57.431 Loading class java/io/InputStreamCustomizer
Event: 57.431 Loading class java/io/InputStreamCustomizer done
Event: 57.431 Loading class java/io/FilterInputStreamCustomizer
Event: 57.431 Loading class java/io/FilterInputStreamCustomizer done
Event: 57.431 Loading class java/io/FilterInputStreamCustomizer
Event: 57.431 Loading class java/io/FilterInputStreamCustomizer done
Event: 57.432 Loading class java/io/BufferedInputStreamCustomizer
Event: 57.432 Loading class java/io/BufferedInputStreamCustomizer done
Event: 57.432 Loading class java/io/BufferedInputStreamCustomizer
Event: 57.432 Loading class java/io/BufferedInputStreamCustomizer done

Classes unloaded (0 events):
No events

Classes redefined (0 events):
No events

Internal exceptions (20 events):
Event: 57.431 Thread 0x000002b03fde80b0 Exception <a 'java/lang/ClassNotFoundException'{0x0000000098c704f0}: java/io/FilterInputStreamCustomizer> (0x0000000098c704f0) 
thrown [s\src\hotspot\share\classfile\systemDictionary.cpp, line 256]
Event: 57.432 Thread 0x000002b03fde80b0 Exception <a 'java/lang/ClassNotFoundException'{0x0000000098c80030}: java/io/BufferedInputStreamCustomizer> (0x0000000098c80030) 
thrown [s\src\hotspot\share\classfile\systemDictionary.cpp, line 256]
Event: 57.454 Thread 0x000002b03fde80b0 Exception <a 'java/lang/ClassNotFoundException'{0x0000000098babe50}: build_b3kbichekq578rql92c7m7fxr$_run_closure2BeanInfo> (0x0000000098babe50) 
thrown [s\src\hotspot\share\classfile\systemDictionary.cpp, line 256]
Event: 57.454 Thread 0x000002b03fde80b0 Exception <a 'java/lang/ClassNotFoundException'{0x0000000098bb74a0}: build_b3kbichekq578rql92c7m7fxr$_run_closure2Customizer> (0x0000000098bb74a0) 
thrown [s\src\hotspot\share\classfile\systemDictionary.cpp, line 256]
Event: 57.477 Thread 0x000002b03fde80b0 Exception <a 'java/lang/ClassNotFoundException'{0x0000000098a92f50}: org/gradle/api/internal/artifacts/dependencies/DefaultExternalModuleDependency_DecoratedBeanInfo> (0x0000000098a92f50) 
thrown [s\src\hotspot\share\classfile\systemDictionary.cpp, line 256]
Event: 57.478 Thread 0x000002b03fde80b0 Exception <a 'java/lang/ClassNotFoundException'{0x0000000098aaec50}: org/gradle/api/internal/artifacts/dependencies/DefaultExternalModuleDependencyBeanInfo> (0x0000000098aaec50) 
thrown [s\src\hotspot\share\classfile\systemDictionary.cpp, line 256]
Event: 57.479 Thread 0x000002b03fde80b0 Exception <a 'java/lang/ClassNotFoundException'{0x0000000098aca878}: org/gradle/api/internal/artifacts/dependencies/AbstractExternalModuleDependencyBeanInfo> (0x0000000098aca878) 
thrown [s\src\hotspot\share\classfile\systemDictionary.cpp, line 256]
Event: 57.480 Thread 0x000002b03fde80b0 Exception <a 'java/lang/ClassNotFoundException'{0x0000000098ae6778}: org/gradle/api/internal/artifacts/dependencies/AbstractExternalModuleDependencyCustomizer> (0x0000000098ae6778) 
thrown [s\src\hotspot\share\classfile\systemDictionary.cpp, line 256]
Event: 57.481 Thread 0x000002b03fde80b0 Exception <a 'java/lang/ClassNotFoundException'{0x0000000098917cc0}: org/gradle/api/internal/artifacts/dependencies/DefaultExternalModuleDependencyCustomizer> (0x0000000098917cc0) 
thrown [s\src\hotspot\share\classfile\systemDictionary.cpp, line 256]
Event: 57.484 Thread 0x000002b03fde80b0 Exception <a 'java/lang/ClassNotFoundException'{0x0000000098942e00}: org/gradle/api/internal/artifacts/dependencies/DefaultExternalModuleDependency_DecoratedCustomizer> (0x0000000098942e00) 
thrown [s\src\hotspot\share\classfile\systemDictionary.cpp, line 256]
Event: 57.537 Thread 0x000002b03fde80b0 Exception <a 'java/lang/ClassNotFoundException'{0x00000000986e50b8}: build_bey5lx0uqvjgxefxsxz4ygwl4BeanInfo> (0x00000000986e50b8) 
thrown [s\src\hotspot\share\classfile\systemDictionary.cpp, line 256]
Event: 57.537 Thread 0x000002b03fde80b0 Exception <a 'java/lang/ClassNotFoundException'{0x00000000986ec538}: build_bey5lx0uqvjgxefxsxz4ygwl4Customizer> (0x00000000986ec538) 
thrown [s\src\hotspot\share\classfile\systemDictionary.cpp, line 256]
Event: 58.125 Thread 0x000002b03fde80b0 Exception <a 'java/lang/ClassNotFoundException'{0x000000009a0f7448}: build_bey5lx0uqvjgxefxsxz4ygwl4BeanInfo> (0x000000009a0f7448) 
thrown [s\src\hotspot\share\classfile\systemDictionary.cpp, line 256]
Event: 58.126 Thread 0x000002b03fde80b0 Exception <a 'java/lang/ClassNotFoundException'{0x000000009a0fe848}: build_bey5lx0uqvjgxefxsxz4ygwl4Customizer> (0x000000009a0fe848) 
thrown [s\src\hotspot\share\classfile\systemDictionary.cpp, line 256]
Event: 58.298 Thread 0x000002b03fde80b0 Exception <a 'java/lang/ClassNotFoundException'{0x0000000099aff7f0}: build_bey5lx0uqvjgxefxsxz4ygwl4$_run_closure1BeanInfo> (0x0000000099aff7f0) 
thrown [s\src\hotspot\share\classfile\systemDictionary.cpp, line 256]
Event: 58.299 Thread 0x000002b03fde80b0 Exception <a 'java/lang/ClassNotFoundException'{0x000000009990ce58}: build_bey5lx0uqvjgxefxsxz4ygwl4$_run_closure1Customizer> (0x000000009990ce58) 
thrown [s\src\hotspot\share\classfile\systemDictionary.cpp, line 256]
Event: 58.408 Thread 0x000002b03fde80b0 Exception <a 'java/lang/IncompatibleClassChangeError'{0x00000000996fde40}: Found class java.lang.Object, but interface was expected> (0x00000000996fde40) 
thrown [s\src\hotspot\share\interpreter\linkResolver.cpp, line 826]
Event: 68.829 Thread 0x000002b04365d740 Exception <a 'java/lang/NoSuchMethodError'{0x00000000983687e8}: static Ljava/lang/Object;.<clinit>()V> (0x00000000983687e8) 
thrown [s\src\hotspot\share\prims\jni.cpp, line 1112]
Event: 68.831 Thread 0x000002b04365d740 Exception <a 'java/lang/NoSuchMethodError'{0x0000000098390bb8}: static Lorg/jetbrains/kotlin/gradle/plugin/statistics/MetricContainer;.<clinit>()V> (0x0000000098390bb8) 
thrown [s\src\hotspot\share\prims\jni.cpp, line 1112]
Event: 81.435 Thread 0x000002b03e5467f0 Exception <a 'sun/nio/fs/WindowsException'{0x000000009aed4450}> (0x000000009aed4450) 
thrown [s\src\hotspot\share\prims\jni.cpp, line 516]

VM Operations (20 events):
Event: 61.161 Executing VM operation: Cleanup done
Event: 64.197 Executing VM operation: Cleanup
Event: 64.197 Executing VM operation: Cleanup done
Event: 68.817 Executing VM operation: HandshakeAllThreads
Event: 68.818 Executing VM operation: HandshakeAllThreads done
Event: 68.818 Executing VM operation: Cleanup
Event: 68.818 Executing VM operation: Cleanup done
Event: 69.828 Executing VM operation: Cleanup
Event: 69.828 Executing VM operation: Cleanup done
Event: 71.666 Executing VM operation: G1CollectForAllocation
Event: 71.672 Executing VM operation: G1CollectForAllocation done
Event: 73.698 Executing VM operation: Cleanup
Event: 73.698 Executing VM operation: Cleanup done
Event: 76.741 Executing VM operation: Cleanup
Event: 76.741 Executing VM operation: Cleanup done
Event: 78.767 Executing VM operation: Cleanup
Event: 78.768 Executing VM operation: Cleanup done
Event: 80.784 Executing VM operation: Cleanup
Event: 80.784 Executing VM operation: Cleanup done
Event: 81.436 Executing VM operation: G1CollectFull

Memory protections (0 events):
No events

Nmethod flushes (20 events):
Event: 51.791 Thread 0x000002b004844840 flushing  nmethod 0x000002b06f406190
Event: 51.793 Thread 0x000002b004844840 flushing  nmethod 0x000002b06f4b8610
Event: 51.794 Thread 0x000002b004844840 flushing  nmethod 0x000002b06f502790
Event: 51.794 Thread 0x000002b004844840 flushing  nmethod 0x000002b06f53c090
Event: 51.794 Thread 0x000002b004844840 flushing  nmethod 0x000002b06f53d010
Event: 51.795 Thread 0x000002b004844840 flushing  nmethod 0x000002b06f5d5f10
Event: 51.796 Thread 0x000002b004844840 flushing  nmethod 0x000002b06f6b8290
Event: 51.796 Thread 0x000002b004844840 flushing  nmethod 0x000002b06f6da790
Event: 51.796 Thread 0x000002b004844840 flushing  nmethod 0x000002b06f6dac10
Event: 51.797 Thread 0x000002b004844840 flushing  nmethod 0x000002b06f7cdc90
Event: 51.797 Thread 0x000002b004844840 flushing  nmethod 0x000002b06f7ff210
Event: 51.797 Thread 0x000002b004844840 flushing  nmethod 0x000002b06f810710
Event: 51.797 Thread 0x000002b004844840 flushing  nmethod 0x000002b06f814710
Event: 51.797 Thread 0x000002b004844840 flushing  nmethod 0x000002b06f815310
Event: 51.797 Thread 0x000002b004844840 flushing  nmethod 0x000002b06f815e90
Event: 51.797 Thread 0x000002b004844840 flushing  nmethod 0x000002b06f817190
Event: 51.797 Thread 0x000002b004844840 flushing  nmethod 0x000002b06f81cb10
Event: 51.797 Thread 0x000002b004844840 flushing  nmethod 0x000002b06f81f690
Event: 51.798 Thread 0x000002b004844840 flushing  nmethod 0x000002b06f8e7810
Event: 55.672 Thread 0x000002b004844840 flushing  nmethod 0x000002b06edaf890

Events (20 events):
Event: 46.379 Thread 0x000002b0425a2fc0 Thread exited: 0x000002b0425a2fc0
Event: 46.951 Thread 0x000002b004830bf0 Thread added: 0x000002b0425a0fe0
Event: 47.444 Thread 0x000002b00482c1c0 Thread added: 0x000002b0425a4fa0
Event: 50.899 Thread 0x000002b0425a4fa0 Thread exited: 0x000002b0425a4fa0
Event: 50.965 Thread 0x000002b0425a0fe0 Thread exited: 0x000002b0425a0fe0
Event: 51.163 Thread 0x000002b004830bf0 Thread added: 0x000002b0425a0fe0
Event: 54.417 Thread 0x000002b0425a0fe0 Thread exited: 0x000002b0425a0fe0
Event: 54.477 Thread 0x000002b00482c1c0 Thread added: 0x000002b0425a3510
Event: 55.971 Thread 0x000002b0425a3510 Thread added: 0x000002b0425a6f80
Event: 56.785 Thread 0x000002b0425a6f80 Thread exited: 0x000002b0425a6f80
Event: 56.787 Thread 0x000002b0425a3510 Thread exited: 0x000002b0425a3510
Event: 58.006 Thread 0x000002b00482c1c0 Thread added: 0x000002b0425a5f90
Event: 58.045 Thread 0x000002b00482c1c0 Thread added: 0x000002b0425a64e0
Event: 58.428 Thread 0x000002b03e547c30 Thread added: 0x000002b04460d810
Event: 58.853 Thread 0x000002b0425a64e0 Thread exited: 0x000002b0425a64e0
Event: 58.992 Thread 0x000002b0425a5f90 Thread exited: 0x000002b0425a5f90
Event: 81.237 Thread 0x000002b03e546d00 Thread exited: 0x000002b03e546d00
Event: 81.238 Thread 0x000002b03e548650 Thread exited: 0x000002b03e548650
Event: 81.251 Thread 0x000002b03e547210 Thread exited: 0x000002b03e547210
Event: 81.423 Thread 0x000002b0437ceed0 Thread exited: 0x000002b0437ceed0


Dynamic libraries:
0x00007ff799ac0000 - 0x00007ff799ace000 	C:\Program Files\OpenLogic\jdk-17.0.14.7-hotspot\bin\java.exe
0x00007ffd03180000 - 0x00007ffd033e7000 	C:\Windows\SYSTEM32\ntdll.dll
0x00007ffd01a60000 - 0x00007ffd01b29000 	C:\Windows\System32\KERNEL32.DLL
0x00007ffcffa60000 - 0x00007ffcffe51000 	C:\Windows\System32\KERNELBASE.dll
0x00007ffd00c60000 - 0x00007ffd00dab000 	C:\Windows\System32\ucrtbase.dll
0x00007ffcead10000 - 0x00007ffcead27000 	C:\Program Files\OpenLogic\jdk-17.0.14.7-hotspot\bin\jli.dll
0x00007ffcfb0a0000 - 0x00007ffcfb0bb000 	C:\Program Files\OpenLogic\jdk-17.0.14.7-hotspot\bin\VCRUNTIME140.dll
0x00007ffd01dc0000 - 0x00007ffd01f85000 	C:\Windows\System32\USER32.dll
0x00007ffcffe60000 - 0x00007ffcffe87000 	C:\Windows\System32\win32u.dll
0x00007ffcec6c0000 - 0x00007ffcec953000 	C:\Windows\WinSxS\amd64_microsoft.windows.common-controls_6595b64144ccf1df_6.0.26100.8037_none_3e092faae333b53b\COMCTL32.dll
0x00007ffd018b0000 - 0x00007ffd01959000 	C:\Windows\System32\msvcrt.dll
0x00007ffd00f30000 - 0x00007ffd00f5b000 	C:\Windows\System32\GDI32.dll
0x00007ffd00930000 - 0x00007ffd00a5b000 	C:\Windows\System32\gdi32full.dll
0x00007ffd00e70000 - 0x00007ffd00f13000 	C:\Windows\System32\msvcp_win.dll
0x00007ffd02dc0000 - 0x00007ffd02df1000 	C:\Windows\System32\IMM32.DLL
0x00007ffceacf0000 - 0x00007ffceacfc000 	C:\Program Files\OpenLogic\jdk-17.0.14.7-hotspot\bin\vcruntime140_1.dll
0x00007ffcd7220000 - 0x00007ffcd72ad000 	C:\Program Files\OpenLogic\jdk-17.0.14.7-hotspot\bin\msvcp140.dll
0x00007ffc4fac0000 - 0x00007ffc5072c000 	C:\Program Files\OpenLogic\jdk-17.0.14.7-hotspot\bin\server\jvm.dll
0x00007ffd017f0000 - 0x00007ffd018ab000 	C:\Windows\System32\ADVAPI32.dll
0x00007ffd02cf0000 - 0x00007ffd02d97000 	C:\Windows\System32\sechost.dll
0x00007ffd01240000 - 0x00007ffd01358000 	C:\Windows\System32\RPCRT4.dll
0x00007ffd03060000 - 0x00007ffd030d4000 	C:\Windows\System32\WS2_32.dll
0x00007ffcf6990000 - 0x00007ffcf69c5000 	C:\Windows\SYSTEM32\WINMM.dll
0x00007ffcf4700000 - 0x00007ffcf470b000 	C:\Windows\SYSTEM32\VERSION.dll
0x00007ffcff710000 - 0x00007ffcff76e000 	C:\Windows\SYSTEM32\POWRPROF.dll
0x00007ffcff6f0000 - 0x00007ffcff704000 	C:\Windows\SYSTEM32\UMPDC.dll
0x00007ffcfe7b0000 - 0x00007ffcfe7cb000 	C:\Windows\SYSTEM32\kernel.appcore.dll
0x00007ffce81b0000 - 0x00007ffce81ba000 	C:\Program Files\OpenLogic\jdk-17.0.14.7-hotspot\bin\jimage.dll
0x00007ffcf3390000 - 0x00007ffcf35d2000 	C:\Windows\SYSTEM32\DBGHELP.DLL
0x00007ffd027b0000 - 0x00007ffd02b32000 	C:\Windows\System32\combase.dll
0x00007ffd01b40000 - 0x00007ffd01c17000 	C:\Windows\System32\OLEAUT32.dll
0x00007ffce7360000 - 0x00007ffce739b000 	C:\Windows\SYSTEM32\dbgcore.DLL
0x00007ffcffe90000 - 0x00007ffcfff35000 	C:\Windows\System32\bcryptPrimitives.dll
0x00007ffcedf90000 - 0x00007ffcedf9e000 	C:\Program Files\OpenLogic\jdk-17.0.14.7-hotspot\bin\instrument.dll
0x00007ffcdc310000 - 0x00007ffcdc335000 	C:\Program Files\OpenLogic\jdk-17.0.14.7-hotspot\bin\java.dll
0x00007ffcd7140000 - 0x00007ffcd7216000 	C:\Program Files\OpenLogic\jdk-17.0.14.7-hotspot\bin\jsvml.dll
0x00007ffd01fa0000 - 0x00007ffd026ff000 	C:\Windows\System32\SHELL32.dll
0x00007ffd00af0000 - 0x00007ffd00c5a000 	C:\Windows\System32\wintypes.dll
0x00007ffd000c0000 - 0x00007ffd00924000 	C:\Windows\System32\windows.storage.dll
0x00007ffd01960000 - 0x00007ffd01a57000 	C:\Windows\System32\SHCORE.dll
0x00007ffd02740000 - 0x00007ffd027a7000 	C:\Windows\System32\shlwapi.dll
0x00007ffcff980000 - 0x00007ffcff9a9000 	C:\Windows\SYSTEM32\profapi.dll
0x00007ffce25e0000 - 0x00007ffce25f8000 	C:\Program Files\OpenLogic\jdk-17.0.14.7-hotspot\bin\zip.dll
0x00007ffce8010000 - 0x00007ffce8029000 	C:\Program Files\OpenLogic\jdk-17.0.14.7-hotspot\bin\net.dll
0x00007ffcf59d0000 - 0x00007ffcf5af7000 	C:\Windows\SYSTEM32\WINHTTP.dll
0x00007ffcfed00000 - 0x00007ffcfed6b000 	C:\Windows\system32\mswsock.dll
0x00007ffce7f00000 - 0x00007ffce7f16000 	C:\Program Files\OpenLogic\jdk-17.0.14.7-hotspot\bin\nio.dll
0x00007ffcedf50000 - 0x00007ffcedf60000 	C:\Program Files\OpenLogic\jdk-17.0.14.7-hotspot\bin\verify.dll
0x00007ffcbd390000 - 0x00007ffcbd3b7000 	C:\Users\Vauras\.gradle\native\1def1411415f61bf3af743bc5b6707747c0891f09f0c88961ee8f79bc544acac\windows-amd64\native-platform.dll
0x00007ffcbe580000 - 0x00007ffcbe5f8000 	C:\Users\Vauras\.gradle\native\0.2.7\x86_64-windows-gnu\gradle-fileevents.dll
0x00007ffcedf80000 - 0x00007ffcedf89000 	C:\Program Files\OpenLogic\jdk-17.0.14.7-hotspot\bin\management.dll
0x00007ffce81e0000 - 0x00007ffce81eb000 	C:\Program Files\OpenLogic\jdk-17.0.14.7-hotspot\bin\management_ext.dll
0x00007ffd01b30000 - 0x00007ffd01b38000 	C:\Windows\System32\PSAPI.DLL
0x00007ffcfe040000 - 0x00007ffcfe073000 	C:\Windows\SYSTEM32\IPHLPAPI.DLL
0x00007ffd00f20000 - 0x00007ffd00f2a000 	C:\Windows\System32\NSI.dll
0x00007ffcfa570000 - 0x00007ffcfa58d000 	C:\Windows\SYSTEM32\dhcpcsvc6.DLL
0x00007ffcfa540000 - 0x00007ffcfa563000 	C:\Windows\SYSTEM32\dhcpcsvc.DLL
0x00007ffcfe160000 - 0x00007ffcfe28a000 	C:\Windows\SYSTEM32\DNSAPI.dll
0x00007ffcedfa0000 - 0x00007ffcedfa8000 	C:\Program Files\OpenLogic\jdk-17.0.14.7-hotspot\bin\extnet.dll
0x00007ffcff100000 - 0x00007ffcff11b000 	C:\Windows\SYSTEM32\CRYPTSP.dll
0x00007ffcfe710000 - 0x00007ffcfe749000 	C:\Windows\system32\rsaenh.dll
0x00007ffcfedb0000 - 0x00007ffcfede2000 	C:\Windows\SYSTEM32\USERENV.dll
0x00007ffcff950000 - 0x00007ffcff97a000 	C:\Windows\SYSTEM32\bcrypt.dll
0x00007ffcfef60000 - 0x00007ffcfef6c000 	C:\Windows\SYSTEM32\CRYPTBASE.dll
0x00007ffcedf40000 - 0x00007ffcedf4e000 	C:\Program Files\OpenLogic\jdk-17.0.14.7-hotspot\bin\sunmscapi.dll
0x00007ffcfff40000 - 0x00007ffd000b7000 	C:\Windows\System32\CRYPT32.dll
0x00007ffcff260000 - 0x00007ffcff290000 	C:\Windows\SYSTEM32\ncrypt.dll
0x00007ffcff210000 - 0x00007ffcff24f000 	C:\Windows\SYSTEM32\NTASN1.dll
0x00007ffccbc20000 - 0x00007ffccbc28000 	C:\Windows\system32\wshunix.dll
0x00007ffce7340000 - 0x00007ffce7358000 	C:\Windows\system32\napinsp.dll
0x00007ffce7320000 - 0x00007ffce7332000 	C:\Windows\System32\winrnr.dll
0x00007ffce72f0000 - 0x00007ffce7312000 	C:\Windows\system32\nlansp_c.dll
0x00007ffce72d0000 - 0x00007ffce72e6000 	C:\Windows\system32\wshbth.dll
0x00007ffcf5240000 - 0x00007ffcf524b000 	C:\Windows\System32\rasadhlp.dll
0x00007ffcfac10000 - 0x00007ffcfac96000 	C:\Windows\System32\fwpuclnt.dll

dbghelp: loaded successfully - version: 4.0.5 - missing functions: none
symbol engine: initialized successfully - sym options: 0x614 - pdb path: .;C:\Program Files\OpenLogic\jdk-17.0.14.7-hotspot\bin;C:\Windows\SYSTEM32;C:\Windows\WinSxS\amd64_microsoft.windows.common-controls_6595b64144ccf1df_6.0.26100.8037_none_3e092faae333b53b;C:\Program Files\OpenLogic\jdk-17.0.14.7-hotspot\bin\server;C:\Users\Vauras\.gradle\native\1def1411415f61bf3af743bc5b6707747c0891f09f0c88961ee8f79bc544acac\windows-amd64;C:\Users\Vauras\.gradle\native\0.2.7\x86_64-windows-gnu

VM Arguments:
jvm_args: --add-opens=java.base/java.lang=ALL-UNNAMED --add-opens=java.base/java.lang.invoke=ALL-UNNAMED --add-opens=java.base/java.util=ALL-UNNAMED --add-opens=java.prefs/java.util.prefs=ALL-UNNAMED --add-exports=jdk.compiler/com.sun.tools.javac.api=ALL-UNNAMED --add-exports=jdk.compiler/com.sun.tools.javac.util=ALL-UNNAMED --add-opens=java.base/java.util=ALL-UNNAMED --add-opens=java.prefs/java.util.prefs=ALL-UNNAMED --add-opens=java.base/java.nio.charset=ALL-UNNAMED --add-opens=java.base/java.net=ALL-UNNAMED --add-opens=java.base/java.util.concurrent.atomic=ALL-UNNAMED --add-opens=java.xml/javax.xml.namespace=ALL-UNNAMED -XX:MaxMetaspaceSize=1024m -Xmx2048m -Dfile.encoding=windows-1252 -Duser.country=IN -Duser.language=en -Duser.variant -javaagent:C:\Users\Vauras\.gradle\wrapper\dists\gradle-8.13-bin\5xuhj0ry160q40clulazy9h7d\gradle-8.13\lib\agents\gradle-instrumentation-agent-8.13.jar 
java_command: org.gradle.launcher.daemon.bootstrap.GradleDaemon 8.13
java_class_path (initial): C:\Users\Vauras\.gradle\wrapper\dists\gradle-8.13-bin\5xuhj0ry160q40clulazy9h7d\gradle-8.13\lib\gradle-daemon-main-8.13.jar
Launcher Type: SUN_STANDARD

[Global flags]
     intx CICompilerCount                          = 4                                         {product} {ergonomic}
   size_t CompressedClassSpaceSize                 = 872415232                                 {product} {ergonomic}
     uint ConcGCThreads                            = 2                                         {product} {ergonomic}
     uint G1ConcRefinementThreads                  = 8                                         {product} {ergonomic}
   size_t G1HeapRegionSize                         = 1048576                                   {product} {ergonomic}
    uintx GCDrainStackTargetSize                   = 64                                        {product} {ergonomic}
   size_t InitialHeapSize                          = 121634816                                 {product} {ergonomic}
   size_t MarkStackSize                            = 4194304                                   {product} {ergonomic}
   size_t MaxHeapSize                              = 2147483648                                {product} {command line}
   size_t MaxMetaspaceSize                         = 1073741824                                {product} {command line}
   size_t MaxNewSize                               = 1287651328                                {product} {ergonomic}
   size_t MinHeapDeltaBytes                        = 1048576                                   {product} {ergonomic}
   size_t MinHeapSize                              = 8388608                                   {product} {ergonomic}
    uintx NonNMethodCodeHeapSize                   = 5839372                                {pd product} {ergonomic}
    uintx NonProfiledCodeHeapSize                  = 122909434                              {pd product} {ergonomic}
    uintx ProfiledCodeHeapSize                     = 122909434                              {pd product} {ergonomic}
    uintx ReservedCodeCacheSize                    = 251658240                              {pd product} {ergonomic}
     bool SegmentedCodeCache                       = true                                      {product} {ergonomic}
   size_t SoftMaxHeapSize                          = 2147483648                             {manageable} {ergonomic}
     bool UseCompressedClassPointers               = true                           {product lp64_product} {ergonomic}
     bool UseCompressedOops                        = true                           {product lp64_product} {ergonomic}
     bool UseG1GC                                  = true                                      {product} {ergonomic}
     bool UseLargePagesIndividualAllocation        = false                                  {pd product} {ergonomic}

Logging:
Log output configuration:
 #0: stdout all=warning uptime,level,tags
 #1: stderr all=off uptime,level,tags

Environment Variables:
JAVA_HOME=C:\Program Files\OpenLogic\jdk-17.0.14.7-hotspot
CLASSPATH=D:\salarybooks_mobileapp\Salarybooks-App\android\\gradle\wrapper\gradle-wrapper.jar
PATH=c:\Users\Vauras\AppData\Roaming\Code\User\globalStorage\github.copilot-chat\debugCommand;c:\Users\Vauras\AppData\Roaming\Code\User\globalStorage\github.copilot-chat\copilotCli;C:\Program Files\OpenLogic\jdk-17.0.14.7-hotspot\bin;C:\Windows\system32;C:\Windows;C:\Windows\System32\Wbem;C:\Windows\System32\WindowsPowerShell\v1.0\;C:\Windows\System32\OpenSSH\;C:\Users\Vauras\AppData\Local\Android\Sdk;C:\Users\Vauras\AppData\Local\Android\Sdk\platform-tools;C:\node-v14.20.0-win-x86\node_modules\npm\bin;C:\Users\Vauras\AppData\Roaming\nvm;C:\Program Files\nodejs;C:\Program Files\nodejs\;C:\Program Files\MongoDB\Server\8.0\bin;C:\mongodb-database-tools-windows-x86_64-100.12.0\bin;C:\Program Files\Git\cmd;C:\Users\Vauras\AppData\Roaming\nvm\v18.20.8;C:\Users\Vauras\AppData\Local\Programs\Python\Python311\Scripts\;C:\Users\Vauras\AppData\Local\Programs\Python\Python311\;C:\Users\Vauras\AppData\Local\Microsoft\WindowsApps;C:\Program Files\OpenLogic\jdk-17.0.14.7-hotspot\bin;C:\Users\Vauras\AppData\Local\Android\Sdk\platform-tools;C:\Users\Vauras\AppData\Local\Android\Sdk;C:\Users\Vauras\AppData\Local\Android\Sdk\emulator;C:\Users\Vauras\AppData\Local\Android\Sdk\build-tools;C:\Users\Vauras\AppData\Roaming\nvm;C:\Program Files\nodejs;C:\Users\Vauras\AppData\Roaming\npm;C:\Program Files\nodejs;C:\Program Files\MongoDB\Server\8.0\bin;C:\mongodb-database-tools-windows-x86_64-100.12.0\bin;C:\Users\Vauras\AppData\Local\Programs\Microsoft VS Code\bin;C:\Users\Vauras\AppData\Roaming\nvm\v18.20.8;c:\Users\Vauras\.vscode\extensions\vscjava.vscode-java-debug-0.58.5\bundled\scripts\noConfigScripts
USERNAME=Vauras
LANG=en_US.UTF-8
OS=Windows_NT
PROCESSOR_IDENTIFIER=AMD64 Family 23 Model 160 Stepping 0, AuthenticAMD
TMP=C:\Users\Vauras\AppData\Local\Temp
TEMP=C:\Users\Vauras\AppData\Local\Temp



Periodic native trim disabled


---------------  S Y S T E M  ---------------

OS:
 Windows 11 , 64 bit Build 26100 (10.0.26100.7920)
OS uptime: 1 days 2:52 hours
Hyper-V role detected

CPU: total 8 (initial active 8) (8 cores per cpu, 2 threads per core) family 23 model 160 stepping 0 microcode 0x8a0000b, cx8, cmov, fxsr, ht, mmx, 3dnowpref, sse, sse2, sse3, ssse3, sse4a, sse4.1, sse4.2, popcnt, lzcnt, tsc, tscinvbit, avx, avx2, aes, clmul, bmi1, bmi2, adx, sha, fma, vzeroupper, clflush, clflushopt, hv
Processor Information for all 8 processors :
  Max Mhz: 2801, Current Mhz: 2801, Mhz Limit: 2801

Memory: 4k page, system-wide physical 7418M (687M free)
TotalPageFile size 29946M (AvailPageFile size 0M)
current process WorkingSet (physical memory assigned to process): 298M, peak: 695M
current process commit charge ("private bytes"): 872M, peak: 886M

vm_info: OpenJDK 64-Bit Server VM (17.0.14+7-adhoc..jdk17u) for windows-amd64 JRE (17.0.14+7-adhoc..jdk17u), built on Jul  2 2025 17:59:17 by "" with MS VC++ 16.10 / 16.11 (VS2019)

END.
