#
# There is insufficient memory for the Java Runtime Environment to continue.
# Native memory allocation (malloc) failed to allocate 1262496 bytes. Error detail: Chunk::new
# Possible reasons:
#   The system is out of physical RAM or swap space
#   This process is running with CompressedOops enabled, and the Java Heap may be blocking the growth of the native heap
# Possible solutions:
#   Reduce memory load on the system
#   Increase physical memory or swap space
#   Check if swap backing store is full
#   Decrease Java heap size (-Xmx/-Xms)
#   Decrease number of Java threads
#   Decrease Java thread stack sizes (-Xss)
#   Set larger code cache with -XX:ReservedCodeCacheSize=
#   JVM is running with Zero Based Compressed Oops mode in which the Java heap is
#     placed in the first 32GB address space. The Java Heap base address is the
#     maximum limit for the native heap growth. Please use -XX:HeapBaseMinAddress
#     to set the Java Heap base and to place the Java Heap above 32GB virtual address.
# This output file may be truncated or incomplete.
#
#  Out of Memory Error (arena.cpp:191), pid=23928, tid=16440
#
# JRE version: OpenJDK Runtime Environment OpenLogic-OpenJDK (17.0.14+7) (build 17.0.14+7-adhoc..jdk17u)
# Java VM: OpenJDK 64-Bit Server VM OpenLogic-OpenJDK (17.0.14+7-adhoc..jdk17u, mixed mode, sharing, tiered, compressed oops, compressed class ptrs, g1 gc, windows-amd64)
# No core dump will be written. Minidumps are not enabled by default on client versions of Windows
#

---------------  S U M M A R Y ------------

Command Line: --add-opens=java.base/java.lang=ALL-UNNAMED --add-opens=java.base/java.lang.invoke=ALL-UNNAMED --add-opens=java.base/java.util=ALL-UNNAMED --add-opens=java.prefs/java.util.prefs=ALL-UNNAMED --add-exports=jdk.compiler/com.sun.tools.javac.api=ALL-UNNAMED --add-exports=jdk.compiler/com.sun.tools.javac.util=ALL-UNNAMED --add-opens=java.base/java.util=ALL-UNNAMED --add-opens=java.prefs/java.util.prefs=ALL-UNNAMED --add-opens=java.base/java.nio.charset=ALL-UNNAMED --add-opens=java.base/java.net=ALL-UNNAMED --add-opens=java.base/java.util.concurrent.atomic=ALL-UNNAMED --add-opens=java.xml/javax.xml.namespace=ALL-UNNAMED -XX:MaxMetaspaceSize=512m -Xmx4096m -Dfile.encoding=windows-1252 -Duser.country=IN -Duser.language=en -Duser.variant -javaagent:C:\Users\Vauras\.gradle\wrapper\dists\gradle-8.13-bin\5xuhj0ry160q40clulazy9h7d\gradle-8.13\lib\agents\gradle-instrumentation-agent-8.13.jar org.gradle.launcher.daemon.bootstrap.GradleDaemon 8.13

Host: AMD Ryzen 5 7520U with Radeon Graphics         , 8 cores, 7G,  Windows 11 , 64 bit Build 26100 (10.0.26100.8521)
Time: Tue Jul  7 15:23:30 2026 India Standard Time elapsed time: 540.704291 seconds (0d 0h 9m 0s)

---------------  T H R E A D  ---------------

Current thread (0x0000029334bb6570):  JavaThread "C2 CompilerThread1" daemon [_thread_in_native, id=16440, stack(0x000000eaf2700000,0x000000eaf2800000)]


Current CompileTask:
C2: 540704 43152 %     4       com.android.tools.r8.internal.bR::a @ 287 (975 bytes)

Stack: [0x000000eaf2700000,0x000000eaf2800000]
Native frames: (J=compiled Java code, j=interpreted, Vv=VM code, C=native code)
V  [jvm.dll+0x681069]
V  [jvm.dll+0x838cca]
V  [jvm.dll+0x83a78e]
V  [jvm.dll+0x83adf3]
V  [jvm.dll+0x24826f]
V  [jvm.dll+0xac9f4]
V  [jvm.dll+0xad03c]
V  [jvm.dll+0x2af8ef]
V  [jvm.dll+0x5874f7]
V  [jvm.dll+0x2230d2]
V  [jvm.dll+0x2234cf]
V  [jvm.dll+0x21c5e0]
V  [jvm.dll+0x219ae1]
V  [jvm.dll+0x1a599d]
V  [jvm.dll+0x22994d]
V  [jvm.dll+0x227adc]
V  [jvm.dll+0x7edb77]
V  [jvm.dll+0x7e7f6c]
V  [jvm.dll+0x67ff37]
C  [ucrtbase.dll+0x2cd30]
C  [KERNEL32.DLL+0x2e957]
C  [ntdll.dll+0x87c1c]


---------------  P R O C E S S  ---------------

Threads class SMR info:
_java_thread_list=0x000002934f04dca0, length=171, elements={
0x0000029365d0e9a0, 0x000002930a191b10, 0x000002930a192d60, 0x000002930a1b0300,
0x000002930a1b07e0, 0x000002930a1b1830, 0x000002930a1b3020, 0x000002930a1b5840,
0x000002930a1bec50, 0x000002930a353380, 0x000002930a3d9370, 0x000002930a46cf70,
0x000002932ae68250, 0x000002930a493290, 0x000002930a4052f0, 0x000002930a6e3e90,
0x000002930a8b5600, 0x000002930a83a720, 0x000002930a83ca90, 0x000002930a83cfa0,
0x000002930a83b140, 0x000002930a83a210, 0x000002930a83b650, 0x000002930a83c070,
0x000002930a83bb60, 0x000002930a83c580, 0x000002930a83d4b0, 0x000002932bd0e5f0,
0x000002932bd0c790, 0x000002932bd0cca0, 0x000002932bd0dbd0, 0x000002932bd0d1b0,
0x000002932bd0d6c0, 0x000002932bd0e0e0, 0x000002932bd0b860, 0x000002932bd0fa30,
0x000002932bd0c280, 0x000002932bd10960, 0x000002932bd0ff40, 0x000002932bd12cd0,
0x000002932bd10e70, 0x000002932bd11380, 0x000002932bd11890, 0x000002932bd11da0,
0x000002932bd122b0, 0x000002932bd10450, 0x000002932bd127c0, 0x000002932bd131e0,
0x000002932d3d0f70, 0x000002932d3d37f0, 0x000002932d3d23b0, 0x000002932d3d1480,
0x000002932d3d28c0, 0x000002932d3d2dd0, 0x000002932d3d1990, 0x000002932d3d1ea0,
0x000002932d3d32e0, 0x000002932d3d0040, 0x000002932d3d0550, 0x000002932d3d4210,
0x000002932d3d0a60, 0x000002932d3d5140, 0x000002932d3d5650, 0x000002932d3d74b0,
0x000002932d3d5b60, 0x000002932baa2100, 0x000002932baa4980, 0x000002932baa1bf0,
0x000002932baa3f60, 0x000002932baa62d0, 0x000002932baa4e90, 0x000002932baa53a0,
0x000002932baa58b0, 0x000002932baa5dc0, 0x000002932baa2b20, 0x000002932baa9570,
0x000002932baa8640, 0x000002932baa7710, 0x000002932baa8b50, 0x000002932baa7c20,
0x000002932baa8130, 0x000002932baa67e0, 0x000002932baa7200, 0x000002932baa6cf0,
0x000002932baa9060, 0x000002932dc8e040, 0x000002932dc8fea0, 0x000002932dc912e0,
0x000002932dc8e550, 0x000002932dc8ea60, 0x000002932dc8f990, 0x000002932dc8db30,
0x000002932dc903b0, 0x000002932dc8f480, 0x000002932dc908c0, 0x000002932dc92210,
0x000002932dc90dd0, 0x000002932dc91d00, 0x000002932dc917f0, 0x000002932dc8ef70,
0x000002932dc94070, 0x000002932dc94580, 0x000002932dc92c30, 0x000002932dc94a90,
0x000002932dc93b60, 0x000002932dc93140, 0x000002932dc93650, 0x000002932dc94fa0,
0x000002932dc954b0, 0x000002932dc92720, 0x000002932b698c00, 0x000002932b6977c0,
0x000002932b6986f0, 0x000002932b699110, 0x000002932b6972b0, 0x000002932b699620,
0x000002932b69af70, 0x000002932b6981e0, 0x000002932b697cd0, 0x000002932b69cdd0,
0x000002932b69d2e0, 0x000002932b699b30, 0x000002932b69c3b0, 0x000002932b69b480,
0x000002932b69aa60, 0x000002932b69a040, 0x000002932b69dd00, 0x000002932b69e210,
0x000002932b69e720, 0x000002932b69ec30, 0x000002932b69c8c0, 0x000002932d3d6070,
0x000002932ee7e3a0, 0x000002932ee7e8b0, 0x000002932ee80200, 0x000002932ee7ca50,
0x000002932d3d4c30, 0x000002933476cc10, 0x000002932b69bea0, 0x000002930a839d00,
0x00000293380bf3e0, 0x00000293380c0310, 0x00000293380c1750, 0x00000293380c3ac0,
0x000002933476b7d0, 0x000002933476f490, 0x00000293380c2170, 0x00000293380beed0,
0x000002933476c1f0, 0x00000293380c49f0, 0x00000293347708d0, 0x0000029338a06570,
0x0000029338a074a0, 0x0000029338a083d0, 0x0000029338a079b0, 0x0000029338a0ac50,
0x0000029338a0cfc0, 0x0000029338a10c80, 0x0000029338a11190, 0x0000029338a0d9e0,
0x0000029338a0def0, 0x0000029338a0e910, 0x0000029338a0e400, 0x0000029338a13a10,
0x0000029338a125d0, 0x0000029338a12ae0, 0x0000029338a12ff0, 0x0000029338a14430,
0x0000029338a14940, 0x0000029334bb6570, 0x000002934e884d80
}

Java Threads: ( => current thread )
  0x0000029365d0e9a0 JavaThread "main" [_thread_blocked, id=24020, stack(0x000000eaed200000,0x000000eaed300000)]
  0x000002930a191b10 JavaThread "Reference Handler" daemon [_thread_blocked, id=24048, stack(0x000000eaed900000,0x000000eaeda00000)]
  0x000002930a192d60 JavaThread "Finalizer" daemon [_thread_blocked, id=24052, stack(0x000000eaeda00000,0x000000eaedb00000)]
  0x000002930a1b0300 JavaThread "Signal Dispatcher" daemon [_thread_blocked, id=24056, stack(0x000000eaedb00000,0x000000eaedc00000)]
  0x000002930a1b07e0 JavaThread "Attach Listener" daemon [_thread_blocked, id=24060, stack(0x000000eaedc00000,0x000000eaedd00000)]
  0x000002930a1b1830 JavaThread "Service Thread" daemon [_thread_blocked, id=24064, stack(0x000000eaedd00000,0x000000eaede00000)]
  0x000002930a1b3020 JavaThread "Monitor Deflation Thread" daemon [_thread_blocked, id=24068, stack(0x000000eaede00000,0x000000eaedf00000)]
  0x000002930a1b5840 JavaThread "C2 CompilerThread0" daemon [_thread_in_native, id=24072, stack(0x000000eaedf00000,0x000000eaee000000)]
  0x000002930a1bec50 JavaThread "C1 CompilerThread0" daemon [_thread_blocked, id=24076, stack(0x000000eaee000000,0x000000eaee100000)]
  0x000002930a353380 JavaThread "Sweeper thread" daemon [_thread_in_vm, id=24080, stack(0x000000eaee100000,0x000000eaee200000)]
  0x000002930a3d9370 JavaThread "Common-Cleaner" daemon [_thread_blocked, id=24084, stack(0x000000eaee200000,0x000000eaee300000)]
  0x000002930a46cf70 JavaThread "Notification Thread" daemon [_thread_blocked, id=24108, stack(0x000000eaee400000,0x000000eaee500000)]
  0x000002932ae68250 JavaThread "Daemon health stats" [_thread_blocked, id=24424, stack(0x000000eaeeb00000,0x000000eaeec00000)]
  0x000002930a493290 JavaThread "Incoming local TCP Connector on port 55278" [_thread_in_native, id=23800, stack(0x000000eaee300000,0x000000eaee400000)]
  0x000002930a4052f0 JavaThread "Daemon periodic checks" [_thread_blocked, id=23784, stack(0x000000eaeec00000,0x000000eaeed00000)]
  0x000002930a6e3e90 JavaThread "Daemon" [_thread_blocked, id=23976, stack(0x000000eaeee00000,0x000000eaeef00000)]
  0x000002930a8b5600 JavaThread "Handler for socket connection from /127.0.0.1:55278 to /127.0.0.1:55279" [_thread_in_native, id=23972, stack(0x000000eaeef00000,0x000000eaef000000)]
  0x000002930a83a720 JavaThread "Cancel handler" [_thread_blocked, id=23960, stack(0x000000eaeed00000,0x000000eaeee00000)]
  0x000002930a83ca90 JavaThread "Daemon worker" [_thread_blocked, id=23968, stack(0x000000eaef000000,0x000000eaef100000)]
  0x000002930a83cfa0 JavaThread "Asynchronous log dispatcher for DefaultDaemonConnection: socket connection from /127.0.0.1:55278 to /127.0.0.1:55279" [_thread_blocked, id=23912, stack(0x000000eaef100000,0x000000eaef200000)]
  0x000002930a83b140 JavaThread "Stdin handler" [_thread_blocked, id=23908, stack(0x000000eaef200000,0x000000eaef300000)]
  0x000002930a83a210 JavaThread "Daemon client event forwarder" [_thread_blocked, id=23916, stack(0x000000eaef300000,0x000000eaef400000)]
  0x000002930a83b650 JavaThread "Cache worker for journal cache (C:\Users\Vauras\.gradle\caches\journal-1)" [_thread_blocked, id=24156, stack(0x000000eaef400000,0x000000eaef500000)]
  0x000002930a83c070 JavaThread "File lock request listener" [_thread_in_native, id=24152, stack(0x000000eaef500000,0x000000eaef600000)]
  0x000002930a83bb60 JavaThread "Cache worker for file hash cache (C:\Users\Vauras\.gradle\caches\8.13\fileHashes)" [_thread_blocked, id=24148, stack(0x000000eaef600000,0x000000eaef700000)]
  0x000002930a83c580 JavaThread "Cache worker for file hash cache (D:\salarybooks_mobileapp\Salarybooks-App\android\.gradle\8.13\fileHashes)" [_thread_blocked, id=24420, stack(0x000000eaefc00000,0x000000eaefd00000)]
  0x000002930a83d4b0 JavaThread "Cache worker for Build Output Cleanup Cache (D:\salarybooks_mobileapp\Salarybooks-App\android\.gradle\buildOutputCleanup)" [_thread_blocked, id=24408, stack(0x000000eaefd00000,0x000000eaefe00000)]
  0x000002932bd0e5f0 JavaThread "File watcher server" daemon [_thread_in_native, id=3988, stack(0x000000eaeff00000,0x000000eaf0000000)]
  0x000002932bd0c790 JavaThread "File watcher consumer" daemon [_thread_blocked, id=22756, stack(0x000000eaf0000000,0x000000eaf0100000)]
  0x000002932bd0cca0 JavaThread "jar transforms" [_thread_blocked, id=22364, stack(0x000000eaefe00000,0x000000eaeff00000)]
  0x000002932bd0dbd0 JavaThread "Cache worker for checksums cache (D:\salarybooks_mobileapp\Salarybooks-App\android\.gradle\8.13\checksums)" [_thread_blocked, id=17192, stack(0x000000eaf0100000,0x000000eaf0200000)]
  0x000002932bd0d1b0 JavaThread "Cache worker for file content cache (C:\Users\Vauras\.gradle\caches\8.13\fileContent)" [_thread_blocked, id=22680, stack(0x000000eaf0200000,0x000000eaf0300000)]
  0x000002932bd0d6c0 JavaThread "Cache worker for cache directory md-supplier (C:\Users\Vauras\.gradle\caches\8.13\md-supplier)" [_thread_blocked, id=23652, stack(0x000000eaf0400000,0x000000eaf0500000)]
  0x000002932bd0e0e0 JavaThread "Cache worker for cache directory md-rule (C:\Users\Vauras\.gradle\caches\8.13\md-rule)" [_thread_blocked, id=24516, stack(0x000000eaf0500000,0x000000eaf0600000)]
  0x000002932bd0b860 JavaThread "Cache worker for Build Output Cleanup Cache (D:\salarybooks_mobileapp\Salarybooks-App\node_modules\@react-native\gradle-plugin\.gradle\buildOutputCleanup)" [_thread_blocked, id=10648, stack(0x000000eaf0600000,0x000000eaf0700000)]
  0x000002932bd0fa30 JavaThread "Unconstrained build operations" [_thread_blocked, id=23764, stack(0x000000eaf0300000,0x000000eaf0400000)]
  0x000002932bd0c280 JavaThread "Unconstrained build operations Thread 2" [_thread_blocked, id=23628, stack(0x000000eaf0700000,0x000000eaf0800000)]
  0x000002932bd10960 JavaThread "Unconstrained build operations Thread 3" [_thread_blocked, id=23656, stack(0x000000eaf0800000,0x000000eaf0900000)]
  0x000002932bd0ff40 JavaThread "Unconstrained build operations Thread 4" [_thread_blocked, id=6124, stack(0x000000eaf0900000,0x000000eaf0a00000)]
  0x000002932bd12cd0 JavaThread "Unconstrained build operations Thread 5" [_thread_blocked, id=23620, stack(0x000000eaf0a00000,0x000000eaf0b00000)]
  0x000002932bd10e70 JavaThread "Unconstrained build operations Thread 6" [_thread_blocked, id=23068, stack(0x000000eaf0b00000,0x000000eaf0c00000)]
  0x000002932bd11380 JavaThread "Unconstrained build operations Thread 7" [_thread_blocked, id=22968, stack(0x000000eaf0d00000,0x000000eaf0e00000)]
  0x000002932bd11890 JavaThread "Unconstrained build operations Thread 8" [_thread_blocked, id=24092, stack(0x000000eaf0e00000,0x000000eaf0f00000)]
  0x000002932bd11da0 JavaThread "Unconstrained build operations Thread 9" [_thread_blocked, id=11592, stack(0x000000eaf0f00000,0x000000eaf1000000)]
  0x000002932bd122b0 JavaThread "Unconstrained build operations Thread 10" [_thread_blocked, id=23780, stack(0x000000eaf1000000,0x000000eaf1100000)]
  0x000002932bd10450 JavaThread "Unconstrained build operations Thread 11" [_thread_blocked, id=23736, stack(0x000000eaf1100000,0x000000eaf1200000)]
  0x000002932bd127c0 JavaThread "Unconstrained build operations Thread 12" [_thread_blocked, id=23840, stack(0x000000eaf1200000,0x000000eaf1300000)]
  0x000002932bd131e0 JavaThread "Unconstrained build operations Thread 13" [_thread_blocked, id=23056, stack(0x000000eaf1300000,0x000000eaf1400000)]
  0x000002932d3d0f70 JavaThread "Unconstrained build operations Thread 14" [_thread_blocked, id=8680, stack(0x000000eaf0c00000,0x000000eaf0d00000)]
  0x000002932d3d37f0 JavaThread "Unconstrained build operations Thread 15" [_thread_blocked, id=14884, stack(0x000000eaf1400000,0x000000eaf1500000)]
  0x000002932d3d23b0 JavaThread "Unconstrained build operations Thread 16" [_thread_blocked, id=2692, stack(0x000000eaf1500000,0x000000eaf1600000)]
  0x000002932d3d1480 JavaThread "Unconstrained build operations Thread 17" [_thread_blocked, id=5508, stack(0x000000eaf1600000,0x000000eaf1700000)]
  0x000002932d3d28c0 JavaThread "Unconstrained build operations Thread 18" [_thread_blocked, id=12408, stack(0x000000eaf1700000,0x000000eaf1800000)]
  0x000002932d3d2dd0 JavaThread "Unconstrained build operations Thread 19" [_thread_blocked, id=12716, stack(0x000000eaf1800000,0x000000eaf1900000)]
  0x000002932d3d1990 JavaThread "Unconstrained build operations Thread 20" [_thread_blocked, id=17008, stack(0x000000eaf1900000,0x000000eaf1a00000)]
  0x000002932d3d1ea0 JavaThread "Unconstrained build operations Thread 21" [_thread_blocked, id=21828, stack(0x000000eaf1a00000,0x000000eaf1b00000)]
  0x000002932d3d32e0 JavaThread "Unconstrained build operations Thread 22" [_thread_blocked, id=17140, stack(0x000000eaf1b00000,0x000000eaf1c00000)]
  0x000002932d3d0040 JavaThread "Unconstrained build operations Thread 23" [_thread_blocked, id=13792, stack(0x000000eaf1c00000,0x000000eaf1d00000)]
  0x000002932d3d0550 JavaThread "Unconstrained build operations Thread 24" [_thread_blocked, id=23892, stack(0x000000eaf1d00000,0x000000eaf1e00000)]
  0x000002932d3d4210 JavaThread "Unconstrained build operations Thread 25" [_thread_blocked, id=23896, stack(0x000000eaf1e00000,0x000000eaf1f00000)]
  0x000002932d3d0a60 JavaThread "Unconstrained build operations Thread 26" [_thread_blocked, id=23880, stack(0x000000eaf1f00000,0x000000eaf2000000)]
  0x000002932d3d5140 JavaThread "Unconstrained build operations Thread 27" [_thread_blocked, id=23888, stack(0x000000eaf2000000,0x000000eaf2100000)]
  0x000002932d3d5650 JavaThread "build event listener" [_thread_blocked, id=20336, stack(0x000000eaf2100000,0x000000eaf2200000)]
  0x000002932d3d74b0 JavaThread "Memory manager" [_thread_blocked, id=23788, stack(0x000000eaf2200000,0x000000eaf2300000)]
  0x000002932d3d5b60 JavaThread "ForkJoinPool.commonPool-worker-2" daemon [_thread_blocked, id=3460, stack(0x000000eaf2800000,0x000000eaf2900000)]
  0x000002932baa2100 JavaThread "ForkJoinPool.commonPool-worker-7" daemon [_thread_blocked, id=22512, stack(0x000000eaf2d00000,0x000000eaf2e00000)]
  0x000002932baa4980 JavaThread "Execution worker" [_thread_blocked, id=23536, stack(0x000000eaf3200000,0x000000eaf3300000)]
  0x000002932baa1bf0 JavaThread "Execution worker Thread 2" [_thread_blocked, id=12740, stack(0x000000eaf3300000,0x000000eaf3400000)]
  0x000002932baa3f60 JavaThread "Execution worker Thread 3" [_thread_in_Java, id=16364, stack(0x000000eaf3400000,0x000000eaf3500000)]
  0x000002932baa62d0 JavaThread "Execution worker Thread 4" [_thread_blocked, id=20084, stack(0x000000eaf3500000,0x000000eaf3600000)]
  0x000002932baa4e90 JavaThread "Execution worker Thread 5" [_thread_in_native, id=20748, stack(0x000000eaf3600000,0x000000eaf3700000)]
  0x000002932baa53a0 JavaThread "Execution worker Thread 6" [_thread_blocked, id=20840, stack(0x000000eaf3700000,0x000000eaf3800000)]
  0x000002932baa58b0 JavaThread "Execution worker Thread 7" [_thread_in_Java, id=3132, stack(0x000000eaf3800000,0x000000eaf3900000)]
  0x000002932baa5dc0 JavaThread "Cache worker for execution history cache (D:\salarybooks_mobileapp\Salarybooks-App\node_modules\@react-native\gradle-plugin\.gradle\8.13\executionHistory)" [_thread_blocked, id=24404, stack(0x000000eaf3900000,0x000000eaf3a00000)]
  0x000002932baa2b20 JavaThread "Unconstrained build operations Thread 28" [_thread_blocked, id=14844, stack(0x000000eaf2600000,0x000000eaf2700000)]
  0x000002932baa9570 JavaThread "Unconstrained build operations Thread 29" [_thread_blocked, id=24356, stack(0x000000eaf3a00000,0x000000eaf3b00000)]
  0x000002932baa8640 JavaThread "Unconstrained build operations Thread 30" [_thread_blocked, id=16012, stack(0x000000eaf3b00000,0x000000eaf3c00000)]
  0x000002932baa7710 JavaThread "Unconstrained build operations Thread 31" [_thread_blocked, id=24412, stack(0x000000eaf3c00000,0x000000eaf3d00000)]
  0x000002932baa8b50 JavaThread "Unconstrained build operations Thread 32" [_thread_blocked, id=16588, stack(0x000000eaf3d00000,0x000000eaf3e00000)]
  0x000002932baa7c20 JavaThread "Unconstrained build operations Thread 33" [_thread_blocked, id=10152, stack(0x000000eaf3e00000,0x000000eaf3f00000)]
  0x000002932baa8130 JavaThread "Unconstrained build operations Thread 34" [_thread_blocked, id=7732, stack(0x000000eaf3f00000,0x000000eaf4000000)]
  0x000002932baa67e0 JavaThread "Unconstrained build operations Thread 35" [_thread_blocked, id=9340, stack(0x000000eaf4000000,0x000000eaf4100000)]
  0x000002932baa7200 JavaThread "Unconstrained build operations Thread 36" [_thread_blocked, id=23544, stack(0x000000eaf4100000,0x000000eaf4200000)]
  0x000002932baa6cf0 JavaThread "Unconstrained build operations Thread 37" [_thread_blocked, id=9536, stack(0x000000eaf4200000,0x000000eaf4300000)]
  0x000002932baa9060 JavaThread "Unconstrained build operations Thread 38" [_thread_blocked, id=23540, stack(0x000000eaf4300000,0x000000eaf4400000)]
  0x000002932dc8e040 JavaThread "Unconstrained build operations Thread 39" [_thread_blocked, id=23832, stack(0x000000eaf4400000,0x000000eaf4500000)]
  0x000002932dc8fea0 JavaThread "Unconstrained build operations Thread 40" [_thread_blocked, id=2868, stack(0x000000eaf4500000,0x000000eaf4600000)]
  0x000002932dc912e0 JavaThread "Unconstrained build operations Thread 41" [_thread_blocked, id=23812, stack(0x000000eaf4600000,0x000000eaf4700000)]
  0x000002932dc8e550 JavaThread "Unconstrained build operations Thread 42" [_thread_blocked, id=21368, stack(0x000000eaf4700000,0x000000eaf4800000)]
  0x000002932dc8ea60 JavaThread "Unconstrained build operations Thread 43" [_thread_blocked, id=22652, stack(0x000000eaf4800000,0x000000eaf4900000)]
  0x000002932dc8f990 JavaThread "Unconstrained build operations Thread 44" [_thread_blocked, id=9656, stack(0x000000eaf4900000,0x000000eaf4a00000)]
  0x000002932dc8db30 JavaThread "Unconstrained build operations Thread 45" [_thread_blocked, id=9224, stack(0x000000eaf4a00000,0x000000eaf4b00000)]
  0x000002932dc903b0 JavaThread "Unconstrained build operations Thread 46" [_thread_blocked, id=14708, stack(0x000000eaf4b00000,0x000000eaf4c00000)]
  0x000002932dc8f480 JavaThread "Unconstrained build operations Thread 47" [_thread_blocked, id=15320, stack(0x000000eaf4c00000,0x000000eaf4d00000)]
  0x000002932dc908c0 JavaThread "Unconstrained build operations Thread 48" [_thread_blocked, id=2944, stack(0x000000eaf4d00000,0x000000eaf4e00000)]
  0x000002932dc92210 JavaThread "Unconstrained build operations Thread 49" [_thread_blocked, id=4592, stack(0x000000eaf2300000,0x000000eaf2400000)]
  0x000002932dc90dd0 JavaThread "Unconstrained build operations Thread 50" [_thread_blocked, id=18644, stack(0x000000eaf4e00000,0x000000eaf4f00000)]
  0x000002932dc91d00 JavaThread "Unconstrained build operations Thread 51" [_thread_blocked, id=24456, stack(0x000000eaf4f00000,0x000000eaf5000000)]
  0x000002932dc917f0 JavaThread "Unconstrained build operations Thread 52" [_thread_blocked, id=6360, stack(0x000000eaf5000000,0x000000eaf5100000)]
  0x000002932dc8ef70 JavaThread "Unconstrained build operations Thread 53" [_thread_blocked, id=23964, stack(0x000000eaf5100000,0x000000eaf5200000)]
  0x000002932dc94070 JavaThread "Unconstrained build operations Thread 54" [_thread_blocked, id=21868, stack(0x000000eaf5200000,0x000000eaf5300000)]
  0x000002932dc94580 JavaThread "Unconstrained build operations Thread 55" [_thread_blocked, id=22556, stack(0x000000eaf5300000,0x000000eaf5400000)]
  0x000002932dc92c30 JavaThread "Unconstrained build operations Thread 56" [_thread_blocked, id=7080, stack(0x000000eaf5400000,0x000000eaf5500000)]
  0x000002932dc94a90 JavaThread "Unconstrained build operations Thread 57" [_thread_blocked, id=22656, stack(0x000000eaf5500000,0x000000eaf5600000)]
  0x000002932dc93b60 JavaThread "Unconstrained build operations Thread 58" [_thread_blocked, id=4720, stack(0x000000eaf5600000,0x000000eaf5700000)]
  0x000002932dc93140 JavaThread "Unconstrained build operations Thread 59" [_thread_blocked, id=9520, stack(0x000000eaf5700000,0x000000eaf5800000)]
  0x000002932dc93650 JavaThread "Unconstrained build operations Thread 60" [_thread_blocked, id=17132, stack(0x000000eaf5800000,0x000000eaf5900000)]
  0x000002932dc94fa0 JavaThread "Unconstrained build operations Thread 61" [_thread_blocked, id=14700, stack(0x000000eaf5900000,0x000000eaf5a00000)]
  0x000002932dc954b0 JavaThread "Unconstrained build operations Thread 62" [_thread_blocked, id=11528, stack(0x000000eaf5a00000,0x000000eaf5b00000)]
  0x000002932dc92720 JavaThread "Unconstrained build operations Thread 63" [_thread_blocked, id=21016, stack(0x000000eaf5b00000,0x000000eaf5c00000)]
  0x000002932b698c00 JavaThread "Unconstrained build operations Thread 64" [_thread_blocked, id=21132, stack(0x000000eaf5c00000,0x000000eaf5d00000)]
  0x000002932b6977c0 JavaThread "Unconstrained build operations Thread 65" [_thread_blocked, id=22576, stack(0x000000eaf5d00000,0x000000eaf5e00000)]
  0x000002932b6986f0 JavaThread "Unconstrained build operations Thread 66" [_thread_blocked, id=20032, stack(0x000000eaf5e00000,0x000000eaf5f00000)]
  0x000002932b699110 JavaThread "Unconstrained build operations Thread 67" [_thread_blocked, id=2548, stack(0x000000eaf5f00000,0x000000eaf6000000)]
  0x000002932b6972b0 JavaThread "Unconstrained build operations Thread 68" [_thread_blocked, id=15928, stack(0x000000eaf6000000,0x000000eaf6100000)]
  0x000002932b699620 JavaThread "Unconstrained build operations Thread 69" [_thread_blocked, id=20188, stack(0x000000eaf6100000,0x000000eaf6200000)]
  0x000002932b69af70 JavaThread "Unconstrained build operations Thread 70" [_thread_blocked, id=23568, stack(0x000000eaf6200000,0x000000eaf6300000)]
  0x000002932b6981e0 JavaThread "Unconstrained build operations Thread 71" [_thread_blocked, id=4376, stack(0x000000eaf6300000,0x000000eaf6400000)]
  0x000002932b697cd0 JavaThread "Unconstrained build operations Thread 72" [_thread_blocked, id=23612, stack(0x000000eaf6400000,0x000000eaf6500000)]
  0x000002932b69cdd0 JavaThread "Unconstrained build operations Thread 73" [_thread_blocked, id=20936, stack(0x000000eaf6500000,0x000000eaf6600000)]
  0x000002932b69d2e0 JavaThread "Unconstrained build operations Thread 74" [_thread_blocked, id=10300, stack(0x000000eaf6600000,0x000000eaf6700000)]
  0x000002932b699b30 JavaThread "Unconstrained build operations Thread 75" [_thread_blocked, id=9376, stack(0x000000eaf6700000,0x000000eaf6800000)]
  0x000002932b69c3b0 JavaThread "Unconstrained build operations Thread 76" [_thread_blocked, id=12488, stack(0x000000eaf6800000,0x000000eaf6900000)]
  0x000002932b69b480 JavaThread "Unconstrained build operations Thread 77" [_thread_blocked, id=23988, stack(0x000000eaf6900000,0x000000eaf6a00000)]
  0x000002932b69aa60 JavaThread "jar transforms Thread 2" [_thread_blocked, id=22200, stack(0x000000eaf6a00000,0x000000eaf6b00000)]
  0x000002932b69a040 JavaThread "jar transforms Thread 3" [_thread_blocked, id=24452, stack(0x000000eaf6c00000,0x000000eaf6d00000)]
  0x000002932b69dd00 JavaThread "Unconstrained build operations Thread 78" [_thread_blocked, id=11600, stack(0x000000eaf6b00000,0x000000eaf6c00000)]
  0x000002932b69e210 JavaThread "Unconstrained build operations Thread 79" [_thread_blocked, id=21724, stack(0x000000eaf6d00000,0x000000eaf6e00000)]
  0x000002932b69e720 JavaThread "Unconstrained build operations Thread 80" [_thread_blocked, id=22440, stack(0x000000eaf6e00000,0x000000eaf6f00000)]
  0x000002932b69ec30 JavaThread "jar transforms Thread 4" [_thread_blocked, id=21972, stack(0x000000eaf7000000,0x000000eaf7100000)]
  0x000002932b69c8c0 JavaThread "jar transforms Thread 5" [_thread_blocked, id=20872, stack(0x000000eaf7100000,0x000000eaf7200000)]
  0x000002932d3d6070 JavaThread "jar transforms Thread 6" [_thread_blocked, id=13252, stack(0x000000eaf7200000,0x000000eaf7300000)]
  0x000002932ee7e3a0 JavaThread "Problems report writer" [_thread_blocked, id=16576, stack(0x000000eaecf00000,0x000000eaed000000)]
  0x000002932ee7e8b0 JavaThread "build event listener" [_thread_blocked, id=23728, stack(0x000000eaed000000,0x000000eaed100000)]
  0x000002932ee80200 JavaThread "jar transforms Thread 7" [_thread_blocked, id=24372, stack(0x000000eaf6f00000,0x000000eaf7000000)]
  0x000002932ee7ca50 JavaThread "jar transforms Thread 8" [_thread_blocked, id=19064, stack(0x000000eaf7300000,0x000000eaf7400000)]
  0x000002932d3d4c30 JavaThread "included builds Thread 2" [_thread_blocked, id=11304, stack(0x000000eaf3100000,0x000000eaf3200000)]
  0x000002933476cc10 JavaThread "Cache worker for execution history cache (D:\salarybooks_mobileapp\Salarybooks-App\android\.gradle\8.13\executionHistory)" [_thread_blocked, id=4160, stack(0x000000eaf7400000,0x000000eaf7500000)]
  0x000002932b69bea0 JavaThread "WorkerExecutor Queue" [_thread_in_native, id=21900, stack(0x000000eaf7500000,0x000000eaf7600000)]
  0x000002930a839d00 JavaThread "WorkerExecutor Queue Thread 2" [_thread_blocked, id=10236, stack(0x000000eaf7600000,0x000000eaf7700000)]
  0x00000293380bf3e0 JavaThread "WorkerExecutor Queue Thread 5" [_thread_blocked, id=25452, stack(0x000000eaf7900000,0x000000eaf7a00000)]
  0x00000293380c0310 JavaThread "WorkerExecutor Queue Thread 7" [_thread_blocked, id=25236, stack(0x000000eaf7b00000,0x000000eaf7c00000)]
  0x00000293380c1750 JavaThread "WorkerExecutor Queue Thread 9" [_thread_blocked, id=8876, stack(0x000000eaf2400000,0x000000eaf2500000)]
  0x00000293380c3ac0 JavaThread "WorkerExecutor Queue Thread 10" [_thread_blocked, id=9732, stack(0x000000eaf2f00000,0x000000eaf3000000)]
  0x000002933476b7d0 JavaThread "pool-3-thread-1" [_thread_blocked, id=25584, stack(0x000000eaf7700000,0x000000eaf7800000)]
  0x000002933476f490 JavaThread "stderr" [_thread_in_native, id=13236, stack(0x000000eaf7c00000,0x000000eaf7d00000)]
  0x00000293380c2170 JavaThread "stdout" [_thread_in_native, id=22264, stack(0x000000eaf7d00000,0x000000eaf7e00000)]
  0x00000293380beed0 JavaThread "Cache worker for Java compile cache (C:\Users\Vauras\.gradle\caches\8.13\javaCompile)" [_thread_blocked, id=23220, stack(0x000000eaf7e00000,0x000000eaf7f00000)]
  0x000002933476c1f0 JavaThread "Build operations" [_thread_blocked, id=8532, stack(0x000000eaf7f00000,0x000000eaf8000000)]
  0x00000293380c49f0 JavaThread "Build operations Thread 2" [_thread_blocked, id=18112, stack(0x000000eaf8000000,0x000000eaf8100000)]
  0x00000293347708d0 JavaThread "Build operations Thread 3" [_thread_blocked, id=22068, stack(0x000000eaf8100000,0x000000eaf8200000)]
  0x0000029338a06570 JavaThread "Build operations Thread 4" [_thread_blocked, id=13884, stack(0x000000eaf8200000,0x000000eaf8300000)]
  0x0000029338a074a0 JavaThread "Build operations Thread 5" [_thread_blocked, id=15116, stack(0x000000eaf8300000,0x000000eaf8400000)]
  0x0000029338a083d0 JavaThread "Build operations Thread 6" [_thread_blocked, id=14548, stack(0x000000eaf8400000,0x000000eaf8500000)]
  0x0000029338a079b0 JavaThread "Build operations Thread 7" [_thread_blocked, id=18092, stack(0x000000eaf8500000,0x000000eaf8600000)]
  0x0000029338a0ac50 JavaThread "Build operations Thread 8" [_thread_blocked, id=1976, stack(0x000000eaf2900000,0x000000eaf2a00000)]
  0x0000029338a0cfc0 JavaThread "RMI Scheduler(0)" daemon [_thread_blocked, id=25044, stack(0x000000eaf8600000,0x000000eaf8700000)]
  0x0000029338a10c80 JavaThread "RMI GC Daemon" daemon [_thread_blocked, id=24732, stack(0x000000eaf8800000,0x000000eaf8900000)]
  0x0000029338a11190 JavaThread "RMI TCP Accept-0" daemon [_thread_in_native, id=24240, stack(0x000000eaf8900000,0x000000eaf8a00000)]
  0x0000029338a0d9e0 JavaThread "RMI Reaper" [_thread_blocked, id=4660, stack(0x000000eaf8a00000,0x000000eaf8b00000)]
  0x0000029338a0def0 JavaThread "RMI TCP Connection(idle)" daemon [_thread_blocked, id=24808, stack(0x000000eaf8b00000,0x000000eaf8c00000)]
  0x0000029338a0e910 JavaThread "RMI RenewClean-[127.0.0.1:17342,org.jetbrains.kotlin.daemon.common.LoopbackNetworkInterface$ClientLoopbackSocketFactory@6060a933]" daemon [_thread_blocked, id=10544, stack(0x000000eaf8c00000,0x000000eaf8d00000)]
  0x0000029338a0e400 JavaThread "RMI RenewClean-[127.0.0.1:17342,org.jetbrains.kotlin.daemon.common.LoopbackNetworkInterface$ClientLoopbackSocketFactory@17ec1425]" daemon [_thread_blocked, id=5036, stack(0x000000eaed100000,0x000000eaed200000)]
  0x0000029338a13a10 JavaThread "RMI TCP Connection(idle)" daemon [_thread_blocked, id=23112, stack(0x000000eaf2500000,0x000000eaf2600000)]
  0x0000029338a125d0 JavaThread "WorkerExecutor Queue Thread 11" [_thread_blocked, id=23368, stack(0x000000eaf2c00000,0x000000eaf2d00000)]
  0x0000029338a12ae0 JavaThread "RMI RenewClean-[127.0.0.1:17342,org.jetbrains.kotlin.daemon.common.LoopbackNetworkInterface$ClientLoopbackSocketFactory@15f060e1]" daemon [_thread_blocked, id=6328, stack(0x000000eaf2e00000,0x000000eaf2f00000)]
  0x0000029338a12ff0 JavaThread "RMI RenewClean-[127.0.0.1:17342,org.jetbrains.kotlin.daemon.common.LoopbackNetworkInterface$ClientLoopbackSocketFactory@38fb84f5]" daemon [_thread_blocked, id=23196, stack(0x000000eaf8700000,0x000000eaf8800000)]
  0x0000029338a14430 JavaThread "RMI RenewClean-[127.0.0.1:17342,org.jetbrains.kotlin.daemon.common.LoopbackNetworkInterface$ClientLoopbackSocketFactory@50701f66]" daemon [_thread_blocked, id=11388, stack(0x000000eaf8e00000,0x000000eaf8f00000)]
  0x0000029338a14940 JavaThread "WorkerExecutor Queue Thread 13" [_thread_blocked, id=25432, stack(0x000000eaf9000000,0x000000eaf9100000)]
=>0x0000029334bb6570 JavaThread "C2 CompilerThread1" daemon [_thread_in_native, id=16440, stack(0x000000eaf2700000,0x000000eaf2800000)]
  0x000002934e884d80 JavaThread "C2 CompilerThread2" daemon [_thread_in_native, id=22328, stack(0x000000eaf2a00000,0x000000eaf2b00000)]

Other Threads:
  0x000002930a18a800 VMThread "VM Thread" [stack: 0x000000eaed800000,0x000000eaed900000] [id=24044]
  0x000002930a48d970 WatcherThread [stack: 0x000000eaee500000,0x000000eaee600000] [id=24112]
  0x0000029365d7fbb0 GCTaskThread "GC Thread#0" [stack: 0x000000eaed300000,0x000000eaed400000] [id=24024]
  0x000002930aebbd70 GCTaskThread "GC Thread#1" [stack: 0x000000eaee600000,0x000000eaee700000] [id=24116]
  0x000002930a897a40 GCTaskThread "GC Thread#2" [stack: 0x000000eaee700000,0x000000eaee800000] [id=24120]
  0x000002930a717c20 GCTaskThread "GC Thread#3" [stack: 0x000000eaee800000,0x000000eaee900000] [id=24124]
  0x000002930af15480 GCTaskThread "GC Thread#4" [stack: 0x000000eaee900000,0x000000eaeea00000] [id=24288]
  0x000002930a82c0d0 GCTaskThread "GC Thread#5" [stack: 0x000000eaef800000,0x000000eaef900000] [id=21608]
  0x000002930a82b890 GCTaskThread "GC Thread#6" [stack: 0x000000eaef900000,0x000000eaefa00000] [id=21216]
  0x000002930a82bb50 GCTaskThread "GC Thread#7" [stack: 0x000000eaefa00000,0x000000eaefb00000] [id=22288]
  0x0000029365d90a10 ConcurrentGCThread "G1 Main Marker" [stack: 0x000000eaed400000,0x000000eaed500000] [id=24028]
  0x0000029365d92010 ConcurrentGCThread "G1 Conc#0" [stack: 0x000000eaed500000,0x000000eaed600000] [id=24032]
  0x000002930a82b310 ConcurrentGCThread "G1 Conc#1" [stack: 0x000000eaefb00000,0x000000eaefc00000] [id=24432]
  0x0000029365dbe590 ConcurrentGCThread "G1 Refine#0" [stack: 0x000000eaed600000,0x000000eaed700000] [id=24036]
  0x000002930a6b4120 ConcurrentGCThread "G1 Refine#1" [stack: 0x000000eaeea00000,0x000000eaeeb00000] [id=24292]
  0x0000029336688f50 ConcurrentGCThread "G1 Refine#2" [stack: 0x000000eaef700000,0x000000eaef800000] [id=25192]
  0x0000029336689e00 ConcurrentGCThread "G1 Refine#3" [stack: 0x000000eaf2b00000,0x000000eaf2c00000] [id=25196]
  0x000002933668acb0 ConcurrentGCThread "G1 Refine#4" [stack: 0x000000eaf3000000,0x000000eaf3100000] [id=17832]
  0x000002930a042180 ConcurrentGCThread "G1 Service" [stack: 0x000000eaed700000,0x000000eaed800000] [id=24040]

Threads with active compile tasks:
C2 CompilerThread0   540783 43097 %     4       com.android.tools.r8.internal.bR::a @ 459 (3153 bytes)
C2 CompilerThread1   540783 43152 %     4       com.android.tools.r8.internal.bR::a @ 287 (975 bytes)
C2 CompilerThread2   540783 43121 %     4       com.android.tools.r8.internal.bR::b @ 601 (1550 bytes)

VM state: not at safepoint (normal execution)

VM Mutex/Monitor currently owned by a thread: None

Heap address: 0x0000000700000000, size: 4096 MB, Compressed Oops mode: Zero based, Oop shift amount: 3

CDS archive(s) mapped at: [0x000002930b000000-0x000002930bbc0000-0x000002930bbc0000), size 12320768, SharedBaseAddress: 0x000002930b000000, ArchiveRelocationMode: 1.
Compressed class space mapped at: 0x000002930c000000-0x0000029326000000, reserved size: 436207616
Narrow klass base: 0x000002930b000000, Narrow klass shift: 0, Narrow klass range: 0x100000000

GC Precious Log:
 CPUs: 8 total, 8 available
 Memory: 7418M
 Large Page Support: Disabled
 NUMA Support: Disabled
 Compressed Oops: Enabled (Zero based)
 Heap Region Size: 2M
 Heap Min Capacity: 8M
 Heap Initial Capacity: 116M
 Heap Max Capacity: 4G
 Pre-touch: Disabled
 Parallel Workers: 8
 Concurrent Workers: 2
 Concurrent Refinement Workers: 8
 Periodic GC: Disabled

Heap:
 garbage-first heap   total 1415168K, used 1237253K [0x0000000700000000, 0x0000000800000000)
  region size 2048K, 304 young (622592K), 2 survivors (4096K)
 Metaspace       used 182092K, committed 184768K, reserved 622592K
  class space    used 23826K, committed 25024K, reserved 425984K

Heap Regions: E=young(eden), S=young(survivor), O=old, HS=humongous(starts), HC=humongous(continues), CS=collection set, F=free, OA=open archive, CA=closed archive, TAMS=top-at-mark-start (previous, next)
|   0|0x0000000700000000, 0x0000000700200000, 0x0000000700200000|100%|HS|  |TAMS 0x0000000700200000, 0x0000000700000000| Complete 
|   1|0x0000000700200000, 0x0000000700400000, 0x0000000700400000|100%|HC|  |TAMS 0x0000000700400000, 0x0000000700200000| Complete 
|   2|0x0000000700400000, 0x0000000700600000, 0x0000000700600000|100%| O|  |TAMS 0x0000000700600000, 0x0000000700400000| Untracked 
|   3|0x0000000700600000, 0x0000000700800000, 0x0000000700800000|100%| O|  |TAMS 0x0000000700800000, 0x0000000700600000| Untracked 
|   4|0x0000000700800000, 0x0000000700a00000, 0x0000000700a00000|100%| O|  |TAMS 0x0000000700a00000, 0x0000000700800000| Untracked 
|   5|0x0000000700a00000, 0x0000000700c00000, 0x0000000700c00000|100%| O|  |TAMS 0x0000000700c00000, 0x0000000700a00000| Untracked 
|   6|0x0000000700c00000, 0x0000000700e00000, 0x0000000700e00000|100%| O|  |TAMS 0x0000000700e00000, 0x0000000700c00000| Untracked 
|   7|0x0000000700e00000, 0x0000000701000000, 0x0000000701000000|100%| O|  |TAMS 0x0000000701000000, 0x0000000700e00000| Untracked 
|   8|0x0000000701000000, 0x0000000701200000, 0x0000000701200000|100%| O|  |TAMS 0x0000000701200000, 0x0000000701000000| Untracked 
|   9|0x0000000701200000, 0x0000000701400000, 0x0000000701400000|100%| O|  |TAMS 0x0000000701400000, 0x0000000701200000| Untracked 
|  10|0x0000000701400000, 0x0000000701600000, 0x0000000701600000|100%| O|  |TAMS 0x0000000701600000, 0x0000000701400000| Untracked 
|  11|0x0000000701600000, 0x0000000701800000, 0x0000000701800000|100%| O|  |TAMS 0x0000000701800000, 0x0000000701600000| Untracked 
|  12|0x0000000701800000, 0x0000000701a00000, 0x0000000701a00000|100%| O|  |TAMS 0x0000000701a00000, 0x0000000701800000| Untracked 
|  13|0x0000000701a00000, 0x0000000701c00000, 0x0000000701c00000|100%| O|  |TAMS 0x0000000701c00000, 0x0000000701a00000| Untracked 
|  14|0x0000000701c00000, 0x0000000701e00000, 0x0000000701e00000|100%|HS|  |TAMS 0x0000000701e00000, 0x0000000701c00000| Complete 
|  15|0x0000000701e00000, 0x0000000702000000, 0x0000000702000000|100%| O|  |TAMS 0x0000000702000000, 0x0000000701e00000| Untracked 
|  16|0x0000000702000000, 0x0000000702200000, 0x0000000702200000|100%| O|  |TAMS 0x0000000702200000, 0x0000000702000000| Untracked 
|  17|0x0000000702200000, 0x0000000702400000, 0x0000000702400000|100%| O|  |TAMS 0x0000000702400000, 0x0000000702200000| Untracked 
|  18|0x0000000702400000, 0x0000000702600000, 0x0000000702600000|100%|HS|  |TAMS 0x0000000702600000, 0x0000000702400000| Complete 
|  19|0x0000000702600000, 0x0000000702800000, 0x0000000702800000|100%|HC|  |TAMS 0x0000000702800000, 0x0000000702600000| Complete 
|  20|0x0000000702800000, 0x0000000702a00000, 0x0000000702a00000|100%|HS|  |TAMS 0x0000000702a00000, 0x0000000702800000| Complete 
|  21|0x0000000702a00000, 0x0000000702c00000, 0x0000000702c00000|100%| O|  |TAMS 0x0000000702c00000, 0x0000000702a00000| Untracked 
|  22|0x0000000702c00000, 0x0000000702e00000, 0x0000000702e00000|100%| O|  |TAMS 0x0000000702e00000, 0x0000000702c00000| Untracked 
|  23|0x0000000702e00000, 0x0000000703000000, 0x0000000703000000|100%| O|  |TAMS 0x0000000703000000, 0x0000000702e00000| Untracked 
|  24|0x0000000703000000, 0x0000000703200000, 0x0000000703200000|100%| O|  |TAMS 0x0000000703200000, 0x0000000703000000| Untracked 
|  25|0x0000000703200000, 0x0000000703400000, 0x0000000703400000|100%|HS|  |TAMS 0x0000000703400000, 0x0000000703200000| Complete 
|  26|0x0000000703400000, 0x0000000703600000, 0x0000000703600000|100%|HC|  |TAMS 0x0000000703600000, 0x0000000703400000| Complete 
|  27|0x0000000703600000, 0x0000000703800000, 0x0000000703800000|100%| O|  |TAMS 0x0000000703800000, 0x0000000703600000| Untracked 
|  28|0x0000000703800000, 0x0000000703a00000, 0x0000000703a00000|100%| O|  |TAMS 0x0000000703a00000, 0x0000000703800000| Untracked 
|  29|0x0000000703a00000, 0x0000000703c00000, 0x0000000703c00000|100%| O|  |TAMS 0x0000000703c00000, 0x0000000703a00000| Untracked 
|  30|0x0000000703c00000, 0x0000000703e00000, 0x0000000703e00000|100%| O|  |TAMS 0x0000000703e00000, 0x0000000703c00000| Untracked 
|  31|0x0000000703e00000, 0x0000000704000000, 0x0000000704000000|100%| O|  |TAMS 0x0000000704000000, 0x0000000703e00000| Untracked 
|  32|0x0000000704000000, 0x0000000704200000, 0x0000000704200000|100%| O|  |TAMS 0x0000000704200000, 0x0000000704000000| Untracked 
|  33|0x0000000704200000, 0x0000000704400000, 0x0000000704400000|100%| O|  |TAMS 0x0000000704400000, 0x0000000704200000| Untracked 
|  34|0x0000000704400000, 0x0000000704600000, 0x0000000704600000|100%| O|  |TAMS 0x0000000704600000, 0x0000000704400000| Untracked 
|  35|0x0000000704600000, 0x0000000704800000, 0x0000000704800000|100%| O|  |TAMS 0x0000000704600000, 0x0000000704600000| Untracked 
|  36|0x0000000704800000, 0x0000000704a00000, 0x0000000704a00000|100%| O|  |TAMS 0x0000000704a00000, 0x0000000704800000| Untracked 
|  37|0x0000000704a00000, 0x0000000704c00000, 0x0000000704c00000|100%| O|  |TAMS 0x0000000704c00000, 0x0000000704a00000| Untracked 
|  38|0x0000000704c00000, 0x0000000704e00000, 0x0000000704e00000|100%| O|  |TAMS 0x0000000704e00000, 0x0000000704c00000| Untracked 
|  39|0x0000000704e00000, 0x0000000705000000, 0x0000000705000000|100%| O|  |TAMS 0x0000000705000000, 0x0000000704e00000| Untracked 
|  40|0x0000000705000000, 0x0000000705200000, 0x0000000705200000|100%| O|  |TAMS 0x0000000705200000, 0x0000000705000000| Untracked 
|  41|0x0000000705200000, 0x0000000705400000, 0x0000000705400000|100%| O|  |TAMS 0x0000000705400000, 0x0000000705200000| Untracked 
|  42|0x0000000705400000, 0x0000000705600000, 0x0000000705600000|100%| O|  |TAMS 0x0000000705600000, 0x0000000705400000| Untracked 
|  43|0x0000000705600000, 0x0000000705800000, 0x0000000705800000|100%|HS|  |TAMS 0x0000000705800000, 0x0000000705600000| Complete 
|  44|0x0000000705800000, 0x0000000705a00000, 0x0000000705a00000|100%| O|  |TAMS 0x0000000705a00000, 0x0000000705800000| Untracked 
|  45|0x0000000705a00000, 0x0000000705c00000, 0x0000000705c00000|100%| O|  |TAMS 0x0000000705c00000, 0x0000000705a00000| Untracked 
|  46|0x0000000705c00000, 0x0000000705e00000, 0x0000000705e00000|100%| O|  |TAMS 0x0000000705e00000, 0x0000000705c00000| Untracked 
|  47|0x0000000705e00000, 0x0000000706000000, 0x0000000706000000|100%|HS|  |TAMS 0x0000000705e00000, 0x0000000705e00000| Complete 
|  48|0x0000000706000000, 0x0000000706200000, 0x0000000706200000|100%| O|  |TAMS 0x0000000706200000, 0x0000000706000000| Untracked 
|  49|0x0000000706200000, 0x0000000706400000, 0x0000000706400000|100%| O|  |TAMS 0x0000000706400000, 0x0000000706200000| Untracked 
|  50|0x0000000706400000, 0x0000000706600000, 0x0000000706600000|100%| O|  |TAMS 0x0000000706600000, 0x0000000706400000| Untracked 
|  51|0x0000000706600000, 0x0000000706800000, 0x0000000706800000|100%| O|  |TAMS 0x0000000706800000, 0x0000000706600000| Untracked 
|  52|0x0000000706800000, 0x0000000706a00000, 0x0000000706a00000|100%| O|  |TAMS 0x0000000706a00000, 0x0000000706800000| Untracked 
|  53|0x0000000706a00000, 0x0000000706c00000, 0x0000000706c00000|100%| O|  |TAMS 0x0000000706c00000, 0x0000000706a00000| Untracked 
|  54|0x0000000706c00000, 0x0000000706e00000, 0x0000000706e00000|100%| O|  |TAMS 0x0000000706e00000, 0x0000000706c00000| Untracked 
|  55|0x0000000706e00000, 0x0000000707000000, 0x0000000707000000|100%| O|  |TAMS 0x0000000707000000, 0x0000000706e00000| Untracked 
|  56|0x0000000707000000, 0x0000000707200000, 0x0000000707200000|100%| O|  |TAMS 0x0000000707200000, 0x0000000707000000| Untracked 
|  57|0x0000000707200000, 0x0000000707400000, 0x0000000707400000|100%| O|  |TAMS 0x0000000707400000, 0x0000000707200000| Untracked 
|  58|0x0000000707400000, 0x0000000707600000, 0x0000000707600000|100%| O|  |TAMS 0x0000000707600000, 0x0000000707400000| Untracked 
|  59|0x0000000707600000, 0x0000000707800000, 0x0000000707800000|100%| O|  |TAMS 0x0000000707800000, 0x0000000707600000| Untracked 
|  60|0x0000000707800000, 0x0000000707a00000, 0x0000000707a00000|100%| O|  |TAMS 0x0000000707a00000, 0x0000000707800000| Untracked 
|  61|0x0000000707a00000, 0x0000000707c00000, 0x0000000707c00000|100%| O|  |TAMS 0x0000000707c00000, 0x0000000707a00000| Untracked 
|  62|0x0000000707c00000, 0x0000000707e00000, 0x0000000707e00000|100%| O|  |TAMS 0x0000000707e00000, 0x0000000707c00000| Untracked 
|  63|0x0000000707e00000, 0x0000000708000000, 0x0000000708000000|100%| O|  |TAMS 0x0000000708000000, 0x0000000707e00000| Untracked 
|  64|0x0000000708000000, 0x0000000708200000, 0x0000000708200000|100%| O|  |TAMS 0x0000000708200000, 0x0000000708000000| Untracked 
|  65|0x0000000708200000, 0x0000000708400000, 0x0000000708400000|100%| O|  |TAMS 0x0000000708400000, 0x0000000708200000| Untracked 
|  66|0x0000000708400000, 0x0000000708600000, 0x0000000708600000|100%| O|  |TAMS 0x0000000708600000, 0x0000000708400000| Untracked 
|  67|0x0000000708600000, 0x0000000708800000, 0x0000000708800000|100%| O|  |TAMS 0x0000000708800000, 0x0000000708600000| Untracked 
|  68|0x0000000708800000, 0x0000000708a00000, 0x0000000708a00000|100%|HS|  |TAMS 0x0000000708a00000, 0x0000000708800000| Complete 
|  69|0x0000000708a00000, 0x0000000708c00000, 0x0000000708c00000|100%|HC|  |TAMS 0x0000000708c00000, 0x0000000708a00000| Complete 
|  70|0x0000000708c00000, 0x0000000708e00000, 0x0000000708e00000|100%| O|  |TAMS 0x0000000708e00000, 0x0000000708c00000| Untracked 
|  71|0x0000000708e00000, 0x0000000709000000, 0x0000000709000000|100%|HS|  |TAMS 0x0000000709000000, 0x0000000708e00000| Complete 
|  72|0x0000000709000000, 0x0000000709200000, 0x0000000709200000|100%| O|  |TAMS 0x0000000709200000, 0x0000000709000000| Untracked 
|  73|0x0000000709200000, 0x0000000709400000, 0x0000000709400000|100%| O|  |TAMS 0x0000000709400000, 0x0000000709200000| Untracked 
|  74|0x0000000709400000, 0x0000000709600000, 0x0000000709600000|100%| O|  |TAMS 0x0000000709600000, 0x0000000709400000| Untracked 
|  75|0x0000000709600000, 0x0000000709800000, 0x0000000709800000|100%| O|  |TAMS 0x0000000709800000, 0x0000000709600000| Untracked 
|  76|0x0000000709800000, 0x0000000709a00000, 0x0000000709a00000|100%| O|  |TAMS 0x0000000709a00000, 0x0000000709800000| Untracked 
|  77|0x0000000709a00000, 0x0000000709c00000, 0x0000000709c00000|100%| O|  |TAMS 0x0000000709c00000, 0x0000000709a00000| Untracked 
|  78|0x0000000709c00000, 0x0000000709e00000, 0x0000000709e00000|100%| O|  |TAMS 0x0000000709e00000, 0x0000000709c00000| Untracked 
|  79|0x0000000709e00000, 0x000000070a000000, 0x000000070a000000|100%| O|  |TAMS 0x000000070a000000, 0x0000000709e00000| Untracked 
|  80|0x000000070a000000, 0x000000070a200000, 0x000000070a200000|100%| O|  |TAMS 0x000000070a200000, 0x000000070a000000| Untracked 
|  81|0x000000070a200000, 0x000000070a400000, 0x000000070a400000|100%| O|  |TAMS 0x000000070a400000, 0x000000070a200000| Untracked 
|  82|0x000000070a400000, 0x000000070a600000, 0x000000070a600000|100%| O|  |TAMS 0x000000070a600000, 0x000000070a400000| Untracked 
|  83|0x000000070a600000, 0x000000070a800000, 0x000000070a800000|100%| O|  |TAMS 0x000000070a800000, 0x000000070a600000| Untracked 
|  84|0x000000070a800000, 0x000000070aa00000, 0x000000070aa00000|100%| O|  |TAMS 0x000000070aa00000, 0x000000070a800000| Untracked 
|  85|0x000000070aa00000, 0x000000070ac00000, 0x000000070ac00000|100%| O|  |TAMS 0x000000070ac00000, 0x000000070aa00000| Untracked 
|  86|0x000000070ac00000, 0x000000070ae00000, 0x000000070ae00000|100%| O|  |TAMS 0x000000070ae00000, 0x000000070ac00000| Untracked 
|  87|0x000000070ae00000, 0x000000070b000000, 0x000000070b000000|100%|HS|  |TAMS 0x000000070b000000, 0x000000070ae00000| Complete 
|  88|0x000000070b000000, 0x000000070b200000, 0x000000070b200000|100%|HS|  |TAMS 0x000000070b000000, 0x000000070b000000| Complete 
|  89|0x000000070b200000, 0x000000070b400000, 0x000000070b400000|100%| O|  |TAMS 0x000000070b400000, 0x000000070b200000| Untracked 
|  90|0x000000070b400000, 0x000000070b600000, 0x000000070b600000|100%| O|  |TAMS 0x000000070b600000, 0x000000070b400000| Untracked 
|  91|0x000000070b600000, 0x000000070b800000, 0x000000070b800000|100%| O|  |TAMS 0x000000070b800000, 0x000000070b600000| Untracked 
|  92|0x000000070b800000, 0x000000070ba00000, 0x000000070ba00000|100%| O|  |TAMS 0x000000070ba00000, 0x000000070b800000| Untracked 
|  93|0x000000070ba00000, 0x000000070bc00000, 0x000000070bc00000|100%| O|  |TAMS 0x000000070bc00000, 0x000000070ba00000| Untracked 
|  94|0x000000070bc00000, 0x000000070be00000, 0x000000070be00000|100%| O|  |TAMS 0x000000070be00000, 0x000000070bc00000| Untracked 
|  95|0x000000070be00000, 0x000000070c000000, 0x000000070c000000|100%| O|  |TAMS 0x000000070c000000, 0x000000070be00000| Untracked 
|  96|0x000000070c000000, 0x000000070c200000, 0x000000070c200000|100%| O|  |TAMS 0x000000070c200000, 0x000000070c000000| Untracked 
|  97|0x000000070c200000, 0x000000070c400000, 0x000000070c400000|100%| O|  |TAMS 0x000000070c400000, 0x000000070c200000| Untracked 
|  98|0x000000070c400000, 0x000000070c600000, 0x000000070c600000|100%| O|  |TAMS 0x000000070c600000, 0x000000070c400000| Untracked 
|  99|0x000000070c600000, 0x000000070c800000, 0x000000070c800000|100%| O|  |TAMS 0x000000070c800000, 0x000000070c600000| Untracked 
| 100|0x000000070c800000, 0x000000070ca00000, 0x000000070ca00000|100%| O|  |TAMS 0x000000070ca00000, 0x000000070c800000| Untracked 
| 101|0x000000070ca00000, 0x000000070cc00000, 0x000000070cc00000|100%| O|  |TAMS 0x000000070cc00000, 0x000000070ca00000| Untracked 
| 102|0x000000070cc00000, 0x000000070ce00000, 0x000000070ce00000|100%| O|  |TAMS 0x000000070ce00000, 0x000000070cc00000| Untracked 
| 103|0x000000070ce00000, 0x000000070d000000, 0x000000070d000000|100%| O|  |TAMS 0x000000070d000000, 0x000000070ce00000| Untracked 
| 104|0x000000070d000000, 0x000000070d200000, 0x000000070d200000|100%| O|  |TAMS 0x000000070d200000, 0x000000070d000000| Untracked 
| 105|0x000000070d200000, 0x000000070d400000, 0x000000070d400000|100%| O|  |TAMS 0x000000070d400000, 0x000000070d200000| Untracked 
| 106|0x000000070d400000, 0x000000070d600000, 0x000000070d600000|100%| O|  |TAMS 0x000000070d600000, 0x000000070d400000| Untracked 
| 107|0x000000070d600000, 0x000000070d800000, 0x000000070d800000|100%| O|  |TAMS 0x000000070d800000, 0x000000070d600000| Untracked 
| 108|0x000000070d800000, 0x000000070da00000, 0x000000070da00000|100%| O|  |TAMS 0x000000070da00000, 0x000000070d800000| Untracked 
| 109|0x000000070da00000, 0x000000070dc00000, 0x000000070dc00000|100%| O|  |TAMS 0x000000070dc00000, 0x000000070da00000| Untracked 
| 110|0x000000070dc00000, 0x000000070de00000, 0x000000070de00000|100%| O|  |TAMS 0x000000070de00000, 0x000000070dc00000| Untracked 
| 111|0x000000070de00000, 0x000000070e000000, 0x000000070e000000|100%| O|  |TAMS 0x000000070e000000, 0x000000070de00000| Untracked 
| 112|0x000000070e000000, 0x000000070e200000, 0x000000070e200000|100%| O|  |TAMS 0x000000070e200000, 0x000000070e000000| Untracked 
| 113|0x000000070e200000, 0x000000070e400000, 0x000000070e400000|100%| O|  |TAMS 0x000000070e400000, 0x000000070e200000| Untracked 
| 114|0x000000070e400000, 0x000000070e600000, 0x000000070e600000|100%| O|  |TAMS 0x000000070e600000, 0x000000070e400000| Untracked 
| 115|0x000000070e600000, 0x000000070e800000, 0x000000070e800000|100%| O|  |TAMS 0x000000070e800000, 0x000000070e600000| Untracked 
| 116|0x000000070e800000, 0x000000070ea00000, 0x000000070ea00000|100%| O|  |TAMS 0x000000070ea00000, 0x000000070e800000| Untracked 
| 117|0x000000070ea00000, 0x000000070ec00000, 0x000000070ec00000|100%| O|  |TAMS 0x000000070ec00000, 0x000000070ea00000| Untracked 
| 118|0x000000070ec00000, 0x000000070ee00000, 0x000000070ee00000|100%| O|  |TAMS 0x000000070ee00000, 0x000000070ec00000| Untracked 
| 119|0x000000070ee00000, 0x000000070f000000, 0x000000070f000000|100%| O|  |TAMS 0x000000070f000000, 0x000000070ee00000| Untracked 
| 120|0x000000070f000000, 0x000000070f200000, 0x000000070f200000|100%| O|  |TAMS 0x000000070f200000, 0x000000070f000000| Untracked 
| 121|0x000000070f200000, 0x000000070f400000, 0x000000070f400000|100%| O|  |TAMS 0x000000070f400000, 0x000000070f200000| Untracked 
| 122|0x000000070f400000, 0x000000070f600000, 0x000000070f600000|100%| O|  |TAMS 0x000000070f400000, 0x000000070f400000| Untracked 
| 123|0x000000070f600000, 0x000000070f800000, 0x000000070f800000|100%| O|  |TAMS 0x000000070f800000, 0x000000070f600000| Untracked 
| 124|0x000000070f800000, 0x000000070fa00000, 0x000000070fa00000|100%| O|  |TAMS 0x000000070fa00000, 0x000000070f800000| Untracked 
| 125|0x000000070fa00000, 0x000000070fc00000, 0x000000070fc00000|100%| O|  |TAMS 0x000000070fc00000, 0x000000070fa00000| Untracked 
| 126|0x000000070fc00000, 0x000000070fe00000, 0x000000070fe00000|100%| O|  |TAMS 0x000000070fe00000, 0x000000070fc00000| Untracked 
| 127|0x000000070fe00000, 0x0000000710000000, 0x0000000710000000|100%| O|  |TAMS 0x0000000710000000, 0x000000070fe00000| Untracked 
| 128|0x0000000710000000, 0x0000000710200000, 0x0000000710200000|100%| O|  |TAMS 0x0000000710200000, 0x0000000710000000| Untracked 
| 129|0x0000000710200000, 0x0000000710400000, 0x0000000710400000|100%| O|  |TAMS 0x0000000710400000, 0x0000000710200000| Untracked 
| 130|0x0000000710400000, 0x0000000710600000, 0x0000000710600000|100%| O|  |TAMS 0x0000000710600000, 0x0000000710400000| Untracked 
| 131|0x0000000710600000, 0x0000000710800000, 0x0000000710800000|100%| O|  |TAMS 0x0000000710800000, 0x0000000710600000| Untracked 
| 132|0x0000000710800000, 0x0000000710a00000, 0x0000000710a00000|100%| O|  |TAMS 0x0000000710a00000, 0x0000000710800000| Untracked 
| 133|0x0000000710a00000, 0x0000000710c00000, 0x0000000710c00000|100%| O|  |TAMS 0x0000000710c00000, 0x0000000710a00000| Untracked 
| 134|0x0000000710c00000, 0x0000000710e00000, 0x0000000710e00000|100%| O|  |TAMS 0x0000000710c00000, 0x0000000710c00000| Untracked 
| 135|0x0000000710e00000, 0x0000000711000000, 0x0000000711000000|100%| O|  |TAMS 0x0000000711000000, 0x0000000710e00000| Untracked 
| 136|0x0000000711000000, 0x0000000711200000, 0x0000000711200000|100%| O|  |TAMS 0x0000000711200000, 0x0000000711000000| Untracked 
| 137|0x0000000711200000, 0x0000000711400000, 0x0000000711400000|100%| O|  |TAMS 0x0000000711400000, 0x0000000711200000| Untracked 
| 138|0x0000000711400000, 0x0000000711600000, 0x0000000711600000|100%| O|  |TAMS 0x0000000711600000, 0x0000000711400000| Untracked 
| 139|0x0000000711600000, 0x0000000711800000, 0x0000000711800000|100%| O|  |TAMS 0x0000000711800000, 0x0000000711600000| Untracked 
| 140|0x0000000711800000, 0x0000000711a00000, 0x0000000711a00000|100%| O|  |TAMS 0x0000000711a00000, 0x0000000711800000| Untracked 
| 141|0x0000000711a00000, 0x0000000711c00000, 0x0000000711c00000|100%| O|  |TAMS 0x0000000711c00000, 0x0000000711a00000| Untracked 
| 142|0x0000000711c00000, 0x0000000711e00000, 0x0000000711e00000|100%| O|  |TAMS 0x0000000711e00000, 0x0000000711c00000| Untracked 
| 143|0x0000000711e00000, 0x0000000712000000, 0x0000000712000000|100%| O|  |TAMS 0x0000000712000000, 0x0000000711e00000| Untracked 
| 144|0x0000000712000000, 0x0000000712200000, 0x0000000712200000|100%| O|  |TAMS 0x0000000712200000, 0x0000000712000000| Untracked 
| 145|0x0000000712200000, 0x0000000712400000, 0x0000000712400000|100%| O|  |TAMS 0x0000000712400000, 0x0000000712200000| Untracked 
| 146|0x0000000712400000, 0x0000000712600000, 0x0000000712600000|100%| O|  |TAMS 0x0000000712600000, 0x0000000712400000| Untracked 
| 147|0x0000000712600000, 0x0000000712800000, 0x0000000712800000|100%| O|  |TAMS 0x0000000712800000, 0x0000000712600000| Untracked 
| 148|0x0000000712800000, 0x0000000712a00000, 0x0000000712a00000|100%| O|  |TAMS 0x0000000712a00000, 0x0000000712800000| Untracked 
| 149|0x0000000712a00000, 0x0000000712c00000, 0x0000000712c00000|100%| O|  |TAMS 0x0000000712c00000, 0x0000000712a00000| Untracked 
| 150|0x0000000712c00000, 0x0000000712e00000, 0x0000000712e00000|100%| O|  |TAMS 0x0000000712e00000, 0x0000000712c00000| Untracked 
| 151|0x0000000712e00000, 0x0000000713000000, 0x0000000713000000|100%| O|  |TAMS 0x0000000713000000, 0x0000000712e00000| Untracked 
| 152|0x0000000713000000, 0x0000000713200000, 0x0000000713200000|100%| O|  |TAMS 0x0000000713200000, 0x0000000713000000| Untracked 
| 153|0x0000000713200000, 0x0000000713400000, 0x0000000713400000|100%| O|  |TAMS 0x0000000713400000, 0x0000000713200000| Untracked 
| 154|0x0000000713400000, 0x0000000713600000, 0x0000000713600000|100%| O|  |TAMS 0x0000000713600000, 0x0000000713400000| Untracked 
| 155|0x0000000713600000, 0x0000000713800000, 0x0000000713800000|100%| O|  |TAMS 0x0000000713800000, 0x0000000713600000| Untracked 
| 156|0x0000000713800000, 0x0000000713a00000, 0x0000000713a00000|100%| O|  |TAMS 0x0000000713a00000, 0x0000000713800000| Untracked 
| 157|0x0000000713a00000, 0x0000000713c00000, 0x0000000713c00000|100%| O|  |TAMS 0x0000000713c00000, 0x0000000713a00000| Untracked 
| 158|0x0000000713c00000, 0x0000000713e00000, 0x0000000713e00000|100%| O|  |TAMS 0x0000000713e00000, 0x0000000713c00000| Untracked 
| 159|0x0000000713e00000, 0x0000000714000000, 0x0000000714000000|100%| O|  |TAMS 0x0000000714000000, 0x0000000713e00000| Untracked 
| 160|0x0000000714000000, 0x0000000714200000, 0x0000000714200000|100%| O|  |TAMS 0x0000000714200000, 0x0000000714000000| Untracked 
| 161|0x0000000714200000, 0x0000000714400000, 0x0000000714400000|100%| O|  |TAMS 0x0000000714400000, 0x0000000714200000| Untracked 
| 162|0x0000000714400000, 0x0000000714600000, 0x0000000714600000|100%| O|  |TAMS 0x0000000714600000, 0x0000000714400000| Untracked 
| 163|0x0000000714600000, 0x0000000714800000, 0x0000000714800000|100%| O|  |TAMS 0x0000000714800000, 0x0000000714600000| Untracked 
| 164|0x0000000714800000, 0x0000000714a00000, 0x0000000714a00000|100%| O|  |TAMS 0x0000000714a00000, 0x0000000714800000| Untracked 
| 165|0x0000000714a00000, 0x0000000714c00000, 0x0000000714c00000|100%| O|  |TAMS 0x0000000714c00000, 0x0000000714a00000| Untracked 
| 166|0x0000000714c00000, 0x0000000714e00000, 0x0000000714e00000|100%| O|  |TAMS 0x0000000714e00000, 0x0000000714c00000| Untracked 
| 167|0x0000000714e00000, 0x0000000715000000, 0x0000000715000000|100%| O|  |TAMS 0x0000000715000000, 0x0000000714e00000| Untracked 
| 168|0x0000000715000000, 0x0000000715200000, 0x0000000715200000|100%| O|  |TAMS 0x0000000715200000, 0x0000000715000000| Untracked 
| 169|0x0000000715200000, 0x0000000715400000, 0x0000000715400000|100%| O|  |TAMS 0x0000000715400000, 0x0000000715200000| Untracked 
| 170|0x0000000715400000, 0x0000000715600000, 0x0000000715600000|100%| O|  |TAMS 0x0000000715600000, 0x0000000715400000| Untracked 
| 171|0x0000000715600000, 0x0000000715800000, 0x0000000715800000|100%| O|  |TAMS 0x0000000715800000, 0x0000000715600000| Untracked 
| 172|0x0000000715800000, 0x0000000715a00000, 0x0000000715a00000|100%| O|  |TAMS 0x0000000715a00000, 0x0000000715800000| Untracked 
| 173|0x0000000715a00000, 0x0000000715c00000, 0x0000000715c00000|100%|HS|  |TAMS 0x0000000715a00000, 0x0000000715a00000| Complete 
| 174|0x0000000715c00000, 0x0000000715e00000, 0x0000000715e00000|100%| O|  |TAMS 0x0000000715e00000, 0x0000000715c00000| Untracked 
| 175|0x0000000715e00000, 0x0000000716000000, 0x0000000716000000|100%| O|  |TAMS 0x0000000716000000, 0x0000000715e00000| Untracked 
| 176|0x0000000716000000, 0x0000000716200000, 0x0000000716200000|100%| O|  |TAMS 0x0000000716000000, 0x0000000716000000| Untracked 
| 177|0x0000000716200000, 0x0000000716400000, 0x0000000716400000|100%| O|  |TAMS 0x000000071628c600, 0x0000000716200000| Untracked 
| 178|0x0000000716400000, 0x0000000716600000, 0x0000000716600000|100%| O|  |TAMS 0x0000000716400000, 0x0000000716400000| Untracked 
| 179|0x0000000716600000, 0x0000000716800000, 0x0000000716800000|100%| O|  |TAMS 0x0000000716600000, 0x0000000716600000| Untracked 
| 180|0x0000000716800000, 0x0000000716a00000, 0x0000000716a00000|100%|HS|  |TAMS 0x0000000716a00000, 0x0000000716800000| Complete 
| 181|0x0000000716a00000, 0x0000000716c00000, 0x0000000716c00000|100%| O|  |TAMS 0x0000000716a00000, 0x0000000716a00000| Untracked 
| 182|0x0000000716c00000, 0x0000000716e00000, 0x0000000716e00000|100%| O|  |TAMS 0x0000000716c00000, 0x0000000716c00000| Untracked 
| 183|0x0000000716e00000, 0x0000000717000000, 0x0000000717000000|100%| O|  |TAMS 0x0000000716e00000, 0x0000000716e00000| Untracked 
| 184|0x0000000717000000, 0x0000000717200000, 0x0000000717200000|100%| O|  |TAMS 0x0000000717000000, 0x0000000717000000| Untracked 
| 185|0x0000000717200000, 0x0000000717400000, 0x0000000717400000|100%| O|  |TAMS 0x0000000717200000, 0x0000000717200000| Untracked 
| 186|0x0000000717400000, 0x0000000717600000, 0x0000000717600000|100%| O|  |TAMS 0x0000000717400000, 0x0000000717400000| Untracked 
| 187|0x0000000717600000, 0x0000000717800000, 0x0000000717800000|100%| O|  |TAMS 0x0000000717600000, 0x0000000717600000| Untracked 
| 188|0x0000000717800000, 0x0000000717a00000, 0x0000000717a00000|100%| O|  |TAMS 0x0000000717800000, 0x0000000717800000| Untracked 
| 189|0x0000000717a00000, 0x0000000717c00000, 0x0000000717c00000|100%| O|  |TAMS 0x0000000717a00000, 0x0000000717a00000| Untracked 
| 190|0x0000000717c00000, 0x0000000717e00000, 0x0000000717e00000|100%| O|  |TAMS 0x0000000717c00000, 0x0000000717c00000| Untracked 
| 191|0x0000000717e00000, 0x0000000718000000, 0x0000000718000000|100%| O|  |TAMS 0x0000000717e00000, 0x0000000717e00000| Untracked 
| 192|0x0000000718000000, 0x0000000718200000, 0x0000000718200000|100%| O|  |TAMS 0x0000000718000000, 0x0000000718000000| Untracked 
| 193|0x0000000718200000, 0x0000000718400000, 0x0000000718400000|100%| O|  |TAMS 0x0000000718200000, 0x0000000718200000| Untracked 
| 194|0x0000000718400000, 0x0000000718600000, 0x0000000718600000|100%| O|  |TAMS 0x0000000718400000, 0x0000000718400000| Untracked 
| 195|0x0000000718600000, 0x0000000718800000, 0x0000000718800000|100%| O|  |TAMS 0x0000000718600000, 0x0000000718600000| Untracked 
| 196|0x0000000718800000, 0x0000000718a00000, 0x0000000718a00000|100%| O|  |TAMS 0x0000000718800000, 0x0000000718800000| Untracked 
| 197|0x0000000718a00000, 0x0000000718c00000, 0x0000000718c00000|100%| O|  |TAMS 0x0000000718a00000, 0x0000000718a00000| Untracked 
| 198|0x0000000718c00000, 0x0000000718e00000, 0x0000000718e00000|100%| O|  |TAMS 0x0000000718c00000, 0x0000000718c00000| Untracked 
| 199|0x0000000718e00000, 0x0000000719000000, 0x0000000719000000|100%| O|  |TAMS 0x0000000718e00000, 0x0000000718e00000| Untracked 
| 200|0x0000000719000000, 0x0000000719200000, 0x0000000719200000|100%| O|  |TAMS 0x0000000719000000, 0x0000000719000000| Untracked 
| 201|0x0000000719200000, 0x0000000719400000, 0x0000000719400000|100%| O|  |TAMS 0x0000000719200000, 0x0000000719200000| Untracked 
| 202|0x0000000719400000, 0x0000000719600000, 0x0000000719600000|100%| O|  |TAMS 0x0000000719400000, 0x0000000719400000| Untracked 
| 203|0x0000000719600000, 0x0000000719800000, 0x0000000719800000|100%| O|  |TAMS 0x0000000719600000, 0x0000000719600000| Untracked 
| 204|0x0000000719800000, 0x0000000719a00000, 0x0000000719a00000|100%| O|  |TAMS 0x0000000719800000, 0x0000000719800000| Untracked 
| 205|0x0000000719a00000, 0x0000000719c00000, 0x0000000719c00000|100%| O|  |TAMS 0x0000000719a00000, 0x0000000719a00000| Untracked 
| 206|0x0000000719c00000, 0x0000000719e00000, 0x0000000719e00000|100%| O|  |TAMS 0x0000000719c00000, 0x0000000719c00000| Untracked 
| 207|0x0000000719e00000, 0x000000071a000000, 0x000000071a000000|100%| O|  |TAMS 0x0000000719e00000, 0x0000000719e00000| Untracked 
| 208|0x000000071a000000, 0x000000071a200000, 0x000000071a200000|100%| O|  |TAMS 0x000000071a000000, 0x000000071a000000| Untracked 
| 209|0x000000071a200000, 0x000000071a400000, 0x000000071a400000|100%| O|  |TAMS 0x000000071a200000, 0x000000071a200000| Untracked 
| 210|0x000000071a400000, 0x000000071a600000, 0x000000071a600000|100%| O|  |TAMS 0x000000071a400000, 0x000000071a400000| Untracked 
| 211|0x000000071a600000, 0x000000071a800000, 0x000000071a800000|100%| O|  |TAMS 0x000000071a600000, 0x000000071a600000| Untracked 
| 212|0x000000071a800000, 0x000000071aa00000, 0x000000071aa00000|100%| O|  |TAMS 0x000000071a800000, 0x000000071a800000| Untracked 
| 213|0x000000071aa00000, 0x000000071ac00000, 0x000000071ac00000|100%| O|  |TAMS 0x000000071aa00000, 0x000000071aa00000| Untracked 
| 214|0x000000071ac00000, 0x000000071ae00000, 0x000000071ae00000|100%| O|  |TAMS 0x000000071ac00000, 0x000000071ac00000| Untracked 
| 215|0x000000071ae00000, 0x000000071b000000, 0x000000071b000000|100%| O|  |TAMS 0x000000071ae00000, 0x000000071ae00000| Untracked 
| 216|0x000000071b000000, 0x000000071b200000, 0x000000071b200000|100%| O|  |TAMS 0x000000071b000000, 0x000000071b000000| Untracked 
| 217|0x000000071b200000, 0x000000071b400000, 0x000000071b400000|100%| O|  |TAMS 0x000000071b200000, 0x000000071b200000| Untracked 
| 218|0x000000071b400000, 0x000000071b600000, 0x000000071b600000|100%| O|  |TAMS 0x000000071b400000, 0x000000071b400000| Untracked 
| 219|0x000000071b600000, 0x000000071b800000, 0x000000071b800000|100%|HS|  |TAMS 0x000000071b600000, 0x000000071b600000| Complete 
| 220|0x000000071b800000, 0x000000071ba00000, 0x000000071ba00000|100%|HS|  |TAMS 0x000000071b800000, 0x000000071b800000| Complete 
| 221|0x000000071ba00000, 0x000000071bc00000, 0x000000071bc00000|100%| O|  |TAMS 0x000000071ba00000, 0x000000071ba00000| Untracked 
| 222|0x000000071bc00000, 0x000000071be00000, 0x000000071be00000|100%| O|  |TAMS 0x000000071bc00000, 0x000000071bc00000| Untracked 
| 223|0x000000071be00000, 0x000000071c000000, 0x000000071c000000|100%| O|  |TAMS 0x000000071be00000, 0x000000071be00000| Untracked 
| 224|0x000000071c000000, 0x000000071c200000, 0x000000071c200000|100%| O|  |TAMS 0x000000071c000000, 0x000000071c000000| Untracked 
| 225|0x000000071c200000, 0x000000071c400000, 0x000000071c400000|100%| O|  |TAMS 0x000000071c200000, 0x000000071c200000| Untracked 
| 226|0x000000071c400000, 0x000000071c600000, 0x000000071c600000|100%| O|  |TAMS 0x000000071c400000, 0x000000071c400000| Untracked 
| 227|0x000000071c600000, 0x000000071c800000, 0x000000071c800000|100%| O|  |TAMS 0x000000071c600000, 0x000000071c600000| Untracked 
| 228|0x000000071c800000, 0x000000071ca00000, 0x000000071ca00000|100%| O|  |TAMS 0x000000071c800000, 0x000000071c800000| Untracked 
| 229|0x000000071ca00000, 0x000000071cc00000, 0x000000071cc00000|100%| O|  |TAMS 0x000000071ca00000, 0x000000071ca00000| Untracked 
| 230|0x000000071cc00000, 0x000000071ce00000, 0x000000071ce00000|100%| O|  |TAMS 0x000000071cc00000, 0x000000071cc00000| Untracked 
| 231|0x000000071ce00000, 0x000000071d000000, 0x000000071d000000|100%| O|  |TAMS 0x000000071ce00000, 0x000000071ce00000| Untracked 
| 232|0x000000071d000000, 0x000000071d200000, 0x000000071d200000|100%| O|  |TAMS 0x000000071d000000, 0x000000071d000000| Untracked 
| 233|0x000000071d200000, 0x000000071d400000, 0x000000071d400000|100%| O|  |TAMS 0x000000071d200000, 0x000000071d200000| Untracked 
| 234|0x000000071d400000, 0x000000071d600000, 0x000000071d600000|100%| O|  |TAMS 0x000000071d400000, 0x000000071d400000| Untracked 
| 235|0x000000071d600000, 0x000000071d800000, 0x000000071d800000|100%| O|  |TAMS 0x000000071d600000, 0x000000071d600000| Untracked 
| 236|0x000000071d800000, 0x000000071da00000, 0x000000071da00000|100%| O|  |TAMS 0x000000071d800000, 0x000000071d800000| Untracked 
| 237|0x000000071da00000, 0x000000071dc00000, 0x000000071dc00000|100%| O|  |TAMS 0x000000071da00000, 0x000000071da00000| Untracked 
| 238|0x000000071dc00000, 0x000000071de00000, 0x000000071de00000|100%| O|  |TAMS 0x000000071dc00000, 0x000000071dc00000| Untracked 
| 239|0x000000071de00000, 0x000000071e000000, 0x000000071e000000|100%| O|  |TAMS 0x000000071de00000, 0x000000071de00000| Untracked 
| 240|0x000000071e000000, 0x000000071e200000, 0x000000071e200000|100%| O|  |TAMS 0x000000071e000000, 0x000000071e000000| Untracked 
| 241|0x000000071e200000, 0x000000071e400000, 0x000000071e400000|100%| O|  |TAMS 0x000000071e200000, 0x000000071e200000| Untracked 
| 242|0x000000071e400000, 0x000000071e600000, 0x000000071e600000|100%| O|  |TAMS 0x000000071e400000, 0x000000071e400000| Untracked 
| 243|0x000000071e600000, 0x000000071e800000, 0x000000071e800000|100%| O|  |TAMS 0x000000071e600000, 0x000000071e600000| Untracked 
| 244|0x000000071e800000, 0x000000071ea00000, 0x000000071ea00000|100%| O|  |TAMS 0x000000071e800000, 0x000000071e800000| Untracked 
| 245|0x000000071ea00000, 0x000000071ec00000, 0x000000071ec00000|100%| O|  |TAMS 0x000000071ea00000, 0x000000071ea00000| Untracked 
| 246|0x000000071ec00000, 0x000000071ee00000, 0x000000071ee00000|100%| O|  |TAMS 0x000000071ec00000, 0x000000071ec00000| Untracked 
| 247|0x000000071ee00000, 0x000000071f000000, 0x000000071f000000|100%| O|  |TAMS 0x000000071ee00000, 0x000000071ee00000| Untracked 
| 248|0x000000071f000000, 0x000000071f200000, 0x000000071f200000|100%| O|  |TAMS 0x000000071f000000, 0x000000071f000000| Untracked 
| 249|0x000000071f200000, 0x000000071f400000, 0x000000071f400000|100%|HS|  |TAMS 0x000000071f200000, 0x000000071f200000| Complete 
| 250|0x000000071f400000, 0x000000071f600000, 0x000000071f600000|100%| O|  |TAMS 0x000000071f400000, 0x000000071f400000| Untracked 
| 251|0x000000071f600000, 0x000000071f800000, 0x000000071f800000|100%| O|  |TAMS 0x000000071f600000, 0x000000071f600000| Untracked 
| 252|0x000000071f800000, 0x000000071fa00000, 0x000000071fa00000|100%|HS|  |TAMS 0x000000071f800000, 0x000000071f800000| Complete 
| 253|0x000000071fa00000, 0x000000071fc00000, 0x000000071fc00000|100%| O|  |TAMS 0x000000071fa00000, 0x000000071fa00000| Untracked 
| 254|0x000000071fc00000, 0x000000071fe00000, 0x000000071fe00000|100%|HS|  |TAMS 0x000000071fc00000, 0x000000071fc00000| Complete 
| 255|0x000000071fe00000, 0x0000000720000000, 0x0000000720000000|100%| O|  |TAMS 0x000000071fe00000, 0x000000071fe00000| Untracked 
| 256|0x0000000720000000, 0x0000000720200000, 0x0000000720200000|100%| O|  |TAMS 0x0000000720000000, 0x0000000720000000| Untracked 
| 257|0x0000000720200000, 0x0000000720400000, 0x0000000720400000|100%| O|  |TAMS 0x0000000720200000, 0x0000000720200000| Untracked 
| 258|0x0000000720400000, 0x0000000720600000, 0x0000000720600000|100%| O|  |TAMS 0x0000000720400000, 0x0000000720400000| Untracked 
| 259|0x0000000720600000, 0x0000000720800000, 0x0000000720800000|100%| O|  |TAMS 0x0000000720600000, 0x0000000720600000| Untracked 
| 260|0x0000000720800000, 0x0000000720a00000, 0x0000000720a00000|100%| O|  |TAMS 0x0000000720800000, 0x0000000720800000| Untracked 
| 261|0x0000000720a00000, 0x0000000720c00000, 0x0000000720c00000|100%| O|  |TAMS 0x0000000720a00000, 0x0000000720a00000| Untracked 
| 262|0x0000000720c00000, 0x0000000720e00000, 0x0000000720e00000|100%| O|  |TAMS 0x0000000720c00000, 0x0000000720c00000| Untracked 
| 263|0x0000000720e00000, 0x0000000721000000, 0x0000000721000000|100%|HS|  |TAMS 0x0000000720e00000, 0x0000000720e00000| Complete 
| 264|0x0000000721000000, 0x0000000721200000, 0x0000000721200000|100%| O|  |TAMS 0x0000000721000000, 0x0000000721000000| Untracked 
| 265|0x0000000721200000, 0x0000000721400000, 0x0000000721400000|100%| O|  |TAMS 0x0000000721200000, 0x0000000721200000| Untracked 
| 266|0x0000000721400000, 0x0000000721600000, 0x0000000721600000|100%| O|  |TAMS 0x0000000721400000, 0x0000000721400000| Untracked 
| 267|0x0000000721600000, 0x0000000721800000, 0x0000000721800000|100%| O|  |TAMS 0x0000000721600000, 0x0000000721600000| Untracked 
| 268|0x0000000721800000, 0x0000000721a00000, 0x0000000721a00000|100%| O|  |TAMS 0x0000000721800000, 0x0000000721800000| Untracked 
| 269|0x0000000721a00000, 0x0000000721c00000, 0x0000000721c00000|100%| O|  |TAMS 0x0000000721a00000, 0x0000000721a00000| Untracked 
| 270|0x0000000721c00000, 0x0000000721e00000, 0x0000000721e00000|100%| O|  |TAMS 0x0000000721c00000, 0x0000000721c00000| Untracked 
| 271|0x0000000721e00000, 0x0000000722000000, 0x0000000722000000|100%| O|  |TAMS 0x0000000721e00000, 0x0000000721e00000| Untracked 
| 272|0x0000000722000000, 0x0000000722200000, 0x0000000722200000|100%| O|  |TAMS 0x0000000722000000, 0x0000000722000000| Untracked 
| 273|0x0000000722200000, 0x0000000722400000, 0x0000000722400000|100%| O|  |TAMS 0x0000000722200000, 0x0000000722200000| Untracked 
| 274|0x0000000722400000, 0x0000000722600000, 0x0000000722600000|100%| O|  |TAMS 0x0000000722400000, 0x0000000722400000| Untracked 
| 275|0x0000000722600000, 0x0000000722800000, 0x0000000722800000|100%| O|  |TAMS 0x0000000722600000, 0x0000000722600000| Untracked 
| 276|0x0000000722800000, 0x0000000722a00000, 0x0000000722a00000|100%| O|  |TAMS 0x0000000722800000, 0x0000000722800000| Untracked 
| 277|0x0000000722a00000, 0x0000000722c00000, 0x0000000722c00000|100%| O|  |TAMS 0x0000000722a00000, 0x0000000722a00000| Untracked 
| 278|0x0000000722c00000, 0x0000000722e00000, 0x0000000722e00000|100%|HS|  |TAMS 0x0000000722c00000, 0x0000000722c00000| Complete 
| 279|0x0000000722e00000, 0x0000000723000000, 0x0000000723000000|100%| O|  |TAMS 0x0000000722e00000, 0x0000000722e00000| Untracked 
| 280|0x0000000723000000, 0x0000000723200000, 0x0000000723200000|100%| O|  |TAMS 0x0000000723000000, 0x0000000723000000| Untracked 
| 281|0x0000000723200000, 0x0000000723400000, 0x0000000723400000|100%|HS|  |TAMS 0x0000000723200000, 0x0000000723200000| Complete 
| 282|0x0000000723400000, 0x0000000723600000, 0x0000000723600000|100%| O|  |TAMS 0x0000000723400000, 0x0000000723400000| Untracked 
| 283|0x0000000723600000, 0x0000000723800000, 0x0000000723800000|100%| O|  |TAMS 0x0000000723600000, 0x0000000723600000| Untracked 
| 284|0x0000000723800000, 0x0000000723a00000, 0x0000000723a00000|100%| O|  |TAMS 0x0000000723800000, 0x0000000723800000| Untracked 
| 285|0x0000000723a00000, 0x0000000723c00000, 0x0000000723c00000|100%| O|  |TAMS 0x0000000723a00000, 0x0000000723a00000| Untracked 
| 286|0x0000000723c00000, 0x0000000723e00000, 0x0000000723e00000|100%| O|  |TAMS 0x0000000723c00000, 0x0000000723c00000| Untracked 
| 287|0x0000000723e00000, 0x0000000724000000, 0x0000000724000000|100%| O|  |TAMS 0x0000000723e00000, 0x0000000723e00000| Untracked 
| 288|0x0000000724000000, 0x0000000724200000, 0x0000000724200000|100%| O|  |TAMS 0x0000000724000000, 0x0000000724000000| Untracked 
| 289|0x0000000724200000, 0x0000000724400000, 0x0000000724400000|100%| O|  |TAMS 0x0000000724200000, 0x0000000724200000| Untracked 
| 290|0x0000000724400000, 0x0000000724600000, 0x0000000724600000|100%| O|  |TAMS 0x0000000724400000, 0x0000000724400000| Untracked 
| 291|0x0000000724600000, 0x0000000724800000, 0x0000000724800000|100%| O|  |TAMS 0x0000000724600000, 0x0000000724600000| Untracked 
| 292|0x0000000724800000, 0x0000000724a00000, 0x0000000724a00000|100%| O|  |TAMS 0x0000000724800000, 0x0000000724800000| Untracked 
| 293|0x0000000724a00000, 0x0000000724c00000, 0x0000000724c00000|100%| O|  |TAMS 0x0000000724a00000, 0x0000000724a00000| Untracked 
| 294|0x0000000724c00000, 0x0000000724e00000, 0x0000000724e00000|100%| O|  |TAMS 0x0000000724c00000, 0x0000000724c00000| Untracked 
| 295|0x0000000724e00000, 0x0000000725000000, 0x0000000725000000|100%| O|  |TAMS 0x0000000724e00000, 0x0000000724e00000| Untracked 
| 296|0x0000000725000000, 0x0000000725200000, 0x0000000725200000|100%| O|  |TAMS 0x0000000725000000, 0x0000000725000000| Untracked 
| 297|0x0000000725200000, 0x0000000725400000, 0x0000000725400000|100%| O|  |TAMS 0x0000000725200000, 0x0000000725200000| Untracked 
| 298|0x0000000725400000, 0x0000000725600000, 0x0000000725600000|100%| O|  |TAMS 0x0000000725400000, 0x0000000725400000| Untracked 
| 299|0x0000000725600000, 0x0000000725800000, 0x0000000725800000|100%| O|  |TAMS 0x0000000725600000, 0x0000000725600000| Untracked 
| 300|0x0000000725800000, 0x0000000725a00000, 0x0000000725a00000|100%| O|  |TAMS 0x0000000725800000, 0x0000000725800000| Untracked 
| 301|0x0000000725a00000, 0x0000000725a4c600, 0x0000000725c00000| 14%| O|  |TAMS 0x0000000725a00000, 0x0000000725a00000| Untracked 
| 302|0x0000000725c00000, 0x0000000725c00000, 0x0000000725e00000|  0%| F|  |TAMS 0x0000000725c00000, 0x0000000725c00000| Untracked 
| 303|0x0000000725e00000, 0x0000000725e00000, 0x0000000726000000|  0%| F|  |TAMS 0x0000000725e00000, 0x0000000725e00000| Untracked 
| 304|0x0000000726000000, 0x0000000726000000, 0x0000000726200000|  0%| F|  |TAMS 0x0000000726000000, 0x0000000726000000| Untracked 
| 305|0x0000000726200000, 0x0000000726200000, 0x0000000726400000|  0%| F|  |TAMS 0x0000000726200000, 0x0000000726200000| Untracked 
| 306|0x0000000726400000, 0x0000000726400000, 0x0000000726600000|  0%| F|  |TAMS 0x0000000726400000, 0x0000000726400000| Untracked 
| 307|0x0000000726600000, 0x0000000726600000, 0x0000000726800000|  0%| F|  |TAMS 0x0000000726600000, 0x0000000726600000| Untracked 
| 308|0x0000000726800000, 0x0000000726800000, 0x0000000726a00000|  0%| F|  |TAMS 0x0000000726800000, 0x0000000726800000| Untracked 
| 309|0x0000000726a00000, 0x0000000726a00000, 0x0000000726c00000|  0%| F|  |TAMS 0x0000000726a00000, 0x0000000726a00000| Untracked 
| 310|0x0000000726c00000, 0x0000000726c00000, 0x0000000726e00000|  0%| F|  |TAMS 0x0000000726c00000, 0x0000000726c00000| Untracked 
| 311|0x0000000726e00000, 0x0000000726e00000, 0x0000000727000000|  0%| F|  |TAMS 0x0000000726e00000, 0x0000000726e00000| Untracked 
| 312|0x0000000727000000, 0x0000000727000000, 0x0000000727200000|  0%| F|  |TAMS 0x0000000727000000, 0x0000000727000000| Untracked 
| 313|0x0000000727200000, 0x0000000727200000, 0x0000000727400000|  0%| F|  |TAMS 0x0000000727200000, 0x0000000727200000| Untracked 
| 314|0x0000000727400000, 0x0000000727400000, 0x0000000727600000|  0%| F|  |TAMS 0x0000000727400000, 0x0000000727400000| Untracked 
| 315|0x0000000727600000, 0x0000000727600000, 0x0000000727800000|  0%| F|  |TAMS 0x0000000727600000, 0x0000000727600000| Untracked 
| 316|0x0000000727800000, 0x0000000727800000, 0x0000000727a00000|  0%| F|  |TAMS 0x0000000727800000, 0x0000000727800000| Untracked 
| 317|0x0000000727a00000, 0x0000000727a00000, 0x0000000727c00000|  0%| F|  |TAMS 0x0000000727a00000, 0x0000000727a00000| Untracked 
| 318|0x0000000727c00000, 0x0000000727c00000, 0x0000000727e00000|  0%| F|  |TAMS 0x0000000727c00000, 0x0000000727c00000| Untracked 
| 319|0x0000000727e00000, 0x0000000727e00000, 0x0000000728000000|  0%| F|  |TAMS 0x0000000727e00000, 0x0000000727e00000| Untracked 
| 320|0x0000000728000000, 0x0000000728000000, 0x0000000728200000|  0%| F|  |TAMS 0x0000000728000000, 0x0000000728000000| Untracked 
| 321|0x0000000728200000, 0x0000000728200000, 0x0000000728400000|  0%| F|  |TAMS 0x0000000728200000, 0x0000000728200000| Untracked 
| 322|0x0000000728400000, 0x0000000728400000, 0x0000000728600000|  0%| F|  |TAMS 0x0000000728400000, 0x0000000728400000| Untracked 
| 323|0x0000000728600000, 0x0000000728600000, 0x0000000728800000|  0%| F|  |TAMS 0x0000000728600000, 0x0000000728600000| Untracked 
| 324|0x0000000728800000, 0x0000000728800000, 0x0000000728a00000|  0%| F|  |TAMS 0x0000000728800000, 0x0000000728800000| Untracked 
| 325|0x0000000728a00000, 0x0000000728a00000, 0x0000000728c00000|  0%| F|  |TAMS 0x0000000728a00000, 0x0000000728a00000| Untracked 
| 326|0x0000000728c00000, 0x0000000728c00000, 0x0000000728e00000|  0%| F|  |TAMS 0x0000000728c00000, 0x0000000728c00000| Untracked 
| 327|0x0000000728e00000, 0x0000000728e00000, 0x0000000729000000|  0%| F|  |TAMS 0x0000000728e00000, 0x0000000728e00000| Untracked 
| 328|0x0000000729000000, 0x0000000729000000, 0x0000000729200000|  0%| F|  |TAMS 0x0000000729000000, 0x0000000729000000| Untracked 
| 329|0x0000000729200000, 0x0000000729200000, 0x0000000729400000|  0%| F|  |TAMS 0x0000000729200000, 0x0000000729200000| Untracked 
| 330|0x0000000729400000, 0x0000000729400000, 0x0000000729600000|  0%| F|  |TAMS 0x0000000729400000, 0x0000000729400000| Untracked 
| 331|0x0000000729600000, 0x0000000729600000, 0x0000000729800000|  0%| F|  |TAMS 0x0000000729600000, 0x0000000729600000| Untracked 
| 332|0x0000000729800000, 0x0000000729800000, 0x0000000729a00000|  0%| F|  |TAMS 0x0000000729800000, 0x0000000729800000| Untracked 
| 333|0x0000000729a00000, 0x0000000729a00000, 0x0000000729c00000|  0%| F|  |TAMS 0x0000000729a00000, 0x0000000729a00000| Untracked 
| 334|0x0000000729c00000, 0x0000000729c00000, 0x0000000729e00000|  0%| F|  |TAMS 0x0000000729c00000, 0x0000000729c00000| Untracked 
| 335|0x0000000729e00000, 0x0000000729e00000, 0x000000072a000000|  0%| F|  |TAMS 0x0000000729e00000, 0x0000000729e00000| Untracked 
| 336|0x000000072a000000, 0x000000072a000000, 0x000000072a200000|  0%| F|  |TAMS 0x000000072a000000, 0x000000072a000000| Untracked 
| 337|0x000000072a200000, 0x000000072a200000, 0x000000072a400000|  0%| F|  |TAMS 0x000000072a200000, 0x000000072a200000| Untracked 
| 338|0x000000072a400000, 0x000000072a400000, 0x000000072a600000|  0%| F|  |TAMS 0x000000072a400000, 0x000000072a400000| Untracked 
| 339|0x000000072a600000, 0x000000072a600000, 0x000000072a800000|  0%| F|  |TAMS 0x000000072a600000, 0x000000072a600000| Untracked 
| 340|0x000000072a800000, 0x000000072a800000, 0x000000072aa00000|  0%| F|  |TAMS 0x000000072a800000, 0x000000072a800000| Untracked 
| 341|0x000000072aa00000, 0x000000072aa00000, 0x000000072ac00000|  0%| F|  |TAMS 0x000000072aa00000, 0x000000072aa00000| Untracked 
| 342|0x000000072ac00000, 0x000000072ac00000, 0x000000072ae00000|  0%| F|  |TAMS 0x000000072ac00000, 0x000000072ac00000| Untracked 
| 343|0x000000072ae00000, 0x000000072ae00000, 0x000000072b000000|  0%| F|  |TAMS 0x000000072ae00000, 0x000000072ae00000| Untracked 
| 344|0x000000072b000000, 0x000000072b1f5150, 0x000000072b200000| 97%| S|CS|TAMS 0x000000072b000000, 0x000000072b000000| Complete 
| 345|0x000000072b200000, 0x000000072b400000, 0x000000072b400000|100%| S|CS|TAMS 0x000000072b200000, 0x000000072b200000| Complete 
| 346|0x000000072b400000, 0x000000072b400000, 0x000000072b600000|  0%| F|  |TAMS 0x000000072b400000, 0x000000072b400000| Untracked 
| 347|0x000000072b600000, 0x000000072b600000, 0x000000072b800000|  0%| F|  |TAMS 0x000000072b600000, 0x000000072b600000| Untracked 
| 348|0x000000072b800000, 0x000000072b800000, 0x000000072ba00000|  0%| F|  |TAMS 0x000000072b800000, 0x000000072b800000| Untracked 
| 349|0x000000072ba00000, 0x000000072ba00000, 0x000000072bc00000|  0%| F|  |TAMS 0x000000072ba00000, 0x000000072ba00000| Untracked 
| 350|0x000000072bc00000, 0x000000072bc00000, 0x000000072be00000|  0%| F|  |TAMS 0x000000072bc00000, 0x000000072bc00000| Untracked 
| 351|0x000000072be00000, 0x000000072be00000, 0x000000072c000000|  0%| F|  |TAMS 0x000000072be00000, 0x000000072be00000| Untracked 
| 352|0x000000072c000000, 0x000000072c000000, 0x000000072c200000|  0%| F|  |TAMS 0x000000072c000000, 0x000000072c000000| Untracked 
| 353|0x000000072c200000, 0x000000072c200000, 0x000000072c400000|  0%| F|  |TAMS 0x000000072c200000, 0x000000072c200000| Untracked 
| 354|0x000000072c400000, 0x000000072c400000, 0x000000072c600000|  0%| F|  |TAMS 0x000000072c400000, 0x000000072c400000| Untracked 
| 355|0x000000072c600000, 0x000000072c600000, 0x000000072c800000|  0%| F|  |TAMS 0x000000072c600000, 0x000000072c600000| Untracked 
| 356|0x000000072c800000, 0x000000072c800000, 0x000000072ca00000|  0%| F|  |TAMS 0x000000072c800000, 0x000000072c800000| Untracked 
| 357|0x000000072ca00000, 0x000000072ca00000, 0x000000072cc00000|  0%| F|  |TAMS 0x000000072ca00000, 0x000000072ca00000| Untracked 
| 358|0x000000072cc00000, 0x000000072cc00000, 0x000000072ce00000|  0%| F|  |TAMS 0x000000072cc00000, 0x000000072cc00000| Untracked 
| 359|0x000000072ce00000, 0x000000072ce00000, 0x000000072d000000|  0%| F|  |TAMS 0x000000072ce00000, 0x000000072ce00000| Untracked 
| 360|0x000000072d000000, 0x000000072d000000, 0x000000072d200000|  0%| F|  |TAMS 0x000000072d000000, 0x000000072d000000| Untracked 
| 361|0x000000072d200000, 0x000000072d200000, 0x000000072d400000|  0%| F|  |TAMS 0x000000072d200000, 0x000000072d200000| Untracked 
| 362|0x000000072d400000, 0x000000072d400000, 0x000000072d600000|  0%| F|  |TAMS 0x000000072d400000, 0x000000072d400000| Untracked 
| 363|0x000000072d600000, 0x000000072d600000, 0x000000072d800000|  0%| F|  |TAMS 0x000000072d600000, 0x000000072d600000| Untracked 
| 364|0x000000072d800000, 0x000000072d800000, 0x000000072da00000|  0%| F|  |TAMS 0x000000072d800000, 0x000000072d800000| Untracked 
| 365|0x000000072da00000, 0x000000072da00000, 0x000000072dc00000|  0%| F|  |TAMS 0x000000072da00000, 0x000000072da00000| Untracked 
| 366|0x000000072dc00000, 0x000000072dc00000, 0x000000072de00000|  0%| F|  |TAMS 0x000000072dc00000, 0x000000072dc00000| Untracked 
| 367|0x000000072de00000, 0x000000072de00000, 0x000000072e000000|  0%| F|  |TAMS 0x000000072de00000, 0x000000072de00000| Untracked 
| 368|0x000000072e000000, 0x000000072e000000, 0x000000072e200000|  0%| F|  |TAMS 0x000000072e000000, 0x000000072e000000| Untracked 
| 369|0x000000072e200000, 0x000000072e200000, 0x000000072e400000|  0%| F|  |TAMS 0x000000072e200000, 0x000000072e200000| Untracked 
| 370|0x000000072e400000, 0x000000072e400000, 0x000000072e600000|  0%| F|  |TAMS 0x000000072e400000, 0x000000072e400000| Untracked 
| 371|0x000000072e600000, 0x000000072e600000, 0x000000072e800000|  0%| F|  |TAMS 0x000000072e600000, 0x000000072e600000| Untracked 
| 372|0x000000072e800000, 0x000000072e800000, 0x000000072ea00000|  0%| F|  |TAMS 0x000000072e800000, 0x000000072e800000| Untracked 
| 373|0x000000072ea00000, 0x000000072ea00000, 0x000000072ec00000|  0%| F|  |TAMS 0x000000072ea00000, 0x000000072ea00000| Untracked 
| 374|0x000000072ec00000, 0x000000072ec00000, 0x000000072ee00000|  0%| F|  |TAMS 0x000000072ec00000, 0x000000072ec00000| Untracked 
| 375|0x000000072ee00000, 0x000000072ee00000, 0x000000072f000000|  0%| F|  |TAMS 0x000000072ee00000, 0x000000072ee00000| Untracked 
| 376|0x000000072f000000, 0x000000072f000000, 0x000000072f200000|  0%| F|  |TAMS 0x000000072f000000, 0x000000072f000000| Untracked 
| 377|0x000000072f200000, 0x000000072f200000, 0x000000072f400000|  0%| F|  |TAMS 0x000000072f200000, 0x000000072f200000| Untracked 
| 378|0x000000072f400000, 0x000000072f400000, 0x000000072f600000|  0%| F|  |TAMS 0x000000072f400000, 0x000000072f400000| Untracked 
| 379|0x000000072f600000, 0x000000072f600000, 0x000000072f800000|  0%| F|  |TAMS 0x000000072f600000, 0x000000072f600000| Untracked 
| 380|0x000000072f800000, 0x000000072f800000, 0x000000072fa00000|  0%| F|  |TAMS 0x000000072f800000, 0x000000072f800000| Untracked 
| 381|0x000000072fa00000, 0x000000072fa00000, 0x000000072fc00000|  0%| F|  |TAMS 0x000000072fa00000, 0x000000072fa00000| Untracked 
| 382|0x000000072fc00000, 0x000000072fc00000, 0x000000072fe00000|  0%| F|  |TAMS 0x000000072fc00000, 0x000000072fc00000| Untracked 
| 383|0x000000072fe00000, 0x000000072fe00000, 0x0000000730000000|  0%| F|  |TAMS 0x000000072fe00000, 0x000000072fe00000| Untracked 
| 384|0x0000000730000000, 0x0000000730000000, 0x0000000730200000|  0%| F|  |TAMS 0x0000000730000000, 0x0000000730000000| Untracked 
| 385|0x0000000730200000, 0x0000000730200000, 0x0000000730400000|  0%| F|  |TAMS 0x0000000730200000, 0x0000000730200000| Untracked 
| 386|0x0000000730400000, 0x0000000730400000, 0x0000000730600000|  0%| F|  |TAMS 0x0000000730400000, 0x0000000730400000| Untracked 
| 387|0x0000000730600000, 0x0000000730600000, 0x0000000730800000|  0%| F|  |TAMS 0x0000000730600000, 0x0000000730600000| Untracked 
| 388|0x0000000730800000, 0x0000000730800000, 0x0000000730a00000|  0%| F|  |TAMS 0x0000000730800000, 0x0000000730800000| Untracked 
| 389|0x0000000730a00000, 0x0000000730c00000, 0x0000000730c00000|100%| E|  |TAMS 0x0000000730a00000, 0x0000000730a00000| Complete 
| 390|0x0000000730c00000, 0x0000000730e00000, 0x0000000730e00000|100%| E|CS|TAMS 0x0000000730c00000, 0x0000000730c00000| Complete 
| 391|0x0000000730e00000, 0x0000000731000000, 0x0000000731000000|100%| E|CS|TAMS 0x0000000730e00000, 0x0000000730e00000| Complete 
| 392|0x0000000731000000, 0x0000000731200000, 0x0000000731200000|100%| E|CS|TAMS 0x0000000731000000, 0x0000000731000000| Complete 
| 393|0x0000000731200000, 0x0000000731400000, 0x0000000731400000|100%| E|CS|TAMS 0x0000000731200000, 0x0000000731200000| Complete 
| 394|0x0000000731400000, 0x0000000731600000, 0x0000000731600000|100%| E|CS|TAMS 0x0000000731400000, 0x0000000731400000| Complete 
| 395|0x0000000731600000, 0x0000000731800000, 0x0000000731800000|100%| E|CS|TAMS 0x0000000731600000, 0x0000000731600000| Complete 
| 396|0x0000000731800000, 0x0000000731a00000, 0x0000000731a00000|100%| E|CS|TAMS 0x0000000731800000, 0x0000000731800000| Complete 
| 397|0x0000000731a00000, 0x0000000731c00000, 0x0000000731c00000|100%| E|CS|TAMS 0x0000000731a00000, 0x0000000731a00000| Complete 
| 398|0x0000000731c00000, 0x0000000731e00000, 0x0000000731e00000|100%| E|CS|TAMS 0x0000000731c00000, 0x0000000731c00000| Complete 
| 399|0x0000000731e00000, 0x0000000732000000, 0x0000000732000000|100%| E|CS|TAMS 0x0000000731e00000, 0x0000000731e00000| Complete 
| 400|0x0000000732000000, 0x0000000732200000, 0x0000000732200000|100%| E|CS|TAMS 0x0000000732000000, 0x0000000732000000| Complete 
| 401|0x0000000732200000, 0x0000000732400000, 0x0000000732400000|100%| E|CS|TAMS 0x0000000732200000, 0x0000000732200000| Complete 
| 402|0x0000000732400000, 0x0000000732600000, 0x0000000732600000|100%| E|CS|TAMS 0x0000000732400000, 0x0000000732400000| Complete 
| 403|0x0000000732600000, 0x0000000732800000, 0x0000000732800000|100%| E|CS|TAMS 0x0000000732600000, 0x0000000732600000| Complete 
| 404|0x0000000732800000, 0x0000000732a00000, 0x0000000732a00000|100%| E|CS|TAMS 0x0000000732800000, 0x0000000732800000| Complete 
| 405|0x0000000732a00000, 0x0000000732c00000, 0x0000000732c00000|100%| E|CS|TAMS 0x0000000732a00000, 0x0000000732a00000| Complete 
| 406|0x0000000732c00000, 0x0000000732e00000, 0x0000000732e00000|100%| E|CS|TAMS 0x0000000732c00000, 0x0000000732c00000| Complete 
| 407|0x0000000732e00000, 0x0000000733000000, 0x0000000733000000|100%| E|CS|TAMS 0x0000000732e00000, 0x0000000732e00000| Complete 
| 408|0x0000000733000000, 0x0000000733200000, 0x0000000733200000|100%| E|CS|TAMS 0x0000000733000000, 0x0000000733000000| Complete 
| 409|0x0000000733200000, 0x0000000733400000, 0x0000000733400000|100%| E|CS|TAMS 0x0000000733200000, 0x0000000733200000| Complete 
| 410|0x0000000733400000, 0x0000000733600000, 0x0000000733600000|100%| E|CS|TAMS 0x0000000733400000, 0x0000000733400000| Complete 
| 411|0x0000000733600000, 0x0000000733800000, 0x0000000733800000|100%| E|CS|TAMS 0x0000000733600000, 0x0000000733600000| Complete 
| 412|0x0000000733800000, 0x0000000733a00000, 0x0000000733a00000|100%| E|CS|TAMS 0x0000000733800000, 0x0000000733800000| Complete 
| 413|0x0000000733a00000, 0x0000000733c00000, 0x0000000733c00000|100%| E|CS|TAMS 0x0000000733a00000, 0x0000000733a00000| Complete 
| 414|0x0000000733c00000, 0x0000000733e00000, 0x0000000733e00000|100%| E|CS|TAMS 0x0000000733c00000, 0x0000000733c00000| Complete 
| 415|0x0000000733e00000, 0x0000000734000000, 0x0000000734000000|100%| E|CS|TAMS 0x0000000733e00000, 0x0000000733e00000| Complete 
| 416|0x0000000734000000, 0x0000000734200000, 0x0000000734200000|100%| E|CS|TAMS 0x0000000734000000, 0x0000000734000000| Complete 
| 417|0x0000000734200000, 0x0000000734400000, 0x0000000734400000|100%| E|CS|TAMS 0x0000000734200000, 0x0000000734200000| Complete 
| 418|0x0000000734400000, 0x0000000734600000, 0x0000000734600000|100%| E|CS|TAMS 0x0000000734400000, 0x0000000734400000| Complete 
| 419|0x0000000734600000, 0x0000000734800000, 0x0000000734800000|100%| E|CS|TAMS 0x0000000734600000, 0x0000000734600000| Complete 
| 420|0x0000000734800000, 0x0000000734a00000, 0x0000000734a00000|100%| E|CS|TAMS 0x0000000734800000, 0x0000000734800000| Complete 
| 421|0x0000000734a00000, 0x0000000734c00000, 0x0000000734c00000|100%| E|CS|TAMS 0x0000000734a00000, 0x0000000734a00000| Complete 
| 422|0x0000000734c00000, 0x0000000734e00000, 0x0000000734e00000|100%| E|CS|TAMS 0x0000000734c00000, 0x0000000734c00000| Complete 
| 423|0x0000000734e00000, 0x0000000735000000, 0x0000000735000000|100%| E|CS|TAMS 0x0000000734e00000, 0x0000000734e00000| Complete 
| 424|0x0000000735000000, 0x0000000735200000, 0x0000000735200000|100%| E|CS|TAMS 0x0000000735000000, 0x0000000735000000| Complete 
| 425|0x0000000735200000, 0x0000000735400000, 0x0000000735400000|100%| E|CS|TAMS 0x0000000735200000, 0x0000000735200000| Complete 
| 426|0x0000000735400000, 0x0000000735600000, 0x0000000735600000|100%| E|CS|TAMS 0x0000000735400000, 0x0000000735400000| Complete 
| 427|0x0000000735600000, 0x0000000735800000, 0x0000000735800000|100%| E|CS|TAMS 0x0000000735600000, 0x0000000735600000| Complete 
| 428|0x0000000735800000, 0x0000000735a00000, 0x0000000735a00000|100%| E|CS|TAMS 0x0000000735800000, 0x0000000735800000| Complete 
| 429|0x0000000735a00000, 0x0000000735c00000, 0x0000000735c00000|100%| E|CS|TAMS 0x0000000735a00000, 0x0000000735a00000| Complete 
| 430|0x0000000735c00000, 0x0000000735e00000, 0x0000000735e00000|100%| E|CS|TAMS 0x0000000735c00000, 0x0000000735c00000| Complete 
| 431|0x0000000735e00000, 0x0000000736000000, 0x0000000736000000|100%| E|CS|TAMS 0x0000000735e00000, 0x0000000735e00000| Complete 
| 432|0x0000000736000000, 0x0000000736200000, 0x0000000736200000|100%| E|CS|TAMS 0x0000000736000000, 0x0000000736000000| Complete 
| 433|0x0000000736200000, 0x0000000736400000, 0x0000000736400000|100%| E|CS|TAMS 0x0000000736200000, 0x0000000736200000| Complete 
| 434|0x0000000736400000, 0x0000000736600000, 0x0000000736600000|100%| E|CS|TAMS 0x0000000736400000, 0x0000000736400000| Complete 
| 435|0x0000000736600000, 0x0000000736800000, 0x0000000736800000|100%| E|CS|TAMS 0x0000000736600000, 0x0000000736600000| Complete 
| 436|0x0000000736800000, 0x0000000736a00000, 0x0000000736a00000|100%| E|CS|TAMS 0x0000000736800000, 0x0000000736800000| Complete 
| 437|0x0000000736a00000, 0x0000000736c00000, 0x0000000736c00000|100%| E|CS|TAMS 0x0000000736a00000, 0x0000000736a00000| Complete 
| 438|0x0000000736c00000, 0x0000000736e00000, 0x0000000736e00000|100%| E|CS|TAMS 0x0000000736c00000, 0x0000000736c00000| Complete 
| 439|0x0000000736e00000, 0x0000000737000000, 0x0000000737000000|100%| E|CS|TAMS 0x0000000736e00000, 0x0000000736e00000| Complete 
| 440|0x0000000737000000, 0x0000000737200000, 0x0000000737200000|100%| E|CS|TAMS 0x0000000737000000, 0x0000000737000000| Complete 
| 441|0x0000000737200000, 0x0000000737400000, 0x0000000737400000|100%| E|CS|TAMS 0x0000000737200000, 0x0000000737200000| Complete 
| 442|0x0000000737400000, 0x0000000737600000, 0x0000000737600000|100%| E|CS|TAMS 0x0000000737400000, 0x0000000737400000| Complete 
| 443|0x0000000737600000, 0x0000000737800000, 0x0000000737800000|100%| E|CS|TAMS 0x0000000737600000, 0x0000000737600000| Complete 
| 444|0x0000000737800000, 0x0000000737a00000, 0x0000000737a00000|100%| E|CS|TAMS 0x0000000737800000, 0x0000000737800000| Complete 
| 445|0x0000000737a00000, 0x0000000737c00000, 0x0000000737c00000|100%| E|CS|TAMS 0x0000000737a00000, 0x0000000737a00000| Complete 
| 446|0x0000000737c00000, 0x0000000737e00000, 0x0000000737e00000|100%| E|CS|TAMS 0x0000000737c00000, 0x0000000737c00000| Complete 
| 447|0x0000000737e00000, 0x0000000738000000, 0x0000000738000000|100%| E|CS|TAMS 0x0000000737e00000, 0x0000000737e00000| Complete 
| 448|0x0000000738000000, 0x0000000738200000, 0x0000000738200000|100%| E|CS|TAMS 0x0000000738000000, 0x0000000738000000| Complete 
| 449|0x0000000738200000, 0x0000000738400000, 0x0000000738400000|100%| E|CS|TAMS 0x0000000738200000, 0x0000000738200000| Complete 
| 450|0x0000000738400000, 0x0000000738600000, 0x0000000738600000|100%| E|CS|TAMS 0x0000000738400000, 0x0000000738400000| Complete 
| 451|0x0000000738600000, 0x0000000738800000, 0x0000000738800000|100%| E|CS|TAMS 0x0000000738600000, 0x0000000738600000| Complete 
| 452|0x0000000738800000, 0x0000000738a00000, 0x0000000738a00000|100%| E|CS|TAMS 0x0000000738800000, 0x0000000738800000| Complete 
| 453|0x0000000738a00000, 0x0000000738c00000, 0x0000000738c00000|100%| E|CS|TAMS 0x0000000738a00000, 0x0000000738a00000| Complete 
| 454|0x0000000738c00000, 0x0000000738e00000, 0x0000000738e00000|100%| E|CS|TAMS 0x0000000738c00000, 0x0000000738c00000| Complete 
| 455|0x0000000738e00000, 0x0000000739000000, 0x0000000739000000|100%| E|CS|TAMS 0x0000000738e00000, 0x0000000738e00000| Complete 
| 456|0x0000000739000000, 0x0000000739200000, 0x0000000739200000|100%| E|CS|TAMS 0x0000000739000000, 0x0000000739000000| Complete 
| 457|0x0000000739200000, 0x0000000739400000, 0x0000000739400000|100%| E|CS|TAMS 0x0000000739200000, 0x0000000739200000| Complete 
| 458|0x0000000739400000, 0x0000000739600000, 0x0000000739600000|100%| E|CS|TAMS 0x0000000739400000, 0x0000000739400000| Complete 
| 459|0x0000000739600000, 0x0000000739800000, 0x0000000739800000|100%| E|CS|TAMS 0x0000000739600000, 0x0000000739600000| Complete 
| 460|0x0000000739800000, 0x0000000739a00000, 0x0000000739a00000|100%| E|CS|TAMS 0x0000000739800000, 0x0000000739800000| Complete 
| 461|0x0000000739a00000, 0x0000000739c00000, 0x0000000739c00000|100%| E|CS|TAMS 0x0000000739a00000, 0x0000000739a00000| Complete 
| 462|0x0000000739c00000, 0x0000000739e00000, 0x0000000739e00000|100%| E|CS|TAMS 0x0000000739c00000, 0x0000000739c00000| Complete 
| 463|0x0000000739e00000, 0x000000073a000000, 0x000000073a000000|100%| E|CS|TAMS 0x0000000739e00000, 0x0000000739e00000| Complete 
| 464|0x000000073a000000, 0x000000073a200000, 0x000000073a200000|100%| E|CS|TAMS 0x000000073a000000, 0x000000073a000000| Complete 
| 465|0x000000073a200000, 0x000000073a400000, 0x000000073a400000|100%| E|CS|TAMS 0x000000073a200000, 0x000000073a200000| Complete 
| 466|0x000000073a400000, 0x000000073a600000, 0x000000073a600000|100%| E|CS|TAMS 0x000000073a400000, 0x000000073a400000| Complete 
| 467|0x000000073a600000, 0x000000073a800000, 0x000000073a800000|100%| E|CS|TAMS 0x000000073a600000, 0x000000073a600000| Complete 
| 468|0x000000073a800000, 0x000000073aa00000, 0x000000073aa00000|100%| E|CS|TAMS 0x000000073a800000, 0x000000073a800000| Complete 
| 469|0x000000073aa00000, 0x000000073ac00000, 0x000000073ac00000|100%| E|CS|TAMS 0x000000073aa00000, 0x000000073aa00000| Complete 
| 470|0x000000073ac00000, 0x000000073ae00000, 0x000000073ae00000|100%| E|CS|TAMS 0x000000073ac00000, 0x000000073ac00000| Complete 
| 471|0x000000073ae00000, 0x000000073b000000, 0x000000073b000000|100%| E|CS|TAMS 0x000000073ae00000, 0x000000073ae00000| Complete 
| 472|0x000000073b000000, 0x000000073b200000, 0x000000073b200000|100%| E|CS|TAMS 0x000000073b000000, 0x000000073b000000| Complete 
| 473|0x000000073b200000, 0x000000073b400000, 0x000000073b400000|100%| E|CS|TAMS 0x000000073b200000, 0x000000073b200000| Complete 
| 474|0x000000073b400000, 0x000000073b600000, 0x000000073b600000|100%| E|CS|TAMS 0x000000073b400000, 0x000000073b400000| Complete 
| 475|0x000000073b600000, 0x000000073b800000, 0x000000073b800000|100%| E|CS|TAMS 0x000000073b600000, 0x000000073b600000| Complete 
| 476|0x000000073b800000, 0x000000073ba00000, 0x000000073ba00000|100%| E|CS|TAMS 0x000000073b800000, 0x000000073b800000| Complete 
| 477|0x000000073ba00000, 0x000000073bc00000, 0x000000073bc00000|100%| E|CS|TAMS 0x000000073ba00000, 0x000000073ba00000| Complete 
| 478|0x000000073bc00000, 0x000000073be00000, 0x000000073be00000|100%| E|CS|TAMS 0x000000073bc00000, 0x000000073bc00000| Complete 
| 479|0x000000073be00000, 0x000000073c000000, 0x000000073c000000|100%| E|CS|TAMS 0x000000073be00000, 0x000000073be00000| Complete 
| 480|0x000000073c000000, 0x000000073c200000, 0x000000073c200000|100%| E|CS|TAMS 0x000000073c000000, 0x000000073c000000| Complete 
| 481|0x000000073c200000, 0x000000073c400000, 0x000000073c400000|100%| E|CS|TAMS 0x000000073c200000, 0x000000073c200000| Complete 
| 482|0x000000073c400000, 0x000000073c600000, 0x000000073c600000|100%| E|CS|TAMS 0x000000073c400000, 0x000000073c400000| Complete 
| 483|0x000000073c600000, 0x000000073c800000, 0x000000073c800000|100%| E|CS|TAMS 0x000000073c600000, 0x000000073c600000| Complete 
| 484|0x000000073c800000, 0x000000073ca00000, 0x000000073ca00000|100%| E|CS|TAMS 0x000000073c800000, 0x000000073c800000| Complete 
| 485|0x000000073ca00000, 0x000000073cc00000, 0x000000073cc00000|100%| E|CS|TAMS 0x000000073ca00000, 0x000000073ca00000| Complete 
| 486|0x000000073cc00000, 0x000000073ce00000, 0x000000073ce00000|100%| E|CS|TAMS 0x000000073cc00000, 0x000000073cc00000| Complete 
| 487|0x000000073ce00000, 0x000000073d000000, 0x000000073d000000|100%| E|CS|TAMS 0x000000073ce00000, 0x000000073ce00000| Complete 
| 488|0x000000073d000000, 0x000000073d200000, 0x000000073d200000|100%| E|CS|TAMS 0x000000073d000000, 0x000000073d000000| Complete 
| 489|0x000000073d200000, 0x000000073d400000, 0x000000073d400000|100%| E|CS|TAMS 0x000000073d200000, 0x000000073d200000| Complete 
| 490|0x000000073d400000, 0x000000073d600000, 0x000000073d600000|100%| E|CS|TAMS 0x000000073d400000, 0x000000073d400000| Complete 
| 491|0x000000073d600000, 0x000000073d800000, 0x000000073d800000|100%| E|CS|TAMS 0x000000073d600000, 0x000000073d600000| Complete 
| 492|0x000000073d800000, 0x000000073da00000, 0x000000073da00000|100%| E|CS|TAMS 0x000000073d800000, 0x000000073d800000| Complete 
| 493|0x000000073da00000, 0x000000073dc00000, 0x000000073dc00000|100%| E|CS|TAMS 0x000000073da00000, 0x000000073da00000| Complete 
| 494|0x000000073dc00000, 0x000000073de00000, 0x000000073de00000|100%| E|CS|TAMS 0x000000073dc00000, 0x000000073dc00000| Complete 
| 495|0x000000073de00000, 0x000000073e000000, 0x000000073e000000|100%| E|CS|TAMS 0x000000073de00000, 0x000000073de00000| Complete 
| 496|0x000000073e000000, 0x000000073e200000, 0x000000073e200000|100%| E|CS|TAMS 0x000000073e000000, 0x000000073e000000| Complete 
| 497|0x000000073e200000, 0x000000073e400000, 0x000000073e400000|100%| E|CS|TAMS 0x000000073e200000, 0x000000073e200000| Complete 
| 498|0x000000073e400000, 0x000000073e600000, 0x000000073e600000|100%| E|CS|TAMS 0x000000073e400000, 0x000000073e400000| Complete 
| 499|0x000000073e600000, 0x000000073e800000, 0x000000073e800000|100%| E|CS|TAMS 0x000000073e600000, 0x000000073e600000| Complete 
| 500|0x000000073e800000, 0x000000073ea00000, 0x000000073ea00000|100%| E|CS|TAMS 0x000000073e800000, 0x000000073e800000| Complete 
| 501|0x000000073ea00000, 0x000000073ec00000, 0x000000073ec00000|100%| E|CS|TAMS 0x000000073ea00000, 0x000000073ea00000| Complete 
| 502|0x000000073ec00000, 0x000000073ee00000, 0x000000073ee00000|100%| E|CS|TAMS 0x000000073ec00000, 0x000000073ec00000| Complete 
| 503|0x000000073ee00000, 0x000000073f000000, 0x000000073f000000|100%| E|CS|TAMS 0x000000073ee00000, 0x000000073ee00000| Complete 
| 504|0x000000073f000000, 0x000000073f200000, 0x000000073f200000|100%| E|CS|TAMS 0x000000073f000000, 0x000000073f000000| Complete 
| 505|0x000000073f200000, 0x000000073f400000, 0x000000073f400000|100%| E|CS|TAMS 0x000000073f200000, 0x000000073f200000| Complete 
| 506|0x000000073f400000, 0x000000073f600000, 0x000000073f600000|100%| E|CS|TAMS 0x000000073f400000, 0x000000073f400000| Complete 
| 507|0x000000073f600000, 0x000000073f800000, 0x000000073f800000|100%| E|CS|TAMS 0x000000073f600000, 0x000000073f600000| Complete 
| 508|0x000000073f800000, 0x000000073fa00000, 0x000000073fa00000|100%| E|CS|TAMS 0x000000073f800000, 0x000000073f800000| Complete 
| 509|0x000000073fa00000, 0x000000073fc00000, 0x000000073fc00000|100%| E|CS|TAMS 0x000000073fa00000, 0x000000073fa00000| Complete 
| 510|0x000000073fc00000, 0x000000073fe00000, 0x000000073fe00000|100%| E|CS|TAMS 0x000000073fc00000, 0x000000073fc00000| Complete 
| 511|0x000000073fe00000, 0x0000000740000000, 0x0000000740000000|100%| E|CS|TAMS 0x000000073fe00000, 0x000000073fe00000| Complete 
| 512|0x0000000740000000, 0x0000000740200000, 0x0000000740200000|100%| E|CS|TAMS 0x0000000740000000, 0x0000000740000000| Complete 
| 513|0x0000000740200000, 0x0000000740400000, 0x0000000740400000|100%| E|CS|TAMS 0x0000000740200000, 0x0000000740200000| Complete 
| 514|0x0000000740400000, 0x0000000740600000, 0x0000000740600000|100%| E|CS|TAMS 0x0000000740400000, 0x0000000740400000| Complete 
| 515|0x0000000740600000, 0x0000000740800000, 0x0000000740800000|100%| E|CS|TAMS 0x0000000740600000, 0x0000000740600000| Complete 
| 516|0x0000000740800000, 0x0000000740a00000, 0x0000000740a00000|100%| E|CS|TAMS 0x0000000740800000, 0x0000000740800000| Complete 
| 517|0x0000000740a00000, 0x0000000740c00000, 0x0000000740c00000|100%| E|CS|TAMS 0x0000000740a00000, 0x0000000740a00000| Complete 
| 518|0x0000000740c00000, 0x0000000740e00000, 0x0000000740e00000|100%| E|CS|TAMS 0x0000000740c00000, 0x0000000740c00000| Complete 
| 519|0x0000000740e00000, 0x0000000741000000, 0x0000000741000000|100%| E|CS|TAMS 0x0000000740e00000, 0x0000000740e00000| Complete 
| 520|0x0000000741000000, 0x0000000741200000, 0x0000000741200000|100%| E|CS|TAMS 0x0000000741000000, 0x0000000741000000| Complete 
| 521|0x0000000741200000, 0x0000000741400000, 0x0000000741400000|100%| E|CS|TAMS 0x0000000741200000, 0x0000000741200000| Complete 
| 522|0x0000000741400000, 0x0000000741600000, 0x0000000741600000|100%| E|CS|TAMS 0x0000000741400000, 0x0000000741400000| Complete 
| 523|0x0000000741600000, 0x0000000741800000, 0x0000000741800000|100%| E|CS|TAMS 0x0000000741600000, 0x0000000741600000| Complete 
| 524|0x0000000741800000, 0x0000000741a00000, 0x0000000741a00000|100%| E|CS|TAMS 0x0000000741800000, 0x0000000741800000| Complete 
| 525|0x0000000741a00000, 0x0000000741c00000, 0x0000000741c00000|100%| E|CS|TAMS 0x0000000741a00000, 0x0000000741a00000| Complete 
| 526|0x0000000741c00000, 0x0000000741e00000, 0x0000000741e00000|100%| E|CS|TAMS 0x0000000741c00000, 0x0000000741c00000| Complete 
| 527|0x0000000741e00000, 0x0000000742000000, 0x0000000742000000|100%| E|CS|TAMS 0x0000000741e00000, 0x0000000741e00000| Complete 
| 528|0x0000000742000000, 0x0000000742200000, 0x0000000742200000|100%| E|CS|TAMS 0x0000000742000000, 0x0000000742000000| Complete 
| 529|0x0000000742200000, 0x0000000742400000, 0x0000000742400000|100%| E|CS|TAMS 0x0000000742200000, 0x0000000742200000| Complete 
| 530|0x0000000742400000, 0x0000000742600000, 0x0000000742600000|100%| E|CS|TAMS 0x0000000742400000, 0x0000000742400000| Complete 
| 531|0x0000000742600000, 0x0000000742800000, 0x0000000742800000|100%| E|CS|TAMS 0x0000000742600000, 0x0000000742600000| Complete 
| 532|0x0000000742800000, 0x0000000742a00000, 0x0000000742a00000|100%| E|CS|TAMS 0x0000000742800000, 0x0000000742800000| Complete 
| 533|0x0000000742a00000, 0x0000000742c00000, 0x0000000742c00000|100%| E|CS|TAMS 0x0000000742a00000, 0x0000000742a00000| Complete 
| 534|0x0000000742c00000, 0x0000000742e00000, 0x0000000742e00000|100%| E|CS|TAMS 0x0000000742c00000, 0x0000000742c00000| Complete 
| 535|0x0000000742e00000, 0x0000000743000000, 0x0000000743000000|100%| E|CS|TAMS 0x0000000742e00000, 0x0000000742e00000| Complete 
| 536|0x0000000743000000, 0x0000000743200000, 0x0000000743200000|100%| E|CS|TAMS 0x0000000743000000, 0x0000000743000000| Complete 
| 537|0x0000000743200000, 0x0000000743400000, 0x0000000743400000|100%| E|CS|TAMS 0x0000000743200000, 0x0000000743200000| Complete 
| 538|0x0000000743400000, 0x0000000743600000, 0x0000000743600000|100%| E|CS|TAMS 0x0000000743400000, 0x0000000743400000| Complete 
| 539|0x0000000743600000, 0x0000000743800000, 0x0000000743800000|100%| E|CS|TAMS 0x0000000743600000, 0x0000000743600000| Complete 
| 540|0x0000000743800000, 0x0000000743a00000, 0x0000000743a00000|100%| E|CS|TAMS 0x0000000743800000, 0x0000000743800000| Complete 
| 541|0x0000000743a00000, 0x0000000743c00000, 0x0000000743c00000|100%| E|CS|TAMS 0x0000000743a00000, 0x0000000743a00000| Complete 
| 542|0x0000000743c00000, 0x0000000743e00000, 0x0000000743e00000|100%| E|CS|TAMS 0x0000000743c00000, 0x0000000743c00000| Complete 
| 543|0x0000000743e00000, 0x0000000744000000, 0x0000000744000000|100%| E|CS|TAMS 0x0000000743e00000, 0x0000000743e00000| Complete 
| 544|0x0000000744000000, 0x0000000744200000, 0x0000000744200000|100%| E|CS|TAMS 0x0000000744000000, 0x0000000744000000| Complete 
| 545|0x0000000744200000, 0x0000000744400000, 0x0000000744400000|100%| E|CS|TAMS 0x0000000744200000, 0x0000000744200000| Complete 
| 546|0x0000000744400000, 0x0000000744600000, 0x0000000744600000|100%| E|CS|TAMS 0x0000000744400000, 0x0000000744400000| Complete 
| 547|0x0000000744600000, 0x0000000744800000, 0x0000000744800000|100%| E|CS|TAMS 0x0000000744600000, 0x0000000744600000| Complete 
| 548|0x0000000744800000, 0x0000000744a00000, 0x0000000744a00000|100%| E|CS|TAMS 0x0000000744800000, 0x0000000744800000| Complete 
| 549|0x0000000744a00000, 0x0000000744c00000, 0x0000000744c00000|100%| E|CS|TAMS 0x0000000744a00000, 0x0000000744a00000| Complete 
| 550|0x0000000744c00000, 0x0000000744e00000, 0x0000000744e00000|100%| E|CS|TAMS 0x0000000744c00000, 0x0000000744c00000| Complete 
| 551|0x0000000744e00000, 0x0000000745000000, 0x0000000745000000|100%| E|CS|TAMS 0x0000000744e00000, 0x0000000744e00000| Complete 
| 552|0x0000000745000000, 0x0000000745200000, 0x0000000745200000|100%| E|CS|TAMS 0x0000000745000000, 0x0000000745000000| Complete 
| 553|0x0000000745200000, 0x0000000745400000, 0x0000000745400000|100%| E|CS|TAMS 0x0000000745200000, 0x0000000745200000| Complete 
| 554|0x0000000745400000, 0x0000000745600000, 0x0000000745600000|100%| E|CS|TAMS 0x0000000745400000, 0x0000000745400000| Complete 
| 555|0x0000000745600000, 0x0000000745800000, 0x0000000745800000|100%| E|CS|TAMS 0x0000000745600000, 0x0000000745600000| Complete 
| 556|0x0000000745800000, 0x0000000745a00000, 0x0000000745a00000|100%| E|CS|TAMS 0x0000000745800000, 0x0000000745800000| Complete 
| 557|0x0000000745a00000, 0x0000000745c00000, 0x0000000745c00000|100%| E|CS|TAMS 0x0000000745a00000, 0x0000000745a00000| Complete 
| 558|0x0000000745c00000, 0x0000000745e00000, 0x0000000745e00000|100%| E|CS|TAMS 0x0000000745c00000, 0x0000000745c00000| Complete 
| 559|0x0000000745e00000, 0x0000000746000000, 0x0000000746000000|100%| E|CS|TAMS 0x0000000745e00000, 0x0000000745e00000| Complete 
| 560|0x0000000746000000, 0x0000000746200000, 0x0000000746200000|100%| E|CS|TAMS 0x0000000746000000, 0x0000000746000000| Complete 
| 561|0x0000000746200000, 0x0000000746400000, 0x0000000746400000|100%| E|CS|TAMS 0x0000000746200000, 0x0000000746200000| Complete 
| 562|0x0000000746400000, 0x0000000746600000, 0x0000000746600000|100%| E|CS|TAMS 0x0000000746400000, 0x0000000746400000| Complete 
| 563|0x0000000746600000, 0x0000000746800000, 0x0000000746800000|100%| E|CS|TAMS 0x0000000746600000, 0x0000000746600000| Complete 
| 564|0x0000000746800000, 0x0000000746a00000, 0x0000000746a00000|100%| E|CS|TAMS 0x0000000746800000, 0x0000000746800000| Complete 
| 565|0x0000000746a00000, 0x0000000746c00000, 0x0000000746c00000|100%| E|CS|TAMS 0x0000000746a00000, 0x0000000746a00000| Complete 
| 566|0x0000000746c00000, 0x0000000746e00000, 0x0000000746e00000|100%| E|CS|TAMS 0x0000000746c00000, 0x0000000746c00000| Complete 
| 567|0x0000000746e00000, 0x0000000747000000, 0x0000000747000000|100%| E|CS|TAMS 0x0000000746e00000, 0x0000000746e00000| Complete 
| 568|0x0000000747000000, 0x0000000747200000, 0x0000000747200000|100%| E|CS|TAMS 0x0000000747000000, 0x0000000747000000| Complete 
| 569|0x0000000747200000, 0x0000000747400000, 0x0000000747400000|100%| E|CS|TAMS 0x0000000747200000, 0x0000000747200000| Complete 
| 570|0x0000000747400000, 0x0000000747600000, 0x0000000747600000|100%| E|CS|TAMS 0x0000000747400000, 0x0000000747400000| Complete 
| 571|0x0000000747600000, 0x0000000747800000, 0x0000000747800000|100%| E|CS|TAMS 0x0000000747600000, 0x0000000747600000| Complete 
| 572|0x0000000747800000, 0x0000000747a00000, 0x0000000747a00000|100%| E|CS|TAMS 0x0000000747800000, 0x0000000747800000| Complete 
| 573|0x0000000747a00000, 0x0000000747c00000, 0x0000000747c00000|100%| E|CS|TAMS 0x0000000747a00000, 0x0000000747a00000| Complete 
| 574|0x0000000747c00000, 0x0000000747e00000, 0x0000000747e00000|100%| E|CS|TAMS 0x0000000747c00000, 0x0000000747c00000| Complete 
| 575|0x0000000747e00000, 0x0000000748000000, 0x0000000748000000|100%| E|CS|TAMS 0x0000000747e00000, 0x0000000747e00000| Complete 
| 576|0x0000000748000000, 0x0000000748200000, 0x0000000748200000|100%| E|CS|TAMS 0x0000000748000000, 0x0000000748000000| Complete 
| 577|0x0000000748200000, 0x0000000748400000, 0x0000000748400000|100%| E|CS|TAMS 0x0000000748200000, 0x0000000748200000| Complete 
| 578|0x0000000748400000, 0x0000000748600000, 0x0000000748600000|100%| E|CS|TAMS 0x0000000748400000, 0x0000000748400000| Complete 
| 579|0x0000000748600000, 0x0000000748800000, 0x0000000748800000|100%| E|CS|TAMS 0x0000000748600000, 0x0000000748600000| Complete 
| 580|0x0000000748800000, 0x0000000748a00000, 0x0000000748a00000|100%| E|CS|TAMS 0x0000000748800000, 0x0000000748800000| Complete 
| 581|0x0000000748a00000, 0x0000000748c00000, 0x0000000748c00000|100%| E|CS|TAMS 0x0000000748a00000, 0x0000000748a00000| Complete 
| 582|0x0000000748c00000, 0x0000000748e00000, 0x0000000748e00000|100%| E|CS|TAMS 0x0000000748c00000, 0x0000000748c00000| Complete 
| 583|0x0000000748e00000, 0x0000000749000000, 0x0000000749000000|100%| E|CS|TAMS 0x0000000748e00000, 0x0000000748e00000| Complete 
| 584|0x0000000749000000, 0x0000000749200000, 0x0000000749200000|100%| E|CS|TAMS 0x0000000749000000, 0x0000000749000000| Complete 
| 585|0x0000000749200000, 0x0000000749400000, 0x0000000749400000|100%| E|CS|TAMS 0x0000000749200000, 0x0000000749200000| Complete 
| 586|0x0000000749400000, 0x0000000749600000, 0x0000000749600000|100%| E|CS|TAMS 0x0000000749400000, 0x0000000749400000| Complete 
| 587|0x0000000749600000, 0x0000000749800000, 0x0000000749800000|100%| E|CS|TAMS 0x0000000749600000, 0x0000000749600000| Complete 
| 588|0x0000000749800000, 0x0000000749a00000, 0x0000000749a00000|100%| E|CS|TAMS 0x0000000749800000, 0x0000000749800000| Complete 
| 589|0x0000000749a00000, 0x0000000749c00000, 0x0000000749c00000|100%| E|CS|TAMS 0x0000000749a00000, 0x0000000749a00000| Complete 
| 590|0x0000000749c00000, 0x0000000749e00000, 0x0000000749e00000|100%| E|CS|TAMS 0x0000000749c00000, 0x0000000749c00000| Complete 
| 591|0x0000000749e00000, 0x000000074a000000, 0x000000074a000000|100%| E|CS|TAMS 0x0000000749e00000, 0x0000000749e00000| Complete 
| 592|0x000000074a000000, 0x000000074a200000, 0x000000074a200000|100%| E|CS|TAMS 0x000000074a000000, 0x000000074a000000| Complete 
| 593|0x000000074a200000, 0x000000074a400000, 0x000000074a400000|100%| E|CS|TAMS 0x000000074a200000, 0x000000074a200000| Complete 
| 594|0x000000074a400000, 0x000000074a600000, 0x000000074a600000|100%| E|CS|TAMS 0x000000074a400000, 0x000000074a400000| Complete 
| 595|0x000000074a600000, 0x000000074a800000, 0x000000074a800000|100%| E|CS|TAMS 0x000000074a600000, 0x000000074a600000| Complete 
| 596|0x000000074a800000, 0x000000074aa00000, 0x000000074aa00000|100%| E|CS|TAMS 0x000000074a800000, 0x000000074a800000| Complete 
| 597|0x000000074aa00000, 0x000000074ac00000, 0x000000074ac00000|100%| E|CS|TAMS 0x000000074aa00000, 0x000000074aa00000| Complete 
| 598|0x000000074ac00000, 0x000000074ae00000, 0x000000074ae00000|100%| E|CS|TAMS 0x000000074ac00000, 0x000000074ac00000| Complete 
| 599|0x000000074ae00000, 0x000000074b000000, 0x000000074b000000|100%| E|CS|TAMS 0x000000074ae00000, 0x000000074ae00000| Complete 
| 600|0x000000074b000000, 0x000000074b200000, 0x000000074b200000|100%| E|CS|TAMS 0x000000074b000000, 0x000000074b000000| Complete 
| 601|0x000000074b200000, 0x000000074b400000, 0x000000074b400000|100%| E|CS|TAMS 0x000000074b200000, 0x000000074b200000| Complete 
| 602|0x000000074b400000, 0x000000074b600000, 0x000000074b600000|100%| E|CS|TAMS 0x000000074b400000, 0x000000074b400000| Complete 
| 603|0x000000074b600000, 0x000000074b800000, 0x000000074b800000|100%| E|CS|TAMS 0x000000074b600000, 0x000000074b600000| Complete 
| 604|0x000000074b800000, 0x000000074ba00000, 0x000000074ba00000|100%| E|CS|TAMS 0x000000074b800000, 0x000000074b800000| Complete 
| 605|0x000000074ba00000, 0x000000074bc00000, 0x000000074bc00000|100%| E|CS|TAMS 0x000000074ba00000, 0x000000074ba00000| Complete 
| 606|0x000000074bc00000, 0x000000074be00000, 0x000000074be00000|100%| E|CS|TAMS 0x000000074bc00000, 0x000000074bc00000| Complete 
| 607|0x000000074be00000, 0x000000074c000000, 0x000000074c000000|100%| E|CS|TAMS 0x000000074be00000, 0x000000074be00000| Complete 
| 608|0x000000074c000000, 0x000000074c200000, 0x000000074c200000|100%| E|CS|TAMS 0x000000074c000000, 0x000000074c000000| Complete 
| 609|0x000000074c200000, 0x000000074c400000, 0x000000074c400000|100%| E|CS|TAMS 0x000000074c200000, 0x000000074c200000| Complete 
| 610|0x000000074c400000, 0x000000074c600000, 0x000000074c600000|100%| E|CS|TAMS 0x000000074c400000, 0x000000074c400000| Complete 
| 611|0x000000074c600000, 0x000000074c800000, 0x000000074c800000|100%| E|CS|TAMS 0x000000074c600000, 0x000000074c600000| Complete 
| 612|0x000000074c800000, 0x000000074ca00000, 0x000000074ca00000|100%| E|CS|TAMS 0x000000074c800000, 0x000000074c800000| Complete 
| 613|0x000000074ca00000, 0x000000074cc00000, 0x000000074cc00000|100%| E|CS|TAMS 0x000000074ca00000, 0x000000074ca00000| Complete 
| 614|0x000000074cc00000, 0x000000074ce00000, 0x000000074ce00000|100%| E|CS|TAMS 0x000000074cc00000, 0x000000074cc00000| Complete 
| 615|0x000000074ce00000, 0x000000074d000000, 0x000000074d000000|100%| E|CS|TAMS 0x000000074ce00000, 0x000000074ce00000| Complete 
| 616|0x000000074d000000, 0x000000074d200000, 0x000000074d200000|100%| E|CS|TAMS 0x000000074d000000, 0x000000074d000000| Complete 
| 617|0x000000074d200000, 0x000000074d400000, 0x000000074d400000|100%| E|CS|TAMS 0x000000074d200000, 0x000000074d200000| Complete 
| 618|0x000000074d400000, 0x000000074d600000, 0x000000074d600000|100%| E|CS|TAMS 0x000000074d400000, 0x000000074d400000| Complete 
| 619|0x000000074d600000, 0x000000074d800000, 0x000000074d800000|100%| E|CS|TAMS 0x000000074d600000, 0x000000074d600000| Complete 
| 620|0x000000074d800000, 0x000000074da00000, 0x000000074da00000|100%| E|CS|TAMS 0x000000074d800000, 0x000000074d800000| Complete 
| 621|0x000000074da00000, 0x000000074dc00000, 0x000000074dc00000|100%| E|CS|TAMS 0x000000074da00000, 0x000000074da00000| Complete 
| 622|0x000000074dc00000, 0x000000074de00000, 0x000000074de00000|100%| E|CS|TAMS 0x000000074dc00000, 0x000000074dc00000| Complete 
| 623|0x000000074de00000, 0x000000074e000000, 0x000000074e000000|100%| E|CS|TAMS 0x000000074de00000, 0x000000074de00000| Complete 
| 624|0x000000074e000000, 0x000000074e200000, 0x000000074e200000|100%| E|CS|TAMS 0x000000074e000000, 0x000000074e000000| Complete 
| 625|0x000000074e200000, 0x000000074e400000, 0x000000074e400000|100%| E|CS|TAMS 0x000000074e200000, 0x000000074e200000| Complete 
| 626|0x000000074e400000, 0x000000074e600000, 0x000000074e600000|100%| E|CS|TAMS 0x000000074e400000, 0x000000074e400000| Complete 
| 627|0x000000074e600000, 0x000000074e800000, 0x000000074e800000|100%| E|CS|TAMS 0x000000074e600000, 0x000000074e600000| Complete 
| 628|0x000000074e800000, 0x000000074ea00000, 0x000000074ea00000|100%| E|CS|TAMS 0x000000074e800000, 0x000000074e800000| Complete 
| 629|0x000000074ea00000, 0x000000074ec00000, 0x000000074ec00000|100%| E|CS|TAMS 0x000000074ea00000, 0x000000074ea00000| Complete 
| 630|0x000000074ec00000, 0x000000074ee00000, 0x000000074ee00000|100%| E|CS|TAMS 0x000000074ec00000, 0x000000074ec00000| Complete 
| 631|0x000000074ee00000, 0x000000074f000000, 0x000000074f000000|100%| E|CS|TAMS 0x000000074ee00000, 0x000000074ee00000| Complete 
| 632|0x000000074f000000, 0x000000074f200000, 0x000000074f200000|100%| E|CS|TAMS 0x000000074f000000, 0x000000074f000000| Complete 
| 633|0x000000074f200000, 0x000000074f400000, 0x000000074f400000|100%| E|CS|TAMS 0x000000074f200000, 0x000000074f200000| Complete 
| 634|0x000000074f400000, 0x000000074f600000, 0x000000074f600000|100%| E|CS|TAMS 0x000000074f400000, 0x000000074f400000| Complete 
| 635|0x000000074f600000, 0x000000074f800000, 0x000000074f800000|100%| E|CS|TAMS 0x000000074f600000, 0x000000074f600000| Complete 
| 636|0x000000074f800000, 0x000000074fa00000, 0x000000074fa00000|100%| E|CS|TAMS 0x000000074f800000, 0x000000074f800000| Complete 
| 637|0x000000074fa00000, 0x000000074fc00000, 0x000000074fc00000|100%| E|CS|TAMS 0x000000074fa00000, 0x000000074fa00000| Complete 
| 638|0x000000074fc00000, 0x000000074fe00000, 0x000000074fe00000|100%| E|CS|TAMS 0x000000074fc00000, 0x000000074fc00000| Complete 
| 639|0x000000074fe00000, 0x0000000750000000, 0x0000000750000000|100%| E|CS|TAMS 0x000000074fe00000, 0x000000074fe00000| Complete 
| 640|0x0000000750000000, 0x0000000750200000, 0x0000000750200000|100%| E|CS|TAMS 0x0000000750000000, 0x0000000750000000| Complete 
| 641|0x0000000750200000, 0x0000000750400000, 0x0000000750400000|100%| E|CS|TAMS 0x0000000750200000, 0x0000000750200000| Complete 
| 642|0x0000000750400000, 0x0000000750600000, 0x0000000750600000|100%| E|CS|TAMS 0x0000000750400000, 0x0000000750400000| Complete 
| 643|0x0000000750600000, 0x0000000750800000, 0x0000000750800000|100%| E|CS|TAMS 0x0000000750600000, 0x0000000750600000| Complete 
| 644|0x0000000750800000, 0x0000000750a00000, 0x0000000750a00000|100%| E|CS|TAMS 0x0000000750800000, 0x0000000750800000| Complete 
| 645|0x0000000750a00000, 0x0000000750c00000, 0x0000000750c00000|100%| E|CS|TAMS 0x0000000750a00000, 0x0000000750a00000| Complete 
| 646|0x0000000750c00000, 0x0000000750e00000, 0x0000000750e00000|100%| E|CS|TAMS 0x0000000750c00000, 0x0000000750c00000| Complete 
| 647|0x0000000750e00000, 0x0000000751000000, 0x0000000751000000|100%| E|CS|TAMS 0x0000000750e00000, 0x0000000750e00000| Complete 
| 648|0x0000000751000000, 0x0000000751200000, 0x0000000751200000|100%| E|CS|TAMS 0x0000000751000000, 0x0000000751000000| Complete 
| 649|0x0000000751200000, 0x0000000751400000, 0x0000000751400000|100%| E|CS|TAMS 0x0000000751200000, 0x0000000751200000| Complete 
| 650|0x0000000751400000, 0x0000000751600000, 0x0000000751600000|100%| E|CS|TAMS 0x0000000751400000, 0x0000000751400000| Complete 
| 651|0x0000000751600000, 0x0000000751800000, 0x0000000751800000|100%| E|CS|TAMS 0x0000000751600000, 0x0000000751600000| Complete 
| 652|0x0000000751800000, 0x0000000751a00000, 0x0000000751a00000|100%| E|CS|TAMS 0x0000000751800000, 0x0000000751800000| Complete 
| 653|0x0000000751a00000, 0x0000000751c00000, 0x0000000751c00000|100%| E|CS|TAMS 0x0000000751a00000, 0x0000000751a00000| Complete 
| 654|0x0000000751c00000, 0x0000000751e00000, 0x0000000751e00000|100%| E|CS|TAMS 0x0000000751c00000, 0x0000000751c00000| Complete 
| 655|0x0000000751e00000, 0x0000000752000000, 0x0000000752000000|100%| E|CS|TAMS 0x0000000751e00000, 0x0000000751e00000| Complete 
| 656|0x0000000752000000, 0x0000000752200000, 0x0000000752200000|100%| E|CS|TAMS 0x0000000752000000, 0x0000000752000000| Complete 
| 657|0x0000000752200000, 0x0000000752400000, 0x0000000752400000|100%| E|CS|TAMS 0x0000000752200000, 0x0000000752200000| Complete 
| 658|0x0000000752400000, 0x0000000752600000, 0x0000000752600000|100%| E|CS|TAMS 0x0000000752400000, 0x0000000752400000| Complete 
| 659|0x0000000752600000, 0x0000000752800000, 0x0000000752800000|100%| E|CS|TAMS 0x0000000752600000, 0x0000000752600000| Complete 
| 660|0x0000000752800000, 0x0000000752a00000, 0x0000000752a00000|100%| E|CS|TAMS 0x0000000752800000, 0x0000000752800000| Complete 
| 661|0x0000000752a00000, 0x0000000752c00000, 0x0000000752c00000|100%| E|CS|TAMS 0x0000000752a00000, 0x0000000752a00000| Complete 
| 662|0x0000000752c00000, 0x0000000752e00000, 0x0000000752e00000|100%| E|CS|TAMS 0x0000000752c00000, 0x0000000752c00000| Complete 
| 663|0x0000000752e00000, 0x0000000753000000, 0x0000000753000000|100%| E|CS|TAMS 0x0000000752e00000, 0x0000000752e00000| Complete 
| 664|0x0000000753000000, 0x0000000753200000, 0x0000000753200000|100%| E|CS|TAMS 0x0000000753000000, 0x0000000753000000| Complete 
| 665|0x0000000753200000, 0x0000000753400000, 0x0000000753400000|100%| E|CS|TAMS 0x0000000753200000, 0x0000000753200000| Complete 
| 666|0x0000000753400000, 0x0000000753600000, 0x0000000753600000|100%| E|CS|TAMS 0x0000000753400000, 0x0000000753400000| Complete 
| 667|0x0000000753600000, 0x0000000753800000, 0x0000000753800000|100%| E|CS|TAMS 0x0000000753600000, 0x0000000753600000| Complete 
| 668|0x0000000753800000, 0x0000000753a00000, 0x0000000753a00000|100%| E|CS|TAMS 0x0000000753800000, 0x0000000753800000| Complete 
| 669|0x0000000753a00000, 0x0000000753c00000, 0x0000000753c00000|100%| E|CS|TAMS 0x0000000753a00000, 0x0000000753a00000| Complete 
| 670|0x0000000753c00000, 0x0000000753e00000, 0x0000000753e00000|100%| E|CS|TAMS 0x0000000753c00000, 0x0000000753c00000| Complete 
| 671|0x0000000753e00000, 0x0000000754000000, 0x0000000754000000|100%| E|CS|TAMS 0x0000000753e00000, 0x0000000753e00000| Complete 
| 672|0x0000000754000000, 0x0000000754200000, 0x0000000754200000|100%| E|CS|TAMS 0x0000000754000000, 0x0000000754000000| Complete 
| 673|0x0000000754200000, 0x0000000754400000, 0x0000000754400000|100%| E|CS|TAMS 0x0000000754200000, 0x0000000754200000| Complete 
| 674|0x0000000754400000, 0x0000000754600000, 0x0000000754600000|100%| E|CS|TAMS 0x0000000754400000, 0x0000000754400000| Complete 
| 675|0x0000000754600000, 0x0000000754800000, 0x0000000754800000|100%| E|CS|TAMS 0x0000000754600000, 0x0000000754600000| Complete 
| 676|0x0000000754800000, 0x0000000754a00000, 0x0000000754a00000|100%| E|CS|TAMS 0x0000000754800000, 0x0000000754800000| Complete 
| 677|0x0000000754a00000, 0x0000000754c00000, 0x0000000754c00000|100%| E|CS|TAMS 0x0000000754a00000, 0x0000000754a00000| Complete 
| 678|0x0000000754c00000, 0x0000000754e00000, 0x0000000754e00000|100%| E|CS|TAMS 0x0000000754c00000, 0x0000000754c00000| Complete 
| 679|0x0000000754e00000, 0x0000000755000000, 0x0000000755000000|100%| E|CS|TAMS 0x0000000754e00000, 0x0000000754e00000| Complete 
| 680|0x0000000755000000, 0x0000000755200000, 0x0000000755200000|100%| E|CS|TAMS 0x0000000755000000, 0x0000000755000000| Complete 
| 681|0x0000000755200000, 0x0000000755400000, 0x0000000755400000|100%| E|CS|TAMS 0x0000000755200000, 0x0000000755200000| Complete 
| 682|0x0000000755400000, 0x0000000755600000, 0x0000000755600000|100%| E|CS|TAMS 0x0000000755400000, 0x0000000755400000| Complete 
| 683|0x0000000755600000, 0x0000000755800000, 0x0000000755800000|100%| E|CS|TAMS 0x0000000755600000, 0x0000000755600000| Complete 
| 684|0x0000000755800000, 0x0000000755a00000, 0x0000000755a00000|100%| E|CS|TAMS 0x0000000755800000, 0x0000000755800000| Complete 
| 685|0x0000000755a00000, 0x0000000755c00000, 0x0000000755c00000|100%| E|CS|TAMS 0x0000000755a00000, 0x0000000755a00000| Complete 
| 686|0x0000000755c00000, 0x0000000755e00000, 0x0000000755e00000|100%| E|CS|TAMS 0x0000000755c00000, 0x0000000755c00000| Complete 
| 687|0x0000000755e00000, 0x0000000756000000, 0x0000000756000000|100%| E|CS|TAMS 0x0000000755e00000, 0x0000000755e00000| Complete 
| 688|0x0000000756000000, 0x0000000756200000, 0x0000000756200000|100%| E|CS|TAMS 0x0000000756000000, 0x0000000756000000| Complete 
| 689|0x0000000756200000, 0x0000000756400000, 0x0000000756400000|100%| E|CS|TAMS 0x0000000756200000, 0x0000000756200000| Complete 
| 690|0x0000000756400000, 0x0000000756600000, 0x0000000756600000|100%| E|CS|TAMS 0x0000000756400000, 0x0000000756400000| Complete 

Card table byte_map: [0x000002937e710000,0x000002937ef10000] _byte_map_base: 0x000002937af10000

Marking Bits (Prev, Next): (CMBitMap*) 0x0000029365d80120, (CMBitMap*) 0x0000029365d800e0
 Prev Bits: [0x0000029304000000, 0x0000029308000000)
 Next Bits: [0x0000029300000000, 0x0000029304000000)

Polling page: 0x0000029363c10000

Metaspace:

Usage:
  Non-class:    154.56 MB used.
      Class:     23.27 MB used.
       Both:    177.82 MB used.

Virtual space:
  Non-class space:      192.00 MB reserved,     156.00 MB ( 81%) committed,  3 nodes.
      Class space:      416.00 MB reserved,      24.44 MB (  6%) committed,  1 nodes.
             Both:      608.00 MB reserved,     180.44 MB ( 30%) committed. 

Chunk freelists:
   Non-Class:  3.66 MB
       Class:  7.44 MB
        Both:  11.10 MB

MaxMetaspaceSize: 512.00 MB
CompressedClassSpaceSize: 416.00 MB
Initial GC threshold: 21.00 MB
Current GC threshold: 215.12 MB
CDS: on
MetaspaceReclaimPolicy: balanced
 - commit_granule_bytes: 65536.
 - commit_granule_words: 8192.
 - virtual_space_node_default_size: 8388608.
 - enlarge_chunks_in_place: 1.
 - new_chunks_are_fully_committed: 0.
 - uncommit_free_chunks: 1.
 - use_allocation_guard: 0.
 - handle_deallocations: 1.


Internal statistics:

num_allocs_failed_limit: 9.
num_arena_births: 3412.
num_arena_deaths: 0.
num_vsnodes_births: 4.
num_vsnodes_deaths: 0.
num_space_committed: 2885.
num_space_uncommitted: 0.
num_chunks_returned_to_freelist: 9.
num_chunks_taken_from_freelist: 12125.
num_chunk_merges: 9.
num_chunk_splits: 7630.
num_chunks_enlarged: 4580.
num_inconsistent_stats: 0.

CodeHeap 'non-profiled nmethods': size=120000Kb used=28148Kb max_used=28352Kb free=91851Kb
 bounds [0x00000293766a0000, 0x0000029378280000, 0x000002937dbd0000]
CodeHeap 'profiled nmethods': size=120000Kb used=70525Kb max_used=72512Kb free=49474Kb
 bounds [0x000002936ebd0000, 0x00000293732b0000, 0x0000029376100000]
CodeHeap 'non-nmethods': size=5760Kb used=2547Kb max_used=2622Kb free=3212Kb
 bounds [0x0000029376100000, 0x00000293763a0000, 0x00000293766a0000]
 total_blobs=33830 nmethods=32728 adapters=1010
 compilation: enabled
              stopped_count=0, restarted_count=0
 full_count=0

Compilation events (20 events):
Event: 539.782 Thread 0x000002930a1bec50 nmethod 43325 0x0000029372c20510 code [0x0000029372c206a0, 0x0000029372c207f8]
Event: 539.782 Thread 0x000002930a1bec50 43326       2       com.android.tools.r8.dex.p0::a (9 bytes)
Event: 539.782 Thread 0x000002930a1bec50 nmethod 43326 0x0000029372f4ec10 code [0x0000029372f4eda0, 0x0000029372f4ee98]
Event: 539.785 Thread 0x000002930a1bec50 43327       3       com.android.tools.r8.graph.E2$$Lambda$5052/0x000002930d83d0b0::accept (16 bytes)
Event: 539.785 Thread 0x000002930a1bec50 nmethod 43327 0x0000029372e2bd10 code [0x0000029372e2bee0, 0x0000029372e2c338]
Event: 539.786 Thread 0x000002930a1bec50 43328       2       com.android.tools.r8.internal.xp::a (46 bytes)
Event: 539.786 Thread 0x000002930a1bec50 nmethod 43328 0x0000029372e48510 code [0x0000029372e48700, 0x0000029372e48a48]
Event: 539.786 Thread 0x000002930a1bec50 43329       2       com.android.tools.r8.internal.vo::a (1 bytes)
Event: 539.786 Thread 0x000002930a1bec50 nmethod 43329 0x0000029372bb0690 code [0x0000029372bb0820, 0x0000029372bb0918]
Event: 539.793 Thread 0x000002930a1bec50 43330       2       com.android.tools.r8.internal.Aq::a (21 bytes)
Event: 539.794 Thread 0x000002930a1bec50 nmethod 43330 0x0000029372e4f610 code [0x0000029372e4f7e0, 0x0000029372e4fa18]
Event: 539.794 Thread 0x000002930a1bec50 43331       3       com.android.tools.r8.graph.m3::a (55 bytes)
Event: 539.798 Thread 0x000002930a1bec50 nmethod 43331 0x0000029372e64010 code [0x0000029372e643c0, 0x0000029372e66338]
Event: 539.798 Thread 0x000002930a1bec50 43332   !   3       org.gradle.api.internal.artifacts.transform.TransformingAsyncArtifactListener$TransformedArtifact::finalizeValue (168 bytes)
Event: 539.805 Thread 0x000002930a1bec50 nmethod 43332 0x0000029372525310 code [0x0000029372525640, 0x0000029372526c38]
Event: 539.805 Thread 0x000002930a1bec50 43333       3       com.android.tools.r8.graph.E2$$Lambda$5051/0x000002930d83ce80::accept (16 bytes)
Event: 539.805 Thread 0x000002930a1bec50 nmethod 43333 0x0000029372b43310 code [0x0000029372b434c0, 0x0000029372b43708]
Event: 539.810 Thread 0x000002930a1bec50 43334       3       com.android.tools.r8.graph.E2::a (53 bytes)
Event: 539.811 Thread 0x000002930a1bec50 nmethod 43334 0x0000029372c44c90 code [0x0000029372c44ec0, 0x0000029372c458e8]
Event: 539.819 Thread 0x000002930a1bec50 43335       2       com.android.tools.r8.internal.Wr::a (1 bytes)

GC Heap History (20 events):
Event: 525.275 GC heap before
{Heap before GC invocations=126 (full 0):
 garbage-first heap   total 802816K, used 705706K [0x0000000700000000, 0x0000000800000000)
  region size 2048K, 52 young (106496K), 4 survivors (8192K)
 Metaspace       used 181374K, committed 184064K, reserved 622592K
  class space    used 23781K, committed 25024K, reserved 425984K
}
Event: 525.287 GC heap after
{Heap after GC invocations=127 (full 0):
 garbage-first heap   total 802816K, used 610236K [0x0000000700000000, 0x0000000800000000)
  region size 2048K, 5 young (10240K), 5 survivors (10240K)
 Metaspace       used 181374K, committed 184064K, reserved 622592K
  class space    used 23781K, committed 25024K, reserved 425984K
}
Event: 527.531 GC heap before
{Heap before GC invocations=127 (full 0):
 garbage-first heap   total 802816K, used 704444K [0x0000000700000000, 0x0000000800000000)
  region size 2048K, 51 young (104448K), 5 survivors (10240K)
 Metaspace       used 181468K, committed 184128K, reserved 622592K
  class space    used 23787K, committed 25024K, reserved 425984K
}
Event: 527.544 GC heap after
{Heap after GC invocations=128 (full 0):
 garbage-first heap   total 802816K, used 610608K [0x0000000700000000, 0x0000000800000000)
  region size 2048K, 5 young (10240K), 5 survivors (10240K)
 Metaspace       used 181468K, committed 184128K, reserved 622592K
  class space    used 23787K, committed 25024K, reserved 425984K
}
Event: 528.637 GC heap before
{Heap before GC invocations=128 (full 0):
 garbage-first heap   total 802816K, used 704816K [0x0000000700000000, 0x0000000800000000)
  region size 2048K, 51 young (104448K), 5 survivors (10240K)
 Metaspace       used 181523K, committed 184192K, reserved 622592K
  class space    used 23787K, committed 25024K, reserved 425984K
}
Event: 528.677 GC heap after
{Heap after GC invocations=129 (full 0):
 garbage-first heap   total 802816K, used 615720K [0x0000000700000000, 0x0000000800000000)
  region size 2048K, 7 young (14336K), 7 survivors (14336K)
 Metaspace       used 181523K, committed 184192K, reserved 622592K
  class space    used 23787K, committed 25024K, reserved 425984K
}
Event: 528.953 GC heap before
{Heap before GC invocations=129 (full 0):
 garbage-first heap   total 802816K, used 701736K [0x0000000700000000, 0x0000000800000000)
  region size 2048K, 49 young (100352K), 7 survivors (14336K)
 Metaspace       used 181584K, committed 184256K, reserved 622592K
  class space    used 23799K, committed 25024K, reserved 425984K
}
Event: 528.998 GC heap after
{Heap after GC invocations=130 (full 0):
 garbage-first heap   total 802816K, used 618018K [0x0000000700000000, 0x0000000800000000)
  region size 2048K, 5 young (10240K), 5 survivors (10240K)
 Metaspace       used 181584K, committed 184256K, reserved 622592K
  class space    used 23799K, committed 25024K, reserved 425984K
}
Event: 529.306 GC heap before
{Heap before GC invocations=130 (full 0):
 garbage-first heap   total 802816K, used 704034K [0x0000000700000000, 0x0000000800000000)
  region size 2048K, 47 young (96256K), 5 survivors (10240K)
 Metaspace       used 181637K, committed 184256K, reserved 622592K
  class space    used 23806K, committed 25024K, reserved 425984K
}
Event: 529.378 GC heap after
{Heap after GC invocations=131 (full 0):
 garbage-first heap   total 802816K, used 618479K [0x0000000700000000, 0x0000000800000000)
  region size 2048K, 2 young (4096K), 2 survivors (4096K)
 Metaspace       used 181637K, committed 184256K, reserved 622592K
  class space    used 23806K, committed 25024K, reserved 425984K
}
Event: 529.813 GC heap before
{Heap before GC invocations=131 (full 0):
 garbage-first heap   total 802816K, used 706543K [0x0000000700000000, 0x0000000800000000)
  region size 2048K, 45 young (92160K), 2 survivors (4096K)
 Metaspace       used 181656K, committed 184256K, reserved 622592K
  class space    used 23806K, committed 25024K, reserved 425984K
}
Event: 529.817 GC heap after
{Heap after GC invocations=132 (full 0):
 garbage-first heap   total 802816K, used 618100K [0x0000000700000000, 0x0000000800000000)
  region size 2048K, 2 young (4096K), 2 survivors (4096K)
 Metaspace       used 181656K, committed 184256K, reserved 622592K
  class space    used 23806K, committed 25024K, reserved 425984K
}
Event: 530.209 GC heap before
{Heap before GC invocations=132 (full 0):
 garbage-first heap   total 802816K, used 708212K [0x0000000700000000, 0x0000000800000000)
  region size 2048K, 46 young (94208K), 2 survivors (4096K)
 Metaspace       used 181692K, committed 184320K, reserved 622592K
  class space    used 23806K, committed 25024K, reserved 425984K
}
Event: 530.213 GC heap after
{Heap after GC invocations=133 (full 0):
 garbage-first heap   total 802816K, used 618050K [0x0000000700000000, 0x0000000800000000)
  region size 2048K, 2 young (4096K), 2 survivors (4096K)
 Metaspace       used 181692K, committed 184320K, reserved 622592K
  class space    used 23806K, committed 25024K, reserved 425984K
}
Event: 530.535 GC heap before
{Heap before GC invocations=133 (full 0):
 garbage-first heap   total 802816K, used 708162K [0x0000000700000000, 0x0000000800000000)
  region size 2048K, 47 young (96256K), 2 survivors (4096K)
 Metaspace       used 181751K, committed 184448K, reserved 622592K
  class space    used 23806K, committed 25024K, reserved 425984K
}
Event: 530.542 GC heap after
{Heap after GC invocations=134 (full 0):
 garbage-first heap   total 802816K, used 621959K [0x0000000700000000, 0x0000000800000000)
  region size 2048K, 4 young (8192K), 4 survivors (8192K)
 Metaspace       used 181751K, committed 184448K, reserved 622592K
  class space    used 23806K, committed 25024K, reserved 425984K
}
Event: 530.906 GC heap before
{Heap before GC invocations=134 (full 0):
 garbage-first heap   total 802816K, used 707975K [0x0000000700000000, 0x0000000800000000)
  region size 2048K, 46 young (94208K), 4 survivors (8192K)
 Metaspace       used 181815K, committed 184512K, reserved 622592K
  class space    used 23809K, committed 25024K, reserved 425984K
}
Event: 530.918 GC heap after
{Heap after GC invocations=135 (full 0):
 garbage-first heap   total 802816K, used 621694K [0x0000000700000000, 0x0000000800000000)
  region size 2048K, 3 young (6144K), 3 survivors (6144K)
 Metaspace       used 181815K, committed 184512K, reserved 622592K
  class space    used 23809K, committed 25024K, reserved 425984K
}
Event: 531.355 GC heap before
{Heap before GC invocations=135 (full 0):
 garbage-first heap   total 802816K, used 709758K [0x0000000700000000, 0x0000000800000000)
  region size 2048K, 46 young (94208K), 3 survivors (6144K)
 Metaspace       used 181884K, committed 184576K, reserved 622592K
  class space    used 23814K, committed 25024K, reserved 425984K
}
Event: 531.365 GC heap after
{Heap after GC invocations=136 (full 0):
 garbage-first heap   total 1415168K, used 620805K [0x0000000700000000, 0x0000000800000000)
  region size 2048K, 2 young (4096K), 2 survivors (4096K)
 Metaspace       used 181884K, committed 184576K, reserved 622592K
  class space    used 23814K, committed 25024K, reserved 425984K
}

Dll operation events (16 events):
Event: 0.049 Loaded shared library C:\Program Files\OpenLogic\jdk-17.0.14.7-hotspot\bin\java.dll
Event: 0.105 Loaded shared library C:\Program Files\OpenLogic\jdk-17.0.14.7-hotspot\bin\jsvml.dll
Event: 0.323 Loaded shared library C:\Program Files\OpenLogic\jdk-17.0.14.7-hotspot\bin\zip.dll
Event: 0.329 Loaded shared library C:\Program Files\OpenLogic\jdk-17.0.14.7-hotspot\bin\instrument.dll
Event: 0.338 Loaded shared library C:\Program Files\OpenLogic\jdk-17.0.14.7-hotspot\bin\net.dll
Event: 0.342 Loaded shared library C:\Program Files\OpenLogic\jdk-17.0.14.7-hotspot\bin\nio.dll
Event: 0.347 Loaded shared library C:\Program Files\OpenLogic\jdk-17.0.14.7-hotspot\bin\zip.dll
Event: 0.977 Loaded shared library C:\Program Files\OpenLogic\jdk-17.0.14.7-hotspot\bin\jimage.dll
Event: 1.398 Loaded shared library C:\Program Files\OpenLogic\jdk-17.0.14.7-hotspot\bin\verify.dll
Event: 1.624 Loaded shared library C:\Users\Vauras\.gradle\native\1def1411415f61bf3af743bc5b6707747c0891f09f0c88961ee8f79bc544acac\windows-amd64\native-platform.dll
Event: 1.677 Loaded shared library C:\Users\Vauras\.gradle\native\0.2.7\x86_64-windows-gnu\gradle-fileevents.dll
Event: 4.612 Loaded shared library C:\Program Files\OpenLogic\jdk-17.0.14.7-hotspot\bin\management.dll
Event: 4.622 Loaded shared library C:\Program Files\OpenLogic\jdk-17.0.14.7-hotspot\bin\management_ext.dll
Event: 6.322 Loaded shared library C:\Program Files\OpenLogic\jdk-17.0.14.7-hotspot\bin\extnet.dll
Event: 7.189 Loaded shared library C:\Program Files\OpenLogic\jdk-17.0.14.7-hotspot\bin\sunmscapi.dll
Event: 366.682 Loaded shared library C:\Program Files\OpenLogic\jdk-17.0.14.7-hotspot\bin\rmi.dll

Deoptimization events (20 events):
Event: 538.100 Thread 0x000002932baa4e90 DEOPT PACKING pc=0x0000029372bc64e2 sp=0x000000eaf36f9130
Event: 538.100 Thread 0x000002932baa4e90 DEOPT UNPACKING pc=0x0000029376157143 sp=0x000000eaf36f8880 mode 0
Event: 538.167 Thread 0x000002932baa1bf0 Uncommon trap: trap_request=0xffffffc6 fr.pc=0x00000293781c82cc relative=0x000000000000020c
Event: 538.167 Thread 0x000002932baa1bf0 Uncommon trap: reason=bimorphic_or_optimized_type_check action=maybe_recompile pc=0x00000293781c82cc method=com.android.tools.r8.internal.Mq0.a(Ljava/lang/String;Lcom/android/tools/r8/internal/Dq0;)Ljava/lang/Object; @ 6 c2
Event: 538.167 Thread 0x000002932baa1bf0 DEOPT PACKING pc=0x00000293781c82cc sp=0x000000eaf33faa40
Event: 538.167 Thread 0x000002932baa1bf0 DEOPT UNPACKING pc=0x00000293761569a3 sp=0x000000eaf33faa00 mode 2
Event: 538.168 Thread 0x000002932baa1bf0 Uncommon trap: trap_request=0xfffffff4 fr.pc=0x00000293781964c0 relative=0x00000000000016a0
Event: 538.168 Thread 0x000002932baa1bf0 Uncommon trap: reason=null_check action=make_not_entrant pc=0x00000293781964c0 method=com.android.tools.r8.internal.pp0$$Lambda$5199/0x000002930d85d508.a(Ljava/lang/Object;Ljava/lang/Object;Lcom/android/tools/r8/internal/Me;)I @ 1 c2
Event: 538.168 Thread 0x000002932baa1bf0 DEOPT PACKING pc=0x00000293781964c0 sp=0x000000eaf33f9f90
Event: 538.168 Thread 0x000002932baa1bf0 DEOPT UNPACKING pc=0x00000293761569a3 sp=0x000000eaf33f9ea0 mode 2
Event: 538.455 Thread 0x000002932baa1bf0 DEOPT PACKING pc=0x000002937278ac63 sp=0x000000eaf33fa750
Event: 538.455 Thread 0x000002932baa1bf0 DEOPT UNPACKING pc=0x0000029376157143 sp=0x000000eaf33f9c68 mode 0
Event: 538.464 Thread 0x000002932baa1bf0 Uncommon trap: trap_request=0xffffffc6 fr.pc=0x00000293781c82cc relative=0x000000000000020c
Event: 538.464 Thread 0x000002932baa1bf0 Uncommon trap: reason=bimorphic_or_optimized_type_check action=maybe_recompile pc=0x00000293781c82cc method=com.android.tools.r8.internal.Mq0.a(Ljava/lang/String;Lcom/android/tools/r8/internal/Dq0;)Ljava/lang/Object; @ 6 c2
Event: 538.464 Thread 0x000002932baa1bf0 DEOPT PACKING pc=0x00000293781c82cc sp=0x000000eaf33faa50
Event: 538.464 Thread 0x000002932baa1bf0 DEOPT UNPACKING pc=0x00000293761569a3 sp=0x000000eaf33faa10 mode 2
Event: 539.280 Thread 0x000002932baa4e90 DEOPT PACKING pc=0x0000029373250580 sp=0x000000eaf36f9b60
Event: 539.281 Thread 0x000002932baa4e90 DEOPT UNPACKING pc=0x0000029376157143 sp=0x000000eaf36f9060 mode 0
Event: 540.055 Thread 0x000002932baa4e90 DEOPT PACKING pc=0x000002937325071b sp=0x000000eaf36fae80
Event: 540.055 Thread 0x000002932baa4e90 DEOPT UNPACKING pc=0x0000029376157143 sp=0x000000eaf36fa390 mode 0

Classes loaded (20 events):
Event: 518.294 Loading class java/util/IdentityHashMap$IdentityHashMapSpliterator done
Event: 518.294 Loading class java/util/IdentityHashMap$EntrySpliterator done
Event: 518.339 Loading class java/util/SortedSet$1
Event: 518.341 Loading class java/util/SortedSet$1 done
Event: 518.345 Loading class java/util/stream/SliceOps
Event: 518.347 Loading class java/util/stream/SliceOps done
Event: 518.347 Loading class java/util/stream/SliceOps$1
Event: 518.349 Loading class java/util/stream/SliceOps$1 done
Event: 518.353 Loading class java/util/stream/SliceOps$1$1
Event: 518.354 Loading class java/util/stream/SliceOps$1$1 done
Event: 520.043 Loading class java/nio/ShortBuffer
Event: 520.045 Loading class java/nio/ShortBuffer done
Event: 520.137 Loading class java/nio/ByteBufferAsShortBufferL
Event: 520.138 Loading class java/nio/ByteBufferAsShortBufferL done
Event: 520.187 Loading class java/util/zip/Adler32
Event: 520.188 Loading class java/util/zip/Adler32 done
Event: 528.609 Loading class java/util/concurrent/ConcurrentHashMap$TreeNode
Event: 528.678 Loading class java/util/concurrent/ConcurrentHashMap$TreeNode done
Event: 528.678 Loading class java/util/concurrent/ConcurrentHashMap$TreeBin
Event: 528.727 Loading class java/util/concurrent/ConcurrentHashMap$TreeBin done

Classes unloaded (0 events):
No events

Classes redefined (0 events):
No events

Internal exceptions (20 events):
Event: 530.979 Thread 0x000002932baa53a0 Exception <a 'sun/nio/fs/WindowsException'{0x0000000730f8de90}> (0x0000000730f8de90) 
thrown [s\src\hotspot\share\prims\jni.cpp, line 516]
Event: 531.003 Thread 0x000002932baa53a0 Exception <a 'sun/nio/fs/WindowsException'{0x000000072f0f5168}> (0x000000072f0f5168) 
thrown [s\src\hotspot\share\prims\jni.cpp, line 516]
Event: 531.339 Thread 0x000002932baa3f60 Exception <a 'sun/nio/fs/WindowsException'{0x000000072b437b58}> (0x000000072b437b58) 
thrown [s\src\hotspot\share\prims\jni.cpp, line 516]
Event: 531.470 Thread 0x000002932baa3f60 Exception <a 'sun/nio/fs/WindowsException'{0x0000000755207da0}> (0x0000000755207da0) 
thrown [s\src\hotspot\share\prims\jni.cpp, line 516]
Event: 531.676 Thread 0x000002932baa3f60 Exception <a 'sun/nio/fs/WindowsException'{0x000000075452b850}> (0x000000075452b850) 
thrown [s\src\hotspot\share\prims\jni.cpp, line 516]
Event: 531.693 Thread 0x000002932baa3f60 Exception <a 'sun/nio/fs/WindowsException'{0x0000000751c0bb68}> (0x0000000751c0bb68) 
thrown [s\src\hotspot\share\prims\jni.cpp, line 516]
Event: 531.721 Thread 0x000002932baa3f60 Exception <a 'sun/nio/fs/WindowsException'{0x0000000751c23cc8}> (0x0000000751c23cc8) 
thrown [s\src\hotspot\share\prims\jni.cpp, line 516]
Event: 531.890 Thread 0x000002932baa3f60 Exception <a 'sun/nio/fs/WindowsException'{0x000000074ffc5338}> (0x000000074ffc5338) 
thrown [s\src\hotspot\share\prims\jni.cpp, line 516]
Event: 531.900 Thread 0x000002932baa3f60 Exception <a 'sun/nio/fs/WindowsException'{0x000000074ffdd448}> (0x000000074ffdd448) 
thrown [s\src\hotspot\share\prims\jni.cpp, line 516]
Event: 531.916 Thread 0x000002932baa3f60 Exception <a 'sun/nio/fs/WindowsException'{0x000000074fff5468}> (0x000000074fff5468) 
thrown [s\src\hotspot\share\prims\jni.cpp, line 516]
Event: 532.095 Thread 0x000002932baa3f60 Exception <a 'sun/nio/fs/WindowsException'{0x000000074fb12140}> (0x000000074fb12140) 
thrown [s\src\hotspot\share\prims\jni.cpp, line 516]
Event: 532.694 Thread 0x000002932baa3f60 Exception <a 'sun/nio/fs/WindowsException'{0x000000074da2a010}> (0x000000074da2a010) 
thrown [s\src\hotspot\share\prims\jni.cpp, line 516]
Event: 532.705 Thread 0x000002932baa3f60 Exception <a 'sun/nio/fs/WindowsException'{0x0000000749b0c140}> (0x0000000749b0c140) 
thrown [s\src\hotspot\share\prims\jni.cpp, line 516]
Event: 532.988 Thread 0x000002932baa4980 Exception <a 'sun/nio/fs/WindowsException'{0x00000007475b9190}> (0x00000007475b9190) 
thrown [s\src\hotspot\share\prims\jni.cpp, line 516]
Event: 534.079 Thread 0x000002932baa3f60 Exception <a 'sun/nio/fs/WindowsException'{0x000000074722a910}> (0x000000074722a910) 
thrown [s\src\hotspot\share\prims\jni.cpp, line 516]
Event: 534.110 Thread 0x000002932baa3f60 Exception <a 'sun/nio/fs/WindowsException'{0x00000007433b29b0}> (0x00000007433b29b0) 
thrown [s\src\hotspot\share\prims\jni.cpp, line 516]
Event: 534.594 Thread 0x000002932baa4e90 Implicit null exception at 0x00000293780f886b to 0x00000293780fa680
Event: 534.888 Thread 0x000002932baa1bf0 Implicit null exception at 0x00000293780be3ff to 0x00000293780c3858
Event: 538.168 Thread 0x000002932baa1bf0 Implicit null exception at 0x0000029378195735 to 0x00000293781964b0
Event: 538.648 Thread 0x000002932baa1bf0 Exception <a 'sun/nio/fs/WindowsException'{0x0000000737124550}> (0x0000000737124550) 
thrown [s\src\hotspot\share\prims\jni.cpp, line 516]

VM Operations (20 events):
Event: 532.368 Executing VM operation: Cleanup
Event: 532.472 Executing VM operation: Cleanup done
Event: 533.498 Executing VM operation: Cleanup
Event: 533.635 Executing VM operation: Cleanup done
Event: 533.816 Executing VM operation: HandshakeAllThreads
Event: 534.911 Executing VM operation: HandshakeAllThreads done
Event: 534.911 Executing VM operation: Cleanup
Event: 535.265 Executing VM operation: Cleanup done
Event: 535.980 Executing VM operation: ICBufferFull
Event: 535.981 Executing VM operation: ICBufferFull done
Event: 536.981 Executing VM operation: Cleanup
Event: 537.032 Executing VM operation: Cleanup done
Event: 537.379 Executing VM operation: HandshakeAllThreads
Event: 537.510 Executing VM operation: HandshakeAllThreads done
Event: 538.302 Executing VM operation: ICBufferFull
Event: 538.367 Executing VM operation: ICBufferFull done
Event: 539.367 Executing VM operation: Cleanup
Event: 539.385 Executing VM operation: Cleanup done
Event: 539.798 Executing VM operation: HandshakeAllThreads
Event: 539.799 Executing VM operation: HandshakeAllThreads done

Memory protections (0 events):
No events

Nmethod flushes (20 events):
Event: 537.944 Thread 0x000002930a353380 flushing  nmethod 0x0000029372f4ec10
Event: 537.944 Thread 0x000002930a353380 flushing  nmethod 0x0000029372f50510
Event: 537.944 Thread 0x000002930a353380 flushing  nmethod 0x0000029372f50d10
Event: 537.944 Thread 0x000002930a353380 flushing  nmethod 0x0000029372f5ab90
Event: 537.945 Thread 0x000002930a353380 flushing  nmethod 0x0000029372fd8d90
Event: 537.945 Thread 0x000002930a353380 flushing  nmethod 0x0000029372fd9890
Event: 537.945 Thread 0x000002930a353380 flushing  nmethod 0x0000029372fdc990
Event: 537.945 Thread 0x000002930a353380 flushing  nmethod 0x0000029372fe1f10
Event: 537.945 Thread 0x000002930a353380 flushing  nmethod 0x0000029372fe3710
Event: 537.945 Thread 0x000002930a353380 flushing  nmethod 0x0000029373010310
Event: 537.945 Thread 0x000002930a353380 flushing  nmethod 0x000002937301cb10
Event: 537.945 Thread 0x000002930a353380 flushing  nmethod 0x0000029373024e10
Event: 537.945 Thread 0x000002930a353380 flushing  nmethod 0x0000029373026d90
Event: 539.802 Thread 0x000002930a353380 flushing  nmethod 0x00000293769bee90
Event: 539.806 Thread 0x000002930a353380 flushing  nmethod 0x0000029376d49f10
Event: 539.810 Thread 0x000002930a353380 flushing  nmethod 0x00000293771e7010
Event: 539.821 Thread 0x000002930a353380 flushing  nmethod 0x0000029377e8ca10
Event: 539.821 Thread 0x000002930a353380 flushing  nmethod 0x0000029377ee7590
Event: 539.823 Thread 0x000002930a353380 flushing  nmethod 0x00000293780df990
Event: 540.668 Thread 0x000002930a353380 flushing  nmethod 0x00000293780e6010

Events (20 events):
Event: 444.915 Thread 0x00000293380c1750 Thread added: 0x0000029338a12ff0
Event: 446.887 Thread 0x000002932b69bea0 Thread added: 0x0000029338a14430
Event: 447.301 Thread 0x0000029338a11190 Thread added: 0x0000029338a15d80
Event: 458.960 Thread 0x000002932d3d79c0 Thread exited: 0x000002932d3d79c0
Event: 477.663 Thread 0x000002932baa4e90 Thread added: 0x0000029338a14940
Event: 480.976 Thread 0x000002930a1bec50 Thread added: 0x0000029338d316a0
Event: 481.490 Thread 0x0000029338d316a0 Thread exited: 0x0000029338d316a0
Event: 484.103 Thread 0x0000029338a14940 Thread exited: 0x0000029338a14940
Event: 485.744 Thread 0x000002930a1bec50 Thread added: 0x0000029338d316a0
Event: 485.750 Thread 0x000002932baa3f60 Thread added: 0x0000029338a14940
Event: 486.697 Thread 0x0000029338d316a0 Thread exited: 0x0000029338d316a0
Event: 493.106 Thread 0x00000293380bf8f0 Thread exited: 0x00000293380bf8f0
Event: 515.376 Thread 0x0000029338a120c0 Thread exited: 0x0000029338a120c0
Event: 515.423 Thread 0x0000029338a0f330 Thread exited: 0x0000029338a0f330
Event: 515.672 Thread 0x000002930a1b5840 Thread added: 0x0000029338d32140
Event: 516.208 Thread 0x0000029338d32140 Thread exited: 0x0000029338d32140
Event: 519.061 Thread 0x000002932d3d6a90 Thread exited: 0x000002932d3d6a90
Event: 522.312 Thread 0x0000029338a15d80 Thread exited: 0x0000029338a15d80
Event: 523.741 Thread 0x000002930a1bec50 Thread added: 0x0000029334bb6570
Event: 538.002 Thread 0x000002930a1bec50 Thread added: 0x000002934e884d80


Dynamic libraries:
0x00007ff754b70000 - 0x00007ff754b7e000 	C:\Program Files\OpenLogic\jdk-17.0.14.7-hotspot\bin\java.exe
0x00007ffa3cd80000 - 0x00007ffa3cfe6000 	C:\Windows\SYSTEM32\ntdll.dll
0x00007ffa3b950000 - 0x00007ffa3ba19000 	C:\Windows\System32\KERNEL32.DLL
0x00007ffa3a1f0000 - 0x00007ffa3a5ea000 	C:\Windows\System32\KERNELBASE.dll
0x00007ffa3a5f0000 - 0x00007ffa3a73c000 	C:\Windows\System32\ucrtbase.dll
0x00007ffa2daa0000 - 0x00007ffa2dab7000 	C:\Program Files\OpenLogic\jdk-17.0.14.7-hotspot\bin\jli.dll
0x00007ffa3cb30000 - 0x00007ffa3ccf7000 	C:\Windows\System32\USER32.dll
0x00007ffa3a740000 - 0x00007ffa3a767000 	C:\Windows\System32\win32u.dll
0x00007ffa2d630000 - 0x00007ffa2d64b000 	C:\Program Files\OpenLogic\jdk-17.0.14.7-hotspot\bin\VCRUNTIME140.dll
0x00007ffa3c5d0000 - 0x00007ffa3c5fb000 	C:\Windows\System32\GDI32.dll
0x00007ffa3a0c0000 - 0x00007ffa3a1eb000 	C:\Windows\System32\gdi32full.dll
0x00007ffa3a010000 - 0x00007ffa3a0b3000 	C:\Windows\System32\msvcp_win.dll
0x00007ffa23030000 - 0x00007ffa232c2000 	C:\Windows\WinSxS\amd64_microsoft.windows.common-controls_6595b64144ccf1df_6.0.26100.8521_none_3e08b75ce33403b3\COMCTL32.dll
0x00007ffa3c8a0000 - 0x00007ffa3c949000 	C:\Windows\System32\msvcrt.dll
0x00007ffa3cd00000 - 0x00007ffa3cd32000 	C:\Windows\System32\IMM32.DLL
0x00007ffa34e50000 - 0x00007ffa34e5c000 	C:\Program Files\OpenLogic\jdk-17.0.14.7-hotspot\bin\vcruntime140_1.dll
0x00007ff939c80000 - 0x00007ff939d0d000 	C:\Program Files\OpenLogic\jdk-17.0.14.7-hotspot\bin\msvcp140.dll
0x00007ff938f50000 - 0x00007ff939bbc000 	C:\Program Files\OpenLogic\jdk-17.0.14.7-hotspot\bin\server\jvm.dll
0x00007ffa3c270000 - 0x00007ffa3c326000 	C:\Windows\System32\ADVAPI32.dll
0x00007ffa3c1b0000 - 0x00007ffa3c25a000 	C:\Windows\System32\sechost.dll
0x00007ffa3ba20000 - 0x00007ffa3bb38000 	C:\Windows\System32\RPCRT4.dll
0x00007ffa3b7d0000 - 0x00007ffa3b850000 	C:\Windows\System32\WS2_32.dll
0x00007ffa39e70000 - 0x00007ffa39ece000 	C:\Windows\SYSTEM32\POWRPROF.dll
0x00007ffa30330000 - 0x00007ffa30366000 	C:\Windows\SYSTEM32\WINMM.dll
0x00007ffa2bdc0000 - 0x00007ffa2bdcb000 	C:\Windows\SYSTEM32\VERSION.dll
0x00007ffa39e50000 - 0x00007ffa39e64000 	C:\Windows\SYSTEM32\UMPDC.dll
0x00007ffa38d60000 - 0x00007ffa38d7b000 	C:\Windows\SYSTEM32\kernel.appcore.dll
0x00007ff9dbef0000 - 0x00007ff9dbefa000 	C:\Program Files\OpenLogic\jdk-17.0.14.7-hotspot\bin\jimage.dll
0x00007ffa2a800000 - 0x00007ffa2aa42000 	C:\Windows\SYSTEM32\DBGHELP.DLL
0x00007ffa3bd20000 - 0x00007ffa3c0a3000 	C:\Windows\System32\combase.dll
0x00007ffa3c4f0000 - 0x00007ffa3c5c9000 	C:\Windows\System32\OLEAUT32.dll
0x00007ffa25ef0000 - 0x00007ffa25f2b000 	C:\Windows\SYSTEM32\dbgcore.DLL
0x00007ffa3a830000 - 0x00007ffa3a8d8000 	C:\Windows\System32\bcryptPrimitives.dll
0x00007ff9ca6e0000 - 0x00007ff9ca6ee000 	C:\Program Files\OpenLogic\jdk-17.0.14.7-hotspot\bin\instrument.dll
0x00007ff939c50000 - 0x00007ff939c75000 	C:\Program Files\OpenLogic\jdk-17.0.14.7-hotspot\bin\java.dll
0x00007ff938e70000 - 0x00007ff938f46000 	C:\Program Files\OpenLogic\jdk-17.0.14.7-hotspot\bin\jsvml.dll
0x00007ffa3b020000 - 0x00007ffa3b7a4000 	C:\Windows\System32\SHELL32.dll
0x00007ffa37b50000 - 0x00007ffa383d0000 	C:\Windows\SYSTEM32\windows.storage.dll
0x00007ffa3c330000 - 0x00007ffa3c426000 	C:\Windows\System32\SHCORE.dll
0x00007ffa3c600000 - 0x00007ffa3c667000 	C:\Windows\System32\shlwapi.dll
0x00007ffa39f30000 - 0x00007ffa39f59000 	C:\Windows\SYSTEM32\profapi.dll
0x00007ff969670000 - 0x00007ff969688000 	C:\Program Files\OpenLogic\jdk-17.0.14.7-hotspot\bin\zip.dll
0x00007ff9dba40000 - 0x00007ff9dba59000 	C:\Program Files\OpenLogic\jdk-17.0.14.7-hotspot\bin\net.dll
0x00007ffa301d0000 - 0x00007ffa302f9000 	C:\Windows\SYSTEM32\WINHTTP.dll
0x00007ffa392b0000 - 0x00007ffa3931c000 	C:\Windows\system32\mswsock.dll
0x00007ff96a1a0000 - 0x00007ff96a1b6000 	C:\Program Files\OpenLogic\jdk-17.0.14.7-hotspot\bin\nio.dll
0x00007ff9dbee0000 - 0x00007ff9dbef0000 	C:\Program Files\OpenLogic\jdk-17.0.14.7-hotspot\bin\verify.dll
0x00007ff9db630000 - 0x00007ff9db657000 	C:\Users\Vauras\.gradle\native\1def1411415f61bf3af743bc5b6707747c0891f09f0c88961ee8f79bc544acac\windows-amd64\native-platform.dll
0x00007ff96bdd0000 - 0x00007ff96be48000 	C:\Users\Vauras\.gradle\native\0.2.7\x86_64-windows-gnu\gradle-fileevents.dll
0x00007ff9d5370000 - 0x00007ff9d5379000 	C:\Program Files\OpenLogic\jdk-17.0.14.7-hotspot\bin\management.dll
0x00007ff9d3a20000 - 0x00007ff9d3a2b000 	C:\Program Files\OpenLogic\jdk-17.0.14.7-hotspot\bin\management_ext.dll
0x00007ffa3c260000 - 0x00007ffa3c268000 	C:\Windows\System32\PSAPI.DLL
0x00007ffa386f0000 - 0x00007ffa38723000 	C:\Windows\SYSTEM32\IPHLPAPI.DLL
0x00007ffa3c480000 - 0x00007ffa3c48a000 	C:\Windows\System32\NSI.dll
0x00007ffa30390000 - 0x00007ffa303ad000 	C:\Windows\SYSTEM32\dhcpcsvc6.DLL
0x00007ffa30300000 - 0x00007ffa30325000 	C:\Windows\SYSTEM32\dhcpcsvc.DLL
0x00007ffa38730000 - 0x00007ffa3887a000 	C:\Windows\SYSTEM32\DNSAPI.dll
0x00007ffa390f0000 - 0x00007ffa390fd000 	C:\Windows\SYSTEM32\DSPARSE.dll
0x00007ff9cb450000 - 0x00007ff9cb458000 	C:\Program Files\OpenLogic\jdk-17.0.14.7-hotspot\bin\extnet.dll
0x00007ffa396b0000 - 0x00007ffa396cb000 	C:\Windows\SYSTEM32\CRYPTSP.dll
0x00007ffa38cc0000 - 0x00007ffa38cf9000 	C:\Windows\system32\rsaenh.dll
0x00007ffa39360000 - 0x00007ffa39393000 	C:\Windows\SYSTEM32\USERENV.dll
0x00007ffa39f00000 - 0x00007ffa39f2a000 	C:\Windows\SYSTEM32\bcrypt.dll
0x00007ffa39510000 - 0x00007ffa3951c000 	C:\Windows\SYSTEM32\CRYPTBASE.dll
0x00007ff9c8d20000 - 0x00007ff9c8d2e000 	C:\Program Files\OpenLogic\jdk-17.0.14.7-hotspot\bin\sunmscapi.dll
0x00007ffa3a970000 - 0x00007ffa3aae8000 	C:\Windows\System32\CRYPT32.dll
0x00007ffa39810000 - 0x00007ffa39840000 	C:\Windows\SYSTEM32\ncrypt.dll
0x00007ffa397c0000 - 0x00007ffa397ff000 	C:\Windows\SYSTEM32\NTASN1.dll
0x00007ffa02b30000 - 0x00007ffa02b38000 	C:\Windows\system32\wshunix.dll
0x00007ffa1e100000 - 0x00007ffa1e118000 	C:\Windows\system32\napinsp.dll
0x00007ffa1dfc0000 - 0x00007ffa1dfd3000 	C:\Windows\System32\winrnr.dll
0x00007ffa1df50000 - 0x00007ffa1df72000 	C:\Windows\system32\nlansp_c.dll
0x00007ffa2e8b0000 - 0x00007ffa2e8c6000 	C:\Windows\system32\wshbth.dll
0x00007ffa2e8d0000 - 0x00007ffa2e8db000 	C:\Windows\System32\rasadhlp.dll
0x00007ffa33ae0000 - 0x00007ffa33b66000 	C:\Windows\System32\fwpuclnt.dll
0x00007ffa38e80000 - 0x00007ffa38eb6000 	C:\Windows\SYSTEM32\ntmarta.dll
0x00007ffa2fc60000 - 0x00007ffa2fc67000 	C:\Program Files\OpenLogic\jdk-17.0.14.7-hotspot\bin\rmi.dll

dbghelp: loaded successfully - version: 4.0.5 - missing functions: none
symbol engine: initialized successfully - sym options: 0x614 - pdb path: .;C:\Program Files\OpenLogic\jdk-17.0.14.7-hotspot\bin;C:\Windows\SYSTEM32;C:\Windows\WinSxS\amd64_microsoft.windows.common-controls_6595b64144ccf1df_6.0.26100.8521_none_3e08b75ce33403b3;C:\Program Files\OpenLogic\jdk-17.0.14.7-hotspot\bin\server;C:\Users\Vauras\.gradle\native\1def1411415f61bf3af743bc5b6707747c0891f09f0c88961ee8f79bc544acac\windows-amd64;C:\Users\Vauras\.gradle\native\0.2.7\x86_64-windows-gnu

VM Arguments:
jvm_args: --add-opens=java.base/java.lang=ALL-UNNAMED --add-opens=java.base/java.lang.invoke=ALL-UNNAMED --add-opens=java.base/java.util=ALL-UNNAMED --add-opens=java.prefs/java.util.prefs=ALL-UNNAMED --add-exports=jdk.compiler/com.sun.tools.javac.api=ALL-UNNAMED --add-exports=jdk.compiler/com.sun.tools.javac.util=ALL-UNNAMED --add-opens=java.base/java.util=ALL-UNNAMED --add-opens=java.prefs/java.util.prefs=ALL-UNNAMED --add-opens=java.base/java.nio.charset=ALL-UNNAMED --add-opens=java.base/java.net=ALL-UNNAMED --add-opens=java.base/java.util.concurrent.atomic=ALL-UNNAMED --add-opens=java.xml/javax.xml.namespace=ALL-UNNAMED -XX:MaxMetaspaceSize=512m -Xmx4096m -Dfile.encoding=windows-1252 -Duser.country=IN -Duser.language=en -Duser.variant -javaagent:C:\Users\Vauras\.gradle\wrapper\dists\gradle-8.13-bin\5xuhj0ry160q40clulazy9h7d\gradle-8.13\lib\agents\gradle-instrumentation-agent-8.13.jar 
java_command: org.gradle.launcher.daemon.bootstrap.GradleDaemon 8.13
java_class_path (initial): C:\Users\Vauras\.gradle\wrapper\dists\gradle-8.13-bin\5xuhj0ry160q40clulazy9h7d\gradle-8.13\lib\gradle-daemon-main-8.13.jar
Launcher Type: SUN_STANDARD

[Global flags]
     intx CICompilerCount                          = 4                                         {product} {ergonomic}
   size_t CompressedClassSpaceSize                 = 436207616                                 {product} {ergonomic}
     uint ConcGCThreads                            = 2                                         {product} {ergonomic}
     uint G1ConcRefinementThreads                  = 8                                         {product} {ergonomic}
   size_t G1HeapRegionSize                         = 2097152                                   {product} {ergonomic}
    uintx GCDrainStackTargetSize                   = 64                                        {product} {ergonomic}
   size_t InitialHeapSize                          = 121634816                                 {product} {ergonomic}
   size_t MarkStackSize                            = 4194304                                   {product} {ergonomic}
   size_t MaxHeapSize                              = 4294967296                                {product} {command line}
   size_t MaxMetaspaceSize                         = 536870912                                 {product} {command line}
   size_t MaxNewSize                               = 2575302656                                {product} {ergonomic}
   size_t MinHeapDeltaBytes                        = 2097152                                   {product} {ergonomic}
   size_t MinHeapSize                              = 8388608                                   {product} {ergonomic}
    uintx NonNMethodCodeHeapSize                   = 5839372                                {pd product} {ergonomic}
    uintx NonProfiledCodeHeapSize                  = 122909434                              {pd product} {ergonomic}
    uintx ProfiledCodeHeapSize                     = 122909434                              {pd product} {ergonomic}
    uintx ReservedCodeCacheSize                    = 251658240                              {pd product} {ergonomic}
     bool SegmentedCodeCache                       = true                                      {product} {ergonomic}
   size_t SoftMaxHeapSize                          = 4294967296                             {manageable} {ergonomic}
     bool UseCompressedClassPointers               = true                           {product lp64_product} {ergonomic}
     bool UseCompressedOops                        = true                           {product lp64_product} {ergonomic}
     bool UseG1GC                                  = true                                      {product} {ergonomic}
     bool UseLargePagesIndividualAllocation        = false                                  {pd product} {ergonomic}

Logging:
Log output configuration:
 #0: stdout all=warning uptime,level,tags
 #1: stderr all=off uptime,level,tags

Environment Variables:
JAVA_HOME=C:\Program Files\OpenLogic\jdk-17.0.14.7-hotspot
CLASSPATH=D:\salarybooks_mobileapp\Salarybooks-App\android\\gradle\wrapper\gradle-wrapper.jar
PATH=D:\salarybooks_mobileapp\Salarybooks-App\node_modules\.bin;D:\salarybooks_mobileapp\Salarybooks-App\node_modules\.bin;D:\salarybooks_mobileapp\node_modules\.bin;D:\node_modules\.bin;C:\Users\Vauras\AppData\Roaming\nvm\v22.22.1\node_modules\npm\node_modules\@npmcli\run-script\lib\node-gyp-bin;c:\Users\Vauras\AppData\Roaming\Code\User\globalStorage\github.copilot-chat\debugCommand;c:\Users\Vauras\AppData\Roaming\Code\User\globalStorage\github.copilot-chat\copilotCli;C:\Program Files\OpenLogic\jdk-17.0.14.7-hotspot\bin;C:\Windows\system32;C:\Windows;C:\Windows\System32\Wbem;C:\Windows\System32\WindowsPowerShell\v1.0\;C:\Windows\System32\OpenSSH\;C:\Users\Vauras\AppData\Local\Android\Sdk;C:\Users\Vauras\AppData\Local\Android\Sdk\platform-tools;C:\node-v14.20.0-win-x86\node_modules\npm\bin;C:\Users\Vauras\AppData\Roaming\nvm;C:\Program Files\nodejs;C:\Program Files\nodejs\;C:\Program Files\MongoDB\Server\8.0\bin;C:\mongodb-database-tools-windows-x86_64-100.12.0\bin;C:\Program Files\Git\cmd;C:\Users\Vauras\AppData\Roaming\nvm\v18.20.8;;C:\Program Files\Docker\Docker\resources\bin;C:\Users\Vauras\AppData\Local\Programs\Python\Python311\Scripts\;C:\Users\Vauras\AppData\Local\Programs\Python\Python311\;C:\Users\Vauras\AppData\Local\Microsoft\WindowsApps;C:\Program Files\OpenLogic\jdk-17.0.14.7-hotspot\bin;C:\Users\Vauras\AppData\Local\Android\Sdk\platform-tools;C:\Users\Vauras\AppData\Local\Android\Sdk;C:\Users\Vauras\AppData\Local\Android\Sdk\emulator;C:\Users\Vauras\AppData\Local\Android\Sdk\build-tools;C:\Users\Vauras\AppData\Roaming\nvm;C:\Program Files\nodejs;C:\Users\Vauras\AppData\Roaming\npm;C:\Program Files\nodejs;C:\Program Files\MongoDB\Server\8.0\bin;C:\mongodb-database-tools-windows-x86_64-100.12.0\bin;C:\Users\Vauras\AppData\Local\Programs\Microsoft VS Code\bin;C:\Users\Vauras\AppData\Roaming\nvm\v18.20.8;C:\Users\Vauras\AppData\Local\Programs\cursor\resources\app\bin;c:\Users\Vauras\.vscode\extensions\vscjava.vscode-java-debug-0.59.0\bundled\scripts\noConfigScripts
USERNAME=Vauras
LANG=en_US.UTF-8
OS=Windows_NT
PROCESSOR_IDENTIFIER=AMD64 Family 23 Model 160 Stepping 0, AuthenticAMD
TMP=C:\Users\Vauras\AppData\Local\Temp
TEMP=C:\Users\Vauras\AppData\Local\Temp



Periodic native trim disabled


---------------  S Y S T E M  ---------------

OS:
 Windows 11 , 64 bit Build 26100 (10.0.26100.8521)
OS uptime: 0 days 23:15 hours
Hyper-V role detected

CPU: total 8 (initial active 8) (8 cores per cpu, 2 threads per core) family 23 model 160 stepping 0 microcode 0x8a0000b, cx8, cmov, fxsr, ht, mmx, 3dnowpref, sse, sse2, sse3, ssse3, sse4a, sse4.1, sse4.2, popcnt, lzcnt, tsc, tscinvbit, avx, avx2, aes, clmul, bmi1, bmi2, adx, sha, fma, vzeroupper, clflush, clflushopt, hv
Processor Information for all 8 processors :
  Max Mhz: 2801, Current Mhz: 2801, Mhz Limit: 2801

Memory: 4k page, system-wide physical 7418M (627M free)
TotalPageFile size 29946M (AvailPageFile size 169M)
current process WorkingSet (physical memory assigned to process): 715M, peak: 742M
current process commit charge ("private bytes"): 2064M, peak: 2068M

vm_info: OpenJDK 64-Bit Server VM (17.0.14+7-adhoc..jdk17u) for windows-amd64 JRE (17.0.14+7-adhoc..jdk17u), built on Jul  2 2025 17:59:17 by "" with MS VC++ 16.10 / 16.11 (VS2019)

END.
